Feature	we.ep	we.eBH	wi.ep	wi.eBH	rab.all	rab.win.HC	rab.win.SpA	diff.btw	diff.win	effect	overlap
Faecalibacterium_species_incertae_sedis__meta_mOTU_v25_12403_	0.00346580955379002	0.154294190538341	0.00153429493777537	0.197427396368855	4.25013139398151	5.15091778594866	3.36770259414566	-1.62197402241019	4.58938074448738	-0.331226694459796	0.321666668558573
Oscillibacter_sp__57_20__meta_mOTU_v25_12610_	0.0115146895626863	0.255679586858124	0.00345339304304693	0.229502284607628	3.32645790124083	4.1583262518823	2.84429534789483	-1.23654043756411	3.69627741081348	-0.303087423780908	0.330333335108756
Faecalibacterium_prausnitzii__ref_mOTU_v25_06108_	0.0045850138123091	0.263163468271108	0.0549570307866679	0.513976319748857	6.84884357762066	7.05934301155135	6.67839662403694	-0.576781851299888	2.32538093225789	-0.203769572796564	0.386871044088943
Faecalibacterium_species_incertae_sedis__ext_mOTU_v26_18130_	0.0337958043558894	0.332283020520148	0.0113646748634411	0.313007616971816	2.03931311980317	3.04307470977835	1.36522382834428	-1.37625367876947	4.44438288024794	-0.282927331259833	0.351666668172668
Clostridium_species_incertae_sedis__meta_mOTU_v25_12417_	0.0366980839566427	0.340976306685223	0.0173463481865769	0.344441018716022	1.87817398384774	2.90903513453838	1.49647708819929	-1.32950632965836	3.90460093953541	-0.290910082405995	0.357333334771401
Clostridiales_species_incertae_sedis__meta_mOTU_v25_12361_	0.0265644356870767	0.35155590455429	0.0238062301213258	0.408200334491717	2.66024471971904	3.50331275519568	2.1512946919918	-1.17698395802572	4.20381650248347	-0.243922207738155	0.372000001268305
Ruminococcaceae_species_incertae_sedis__meta_mOTU_v25_12259_	0.0215832296813941	0.36330740350786	0.0498032197569627	0.50263199440935	5.86975140690264	6.24238206351664	5.592781381921	-0.720600028525261	3.10980117415703	-0.183219282716138	0.387870710855898
Ruminococcus__gnavus__ref_mOTU_v25_01594_	0.0416066864584768	0.363905638999681	0.0362283995779053	0.353533868353351	-0.331051972792936	-1.23730839958097	0.165843652274745	1.58907058916679	4.88425666205757	0.296533980645854	0.356214596585358
Ruminococcaceae_species_incertae_sedis__meta_mOTU_v25_12239_	0.0200705812763982	0.386208449752319	0.265957246402153	0.758895276691002	6.35993447593492	6.48644133067429	6.2807529089877	-0.256422871838174	2.01527928113847	-0.0933977428153101	0.443333333864852
Bacteroides_rodentium_uniformis__ref_mOTU_v25_00855_	0.0390686533042541	0.434168866711008	0.0408980171795361	0.476686493988294	3.92105780398814	5.23566277160692	3.34664111063941	-1.27479534621295	4.07428976944179	-0.272821665437086	0.381000001168012
Eubacterium__rectale__ref_mOTU_v25_03657_	0.0349247010000125	0.44882175774965	0.0555991802494278	0.518405083980815	6.87144299576472	7.28524646778353	6.6076357779739	-0.589904818793085	2.93035570600219	-0.170424687109175	0.38920359987855
Clostridiales_species_incertae_sedis__meta_mOTU_v25_13377_	0.0836830751367442	0.471403661087479	0.12456542516787	0.565799689963835	1.50116705907233	1.88424599322057	1.29051838148692	-0.606994388169548	2.7683371870739	-0.175813999706942	0.403000000933273
Clostridiales_species_incertae_sedis__meta_mOTU_v25_12356_	0.0712203303540595	0.477769243535262	0.0107255103806582	0.329422938811625	3.17692272709919	4.07831143759573	2.82558338342863	-0.990356105119583	3.21218427844677	-0.264831208066485	0.355666668124571
Eubacterium__siraeum__ref_mOTU_v25_02370_	0.0697136385702248	0.491193238394595	0.0490835877565322	0.452673280075714	1.50678999317784	0.6440401934325	1.95678879200704	1.45715683830474	5.22940277083874	0.267740029141101	0.376541154165564
Ruminococcus_bicirculans__ref_mOTU_v25_02792_	0.0697807017268121	0.494520630275076	0.0661583997832384	0.530755277067669	3.60723028080723	4.34106993416991	3.17774450007112	-1.0808374503729	5.01762292019458	-0.196571454046312	0.400000000964506
Faecalibacterium_prausnitzii__ref_mOTU_v25_06110_	0.0607480820702034	0.499667080289876	0.168104112387998	0.679482793685743	6.72208456126583	6.92517670532619	6.61873947471131	-0.407210220319962	2.63189461191605	-0.113796762218917	0.415861380341384
Lachnospiraceae_species_incertae_sedis__meta_mOTU_v25_12240_	0.0552859658780201	0.502767185689278	0.131030248057835	0.631585121715143	6.18557744850154	6.44871987023443	6.02790597435379	-0.397860116315171	1.92480218723232	-0.168025647976989	0.418193936132661
Oscillibacter_species_incertae_sedis__ext_mOTU_v26_18125_	0.11134859043521	0.503020897532401	0.0404454475425644	0.419909878524938	1.57640358230382	2.36592235379414	1.17754883448209	-0.934037693560263	3.71261773096205	-0.223386012174709	0.371209598077462
Mogibacterium_sp__BX12__mags_db_all_26_	0.105648635702303	0.505467228562201	0.0580851236317305	0.427167342506243	0.169940833674742	-0.556626151104057	0.509596027972504	1.18984198761292	4.10825201812438	0.244786922159737	0.370876375821988
Eubacterium__eligens__ref_mOTU_v25_02376_	0.100161508620548	0.506513621024471	0.0326141642957136	0.406317321703045	1.85803951862195	3.01317784124446	1.48319056934054	-1.25261620620393	4.14728240376763	-0.261309252360421	0.366000001336751
Streptococcus_parasanguinis__ref_mOTU_v25_00312_	0.099582039091647	0.517325861198851	0.0664847083966736	0.46609722007618	1.14783966170212	0.506811566000794	1.40374749687827	1.04284880778029	3.8510332551054	0.221324767681219	0.376666667882626
Clostridiales_species_incertae_sedis__meta_mOTU_v25_14166_	0.110714835268825	0.517814008118975	0.0623380558920162	0.483406232261135	2.39522418739784	2.86041135707957	2.13390785670655	-0.626060580933815	2.5772816372523	-0.193357305172136	0.384538488299499
Oscillibacter_sp___ref_mOTU_v25_04664_	0.0917836960953435	0.52137191819928	0.0587735272219076	0.514692385920881	5.14049841952661	5.59310662565958	4.73318006764449	-0.576861559754784	4.06134150774369	-0.133997661254268	0.397666667655624
Clostridiales_species_incertae_sedis__meta_mOTU_v25_12563_	0.0986079903242596	0.524267185063953	0.0193802262142897	0.366951403431433	3.04268239710095	3.68327451003675	2.73147395508217	-0.805004137240865	2.70622843343692	-0.241530561993562	0.366544486501208
Faecalibacterium_prausnitzii__ref_mOTU_v25_06109_	0.0737766434013651	0.528129895497062	0.127480015321179	0.636394221456752	6.18956529391512	6.63921305654528	5.98774254077839	-0.548426842534381	3.38375670217835	-0.123109793006299	0.417194269364957
Eubacterium_ventriosum__ref_mOTU_v25_11151_	0.12967899251944	0.529044422230429	0.143335461758019	0.600332685836686	1.44780191777066	1.9122001608527	1.19482213412546	-0.734458574587359	3.56589736364804	-0.17027575484134	0.410196601991614
Ruminococcus_sp__CAG_177__meta_mOTU_v25_12400_	0.100167185987562	0.531464676292391	0.0700992349634445	0.516942203270784	0.973547235471909	3.04741333944747	0.295107033828393	-1.61634297938671	6.83417670332187	-0.221017387003289	0.391536155668314
Clostridiales_species_incertae_sedis__meta_mOTU_v25_12252_	0.0822757569461656	0.535415330129764	0.0578823278567041	0.508506324881131	3.17387566833542	4.08556020546307	2.84746941679432	-0.947433367756629	3.9949280364092	-0.218387823371203	0.39300000103829
Flavonifractor_species_incertae_sedis__ext_mOTU_v26_17316_	0.161760625763332	0.548839723247499	0.13946135574431	0.56771820142117	0.591200118505274	1.10725349188539	0.32390121632993	-0.749395919508131	3.67076406598089	-0.171471250303092	0.410529824247464
Clostridiales_species_incertae_sedis__meta_mOTU_v25_12288_	0.0998033114391099	0.552329627582002	0.104036785833058	0.585676005661069	2.88509484404917	3.54523956268651	2.47258077237252	-0.777067517251091	3.91565548575734	-0.17314947929026	0.412333334170807
Clostridiales_species_incertae_sedis__meta_mOTU_v25_13012_	0.153625854967472	0.554187779316133	0.165237077796548	0.558008563368761	-0.86053895284314	-1.44128637431699	-0.541137055570799	0.977596319323247	4.79336276984646	0.179531541014279	0.406864379433255
Faecalibacterium_species_incertae_sedis__ext_mOTU_v26_26216_	0.130674500295026	0.556084480823689	0.0833399722631562	0.542750620628889	1.89408405132386	2.6720625688195	1.362520110516	-0.942238136571608	4.40851171075721	-0.183161721841105	0.403666667593029
Eggerthella_lenta__ref_mOTU_v25_00719_	0.137783491218487	0.563515834726367	0.0900057683463409	0.512805087998096	0.112329170744057	-0.578230307472111	0.473440338804111	1.17350757491448	4.76409122002451	0.22129376273658	0.388333334421563
Prevotella_sp__CAG_279__meta_mOTU_v25_12279_	0.122442780568338	0.564704886310061	0.167429068295718	0.597801937031681	-0.748842509711719	-1.35913858146496	-0.453369636454368	1.07419082987394	5.89124319834183	0.182003443091855	0.414861713573728
Oscillibacter_sp__57_20__ref_mOTU_v25_10413_	0.176398912649665	0.570548541715331	0.141013207172142	0.580418629389082	0.383259354015699	1.01079688025651	0.0755671237015578	-0.729089634279148	3.80437131953093	-0.166435682679735	0.410196601991614
Clostridiales_sp___ref_mOTU_v25_03634_	0.12370451905734	0.570921709068039	0.107239325274147	0.545503878295545	-0.327949674163526	-1.13007352682316	0.111787528384658	1.2620896052308	5.80754624561729	0.205245447445466	0.409333334201383
Eubacterium_species_incertae_sedis__ext_mOTU_v26_16236_	0.143372055898933	0.577782601627758	0.0418904561415986	0.446217733867292	2.10317612715526	2.92654682524021	1.7563452709793	-0.907864646240819	3.4817093909313	-0.221096928273219	0.383000001146089
Odoribacter_splanchnicus__ref_mOTU_v25_03697_	0.176046332872215	0.591563165250747	0.243196603529891	0.686594458082226	2.27275359118154	2.53722632033847	2.13835111806173	-0.374614606641563	2.15133679957995	-0.143783172013677	0.421000000750209
Intestinibacter_bartlettii__ref_mOTU_v25_03687_	0.210184106425558	0.604798277584637	0.132961271146017	0.521205752619472	-0.530168948173667	-1.19746761140732	-0.232624547844327	0.979276745176205	4.13817159282967	0.211382590638621	0.394333334357468
Eubacteriaceae_bacterium_CHKCI005__ref_mOTU_v25_09413_	0.221697889187472	0.617790416826468	0.171860099577783	0.554075049576089	-0.644557043191266	-1.25904328815837	-0.373732307985457	0.914411527888243	4.10344353950829	0.178873018540359	0.399533489805792
Faecalibacterium_species_incertae_sedis__ext_mOTU_v26_18129_	0.234567550296821	0.635411648503917	0.141492903177839	0.585078749414083	0.256803210038766	1.01173873187224	-0.0702424444737773	-0.873434143588542	4.33853243903901	-0.171344738794769	0.410863046503315
Lachnospiraceae_species_incertae_sedis__ext_mOTU_v26_26654_	0.223639989622742	0.637119467826903	0.143619517414338	0.55784182184337	-0.321003482462431	-1.06271731962298	0.0338971395443277	0.96490224270212	4.28666971521806	0.19526403342343	0.404865045898363
Ruminococcaceae_species_incertae_sedis__ext_mOTU_v26_16292_	0.226219205529591	0.642397081614789	0.159060194969342	0.552720252893731	-0.747352068976128	-1.36885963662129	-0.449554590965839	0.860904143496652	4.16990498565842	0.186887298989489	0.404531823642557
Bacteroides_cellulosilyticus_fragilis__ref_mOTU_v25_01597_	0.233716490985267	0.645306352160136	0.20369258995771	0.619626863002478	-0.502082616749845	-1.06504348179264	-0.234879305980386	0.908543063628908	4.52370555695465	0.172656159135036	0.410196601991614
uncultured_Blautia_sp___ref_mOTU_v25_11916_	0.229847883547726	0.649061854503779	0.340114136943263	0.73061982456535	0.906459795683	1.15239245926254	0.772565036192704	-0.430695534368783	2.75192803152276	-0.121824555060938	0.432666667301639
Ruminococcus__torques__ref_mOTU_v25_03703_	0.204054125517004	0.649399342122313	0.13856115152292	0.592951072843813	0.816180915243333	0.255495309450733	1.06561825259956	0.827667812941258	4.17708328881726	0.169771729034207	0.409666667531308
Firmicutes_bacterium_CAG_102__ref_mOTU_v25_07726_	0.214510783314877	0.649736547501155	0.132703263398276	0.621079810171547	2.54027918062013	3.1420046985121	2.15718124798408	-0.701839558777751	3.74682806575492	-0.153970685315334	0.416527824853166
Eubacterium_sp__CAG_202__meta_mOTU_v25_12308_	0.197314768010561	0.652007003657973	0.225868456925299	0.650513707949135	-0.305854936706063	-0.92286734993823	0.00829937869095776	1.1166506759084	6.80241657028922	0.156908515181115	0.421666667410225
Bacteroides_dorei_vulgatus__ref_mOTU_v25_02367_	0.170811036175651	0.654587897221773	0.249611375064595	0.742609940494438	4.82523759381998	5.08251581350468	4.60241493714645	-0.386897302389801	2.79136574707192	-0.124219875443951	0.442519160818906
Eubacterium_sp__CAG_180__ref_mOTU_v25_07675_	0.196003703334323	0.656389970941703	0.200573153594159	0.637272085873206	-0.303936492438796	-0.962805104235961	0.0352639728146453	1.16234386235971	6.2639332752479	0.176591059435999	0.410333334191169
Clostridiales_species_incertae_sedis__meta_mOTU_v25_13006_	0.209607875473587	0.660005151499215	0.123512454259775	0.558889198516138	0.628935863748972	-0.00473565814267918	0.908208129024831	0.843875912005996	4.15930580964377	0.1778555478472	0.399866712061556
Eggerthella_species_incertae_sedis__meta_mOTU_v25_12316_	0.227938836915021	0.666883219248973	0.145274912208506	0.609011425393228	0.540292081525752	1.84848923533718	0.170099431069147	-1.14230507938288	5.6807402390405	-0.189115722902295	0.407666667551789
Bifidobacterium_ruminantium__ref_mOTU_v25_02702_	0.219643503054918	0.669715033934724	0.141423326108439	0.606995918775311	0.210298345091329	1.1009513446907	-0.086650518857569	-1.26429104109214	5.76942103535375	-0.201362930124788	0.409530157479922
Clostridiales_species_incertae_sedis__meta_mOTU_v25_12522_	0.251218969639497	0.675927920533141	0.205575051903974	0.671387029283559	1.51128140233315	1.8955915770033	1.31911173977854	-0.590675831227847	3.31858326397892	-0.144444725158235	0.419526825156296
Oscillibacter_species_incertae_sedis__ext_mOTU_v26_26398_	0.295076217078294	0.681457747543425	0.232522452247201	0.640222382917638	-0.432647685212055	0.187084487164399	-0.675863282078113	-0.854202541011624	4.50895173431314	-0.168705817828412	0.414000000820572
Firmicutes_sp___ref_mOTU_v25_02743_	0.285056136868842	0.681890709552473	0.225716323559844	0.636500601514189	0.00500649685521193	-0.457653149692949	0.205812657048352	0.751196528027736	4.03121088862636	0.161073485217925	0.414528491317847
Streptococcus_sanguinis_cristatus__ref_mOTU_v25_01591_	0.286293741839415	0.686290252832247	0.215141116399944	0.613514502900148	-0.728597774828141	-1.26659744751932	-0.472599809216399	0.786088353752014	4.24468371641664	0.15989846295846	0.418527158388566
Clostridiales_species_incertae_sedis__meta_mOTU_v25_13729_	0.26221160460795	0.686637059913115	0.216052537843012	0.63901559507382	-0.52743261533082	-1.02138632582705	-0.259388767396235	0.77396527279436	4.50125735657075	0.143431870571335	0.419000000770214
Alistipes_obesi__ref_mOTU_v25_06695_	0.238471583989206	0.694245121497037	0.201285940356307	0.688483152028211	2.8272444504418	3.18918471305367	2.65412738473063	-0.604680895283188	3.5620409288404	-0.136906139960448	0.427857381554777
Bifidobacterium_species_incertae_sedis__ext_mOTU_v26_26736_	0.30155034344228	0.694923982803386	0.240206744692965	0.664927244228843	-0.484081653265188	0.0412904528627998	-0.691890428281466	-0.933914894071164	4.8265314032175	-0.174270883080482	0.416527824853166
Clostridium_sp___ref_mOTU_v25_03621_	0.299382722173924	0.699836837336294	0.250970153494252	0.649079740325987	-0.667705097096124	-1.25987558644352	-0.394465636568705	0.949300804282691	4.74612770513871	0.171861904577982	0.414000000820572
Anaerostipes_hadrus__ref_mOTU_v25_00857_	0.201653898809045	0.700534502017625	0.123820691381056	0.608164851257881	3.32679741824532	2.92347031870487	3.56449379919725	0.588792277414337	2.80619462407744	0.195892425723416	0.404531823642557
Clostridiales_species_incertae_sedis__meta_mOTU_v25_12334_	0.268172466616763	0.700796582974179	0.149228784883418	0.633034304822608	1.78103709160701	2.60204086120195	1.3820539752672	-0.95301370871042	4.85635732023585	-0.176374601092222	0.415000000810459
Erysipelotrichaceae_species_incertae_sedis__ext_mOTU_v26_16223_	0.295950208280887	0.703351368471245	0.228181455018442	0.639563253350519	-0.125429576861546	-0.600066546364697	0.0802846577928502	0.617173560642178	3.89988386258327	0.138555213855746	0.415861380341384
Actinomyces_viscosus_oris__ref_mOTU_v25_02019_	0.304325778725976	0.70359494007577	0.197867121879583	0.611163036787814	0.267144673030285	-0.150769319242631	0.460774273889418	0.57026342045087	3.39636334821618	0.14319154854021	0.426857714786893
Clostridiales_species_incertae_sedis__meta_mOTU_v25_12411_	0.279314359446121	0.703674615996647	0.205471710716289	0.655890426512278	0.196438542809748	1.00226445691091	-0.0803361361754931	-0.970898152016272	5.46041550408777	-0.165741718776232	0.418666667440221
Ruminococcaceae_species_incertae_sedis__ext_mOTU_v26_17626_	0.284772079020784	0.70993446626021	0.201902498793535	0.639336995641101	-0.0969102457913351	-0.693288784035893	0.187766513551355	0.853424759053672	4.40462587011944	0.168803679928629	0.410666667521102
Bacteroides_eggerthii__ref_mOTU_v25_01577_	0.272568489309953	0.711594682126937	0.293185420291527	0.716494346386296	-0.373839324466628	0.0982885256878951	-0.560381811492919	-0.915298861021823	6.06703234572758	-0.139533591685358	0.425524825763076
Clostridiales_species_incertae_sedis__meta_mOTU_v25_13187_	0.290292525538661	0.713051583132731	0.25160936502845	0.717475544361362	1.26748797198272	1.75750096912654	1.01437699145813	-0.658968873790688	4.1812425732777	-0.1326856807269	0.42933333400099
Clostridiales_species_incertae_sedis__mags_db_all_139_	0.304101338796184	0.714260677021774	0.281516720363778	0.686152925528616	-0.840009674091443	-0.394786905259543	-1.01600758015003	-0.87984795845496	4.74569085250525	-0.154320432681463	0.423192269971471
Ruminococcaceae_bacterium_D16__ref_mOTU_v25_11463_	0.284765002846304	0.71758789782239	0.22559402456423	0.660961008430169	-0.558256740188869	-1.21543828614563	-0.270947639897289	0.893180190511821	5.17670553720037	0.157269375696399	0.421666667410225
Clostridiales_species_incertae_sedis__ext_mOTU_v26_26520_	0.345370077215109	0.719159016391303	0.26842902404538	0.690675715089048	-0.321115788430061	0.388427458098206	-0.600890960013483	-0.724394993440552	4.58151871133238	-0.139102599936335	0.431000000651292
Sutterella_wadsworthensis__ref_mOTU_v25_03066_	0.291298079791402	0.719885360629612	0.16661984993934	0.638663052557199	0.459460760461598	1.21286878673743	0.276505302578152	-1.06091706782026	5.65095604715004	-0.173675271937404	0.421192936435889
Clostridiales_species_incertae_sedis__meta_mOTU_v25_12873_	0.287338565591001	0.721520265461502	0.239332183759144	0.711401186295996	1.15921845788199	1.6849297787006	0.898946058128798	-0.826905847364644	4.92154928758227	-0.152609495520789	0.429190270578649
Blautia_obeum_wexlerae__ref_mOTU_v25_02154_	0.210279999700577	0.721659238534941	0.16443552746745	0.669346280747099	5.695599490625	5.37996421662148	5.87275668917961	0.436201948307901	2.03926882903011	0.189425450993429	0.414333334150532
Clostridiales_species_incertae_sedis__meta_mOTU_v25_12309_	0.316906558769293	0.724373022177216	0.210434049043729	0.678330711204653	0.964299535197152	2.23434693933007	0.618452287663693	-0.988211880009678	5.54792580038515	-0.165699906897298	0.428190603810742
Clostridiales_species_incertae_sedis__meta_mOTU_v25_12251_	0.28362723766335	0.72477620580158	0.256601911037893	0.709010560548843	0.505650843915528	-0.0262881414887177	0.775790234678851	0.833446170778569	5.34734576801801	0.141778390829554	0.431189604114512
Clostridiales_species_incertae_sedis__meta_mOTU_v25_12265_	0.252663437159168	0.72795791853636	0.181066773609477	0.680524207702569	3.07338737257872	2.00084509210639	3.78880169204453	1.04165799756446	6.21442245769988	0.15562824749121	0.424333334050372
Ruminococcaceae_species_incertae_sedis__ext_mOTU_v26_17708_	0.337098984672984	0.729991275423631	0.297796495578617	0.68764073925216	-0.727678163570102	-1.1784677285888	-0.514536289339595	0.701893412321222	4.24974727094397	0.142323809037401	0.423000000730283
Dorea_longicatena__ref_mOTU_v25_03692_	0.224972877552556	0.73068219981127	0.112149120951562	0.609916180022588	5.00927031213829	4.66346796741499	5.18375801446478	0.535804556334549	2.99295516034338	0.150744936292609	0.406864379433255
Lachnospiraceae_species_incertae_sedis__ext_mOTU_v26_17374_	0.308589121582064	0.730776747789638	0.250690160187272	0.662517681262193	-0.720628992289766	-1.17535999383353	-0.512537977238683	0.68736496346638	4.15738069975246	0.138421738973002	0.420193269668127
Ruminococcaceae_species_incertae_sedis__meta_mOTU_v25_12898_	0.336618827507666	0.731369545572734	0.310841594015966	0.700441303035891	-0.549336093440185	-0.948528677035723	-0.362293922096245	0.582407122720761	4.33193391161909	0.11167570500369	0.435854715698442
Collinsella_aerofaciens__ref_mOTU_v25_03626_	0.2593349613509	0.733142540845075	0.765774725916723	0.945840056052727	4.66298372551507	4.70833277880367	4.63098745944023	-0.107124405178866	2.82741044161213	-0.0289907494855861	0.483172276063916
Eggerthellaceae_species_incertae_sedis__ext_mOTU_v26_16295_	0.317767048019873	0.734245297920027	0.234394419550507	0.661946511908405	0.746640254962768	0.352525559351007	0.917840460373249	0.531467470811458	3.31934301944046	0.13470203422645	0.426333334030567
Clostridiales_species_incertae_sedis__ext_mOTU_v26_26595_	0.347266193742589	0.735111122387252	0.284795134064027	0.683673592213114	-0.683142961795866	-1.09311791695709	-0.484677392468446	0.677976961396863	4.18014319759352	0.135260133289798	0.42619127027498
3576_143_bin_2_clean__mags_db_all_128_	0.331162558866136	0.737655538423966	0.22643214240472	0.654563513996824	-0.193517368936849	-0.637353213816967	0.0336182722392309	0.746341627266784	4.08608292089025	0.153875848016832	0.415333334140426
Clostridiales_species_incertae_sedis__meta_mOTU_v25_12631_	0.340588549269535	0.738139979655609	0.207870428487487	0.668710374989503	1.52171322350969	1.93726961087719	1.30209945475839	-0.613645822553352	3.73455517864764	-0.137122660112763	0.427000000690648
uncultured_Clostridium_sp___ref_mOTU_v25_11607_	0.35391060767274	0.741239658722733	0.342622411562712	0.712504526793042	-0.599152021335949	-0.974721546070758	-0.4335883236736	0.535539194796064	4.18023458928307	0.110478724634077	0.44100000055401
Ruminococcaceae_species_incertae_sedis__meta_mOTU_v25_12664_	0.347436014538733	0.7419521368485	0.326471532349838	0.71841201942784	-0.566261695096736	-0.984339774467084	-0.354752264094196	0.676400524161233	5.06551859662275	0.118585846413803	0.442666667204604
Flavonifractor_species_incertae_sedis__ext_mOTU_v26_17315_	0.344197887558879	0.742006068266248	0.238133380978076	0.684271733825368	0.865783896647576	1.36287721522393	0.617667061133779	-0.636466995811777	3.82948966867289	-0.135129604984701	0.429190270578649
Bifidobacterium_catenulatum_kashiwanohense__ref_mOTU_v25_02701_	0.32086465455197	0.742369998125139	0.246024383548421	0.710087136729117	0.660973060938486	1.56980302192546	0.271264549329214	-0.988698509729801	5.75554778177644	-0.159318873142162	0.431856048626481
Clostridiales_species_incertae_sedis__ext_mOTU_v26_16181_	0.341032114949161	0.74426654410964	0.281820541328773	0.692951571673028	-0.0291072751575427	-0.509738947523701	0.178857626941046	0.641686838847983	4.19580971307354	0.142362974222871	0.427333334020691
uncultured_Anaerotruncus_sp___ref_mOTU_v25_12068_	0.359144657377447	0.747357373578033	0.315165587546861	0.705622936032528	-0.799769768045122	-1.25626892510107	-0.584714355125294	0.572311663806107	4.29265112575756	0.112186285201974	0.434855048930429
Alistipes_putredinis__ref_mOTU_v25_03683_	0.293440578692194	0.750977554400071	0.294559718355747	0.774122590838227	4.53507896615492	4.81571664716649	4.26127568411504	-0.498424298606775	4.11085305975597	-0.105172306909885	0.442852383074945
Firmicutes_bacterium_CAG_170__ref_mOTU_v25_07733_	0.34724297188818	0.751040613234378	0.264233971121677	0.679187504717176	-0.598114608018155	-1.09219586897583	-0.371443209086837	0.682994640913954	4.48383413644455	0.129042248759171	0.428857048322678
Clostridiales_Family_XIII__Incertae_Sedis_species_incertae_sedis__ext_mOTU_v26_16322_	0.350288608167771	0.753296286383284	0.310629569790992	0.699302590561497	-0.529096840819	-0.949160810915765	-0.326783023248963	0.550481951394805	4.12895152005505	0.110943573165423	0.438000000583039
uncultured_Eubacterium_sp___ref_mOTU_v25_08868_	0.373157349422706	0.754819921354954	0.503396585321173	0.838829013705144	0.695464459670925	0.863374818930697	0.597951443594964	-0.298442579369503	3.34912671137001	-0.0701793980783934	0.462000000353896
Clostridiales_species_incertae_sedis__meta_mOTU_v25_13415_	0.359790145078105	0.755962789656771	0.268173182755967	0.719166128425479	0.318292595555266	1.1870643304653	0.0455924024691843	-0.760187419955147	5.07301380537336	-0.142100462480817	0.43652116021046
Oscillibacter_species_incertae_sedis__ext_mOTU_v26_17998_	0.339812881248066	0.756982236047776	0.333516503663552	0.734899627006522	-0.536889141243374	-1.01392205934397	-0.313011850184464	0.688584750411365	4.64198884860158	0.134196304802431	0.437854049234515
Ruminococcaceae_species_incertae_sedis__ext_mOTU_v26_16365_	0.36018679006759	0.758600687347028	0.293662819030532	0.70614192029001	-0.0332397046166628	-0.409215248447953	0.135180771988084	0.518961870343643	3.69564418158269	0.116910108703396	0.434333333952029
Clostridium_species_incertae_sedis__ext_mOTU_v26_17427_	0.35458221200469	0.761755094807545	0.269223162388252	0.71282031649822	2.27641817754543	2.56145688977175	2.1306830637937	-0.314398679359919	2.40341597615235	-0.0970898241491548	0.43618793795445
Streptococcus_sp___ref_mOTU_v25_01350_	0.33862841434213	0.762606704401784	0.311942620918285	0.738066647131819	1.78461813654605	1.41697227900157	1.98586065651771	0.487494913452352	3.48163719041008	0.122723454225637	0.437000000592744
uncultured_Clostridium_sp___ref_mOTU_v25_06391_	0.374988889021873	0.762887023134942	0.437370999614555	0.800428722127047	0.594769775905855	0.850444453139573	0.441648696619525	-0.3118436914599	3.38709496516432	-0.0791368728329415	0.453848717525014
Clostridium_sp___ref_mOTU_v25_03618_	0.392211535946139	0.764630834624187	0.406040049692542	0.777996494616147	-0.241132093083597	0.0711155585664276	-0.389674365603312	-0.481290793691555	4.29073873309371	-0.0950148999827968	0.449333333807337
Clostridium_species_incertae_sedis__meta_mOTU_v25_12234_	0.394747804411216	0.766234212553382	0.374829896963275	0.755940669091765	-0.370379936996906	0.103375815084646	-0.582435187834699	-0.479188262585951	4.24824961343836	-0.102483124343778	0.443666667194978
Collinsella_species_incertae_sedis__ext_mOTU_v26_17328_	0.377536223236455	0.766542261612335	0.360984317530079	0.757530817429133	-0.510109855476749	-0.843344592611879	-0.337039925131742	0.639004910928152	4.86700046529051	0.120900585741664	0.441186271794763
Clostridiales_species_incertae_sedis__meta_mOTU_v25_12786_	0.381174579167428	0.767040917905269	0.413490635734659	0.805621566389876	2.41648752155195	2.56044201599667	2.34086493317737	-0.274025160359082	2.59516859132698	-0.0801958937477376	0.451516161732457
Firmicutes_species_incertae_sedis__ext_mOTU_v26_26597_	0.363159903898481	0.768823682517826	0.306010609743881	0.749104286923113	0.890063506776199	1.33464869053602	0.662326190269431	-0.562005296768443	4.16883895070176	-0.107659099164967	0.435188271186432
Clostridium_sp___ref_mOTU_v25_02380_	0.388825842978887	0.769156792606734	0.362642554313485	0.750435613900168	-0.482991538747758	-0.864438971461361	-0.299633992421898	0.600039076505714	4.69266075783211	0.11304575594989	0.440186605026672
Collinsella_species_incertae_sedis__meta_mOTU_v25_12451_	0.359707819212135	0.769783082829201	0.320801052372012	0.735194095968352	-0.303564195559233	-0.817058749957681	-0.0606997700595651	0.786576261984351	5.08963092827587	0.138435029652942	0.43333333396179
Holdemania_sp__Marseille_P2844__ref_mOTU_v25_05920_	0.389045229191617	0.770124338799747	0.329440316776595	0.728338458169367	-0.786503493729091	-1.21003286838523	-0.590134956901821	0.522529696499742	4.28337426514343	0.107427870243906	0.444333333855235
Clostridiales_species_incertae_sedis__meta_mOTU_v25_12463_	0.349928983171706	0.770632517019041	0.269030526650216	0.749937233707775	2.75173779534593	3.33779466512425	2.50474407966899	-0.654593276461331	4.63964612441851	-0.123540490801172	0.435000000612198
Clostridium__symbiosum__ref_mOTU_v25_04652_	0.40519662148379	0.771375128333088	0.326230209572043	0.714211893203561	-0.861945442810962	-1.33458684600164	-0.631675827979017	0.590263409694306	4.42232294769445	0.119339243806207	0.437666667252939
Oscillibacter_species_incertae_sedis__ext_mOTU_v26_17503_	0.40902538127073	0.773146950610312	0.343815027697363	0.749425347109892	-0.190991991917024	0.322221506873537	-0.420367386016865	-0.642736219082232	4.32771763308651	-0.119051086768466	0.443000000534727
Clostridium__glycyrrhizinilyticum__ref_mOTU_v25_03672_	0.389253538481686	0.773485046667479	0.376810010132955	0.757216278388422	-0.703617399911582	-0.988038003610886	-0.579625821921234	0.536841372512916	4.38661366274091	0.10376546378273	0.45133333378826
Clostridiales_Family_XIII__Incertae_Sedis_species_incertae_sedis__ext_mOTU_v26_26457_	0.413337129594644	0.773874832840319	0.410556914704816	0.785349857447072	-0.265190298282791	0.101224016397351	-0.444355058635684	-0.353914937192486	4.03800184901579	-0.0715608540105705	0.461666667023704
Clostridiales_species_incertae_sedis__ext_mOTU_v26_18262_	0.369695484885559	0.776152735437256	0.342799991160757	0.73871974572418	-0.747145670888755	-1.11302466571865	-0.574092712401876	0.617867932600502	4.10085208223032	0.133574601998872	0.427857381554777
Clostridium_sp___ref_mOTU_v25_03599_	0.39752203112817	0.777155383456102	0.335750787399617	0.737190452870964	-0.540503359714221	-0.94945471220479	-0.370598431669549	0.556346699277142	4.36420217206672	0.112797921482283	0.440333333893784
Clostridiales_species_incertae_sedis__ext_mOTU_v26_26512_	0.415727010505413	0.777790763681356	0.390816634745701	0.764246642623742	-0.977061076330289	-0.692384983486659	-1.0829119651009	-0.595134034354066	4.56486386851038	-0.111871957572173	0.440000000563672
Clostridium_sp__AT4__meta_mOTU_v25_12609_	0.388890361202866	0.777873574697893	0.406117189115747	0.776125805058122	-0.839919778428641	-1.15782390179527	-0.676961149595652	0.529895006013579	4.68429908776497	0.102900991069706	0.451849383988533
Lachnospiraceae_species_incertae_sedis__ext_mOTU_v26_16452_	0.394264932297526	0.778364344071527	0.340385126472742	0.72549268715076	-0.74711266564136	-1.13043264370786	-0.574830992763482	0.553089054586709	4.09811439192385	0.123994447947483	0.43652116021046
Clostridiales_species_incertae_sedis__meta_mOTU_v25_12447_	0.402631174387978	0.778876655431479	0.366415070947322	0.753067426761936	-0.290860800257073	-0.644472848856686	-0.12604922620202	0.630074712594582	4.37302093189578	0.118635308186131	0.434666667282113
Streptococcus_sp___ref_mOTU_v25_00283_	0.405574142522586	0.779442369447042	0.371135636590308	0.747856428220934	-0.486344347298168	-0.853801116460088	-0.325203121119831	0.486012554630191	4.08064577792104	0.102848685329074	0.444851716611211
Lachnospira_sp___ref_mOTU_v25_05263_	0.399045632156835	0.779700027309244	0.352846177120388	0.736648148980282	-0.868101568614541	-1.22674772004454	-0.68260846597724	0.559932695041807	4.26844705851188	0.113788317871642	0.442333333874482
Bacteroides_species_incertae_sedis__ext_mOTU_v26_17504_	0.386183854411685	0.779825577587673	0.376085126044571	0.754382876812783	-0.452237993195618	-0.827960611742785	-0.294771767534567	0.484398262557555	4.34335768789516	0.0931170078375225	0.457000000401115
Clostridiales_species_incertae_sedis__meta_mOTU_v25_12272_	0.380316002547242	0.781614420181829	0.309052472327108	0.756250163296068	0.830262691124807	1.40234719947757	0.616572965721344	-0.752900993036241	5.29818755204113	-0.135299767440256	0.439000000573348
Lachnospiraceae_species_incertae_sedis__ext_mOTU_v26_16177_	0.400535141182037	0.78330633699801	0.374929804424427	0.774923624202263	1.13447764292582	1.42052611513216	1.00017938626434	-0.429143731097454	3.40883377562854	-0.101635961329331	0.444185272099117
Lachnospiraceae_species_incertae_sedis__ext_mOTU_v26_16332_	0.402060467530069	0.783373656818249	0.329345648438458	0.734006674999241	-0.695354261232844	-1.05289036653464	-0.514002357033867	0.486615954400453	4.12985626568115	0.101700945834958	0.442185938562867
Lachnospiraceae_species_incertae_sedis__ext_mOTU_v26_17428_	0.435071410090334	0.78424400587558	0.499007838755822	0.827519934733413	0.0807313804626437	0.319265520532888	-0.041330562293493	-0.305602997131809	3.67610210190694	-0.0688404142029534	0.458666667052016
Clostridium__clostridioforme_bolteae__ref_mOTU_v25_03442_	0.39032131832798	0.785569100640042	0.326139998634339	0.741871051965535	-0.0678581002452354	-0.42202292551429	0.117826172588687	0.626697264288864	4.30569673156452	0.118041272932001	0.435666667272373
Clostridiales_species_incertae_sedis__meta_mOTU_v25_12556_	0.419380103930115	0.788555197801926	0.34198164394742	0.751093434311737	0.570583299085318	1.08624671430782	0.328329358149865	-0.561630090770686	4.55126437063986	-0.106817153258678	0.447850716915706
Clostridiales_sp___ref_mOTU_v25_05137_	0.39798144725281	0.789318220026895	0.249845657807855	0.679491114345126	1.55324335096497	1.24746680180134	1.70772478683043	0.486403712737817	2.84261674302925	0.140658721272853	0.420526491924046
Clostridiales_species_incertae_sedis__meta_mOTU_v25_13701_	0.412684278830107	0.79113550798418	0.505846576004413	0.853222507928263	0.652942885740933	0.89841148858832	0.488840184523496	-0.328289482724673	3.98531112993174	-0.0653938666389325	0.464333333665269
Allisonella_histaminiformans__ref_mOTU_v25_10689_	0.439755707010557	0.793710244944316	0.404739334914594	0.761585348157086	-0.655984694339081	-1.00503775701686	-0.502778811430574	0.487940594611523	4.34656051533396	0.0976725369116183	0.445000000515497
Clostridium__saccharolyticum__ref_mOTU_v25_03601_	0.428245732652454	0.793889932006066	0.354641325323056	0.751494782650691	-0.696664699976684	-1.04597235280592	-0.550019373067591	0.491022435089411	4.09405122100899	0.0995752867206989	0.443185605330986
3576_121_bin_27_clean__mags_db_all_113_	0.400188511420054	0.794680953754504	0.345422879111886	0.740132128733248	0.328495560963912	0.0424070667307559	0.464509734878747	0.505077739438158	3.70238840660621	0.105428152112203	0.438853716002573
Lachnospiraceae_species_incertae_sedis__ext_mOTU_v26_16262_	0.417500977553819	0.796677934756941	0.385602642021894	0.761710915240639	-0.530887914790469	-0.888124322140635	-0.368187138056516	0.549350140042902	4.08124503032449	0.118320692370493	0.444666667185365
Clostridiales_species_incertae_sedis__ext_mOTU_v26_16178_	0.439198838525781	0.798510887365286	0.383287548447742	0.761648642545855	-0.575424372895922	-0.850560969160341	-0.427217578954912	0.456882789658938	4.0645291671678	0.100682927310079	0.449183605939961
Bacteria_species_incertae_sedis__ext_mOTU_v26_16372_	0.433027814188892	0.800524162019481	0.455710927384113	0.812156047970439	-0.79785405146237	-0.590573562706263	-0.875946270592263	-0.383017944332088	4.2874918955342	-0.0770142175149392	0.458333333721833
Actinomyces_naeslundii__ref_mOTU_v25_02018_	0.446369263550558	0.801247874425416	0.422832790912648	0.778335438051284	-0.662622465660427	-0.936843039145083	-0.529994806526433	0.377495509887067	4.12832227513542	0.0753571103451136	0.458180606854196
Clostridiales_species_incertae_sedis__meta_mOTU_v25_13863_	0.438816713666462	0.801424654034986	0.517762812635805	0.841879678168763	1.28645807745499	1.44698939256028	1.19709157664798	-0.208735614605023	2.99115643376	-0.0570927846285044	0.467000000306892
Clostridiales_species_incertae_sedis__meta_mOTU_v25_12284_	0.370774516676857	0.801612142246004	0.429737842474607	0.840815109473002	3.79762784180104	4.1215851099848	3.62783851722012	-0.3560285479571	3.65803218481232	-0.0866255011042206	0.458180606854196
Ruminococcaceae_species_incertae_sedis__ext_mOTU_v26_17494_	0.437550958495679	0.802798580922222	0.408418073508609	0.778421516337235	-0.218121729151219	-0.617148216421074	-0.0578599328874008	0.42980938017844	4.15049241721192	0.0854880804926423	0.451666667118419
Massilioclostridium_coli__ref_mOTU_v25_10237_	0.425640139050335	0.803043733568928	0.401893601422334	0.777796277019909	-0.738647079216898	-1.0314138183268	-0.625013328105812	0.466763392273655	4.12448045530736	0.0944803861881694	0.452666667108901
Firmicutes_species_incertae_sedis__ext_mOTU_v26_26969_	0.435171969673776	0.803235854614844	0.405063373420973	0.793914581671495	0.956657053087341	1.22265277413016	0.815286916088776	-0.445219255747301	3.95291680406534	-0.0951053574899415	0.442185938562867
Clostridiales_species_incertae_sedis__meta_mOTU_v25_13659_	0.441865617562574	0.804102898269825	0.475836280789654	0.824339407061504	0.000470682237230236	0.248146572948057	-0.130548394804337	-0.434412219186816	4.36862274782509	-0.0873231036093586	0.455514828805446
Clostridiales_species_incertae_sedis__meta_mOTU_v25_12437_	0.417189110156012	0.805673024639918	0.374466882753029	0.791326088255839	1.0012940474717	1.63988242483715	0.814005602979054	-0.814688381406238	6.52328975656812	-0.119093220790619	0.439333333903455
Clostridiales_species_incertae_sedis__meta_mOTU_v25_13792_	0.444066287170659	0.806452640282288	0.357604770577544	0.758300243724369	-0.327904898275663	-0.712979229277363	-0.150716117245709	0.541348700493904	4.25553152423532	0.105764314623418	0.446666667166177
Ruminococcus_sp__CAG_254__meta_mOTU_v25_12276_	0.40884789776727	0.806903861744819	0.383965629216336	0.786122157612745	0.0593581141940751	-0.436624783585105	0.278780038057038	0.785773172476246	5.99290058751465	0.119128728594149	0.441186271794763
Oscillibacter_species_incertae_sedis__ext_mOTU_v26_17445_	0.474046861949238	0.807347409335662	0.436805202086009	0.798703231105771	-0.639446536019149	-0.349862475705326	-0.755784329428341	-0.527085080798638	4.27742320286169	-0.106268821895096	0.443852049843072
Parabacteroides_distasonis__ref_mOTU_v25_03640_	0.423452575862259	0.808223711395977	0.204474298045715	0.683583919577688	3.07132909445766	3.33498904536987	2.93368552379792	-0.470922868428872	2.60671316267258	-0.13929350698555	0.417000000790296
Clostridiales_species_incertae_sedis__meta_mOTU_v25_12635_	0.413158594530237	0.808275043089846	0.289357799152262	0.759241623094557	3.12422613188211	3.57642959165691	2.89616720714975	-0.462022758717696	3.45834700853154	-0.100875523641498	0.442333333874482
Clostridium_sp__CAG_127__meta_mOTU_v25_12306_	0.406903731722002	0.808357138561814	0.339789603129661	0.765749656835064	0.495860133297073	-0.117851509812433	0.843557843494735	0.977028826311721	6.40944461904307	0.143855721117119	0.434188604418428
Clostridiales_species_incertae_sedis__meta_mOTU_v25_12301_	0.374724184680903	0.809211112966535	0.631747687459201	0.913517763296453	4.26625796101568	4.41743551089866	4.1430084726366	-0.274701771716035	3.18486714542497	-0.0630489950627114	0.463666667004872
Alistipes_indistinctus__ref_mOTU_v25_11860_	0.435559853345326	0.809462099831329	0.354454410966447	0.757987098588085	0.220863197527934	-0.170840689443349	0.413394651013513	0.543076125029958	4.64892457407527	0.105174874271439	0.439666667233563
Acinetobacter_sp___ref_mOTU_v25_03673_	0.444935706955773	0.810205185021447	0.437696159985026	0.792771634204176	-0.747975656829794	-1.01075669816456	-0.613495506127284	0.56312531550574	4.65964700703181	0.113729705359511	0.445000000515497
Roseburia_intestinalis__ref_mOTU_v25_03702_	0.411792263711629	0.810437300774402	0.38544988826044	0.795408472102343	1.355457105583	0.884978055925741	1.56839892848236	0.653816762136383	5.42322752185188	0.11082968188911	0.445851383379364
Clostridiales_species_incertae_sedis__meta_mOTU_v25_13923_	0.485098438084345	0.811213181096075	0.498238414805964	0.83175591616249	-0.671983461518176	-0.44160717667594	-0.788235563232138	-0.232836630609638	4.0045491987665	-0.052966236557712	0.476174608684806
Clostridiales_species_incertae_sedis__meta_mOTU_v25_13140_	0.449774973006536	0.812096088556392	0.451666312991205	0.801493521140664	-0.58129567581817	-0.800234141315954	-0.475813066718219	0.47464089942216	4.47498782672974	0.0955777953874648	0.449666667137487
Atopobiaceae_species_incertae_sedis__meta_mOTU_v25_13944_	0.455528760266762	0.812162406599301	0.407883133297869	0.800418997600462	-0.00901909283765612	0.29342475028133	-0.14214952394772	-0.469207011829066	4.88151545711534	-0.0874621785589909	0.454848384293269
Parabacteroides_species_incertae_sedis__ext_mOTU_v26_26659_	0.447006833545748	0.814204408579434	0.42778791138232	0.792212441914708	-0.140073354869633	-0.419923704065643	-0.00808945140005513	0.511739392096331	4.17222044439657	0.102643026319181	0.448333333816891
Clostridiales_species_incertae_sedis__ext_mOTU_v26_26470_	0.468673259465038	0.814572596947719	0.500252887525157	0.826234737404613	-1.16568561602049	-0.993852736758954	-1.24485542098305	-0.310596674022223	4.40052804196167	-0.0608888751952418	0.464845051976358
Bifidobacterium_bifidum__ref_mOTU_v25_03116_	0.411394459253685	0.815163911499572	0.366812265068502	0.776367586238505	0.664938955361656	0.0894317937002276	0.916515002534292	0.628961263060601	6.75130439579339	0.0880653692764587	0.453848717525014
Phocea_massiliensis__ref_mOTU_v25_05236_	0.436110972587171	0.815443301057935	0.381006587595351	0.764940240812583	0.0106113276054076	-0.22488480795364	0.117950596415193	0.348536807313919	3.57006075504416	0.0727163142295583	0.452666667108901
Butyricicoccus_sp___ref_mOTU_v25_02967_	0.468968589080369	0.815531663225482	0.376671337529401	0.749844349754616	0.239196755935515	-0.0114824995613469	0.358833451454227	0.423071686547352	3.45149492370104	0.102410894155353	0.439333333903455
Clostridium_sp__Marseille_P3244__ref_mOTU_v25_10248_	0.482181061581848	0.815551210165737	0.453891233063872	0.785812790811348	-0.593931297044223	-0.880641297958331	-0.459243514149321	0.352212721138241	3.95231097567292	0.0774589260853845	0.455181606549357
Faecalibacterium_species_incertae_sedis__meta_mOTU_v25_12376_	0.428858959940688	0.815581572814047	0.323499374673726	0.732454898012648	-0.394249042793171	-1.03679519396795	-0.108827304204204	0.852106781310731	6.65871275164897	0.119113487780366	0.443666667194978
Oscillibacter_sp__57_20__meta_mOTU_v25_12282_	0.467231432551788	0.815744357413011	0.504091817351005	0.843504263295805	1.28662736479723	1.47863181038154	1.19220545651262	-0.281657701075885	3.36996293165003	-0.0685378480386921	0.455181606549357
Eggerthellaceae_species_incertae_sedis__ext_mOTU_v26_17307_	0.437666656744627	0.816008462028772	0.412654239955093	0.80285120407117	-0.222580239191264	-0.511089418940139	-0.0890320544102883	0.431690956722399	4.54488629667799	0.0840053142958079	0.458666667052016
Collinsella_bouchesdurhonensis__ref_mOTU_v25_03627_	0.448979441298792	0.816325126730135	0.435355968031904	0.797708456817141	-0.288840309080614	-0.692905429975489	-0.0942264629673168	0.52871145996536	5.01310290036395	0.0950421109591899	0.45218260624461
Lachnospiraceae_species_incertae_sedis__ext_mOTU_v26_18135_	0.444894431334677	0.817165060306566	0.384695759605861	0.798284869626708	0.593222453972915	1.09456028308487	0.456721496163766	-0.687027655131962	5.51725645082486	-0.109136973973866	0.444333333855235
Christensenella_minuta__ref_mOTU_v25_06399_	0.455622164675741	0.817201981043004	0.43034169872614	0.796203604644865	-0.8543323805153	-1.07049919989082	-0.742328920671271	0.288120769418759	4.20047567513758	0.0585218078175723	0.468177274537575
uncultured_Clostridium_sp___ref_mOTU_v25_11605_	0.468712800895629	0.817235149794669	0.473810563628855	0.815506593435643	-0.698939199178321	-0.427060683342628	-0.818705917082285	-0.335267084647307	4.27070998666742	-0.0667660993385582	0.464511829720241
Ruminococcaceae_species_incertae_sedis__ext_mOTU_v26_17393_	0.448656662436264	0.817805244445606	0.387633353632812	0.779113739396368	0.531716682848896	0.143005918202372	0.70784298817206	0.511171932814873	4.41028564270475	0.101756350199353	0.442519160818906
Lachnospiraceae_species_incertae_sedis__ext_mOTU_v26_16248_	0.463267139903918	0.819418224580208	0.637666485874713	0.907425090014211	2.06706221601302	2.09795717646861	2.046894291613	-0.0304121163682192	2.56075173840697	-0.00927973694760545	0.495834721797958
Oscillibacter_species_incertae_sedis__ext_mOTU_v26_28927_	0.465465823825074	0.819571197441921	0.442152151228731	0.815344436408848	0.0772898768219212	0.367902151323324	-0.0437588809379079	-0.424102536325711	4.00192999616524	-0.0863273053330005	0.452333333778739
Ruminococcaceae_species_incertae_sedis__ext_mOTU_v26_17614_	0.461625029654094	0.819632563246488	0.428693083543297	0.792247146968278	-0.43127999175298	-0.772893910589822	-0.264535599445469	0.385355437234334	4.35932889172106	0.0778134374567281	0.457514162342002
Anaerotruncus_colihominis__ref_mOTU_v25_03438_	0.463576154002581	0.819789395588291	0.453517369823724	0.803251607105811	-0.119053801608368	-0.400518507927531	-0.0107490906368897	0.436605852230342	4.29494851218486	0.0850608126416919	0.452000000448579
Clostridiales_species_incertae_sedis__ext_mOTU_v26_16417_	0.468241984675641	0.820403178018984	0.437163211528082	0.803286925011445	-0.403022451713058	-0.629273847607595	-0.296831398593292	0.341965501145937	3.98941678535067	0.0733718642272681	0.461179607159121
Ruminococcaceae_species_incertae_sedis__meta_mOTU_v25_12286_	0.41846553987023	0.820521175787352	0.396312510221915	0.819597348624991	3.08594203296925	3.31317515125842	2.91327035830027	-0.351740626633947	4.07923713133303	-0.0744409024914274	0.455000000420069
Bacteroides_massiliensis__ref_mOTU_v25_02135_	0.44645394235723	0.821400394106032	0.318998767149021	0.767516943605248	1.54991323801301	1.99671548186002	1.40844172248622	-0.706992311090973	5.58358392822356	-0.120870812013813	0.439520160514619
Collinsella_species_incertae_sedis__ext_mOTU_v26_17334_	0.472191437228228	0.821692868513826	0.448401367389256	0.809035436856055	-0.124501857643831	-0.393808078636229	-0.00122293802794626	0.443445203794489	4.34523977879557	0.079378435854605	0.456000000410587
Collinsella_species_incertae_sedis__ext_mOTU_v26_26704_	0.45365718697792	0.821971804721452	0.435281818510922	0.798261773832111	-0.601481187569846	-0.936293409908181	-0.446197368980225	0.51947243051137	4.84050329395288	0.0914487983025675	0.453182273012849
Intestinimonas_butyriciproducens__ref_mOTU_v25_03928_	0.484610170950986	0.822420172080419	0.531687191020686	0.848311011970532	-0.150205202690758	-0.0286322468422497	-0.214618403625773	-0.172688440164195	3.82725528851417	-0.0404991921418016	0.477000000213414
Clostridiales_species_incertae_sedis__meta_mOTU_v25_13922_	0.469088317753933	0.822791035727136	0.493403291318875	0.83205316399552	-0.776010790917637	-0.983737298511123	-0.680382796527881	0.333661253788442	4.750526668608	0.0627405768014039	0.468843719049829
Prevotella_sp___ref_mOTU_v25_03648_	0.475886970642172	0.823563260896201	0.520326306847469	0.846696347194742	-0.887078879320769	-0.827856424290522	-0.905473667980012	-0.331907747163304	5.95020840180993	-0.05068904040882	0.473842052891823
Ruminococcaceae_species_incertae_sedis__ext_mOTU_v26_16287_	0.477415779368344	0.824376926472301	0.53571959846766	0.843767500263661	-0.567010360663908	-0.402009136917252	-0.651078886384029	-0.273797604676553	4.00261403263902	-0.0559378669766353	0.468510496793702
Clostridiales_species_incertae_sedis__meta_mOTU_v25_12256_	0.466835383743078	0.824836049977918	0.476671611189405	0.825444708321642	-0.4474453960774	-0.683999056501175	-0.34751578784025	0.335215592124665	4.46228353247224	0.066331003686766	0.470666666939209
Alistipes_species_incertae_sedis__ext_mOTU_v26_26506_	0.484532049338731	0.825552528024997	0.518431650625872	0.837539779115299	-0.941759225137665	-0.751568472862652	-1.02505209494681	-0.306601988343949	4.63716996414318	-0.0560243377190586	0.468510496793702
Clostridium_sp__CAG_167__ref_mOTU_v25_07613_	0.497861942697838	0.825647078117795	0.528793199089666	0.848897932555908	-0.354880380362347	-0.165456236536265	-0.423709588480366	-0.268817108763611	4.58197176052593	-0.0503512188082032	0.476841053197092
Eubacterium_sp__CAG_38__ref_mOTU_v25_07679_	0.462286398914972	0.825705971109405	0.441796555722518	0.823239728810653	0.898291813591966	1.1796043322358	0.791963820840293	-0.614211109386025	4.69046345292216	-0.117591616276118	0.446666667166177
Bittarella_massiliensis__ref_mOTU_v25_04646_	0.472203761443675	0.825776952257154	0.376560438423628	0.762131213463075	0.706933425250724	0.479923911285351	0.823468515748413	0.423132257259178	2.98205232941346	0.107466597498676	0.436854382466472
Ruminococcaceae_species_incertae_sedis__meta_mOTU_v25_12396_	0.457939125731736	0.826338565861628	0.407033460634966	0.81780537937526	1.7622944776681	2.04058501845645	1.63545832489054	-0.612884531848869	5.55770628510984	-0.103230097671901	0.455181606549357
Clostridia_bacterium_UC5_1_2E3__ref_mOTU_v25_09093_	0.480061480575603	0.826788315272239	0.47943238103013	0.818019540506201	-0.651892089879246	-0.835615434829255	-0.580715483255012	0.303671948275164	4.14192434902942	0.0599751063749526	0.465333333655872
Ruminococcaceae_species_incertae_sedis__ext_mOTU_v26_16202_	0.485493620828538	0.827511884265986	0.465382371490263	0.81059237450617	-0.827375848700386	-1.00968105559918	-0.734333577138263	0.312353655516968	4.20418182353738	0.0646224842654824	0.46400000033507
Eubacterium__hallii__ref_mOTU_v25_03632_	0.430616393909737	0.827944206815805	0.341049509592403	0.777185292738654	3.31555871155966	3.15598627153153	3.40427045090155	0.300881173355239	2.28569841271242	0.109727249460203	0.439853382770645
Lachnospiraceae_species_incertae_sedis__ext_mOTU_v26_16311_	0.481945378347308	0.82858030753223	0.496483503580231	0.824163526538145	-0.373886566796472	-0.61926700179648	-0.257871179526057	0.240039748821911	4.07367636822954	0.0501115927128377	0.475508164172522
Faecalibacterium_species_incertae_sedis__meta_mOTU_v25_12331_	0.471019516572394	0.828762298129457	0.37096571116343	0.801974179766805	2.3538407086617	2.97822136236896	2.08132145178233	-0.610477148285498	4.87363573892641	-0.101925241148022	0.448000000486746
Clostridia_species_incertae_sedis__ext_mOTU_v26_26753_	0.495184783849579	0.828802275883326	0.520942966642619	0.838128153178328	-0.871669535124938	-0.634326530146282	-0.991369906468727	-0.204283231464862	4.04455352765108	-0.0429028195699094	0.47484171966024
Eggerthellales_species_incertae_sedis__meta_mOTU_v25_13811_	0.482847634078937	0.83005514377896	0.46695011577723	0.80146367812694	-0.559997063252974	-0.855849740791932	-0.426618374387203	0.400917973884387	4.58726473313409	0.0773422123291538	0.459513495878597
Alistipes_ihumii__ref_mOTU_v25_07379_	0.448230197629485	0.830140513198793	0.280675114556371	0.739058068349128	1.8234385087933	1.44934035891096	2.04574867043503	0.562933020875172	3.8930912742025	0.118887796026168	0.435666667272373
Candidatus_Pseudobutyricicoccus_lothianensis__mags_db_all_58_	0.467609035136721	0.830177552518056	0.423305900132968	0.801213918176037	-0.396242795058475	-0.665918645619286	-0.273950968758029	0.398358527980179	4.38641266250186	0.0724983415237414	0.461179607159121
Clostridiales_species_incertae_sedis__meta_mOTU_v25_14425_	0.514432712581724	0.83018816220188	0.555349503265363	0.856913840131141	0.534873079714029	0.698169355449403	0.448081725203981	-0.277926515727827	4.04105960159861	-0.0586680796660227	0.468333333627724
Bacteroidales_sp___ref_mOTU_v25_03666_	0.481356165139372	0.83074101513207	0.483864568505379	0.814789495245031	-0.784717582688939	-1.00243926166786	-0.670784271480474	0.315316108119863	4.09037686107316	0.0659040649027935	0.465511496488595
Actinomyces_species_incertae_sedis__ext_mOTU_v26_19569_	0.501710271915316	0.831820044526943	0.451238708028641	0.804241499902054	-0.656386007633125	-0.875426423890442	-0.538887630263842	0.4082095653025	4.19143651054996	0.086162105301538	0.4590000003822
Collinsella_species_incertae_sedis__ext_mOTU_v26_17335_	0.475540655463725	0.832973334134326	0.47258843759486	0.824766756674595	0.214314422951159	-0.273196435729	0.385734055644276	0.422679307394271	4.55409846572936	0.0825195796722079	0.461512829415229
Bacteroides_species_incertae_sedis__ext_mOTU_v26_17683_	0.492716562169246	0.833094545377838	0.510192713926551	0.842544336898352	-0.874703542700226	-1.03568773909608	-0.811710085416891	0.157212213681555	4.41167119622147	0.0320731705403785	0.483838720576223
Mogibacterium_species_incertae_sedis__meta_mOTU_v25_12290_	0.491280604915841	0.833248693254897	0.512659639333167	0.840172419752178	-0.982070944690298	-0.795685371145632	-1.0531086863823	-0.234356150871613	4.14901069597585	-0.0454430791803835	0.476333333552961
Bacteroidales_species_incertae_sedis__meta_mOTU_v25_13203_	0.469867380971671	0.833918151585226	0.4708555740087	0.813541120523487	-0.855313661710747	-1.09876497270259	-0.739347263161467	0.373774118445069	4.18188476585103	0.0802410728444033	0.458000000391653
Clostridiales_species_incertae_sedis__meta_mOTU_v25_12742_	0.482795940900233	0.8339822942658	0.499875421164101	0.836789824967478	-0.814656394433901	-0.884936574464818	-0.776994215554613	0.0256928583922855	4.34282049421968	0.00484690013450265	0.496666666697532
uncultured_Blautia_sp___ref_mOTU_v25_03662_	0.477116715719736	0.834939801215679	0.505522289961514	0.836370262872127	-0.185972883126625	0.0686770237086458	-0.290004407928002	-0.330341871719724	4.34613526634132	-0.0692915025971269	0.463000000344479
Clostridium_phoceensis__ref_mOTU_v25_08865_	0.487454945437458	0.83552747468621	0.519327333727432	0.860698816495831	2.17668947704982	2.35079129076114	2.09841577256064	-0.328080514967382	3.27333445350625	-0.0864478938888373	0.457514162342002
Lachnoclostridium_species_incertae_sedis__ext_mOTU_v26_16281_	0.485700701647698	0.835747403497352	0.478950828233356	0.816878488675138	-0.853503999479031	-1.08754355934865	-0.745953543503124	0.353896224355026	4.09188830428976	0.065550550236781	0.465666666986074
Barnesiella_intestinihominis__ref_mOTU_v25_03595_	0.465521070221147	0.835807162202594	0.700393695921189	0.92881230052217	3.12385927025535	3.13402551439259	3.11715645208742	-0.155262056889023	3.24390675259168	-0.0412682478123222	0.477840719965525
Clostridiales_species_incertae_sedis__ext_mOTU_v26_18011_	0.49045424596228	0.835997201223157	0.362214415644392	0.759302267573438	0.247590812418037	-0.0214341776382589	0.388660597701276	0.480613999883793	3.99648691990721	0.102468554628584	0.449666667137487
Coriobacteriia_species_incertae_sedis__ext_mOTU_v26_26765_	0.505749368909078	0.83609157564684	0.480104744310147	0.824212225870365	-0.72365163882639	-0.9522857297521	-0.620660473809694	0.405122696555451	4.37240233806676	0.0777304113452472	0.457847384598099
Clostridiales_species_incertae_sedis__ext_mOTU_v26_26282_	0.498429457233812	0.836765716511397	0.491720096863513	0.826226773370712	-0.762555362656974	-0.494478957424874	-0.876967376415065	-0.378918950795257	4.4235876570941	-0.0778371806815928	0.457000000401115
Clostridiales_species_incertae_sedis__ext_mOTU_v26_17847_	0.486875692517087	0.836773070919588	0.476819304809614	0.816439365497905	-0.532086594540877	-0.78677440947467	-0.420292004761714	0.411260857445035	4.2889607323021	0.080305986165395	0.454515162037183
Clostridiales_species_incertae_sedis__meta_mOTU_v25_13749_	0.496790048757438	0.837417306467553	0.537570331613773	0.853636581371748	-0.644472297700101	-0.557908739014954	-0.675782079992842	-0.0144417925401736	4.16290756912289	-0.0032537703193825	0.498000000018518
Clostridiales_species_incertae_sedis__ext_mOTU_v26_17908_	0.520593119012825	0.837834876325349	0.532021339574656	0.848930461179586	-0.388639619990852	-0.189602658996296	-0.491276368856758	-0.198714189907029	3.94929672074824	-0.0469560637013333	0.476841053197092
Eggerthella_sp___ref_mOTU_v25_03631_	0.493656486098329	0.838306753287293	0.5038674878254	0.842204028074698	-1.04303002465845	-0.905220076552929	-1.09599914682076	-0.27456700229676	4.79646716989811	-0.044508447670423	0.47766666687387
Clostridiales_species_incertae_sedis__meta_mOTU_v25_12851_	0.49478944900441	0.838489920796112	0.5179708323349	0.843321584729001	-0.513681934983201	-0.609568487912961	-0.4663077062979	0.264593063349068	4.17289600272447	0.0526412998745649	0.472000000260075
Actinomyces_sp___ref_mOTU_v25_01913_	0.493481996112213	0.838550612409087	0.477059935291709	0.821826262609795	-0.387864907762746	-0.569006038011781	-0.298760173178147	0.235537733744624	4.08635907965718	0.0468775219312935	0.472509163867276
Firmicutes_bacterium_ADurb_Bin467__meta_mOTU_v25_12694_	0.500083104165736	0.838797063920533	0.551566106446032	0.861120940394683	0.255880088395641	0.471696762511196	0.157051412613058	-0.139659248504185	4.04735621477206	-0.0320193870250992	0.483505498320069
Pseudoflavonifractor_capillosus__ref_mOTU_v25_02969_	0.494711980351096	0.839023479896559	0.47808396257147	0.821935312410336	-0.343577676447294	-0.593385925281585	-0.23539800090789	0.352027175153037	4.30503671277327	0.066699026894652	0.465844718744714
Ruminococcus_species_incertae_sedis__ext_mOTU_v26_16285_	0.488478897190598	0.839466098332185	0.463422610853039	0.814390975172796	-0.338632762479318	-0.563639674529458	-0.233233886557681	0.426956008839177	4.19527696879129	0.081189602813736	0.451182939476382
Ruminococcaceae_species_incertae_sedis__ext_mOTU_v26_17318_	0.506415200259116	0.839471265667176	0.509515290874439	0.8283824251839	-0.972317338367638	-1.12462523707131	-0.900931811857295	0.2411673397395	4.25302175830317	0.0455374379632238	0.476666666883187
Flavonifractor_species_incertae_sedis__ext_mOTU_v26_16369_	0.501424088640887	0.839816157736841	0.507885698312517	0.835501768142319	-1.05308140538575	-1.05670071991364	-1.05113298274612	-0.00847613816083381	4.24084971217779	-0.00160963279289888	0.498500499847264
Bacteria_species_incertae_sedis__meta_mOTU_v25_12280_	0.501834963536683	0.840286790225022	0.532749747572266	0.851246799630311	-1.02114644760499	-0.885346060796523	-1.07280242482114	-0.25753051286206	4.42799365861908	-0.048111004304971	0.475508164172522
Blautia_species_incertae_sedis__ext_mOTU_v26_17669_	0.497600335527687	0.8404447778107	0.554991067622192	0.854961652646712	-0.856862162427256	-0.880372939157171	-0.840193861933534	0.0722568479965648	4.19563966072925	0.0156222042651287	0.489666666762386
Clostridiales_species_incertae_sedis__meta_mOTU_v25_13332_	0.533429653528652	0.841046501880255	0.557364342148743	0.855577509300139	-0.0693406134087615	0.101513685173159	-0.145911717270041	-0.187201313919436	4.44975820749933	-0.0396709881822061	0.479333333525019
Clostridiales_species_incertae_sedis__ext_mOTU_v26_17903_	0.519812295155952	0.841270071866414	0.526029553054411	0.850422604522457	-0.957906978672465	-0.896380677919267	-0.985151497915632	-0.0737772138788015	4.25625034512212	-0.0157395591822453	0.492333333404338
Clostridiales_species_incertae_sedis__ext_mOTU_v26_17948_	0.494278782129568	0.841273836344226	0.491962753732275	0.834667665355234	-0.946197107177906	-1.05140285291856	-0.891278933732933	0.175209123566494	4.20520736369193	0.0363330628771454	0.484838387344686
Clostridiales_species_incertae_sedis__ext_mOTU_v26_26501_	0.520327113201428	0.842685293244399	0.49506803115864	0.829528359145256	0.0725200390641874	-0.0725699113429235	0.143404972709986	0.274162079785399	4.00327234115915	0.0558887372142422	0.46784405228145
Provencibacterium_massiliense__ref_mOTU_v25_10126_	0.515343131677546	0.842851052004172	0.544831129403867	0.848410806680822	-0.796415410894741	-0.887683528810955	-0.758270069896885	0.111070069236169	4.07956698270075	0.0260292999883038	0.488333333441417
Ruminococcaceae_species_incertae_sedis__ext_mOTU_v26_18070_	0.513429446913893	0.84290479867311	0.545764868325034	0.853324014007637	0.253441326095016	0.177860583927902	0.276552226024894	0.148148932173517	3.69496002639728	0.0339654964437594	0.480333333515715
Clostridiales_species_incertae_sedis__meta_mOTU_v25_12690_	0.518661640182029	0.842983787188274	0.51531944077971	0.839585207303773	-0.63957924567585	-0.495241839137928	-0.700015051610557	-0.324020185435415	4.94683274966446	-0.0597222325712351	0.470000000278781
Clostridiales_species_incertae_sedis__meta_mOTU_v25_14315_	0.526232746710964	0.843018546389419	0.590615053497948	0.872247656879936	-0.3280601365192	-0.195487260819504	-0.386677373598549	-0.179933161518378	4.43803859146763	-0.0366071284624901	0.480333333515715
Clostridiales_Family_XIII__Incertae_Sedis_species_incertae_sedis__ext_mOTU_v26_17501_	0.506611191649565	0.843503574740315	0.607681137914846	0.892245726069091	1.23166582832714	1.30998408707719	1.18979992139665	-0.0700042021643092	3.4893819362021	-0.0146210466553193	0.491169610211691
Clostridium_species_incertae_sedis__ext_mOTU_v26_17403_	0.514535218874251	0.844040733848501	0.530846807960879	0.848435510128812	-0.822205915360245	-0.852177253134121	-0.812547725236241	0.0668592100497216	4.32327704533512	0.0146629724724078	0.491169610211691
Clostridiales_species_incertae_sedis__ext_mOTU_v26_24979_	0.501402137045427	0.844294503854692	0.549415208355089	0.863181243729321	-0.405290512427884	-0.331366913035112	-0.430669832596357	-0.00780929802105224	4.01679952781972	-0.00157498541651422	0.499000000009259
Faecalicatena_contorta__ref_mOTU_v25_03445_	0.503608427278759	0.844556580148773	0.515948455945699	0.836378360743847	0.0227044669874159	-0.250611711562601	0.130382107476607	0.306073572723052	3.98428104991028	0.0609618461429551	0.46500000032567
Lachnospiraceae_species_incertae_sedis__ext_mOTU_v26_16268_	0.502428226949215	0.845229061203404	0.460355896298228	0.808014174516111	0.0353358121148828	-0.204455767338202	0.162526053729581	0.327563387589019	3.77862940622146	0.0727495683491849	0.458000000391653
Butyricicoccus_species_incertae_sedis__meta_mOTU_v25_12617_	0.503484957850768	0.845890511516793	0.524834765327106	0.866459468024462	1.44095795170319	2.17123449374179	1.16245767910339	-0.380629044279636	5.08025968753356	-0.0697168402798289	0.463333333674675
Parabacteroides_species_incertae_sedis__ext_mOTU_v26_26689_	0.536993250619577	0.846542778974198	0.520244265628384	0.840701089638199	-0.420556132470279	-0.265709203306861	-0.476845586958005	-0.295693939123931	4.87124038084741	-0.0609746517529637	0.472842386123412
Parabacteroides_merdae__ref_mOTU_v25_05401_	0.469640979114314	0.846690075294258	0.475592600176459	0.854799885938241	2.95853046232169	2.85915418696405	3.01105522580037	0.295488918065889	3.95454073135773	0.0648264693659396	0.463000000344479
Ruminococcaceae_species_incertae_sedis__ext_mOTU_v26_17317_	0.513789270357092	0.846788923390683	0.547299755947608	0.865752206518254	-0.718268288034976	-0.651673234913082	-0.746496754319319	-0.0565088678524779	4.1944750985348	-0.0134121021289256	0.493000000064827
Clostridiales_species_incertae_sedis__meta_mOTU_v25_12470_	0.514121158823816	0.847000926579167	0.478611554983396	0.827355271058021	0.147733513512136	-0.116094183800487	0.280662081459595	0.455206351882103	4.68383065805623	0.0828676051110727	0.460846384903015
Rikenellaceae_sp___ref_mOTU_v25_03593_	0.517673635853954	0.847527305022526	0.539420145549617	0.857756288383583	-0.353200181798464	-0.207535080812666	-0.408299751273018	-0.306075722703356	5.28348919459521	-0.048659865855024	0.472000000260075
Clostridiales_species_incertae_sedis__meta_mOTU_v25_12253_	0.475901246433995	0.847588023647694	0.450908216395105	0.834227754916062	1.72962273541934	1.50607531630781	1.83271639239995	0.450545758834945	5.47619990453623	0.0744563164873745	0.463512162951896
Mediterraneibacter_massiliensis__ref_mOTU_v25_05273_	0.521103197599386	0.847624345932658	0.515972863575444	0.837939010653727	-0.917520016601033	-1.08608938062294	-0.832554038406828	0.301598557150162	4.1202302226195	0.0651602490630083	0.466000000316277
Anaerotruncus_rubiinfantis__ref_mOTU_v25_09169_	0.512413514961938	0.84791292875931	0.497645729149048	0.838239072278682	-0.372502455395502	-0.511848674219659	-0.308273259218014	0.176512625691474	3.75824645795317	0.0416650916098568	0.476841053197092
Oscillibacter_species_incertae_sedis__ext_mOTU_v26_26586_	0.522701642605403	0.84793666793084	0.533077464758519	0.844780980017242	-0.850118108864728	-0.986155357133359	-0.77162702880225	0.167766366246039	4.2562103775107	0.035595381851433	0.482000000166883
uncultured_Clostridium_sp___ref_mOTU_v25_11611_	0.522504237719555	0.84859403613968	0.520610603247944	0.846541808628244	-0.93537490098233	-1.07305433600627	-0.880617958287268	0.207501549782512	4.21160739684003	0.0398073701693433	0.480173275758556
Ruminococcaceae_species_incertae_sedis__ext_mOTU_v26_16294_	0.522540307165378	0.849035013587211	0.534320104071159	0.850485806225915	-0.110960814852956	-0.139257010200172	-0.100936757107258	0.06178603451092	3.51653075480525	0.0150559854311423	0.490333333422873
Clostridia_species_incertae_sedis__meta_mOTU_v25_14185_	0.52218407882341	0.849522542563485	0.510280536074197	0.838642096939974	-0.815185572151065	-0.615295028826278	-0.907950370808988	-0.371310381736424	4.64086235979393	-0.0658657455465344	0.465333333655872
Oscillibacter_species_incertae_sedis__ext_mOTU_v26_17930_	0.520833144236507	0.849622401802976	0.56205439932617	0.872842587501857	0.56640707204607	0.692655947108147	0.518812933897891	-0.151661619841135	3.25474584232956	-0.0360644500165283	0.47766666687387
uncultured_Eubacterium_sp___meta_mOTU_v25_13514_	0.514467529128076	0.849775186684183	0.693955601576295	0.925124094330372	2.86298121148605	2.855095594685	2.86908637558126	0.000588345715191174	2.43400825548534	7.7363682876037e-05	0.499833388871918
Clostridiales_species_incertae_sedis__ext_mOTU_v26_26664_	0.502913167042432	0.849818482548261	0.564912800083472	0.863463198238971	-0.439964293366237	-0.450852300799562	-0.433174026685756	0.0776364826454214	4.36183255890996	0.0154660881595339	0.490333333422873
Clostridiales_species_incertae_sedis__meta_mOTU_v25_12587_	0.530330154146127	0.849974100976722	0.540098411865271	0.856330775648864	-0.279926642957799	-0.107608954070806	-0.347964296258012	-0.234930527923452	4.43429171491255	-0.0438297540080943	0.477333333543642
Clostridium_species_incertae_sedis__ext_mOTU_v26_17404_	0.526355820205064	0.850318567163318	0.526451271240935	0.842653082940418	1.19953564995693	1.42479606174749	1.07711182987351	-0.255255527327997	3.14222471820545	-0.0685129659553013	0.46233333368409
Clostridium_sp___ref_mOTU_v25_03675_	0.519216611980037	0.850621973593689	0.535460610627926	0.860425987168754	-0.624840953908683	-0.530880292267152	-0.678701343932237	-0.141963070595028	4.27900193316652	-0.0292538699797435	0.481839387039307
Ruminococcaceae_species_incertae_sedis__ext_mOTU_v26_26976_	0.51777006191635	0.85070295828278	0.540616815050185	0.853273910301729	-1.0137302345368	-0.993000478511288	-1.02756830590878	-0.0899616994663308	4.26062398809364	-0.0176465484820708	0.488503832162413
Massilimaliae_massiliensis__ref_mOTU_v25_10172_	0.511770675928579	0.850706650275476	0.497626450276401	0.832130023498657	-0.794369342961836	-0.953507635322344	-0.707045505428154	0.289414681220623	4.12827047099908	0.057736856988678	0.469666666948569
Clostridiales_species_incertae_sedis__meta_mOTU_v25_12691_	0.515422319332904	0.850828784297459	0.56996657625392	0.870556611453684	-0.520169477534298	-0.462249100247176	-0.547777052305812	-0.199299280675505	5.11937967355234	-0.0346468728553733	0.484171942832377
Flavonifractor_plautii__ref_mOTU_v25_05238_	0.528239183204423	0.851001319942919	0.509477459906978	0.843919316870284	0.694088258795528	0.557486854874147	0.760422972062684	0.345051992137765	3.65190239622341	0.0743197277720756	0.46284571843967
Sutterellaceae_species_incertae_sedis__ext_mOTU_v26_17688_	0.504641367856704	0.851148605510279	0.499345944942507	0.836323722734301	-0.296434044050293	-0.482070207176868	-0.183504128245078	0.364928558851327	4.43424970087493	0.0691689370617573	0.46284571843967
Clostridiales_species_incertae_sedis__ext_mOTU_v26_16398_	0.513614997439506	0.851371967731242	0.542818959924361	0.859417383558078	-0.863969035763911	-0.823121082436419	-0.884432593189175	-0.0724823112785336	4.49799337263729	-0.0138357936486498	0.492835721492496
Clostridium_species_incertae_sedis__ext_mOTU_v26_17323_	0.528960758374343	0.851913243818846	0.584246249437511	0.872368823748652	0.571841915674894	0.579141023886304	0.56764418243862	-0.0192056215204088	3.07008455026189	-0.00378397012618084	0.49716761082261
Ruthenibacterium_lactatiformans__ref_mOTU_v25_04716_	0.501173777293439	0.852362999081723	0.391347484970659	0.790080450123749	1.3566990215097	1.08997172535917	1.50421056258524	0.42607318668464	3.44834119381891	0.109749066481896	0.448333333816891
Eubacterium_sp___ref_mOTU_v25_02373_	0.523048914214392	0.852532397120369	0.540707863041452	0.859398352520558	-0.513922521545099	-0.481940533881573	-0.521759914041733	-0.0621765227128934	4.20687552735802	-0.0125838967487364	0.493333333395073
Clostridium__spiroforme__ref_mOTU_v25_11181_	0.532655001432288	0.852537611791846	0.506204147458367	0.839532738406366	-0.629416634757033	-0.83018829574775	-0.534873024822033	0.242645874647995	4.12730175504502	0.0493476524658663	0.472842386123412
Ruminococcus__torques__ref_mOTU_v25_03659_	0.489595668405698	0.852596823906081	0.38045845903983	0.804858333388045	2.39523082902722	2.17804577531077	2.51036512347417	0.491959009416317	4.00153765685948	0.100732615103606	0.446333333836038
Faecalibacterium_species_incertae_sedis__ext_mOTU_v26_26928_	0.526113086419233	0.85295874674966	0.533046805686666	0.85300544775002	-0.949903269514731	-0.884331569430255	-0.972815265439465	-0.144184017776566	4.56176462866465	-0.0323708785427788	0.485000000139014
bacterium_LF_3__ref_mOTU_v25_03628_	0.521333837132818	0.852996637386602	0.514433912634224	0.845800058030419	0.766581013093505	0.629746176896166	0.82874524082016	0.271441208736232	3.6062452382542	0.0641678879208709	0.465178274232476
Propionibacterium_freudenreichii__ref_mOTU_v25_05391_	0.494295806194465	0.853536372267048	0.529150785520932	0.858750410045592	-0.760386580932276	-0.868360220932823	-0.708147480035421	0.0881759315689807	4.42967184317531	0.0138305953679616	0.491502832467851
Clostridium_species_incertae_sedis__meta_mOTU_v25_12696_	0.528749667411519	0.853661975983017	0.549348559280565	0.859546380976798	-1.10667114781125	-0.992953880589591	-1.1611205475623	-0.106583860825054	4.20895592907837	-0.0220603461539251	0.488333333441417
Clostridium_species_incertae_sedis__meta_mOTU_v25_12399_	0.540625250988957	0.853766129001358	0.597404239442536	0.878977919836502	0.294881959921144	0.455314408253871	0.224275861215178	-0.114931999294161	4.13397676483615	-0.0235665203344107	0.487837387650096
Oscillibacter_species_incertae_sedis__ext_mOTU_v26_17772_	0.531234097110662	0.853827109828266	0.539823042781115	0.858800746774759	-0.25720852537437	-0.533934769928847	-0.131910463078192	0.213330058374878	4.32517763389072	0.0435579497332348	0.475841386428663
Christensenella_massiliensis__ref_mOTU_v25_10002_	0.523797845636959	0.854035935796268	0.498592854880927	0.832685592595154	-0.306950896427631	-0.485154575950348	-0.219995742693464	0.272756066360554	4.0334053749019	0.0596241474416478	0.461666667023704
Clostridiales_species_incertae_sedis__ext_mOTU_v26_26949_	0.533080488644376	0.854472863702642	0.521203294018027	0.846558573405092	-0.701644399318105	-0.957171754989529	-0.5888579374778	0.310205806162361	4.580908557497	0.0572424461990276	0.469333333618356
Blautia_sp___ref_mOTU_v25_03597_	0.53066191981252	0.854774974868995	0.541875155956946	0.856133786864397	-0.543148486678475	-0.632899506068905	-0.511438006783276	0.142446511073645	4.74456337263532	0.0303963286558413	0.485333333469252
Ruminococcaceae_species_incertae_sedis__meta_mOTU_v25_13455_	0.519966322124282	0.854906847947506	0.511263206927728	0.843293460461621	0.704908881620073	0.616645056699485	0.757101316804591	0.271621003505143	3.75509477855567	0.0564251079491836	0.467000000306892
Clostridium_species_incertae_sedis__ext_mOTU_v26_23670_	0.53330271489977	0.855047457442064	0.55832904281456	0.865665367873971	-0.836201708681331	-0.866120349816881	-0.82920023462191	0.104421507554966	4.16372273511631	0.0224993524861447	0.489000000101901
Clostridiales_species_incertae_sedis__meta_mOTU_v25_12323_	0.551048684744592	0.855136502150944	0.575339616918456	0.865658680426101	-0.311782858662866	-0.0916663384515441	-0.405775672566868	-0.215031119869694	4.45726739030543	-0.0460493062318116	0.479333333525019
Clostridiales_Family_XIII__Incertae_Sedis_species_incertae_sedis__ext_mOTU_v26_17436_	0.534598320093995	0.855289942872672	0.567572791741158	0.874301403892514	-0.136624982937109	-0.0239318275637705	-0.190311766002308	-0.124310734338755	3.95613819315604	-0.0291948083504106	0.484333333478538
Fusicatenibacter_saccharivorans__ref_mOTU_v25_02680_	0.514444064980796	0.855566480378822	0.492574448602771	0.863375114306406	2.77484015398933	3.22365432557019	2.49929722993971	-0.440878035347381	5.86590126385681	-0.0690330063045672	0.462179273927447
Clostridiales_species_incertae_sedis__meta_mOTU_v25_12952_	0.522686707189439	0.855580990457789	0.535075166328053	0.854346502993881	0.504495358995587	0.40132929510317	0.55176939971891	0.134567744077141	3.35007048330191	0.0319929752056877	0.47966666685525
Eisenbergiella_tayi__ref_mOTU_v25_03446_	0.538757862879632	0.855698535935021	0.518466189775603	0.844689377612294	-0.794382056951706	-0.90089046611924	-0.736111892879167	0.129006987136591	4.30048959575216	0.0308273229078497	0.485333333469252
Clostridiales_species_incertae_sedis__meta_mOTU_v25_13774_	0.527952630469759	0.856017127953069	0.581939242694977	0.872122226226674	-0.188538635365221	-0.177643871061909	-0.195485110756062	-0.0965649284021781	4.39980134759968	-0.0179603769857537	0.493168943748658
Clostridiales_species_incertae_sedis__meta_mOTU_v25_13165_	0.51715575889453	0.856484602484464	0.554146174578971	0.865254782513534	-0.352564890046951	-0.347122620601075	-0.355156459810743	-0.0524093470901956	4.25789453697612	-0.00829972434341847	0.496333333367286
Faecalibacterium_species_incertae_sedis__ext_mOTU_v26_26377_	0.550317127277523	0.856813832344715	0.579322492249174	0.872198678411365	-0.807123077557043	-0.813822662963451	-0.802286636569695	-0.109035671607143	4.60497327268254	-0.0233211650451936	0.487666666780934
Clostridiales_species_incertae_sedis__meta_mOTU_v25_12887_	0.539582862185836	0.857125386178048	0.560393834714771	0.864383214065818	-0.626035987747774	-0.566864014186933	-0.649425898217353	-0.2794274293441	4.68968534770793	-0.0527683154575245	0.473333333580951
Clostridiales_species_incertae_sedis__meta_mOTU_v25_13168_	0.524606235696896	0.857161094211903	0.396564590907921	0.802049234913772	1.92867118137631	2.39533372098114	1.76358874723997	-0.392081336804571	3.90953061430859	-0.0848119923157491	0.452849050756768
Bifidobacterium_pseudocatenulatum__ref_mOTU_v25_02700_	0.510246602544508	0.857175994494362	0.497976649497997	0.842600858248842	-0.187039992140278	-0.494026219883883	-0.0318044253245162	0.441022131854311	5.29400554112935	0.0730478732665997	0.467333333637099
Candidatus_Flemingibacterium_merdigallinarum__mags_db_all_110_	0.529313536780888	0.857833618366683	0.542047964684087	0.855359591530916	-0.738953797421953	-0.816788456675568	-0.693434084732451	0.117553221989758	4.10437942753866	0.0265782586345761	0.485666666799492
Pseudoflavonifractor_species_incertae_sedis__meta_mOTU_v25_14283_	0.53449024444459	0.858063174927722	0.527555955413609	0.851726470479117	0.464497434186968	0.345971940153697	0.508868094323515	0.232999234297694	4.19473972745268	0.0462362753329575	0.472842386123412
Ruminococcus_sp___ref_mOTU_v25_03681_	0.53025136169253	0.858225910817717	0.553440459011568	0.873277319617839	0.549261858501536	1.03318538241331	0.35958473596295	-0.340713601139778	4.76291947002089	-0.0631630411714263	0.473000000250731
Lachnospiraceae_species_incertae_sedis__ext_mOTU_v26_17986_	0.534922056904502	0.858374394193344	0.497206479168956	0.842039482036804	0.242613535331771	0.0556066055973989	0.32678638506563	0.257291699325339	4.0985998300613	0.0554474391009601	0.471333333599641
Clostridiales_species_incertae_sedis__meta_mOTU_v25_12755_	0.548011211185477	0.858535140919799	0.571246825251514	0.873194312724962	0.175282336944571	0.468696139309252	0.0196667982963747	-0.289481052340133	4.92930534156663	-0.0523937613675821	0.472509163867276
Bacteroides_sp___ref_mOTU_v25_03475_	0.509050820164421	0.859587796934759	0.601785827251375	0.891183876400387	2.22262349804864	2.37695216545089	2.15037807730297	-0.178756636282856	3.30146077264426	-0.0476939333485636	0.47766666687387
Eubacterium_sp__CAG_156__ref_mOTU_v25_07673_	0.529710976631425	0.859760011741445	0.507096211452309	0.840496819005313	-0.628691890910142	-0.725875893613518	-0.576864315728375	0.25081842970482	4.09527742165625	0.0512150301046692	0.469176941305957
Oscillibacter_species_incertae_sedis__meta_mOTU_v25_12353_	0.523557998135869	0.859936665813626	0.454744526432588	0.820334864668282	-0.105382422315927	-0.50534096545888	0.0789279085855803	0.498940035395511	5.74347541757353	0.0879132050926157	0.4590000003822
Ruminococcus_callidus__ref_mOTU_v25_11153_	0.528420570053229	0.860095623543754	0.542995685854972	0.861227707381329	0.0427597143229193	0.250669157288262	-0.0384561542836446	-0.383464360148094	6.3602186647442	-0.059027828084208	0.468843719049829
Clostridiales_species_incertae_sedis__ext_mOTU_v26_16427_	0.520252183865027	0.860230582311193	0.491419543390154	0.835744459392435	0.132054192311409	-0.00413338352605486	0.218299998013372	0.250955559718617	3.86313108790601	0.058672902567829	0.469000000288145
Ruminococcaceae_species_incertae_sedis__ext_mOTU_v26_17811_	0.530015442570569	0.860376493478907	0.562982361504406	0.865899691373011	-0.845997374394629	-0.72147890164752	-0.894344639226369	-0.156044322521808	4.28255755715631	-0.0329673872982277	0.482666666827354
Clostridiales_species_incertae_sedis__ext_mOTU_v26_17865_	0.536318255051063	0.860461196795884	0.580574786895439	0.86925978345399	0.294143536715139	0.197665164016042	0.34738415164219	0.268993071672709	4.01117685250785	0.0533349707371924	0.46500000032567
Ruminococcus_species_incertae_sedis__ext_mOTU_v26_26707_	0.525597008251382	0.860790235502986	0.502961082611629	0.830672949208774	-0.428496815556015	-0.732736717022886	-0.287040397132493	0.460462627537623	5.31242606332771	0.0786589013748661	0.463000000344479
Intestinimonas_massiliensis__ref_mOTU_v25_02970_	0.5294876250609	0.860790363844453	0.529396162503772	0.847166482690673	-0.769754265726609	-0.877421547445302	-0.72125225099229	0.25817401977403	4.29406641388075	0.0517910557753468	0.472000000260075
Oscillibacter_species_incertae_sedis__ext_mOTU_v26_16336_	0.546370812038429	0.861425456954395	0.554177029313065	0.864944278941806	-0.23071993114453	-0.30780446273149	-0.194793552934127	0.0825885843680476	4.06673800964913	0.0165252275647085	0.490333333422873
Oxalobacteraceae_species_incertae_sedis__ext_mOTU_v26_17454_	0.535762521368036	0.86171321639834	0.529333382451147	0.856201367890352	-0.112361418157084	-0.223733519117823	-0.0714682404808622	0.178433364198701	4.09198793247376	0.0394734290186694	0.478840386733964
Bacteria_sp___ref_mOTU_v25_03594_	0.552540231772772	0.86190778969063	0.571933986139402	0.867826493966325	-0.812034974380622	-0.889005022645507	-0.773568522757735	-0.134104570645417	5.29901048448326	-0.0213614996298268	0.487333333450693
Azospirillum_sp__CAG_239__ref_mOTU_v25_07592_	0.515457035928741	0.86245242506129	0.487801015759525	0.836438317104836	-0.605738579318792	-0.887011593715584	-0.454957372634555	0.518471797925517	5.3949998051824	0.0861403202043989	0.458666667052016
Bacteroides_faecis_thetaiotaomicron__ref_mOTU_v25_01657_	0.535021148185107	0.862742993203161	0.400322136019862	0.80398021696459	2.15297718288557	1.92571978966842	2.2959355972334	0.442706552571623	3.41351985276706	0.116508014115094	0.442185938562867
Clostridiales_species_incertae_sedis__meta_mOTU_v25_13390_	0.525105237685929	0.862884689797387	0.523616275589449	0.855586005598245	-0.107866054034766	-0.48697605560088	0.0783617397257919	0.400427938415511	5.88647074195755	0.0616960244438862	0.468510496793702
Dialister_invisus__ref_mOTU_v25_03691_	0.5345451791906	0.8630493413955	0.546900484007551	0.871731433674771	0.68332581526119	1.08501894317239	0.549376508371236	-0.428453222464023	7.45872479335551	-0.0555329776146931	0.467177607769202
Oscillibacter_species_incertae_sedis__ext_mOTU_v26_18067_	0.552460447062709	0.863205942535706	0.556445850812409	0.862808365962842	-0.661202648550113	-0.573806521887338	-0.689348138421487	-0.172743613539077	4.55859529901353	-0.0341422852820553	0.481333333506414
Actinomyces_sp__ICM39__ref_mOTU_v25_01912_	0.536917512265261	0.863620966991146	0.544063161026518	0.860554771436067	-0.818308710970038	-0.875659789125353	-0.791843877755539	0.194669385944506	4.19564318888432	0.0392758185028807	0.478840386733964
Collinsella_species_incertae_sedis__ext_mOTU_v26_17351_	0.542094010288473	0.863721039147376	0.569068353000339	0.878276598166539	-0.710766972814275	-0.831548686457584	-0.663974009023459	0.0838660023310362	4.58568041631133	0.0154275365045951	0.492169276980174
Actinobacteria_sp___ref_mOTU_v25_01911_	0.531825710541678	0.863867833743233	0.522075935481001	0.853305962330836	0.4592887640527	0.320733817834967	0.531941149142356	0.207555986071402	3.36483728079579	0.0500528790771303	0.471842719355006
Coprococcus_eutactus__ref_mOTU_v25_02378_	0.503619677345859	0.864127422403695	0.500834757966481	0.853596773778696	0.7672443971921	0.120968195477436	0.98249017548141	0.531619495592722	6.86685498930759	0.0779014519242726	0.46384538520801
Ruminococcaceae_species_incertae_sedis__ext_mOTU_v26_17884_	0.561326534251699	0.864315937891449	0.593319930901768	0.877556667721302	-0.479209396046153	-0.512332635756789	-0.467871683968249	-0.0245720362380677	3.97689194947088	-0.00564080929290562	0.497500833078774
Clostridiales_species_incertae_sedis__meta_mOTU_v25_13304_	0.544504329831579	0.864389793641886	0.540619856946943	0.862500397957176	-0.680393922603922	-0.828983779075302	-0.617170330203511	0.234637879730849	4.30623789610913	0.0467170819390977	0.476333333552961
Clostridiales_species_incertae_sedis__ext_mOTU_v26_17600_	0.548146257218321	0.865156539169078	0.569072780823649	0.87237142097638	-0.304390178425543	-0.28493476749063	-0.313419714905971	0.0928503861954111	4.14365076532751	0.0188800840426226	0.489170276674731
Roseburia_species_incertae_sedis__ext_mOTU_v26_17394_	0.538198611565994	0.865205917290301	0.574094275352011	0.876614927279428	-0.420024777881571	-0.424255693280085	-0.419071179472511	-0.144079285420909	4.46186174741799	-0.0276781419299418	0.486171276369309
Clostridiales_species_incertae_sedis__meta_mOTU_v25_12382_	0.555705422032751	0.865444545370028	0.55624978206726	0.865718058346684	-0.660027498572614	-0.770738641268244	-0.614115321921775	0.104452817509875	4.4716483851262	0.0209810548181642	0.48983672118705
Collinsella_species_incertae_sedis__ext_mOTU_v26_17637_	0.563538579880416	0.865700208945684	0.568802795463769	0.866610553287558	-0.893189086860303	-0.959858171909026	-0.859851776677222	0.0619279571499547	4.40108149202848	0.0129820149087581	0.493835388260983
Alistipes_senegalensis__ref_mOTU_v25_01017_	0.549682361410945	0.865746281970911	0.570469949156914	0.873397348665136	0.228645344853088	0.0607764460743034	0.310898072841969	0.259141119377538	4.00646800614747	0.0512740280958272	0.469510163562086
Haemophilus_influenzae_parainfluenzae__ref_mOTU_v25_01068_	0.564674773994508	0.865928917661246	0.591082889044645	0.875175971188122	-0.385609565660591	-0.285902137859959	-0.43730562579885	-0.0885419039761546	4.3027004423381	-0.0185289517601892	0.48983672118705
Dehalococcoidales_species_incertae_sedis__meta_mOTU_v25_12342_	0.530196658397518	0.866089320784407	0.541612720856051	0.866950799715772	-0.79065088077378	-0.816814881550764	-0.781000937588533	-0.08393306400282	6.21927794653648	-0.0136945847345074	0.492333333404338
Bacteroides_finegoldii__ref_mOTU_v25_03474_	0.54227029577676	0.866104039964192	0.546673425437589	0.863832170519985	-0.393041377919886	-0.188939739006874	-0.47486322349291	-0.306651249203198	4.86637091968255	-0.0541969564309638	0.475841386428663
Clostridiales_species_incertae_sedis__ext_mOTU_v26_26617_	0.540561915516886	0.866219471813528	0.530027684162933	0.851085724525174	-0.267236242309265	-0.370985795766302	-0.21745999879071	0.288989629581662	4.17821207222517	0.0605778995328312	0.470843052586607
Clostridiales_species_incertae_sedis__ext_mOTU_v26_17995_	0.55204249531322	0.866290480280679	0.569152508116945	0.864202998287488	0.160504576134137	0.0533020245227238	0.212543851174534	0.143288642719837	3.61481976208177	0.0346571294635634	0.478840386733964
Bacteroides_plebeius__ref_mOTU_v25_05069_	0.526846465920348	0.866464642679287	0.49179193792475	0.837557183969121	-0.362650976504247	-0.707736249955523	-0.190836767125316	0.535451642191632	6.73443001259497	0.0706846167198229	0.464666666995469
Clostridium__citroniae__ref_mOTU_v25_04828_	0.565398512452194	0.867026481043785	0.562293420291503	0.860713124299523	-0.427874161319354	-0.524937897595421	-0.382419479500022	0.142091785672269	4.18813942024286	0.030570051405331	0.484171942832377
Clostridiales_species_incertae_sedis__ext_mOTU_v26_28740_	0.552619025972643	0.867208149717079	0.551930020521294	0.866418133984758	-1.02514268811489	-0.961448857292644	-1.04545313190944	-0.0395274451630367	4.31486065271747	-0.00887807231498956	0.494501832773307
Adlercreutzia_equolifaciens__ref_mOTU_v25_08094_	0.569055023168287	0.86732270763939	0.605416696226091	0.88830263195128	1.2136980895752	1.38178000030955	1.11907852574762	-0.117553221281097	3.55883689064558	-0.0265963347532671	0.4840000001483
Eubacterium__eligens__ref_mOTU_v25_02375_	0.555453559294293	0.867380966506039	0.581532908766715	0.874486764702229	-0.526133082098025	-0.611237982654157	-0.493186795601507	-0.0138941600163269	4.55779840182019	-0.00299945346740979	0.4981672775911
Ruminococcaceae_species_incertae_sedis__ext_mOTU_v26_17927_	0.546790618462851	0.867699152712798	0.59317742755469	0.879490666086092	-0.0348766475958815	-0.105833557915782	-0.00865984877190051	-0.0234577182135469	3.80186276598513	-0.00431844025667812	0.497333333358025
Clostridiales_species_incertae_sedis__meta_mOTU_v25_12763_	0.562255361697649	0.867805967499051	0.585334098960557	0.875014517467786	-0.740709859961809	-0.663062575964255	-0.779388172232703	-0.213978401079667	5.0427872238913	-0.0382781588534252	0.480173275758556
Clostridiales_species_incertae_sedis__meta_mOTU_v25_12327_	0.552195394513646	0.867830466675728	0.573447809335133	0.877103707359301	0.596560386942559	0.788197970491741	0.529037121037885	-0.373160942728118	5.5309932650152	-0.0573525133875109	0.472666666920512
Firmicutes_species_incertae_sedis__meta_mOTU_v25_12744_	0.542416136418795	0.867944841713153	0.564498377697332	0.865336377113562	-0.89202136855419	-0.998088593296353	-0.823088330147049	0.127415264251746	4.58755967023488	0.0253839888126836	0.487837387650096
Clostridiales_species_incertae_sedis__meta_mOTU_v25_13202_	0.532868525745012	0.868001264266788	0.58465925864976	0.880226792008735	-0.607328380673366	-0.584330204863137	-0.61906303678486	-0.0034177822365562	4.64291114388628	-0.000672365628396312	0.499500166615755
uncultured_Clostridium_sp___ref_mOTU_v25_11606_	0.560160281545405	0.868029720323189	0.606421660325118	0.889187135028082	0.113163636654201	0.125007238202328	0.107415417529714	0.053727263448474	3.83831919615132	0.0115199844816462	0.494000000055564
Clostridium__asparagiforme_lavalense__ref_mOTU_v25_06317_	0.537760349009987	0.86832416128529	0.554528729832997	0.863794667814697	-0.577381134986918	-0.707610728531882	-0.526861756230995	0.227046308916547	4.09009147367218	0.0418896775336321	0.476333333552961
Coprococcus_comes__ref_mOTU_v25_03690_	0.547800286750059	0.868455121784461	0.800077660526779	0.955710402868366	4.31695697745889	4.32167268000555	4.3156943600186	0.00941589673717402	2.30071922022201	0.00248753681415546	0.498500499847264
Clostridiales_species_incertae_sedis__ext_mOTU_v26_26505_	0.549443693979677	0.868562695074901	0.578150599523068	0.873063530623848	-0.0836131827882403	-0.149438659069745	-0.0357144276493937	0.159439591067704	3.77849191428333	0.0355192180689981	0.482333333497118
Clostridiales_species_incertae_sedis__meta_mOTU_v25_13486_	0.531147154328019	0.868585570454879	0.497003120555571	0.843571005381079	-0.276102302868991	-0.512031165769245	-0.166766916037648	0.577544378259398	6.00051818841196	0.0899644954391535	0.454848384293269
Firmicutes_bacterium_CAG_341__ref_mOTU_v25_07738_	0.565422830424744	0.868692787311177	0.548389210976024	0.861101041561534	-0.806667100398688	-0.730723017880527	-0.838767371774124	-0.272411665451608	5.36164406218597	-0.0436521678538435	0.479173608990111
Eggerthellaceae_species_incertae_sedis__ext_mOTU_v26_17308_	0.554703709513267	0.868704264219132	0.602606552041082	0.885503333218768	-0.191803283909061	-0.253242400948855	-0.173383334026411	0.00393408083521152	4.52835063846492	0.000622619472831126	0.499666666669753
Oscillibacter_species_incertae_sedis__ext_mOTU_v26_16208_	0.558252514182562	0.869109118095963	0.548111094924722	0.856752283139993	0.234169340011401	0.126572491457795	0.289962499387266	0.287033549259544	4.13644263635646	0.0635882003854569	0.470176608074345
Collinsella_species_incertae_sedis__ext_mOTU_v26_28721_	0.560380877726782	0.869200073718427	0.591894594611562	0.877385084080948	0.00407665089002318	0.124678733950634	-0.0628642729189188	-0.112420188613545	4.0062056559593	-0.0240096397932578	0.485838054113153
Roseburia_species_incertae_sedis__meta_mOTU_v25_12537_	0.566943659652529	0.869237243646744	0.577109416951316	0.876754798929492	-0.16241110835292	0.0434299033382226	-0.249027265279057	-0.351127069208317	5.01386581892523	-0.061830884029689	0.468843719049829
Clostridiales_species_incertae_sedis__meta_mOTU_v25_12434_	0.558090984291081	0.869383489906037	0.589268222670505	0.873060622941473	-0.431314166749776	-0.349283402228871	-0.462368601077213	-0.0501582988193059	4.57714367391632	-0.0087373551751984	0.493168943748658
Ruminococcus_lactaris__ref_mOTU_v25_01595_	0.544813235608065	0.869393607883266	0.575031096557979	0.878576963677363	1.02503324612103	0.906021734118811	1.07556391549355	0.388908374251367	4.87891983603873	0.0665706543820806	0.468000000297515
Clostridiales_species_incertae_sedis__meta_mOTU_v25_12521_	0.552407612590565	0.870182895803175	0.508982753025666	0.856372430374958	1.17574944625609	1.53516420776641	1.05844789613056	-0.457376051743726	5.60594701351441	-0.0703370309821806	0.468177274537575
Ruminococcaceae_species_incertae_sedis__ext_mOTU_v26_26965_	0.559615511229679	0.870232431902083	0.572639224559661	0.866545801112886	-0.896238730719271	-0.932886845323702	-0.878937508720823	0.051975735688246	4.38724363076297	0.00946069886879382	0.494168610517145
Clostridiales_species_incertae_sedis__meta_mOTU_v25_12516_	0.559420001925983	0.870473611342693	0.575830705359723	0.870962878323413	-0.91039452360595	-0.820385052719087	-0.956292628890298	-0.0453926911242126	4.86924088927065	-0.00971724455820328	0.493333333395073
Parabacteroides_johnsonii__ref_mOTU_v25_05400_	0.575309086498378	0.870480173666261	0.567643303053398	0.872135537863431	-0.385880032698831	-0.308007105363208	-0.412123025033821	-0.221172946605584	5.02339406790066	-0.0385211729523193	0.480666666845947
Bacteroides_stercoris__ref_mOTU_v25_01579_	0.541330759166255	0.870628661407586	0.547290352448649	0.87448505634438	1.52379484800717	1.81029089671798	1.41308111114489	-0.632441881817494	6.38198120308192	-0.0853522262702253	0.461512829415229
Roseburia_sp__CAG_182__meta_mOTU_v25_12852_	0.551513528866208	0.87064270561329	0.602461312755947	0.882503866587569	-0.414302488549169	-0.525081717038235	-0.353797946783785	0.176509216876395	4.56546451298718	0.0342684149332864	0.481506164783156
Eubacterium_species_incertae_sedis__meta_mOTU_v25_12260_	0.553002511029363	0.87110821867336	0.602552583549171	0.886342048703775	0.116844711804626	0.0907989926568957	0.124969257247728	0.0662679820779308	3.97600104713371	0.0142588450025016	0.492333333404338
Clostridiales_species_incertae_sedis__ext_mOTU_v26_26621_	0.548798179647589	0.871302719237756	0.610322336002876	0.894981340542328	-0.314186496252146	-0.348512893673504	-0.301044798173556	-0.0343403064628678	4.73419287609657	-0.00529985540142166	0.496834388566447
Ruminococcaceae_species_incertae_sedis__ext_mOTU_v26_17886_	0.559626777928487	0.87142410410408	0.601801864228093	0.890632244928763	0.553176912531057	0.603032254642821	0.521552407049873	0.0880994219659623	4.15703466626315	0.0188035987675979	0.492333333404338
3576_012_bin_41_clean__mags_db_all_7_	0.553394854847256	0.871692067990542	0.605963276598141	0.888194866080167	1.01024309480108	1.01572632131122	1.0054463588338	0.0168091363058416	3.25228493199951	0.00409617322992378	0.497666666688272
Firmicutes_bacterium_CAG_227__ref_mOTU_v25_07734_	0.577085445972186	0.871915727390795	0.611718416372962	0.881015577963048	-0.688462488585622	-0.719350506495145	-0.673354812648565	0.0238825783754741	4.6515599619316	0.00444257503763449	0.497500833078774
Clostridiales_species_incertae_sedis__meta_mOTU_v25_13200_	0.560294502741006	0.873314942396481	0.712849871126825	0.928915928509162	1.70723062243564	1.75979009341141	1.66763205467589	-0.0220902118521771	3.51484394429264	-0.00697721027536076	0.495501499541795
Bacteroides_species_incertae_sedis__ext_mOTU_v26_18052_	0.557176669041119	0.87357816575654	0.571610850087499	0.874468684806049	0.10582681058667	-0.20119910266313	0.24081866695751	0.330243048150931	4.90784797043138	0.057213772498398	0.469843385818215
Clostridiales_species_incertae_sedis__meta_mOTU_v25_12351_	0.574517178794583	0.873775389058351	0.597957114622864	0.889761115290711	0.23675971973264	0.358892628204392	0.175849928912605	-0.0654966516496209	4.00069550405503	-0.0152193808944345	0.491836054724012
Ruminococcaceae_species_incertae_sedis__meta_mOTU_v25_12789_	0.569011938613854	0.874115964734964	0.581473141014068	0.877706040235086	-0.255816106675445	-0.266670756280977	-0.252236213008197	0.108224780248814	4.34285360283876	0.0220017940382298	0.488503832162413
Ruminococcaceae_species_incertae_sedis__ext_mOTU_v26_16451_	0.555752165225284	0.874386707219516	0.629597552935998	0.900460483844292	-0.139273815691523	-0.11827950825892	-0.152575840274415	-0.013028063629914	4.29485385143784	-0.00300662846668837	0.498833722103427
Clostridium_species_incertae_sedis__ext_mOTU_v26_17477_	0.580172279558776	0.874635134255927	0.61795397841616	0.888837792646593	0.167675341224516	0.348456555209312	0.0710310556890521	-0.19276148821216	4.08533571687537	-0.0425270524091935	0.48100000017618
Roseburia_species_incertae_sedis__ext_mOTU_v26_17371_	0.552494311317696	0.874721115743466	0.583571906654462	0.885689486873685	-0.105446760366682	-0.32230658811454	-0.0235353211989979	0.180868718794284	4.61986925935941	0.0331134327936056	0.484666666808775
Bacteroides_caecimuris__ref_mOTU_v25_03476_	0.559770546469941	0.874942625610277	0.601842878083063	0.891937636661297	-0.211571284536464	-0.0793203984653825	-0.281709216941601	-0.122944250907755	4.67364404121633	-0.0256809041132734	0.490333333422873
Bacteroidales_species_incertae_sedis__meta_mOTU_v25_12895_	0.56946288385506	0.875199148947111	0.569942551473036	0.874051873429456	-0.776585333522073	-0.886449514740075	-0.73129577814086	0.165656226543468	5.62333002114246	0.0232676177439783	0.488170609906254
Eggerthella_sp__CAG_298__mags_db_all_15_	0.561127153719059	0.875701577830669	0.619777447521108	0.895800978386587	-0.0393503238540447	-0.0157287225815272	-0.0513019847137581	-0.0137041700782934	4.76591873287505	-0.00238401085644448	0.498666666679012
Lachnospiraceae_species_incertae_sedis__ext_mOTU_v26_17479_	0.597023259260341	0.875908627319046	0.592094904915153	0.880639338632901	-0.467237651147688	-0.341922859639874	-0.523547593922922	-0.105759269767478	3.98383951902185	-0.023379651223908	0.487504165393938
Collinsella_species_incertae_sedis__ext_mOTU_v26_26711_	0.572574419688692	0.876944237080155	0.594026806087986	0.882593972427247	-0.532628599966944	-0.659973659959515	-0.467850721256168	0.159147910482877	4.99407226310409	0.027634785049018	0.485838054113153
Clostridiales_species_incertae_sedis__meta_mOTU_v25_13115_	0.588795680930446	0.876966236227626	0.611818890364522	0.886142039625777	-0.41495823489054	-0.437214999210982	-0.404883513200295	0.0260643830928187	4.22266428339463	0.00520218951898458	0.496666666697532
Clostridiales_species_incertae_sedis__ext_mOTU_v26_17443_	0.572370436749055	0.877756562306946	0.621407557710735	0.896661003089532	0.392551499070895	0.319482678243914	0.423182608016077	0.140710931920252	4.16161978996758	0.024767419503626	0.486000000129731
Clostridium_sp__CAG_7__ref_mOTU_v25_07647_	0.573098884735528	0.878216151367799	0.655166211855383	0.90881991033516	1.52192196701018	1.63536043877608	1.44323424101717	-0.177058522006499	3.55323454780595	-0.039037187059149	0.478333333534328
Sutterella_species_incertae_sedis__ext_mOTU_v26_26637_	0.567638953623658	0.878660327101715	0.591242115028807	0.882771853943699	-0.812026449824987	-1.02139839166396	-0.740758576524501	0.0152088165779372	4.78370860062763	0.00378659669493782	0.498000000018518
Roseburia_sp__CAG_471__ref_mOTU_v25_03598_	0.571693831663702	0.878710094324213	0.564398302782476	0.86301217461386	-0.607448115995236	-0.806713152619998	-0.534665149404031	0.212645337262122	4.91806729884797	0.0413696654648062	0.482000000166883
Clostridiales_species_incertae_sedis__meta_mOTU_v25_12668_	0.561142488065429	0.878879792940144	0.626421086737581	0.896300001184205	0.557504774514989	0.395027637524633	0.618041684809627	0.182033003209896	4.44144074306205	0.0376637426117161	0.482172609295459
Ruminococcus_species_incertae_sedis__ext_mOTU_v26_26708_	0.583205850936545	0.879312973794165	0.612567499643026	0.889592992500949	-0.700135820025149	-0.626677370836735	-0.723584117730254	-0.142652555523012	4.78681203090935	-0.0258938306056518	0.486666666790211
Clostridiales_species_incertae_sedis__meta_mOTU_v25_12307_	0.56861857165956	0.879877315938488	0.585406457027062	0.879042728731316	0.0364247227518177	-0.0129355605596215	0.0652380427479473	0.162751757879737	4.20131993383626	0.0312452500059031	0.482000000166883
Anaeromassilibacillus_species_incertae_sedis__meta_mOTU_v25_13295_	0.574560351080135	0.880587604894148	0.598847237533663	0.88638409475374	0.453702243057404	0.351349593862051	0.495742836593373	0.00275718479852216	3.62051477765013	0.00121604161097382	0.499666666669753
Clostridiaceae_species_incertae_sedis__meta_mOTU_v25_12983_	0.573335987889659	0.881287966052525	0.627718683104161	0.900314061863569	0.596716542800835	0.635693793629696	0.580281473277021	0.0810353845250447	4.27151300989496	0.018055349434162	0.490666666753116
Parasutterella_excrementihominis__ref_mOTU_v25_03674_	0.58441320284998	0.881445303063188	0.598973077543314	0.888835901165387	0.238414614348061	0.252053836988987	0.232707404466591	0.239902614061528	4.50443276264933	0.0483616263283377	0.476174608684806
Roseburia_species_incertae_sedis__meta_mOTU_v25_12366_	0.557419085110176	0.881542266987843	0.42891017761722	0.844654785771183	5.03532484694748	5.29049144789442	4.85264111805049	-0.368272235320919	5.80433744794189	-0.060964021790315	0.46384538520801
Oscillibacter_sp___ref_mOTU_v25_03341_	0.584381465842853	0.881741107504691	0.613846825838689	0.89707791691726	2.34520359402796	2.57629312778959	2.25242067148839	-0.222403367031057	3.22209206913269	-0.056170827969149	0.474175275147962
Firmicutes_sp___ref_mOTU_v25_03629_	0.590583131360648	0.881974567042158	0.61840061721872	0.893652025632644	-0.566015392770729	-0.640722464298572	-0.531939039114881	0.0148684076345589	4.45490637635215	0.00355841362493913	0.499000000009259
Dorea_formicigenerans__ref_mOTU_v25_03668_	0.562888681801113	0.882167001058112	0.335445468539231	0.775856931850681	3.65937022339605	3.52348232880045	3.74561222124829	0.265306682211571	1.92555167398634	0.111050023850291	0.444000000525105
Clostridiales_species_incertae_sedis__meta_mOTU_v25_12776_	0.578437817244718	0.882237970846279	0.614961520082392	0.892682965319767	0.905935336567788	0.717716475932116	0.977309763705239	0.170331902267783	3.89038603691022	0.0380236767285894	0.478173942221671
Alistipes_shahii__ref_mOTU_v25_01014_	0.552745596038863	0.882745189165447	0.60556041945577	0.906305642457425	4.08576683726057	4.1417826800197	4.06208932523827	-0.233637462182147	3.86822310056817	-0.0516119022167707	0.473000000250731
Clostridiales_species_incertae_sedis__ext_mOTU_v26_17987_	0.58500626699284	0.882924266755841	0.624889879857465	0.897422901587909	1.30767627670792	1.22816366998969	1.35200972013413	0.101192846445891	3.43794421701049	0.0227668675152851	0.485838054113153
Alistipes_species_incertae_sedis__ext_mOTU_v26_17843_	0.592935893354987	0.883025248084432	0.618082334007977	0.891329237004007	-0.350553812833488	-0.376981555421945	-0.342195288114153	0.0146287468882633	4.9322037661925	0.00173600969932067	0.498500499847264
Clostridiales_species_incertae_sedis__meta_mOTU_v25_13280_	0.571754175463506	0.883699447046954	0.674292294135714	0.918439524344462	1.47526880104391	1.84553321499532	1.31584914621623	-0.162632124875518	5.1795813555639	-0.0318217906292581	0.483838720576223
Senegalimassilia_anaerobia__mags_db_all_14_	0.579935235615892	0.883945457009816	0.666478798280111	0.911464347452685	0.825908355784253	1.03871920913043	0.735499123034783	-0.0450207591182457	4.43088171199771	-0.00827021449710479	0.495501499541795
Clostridiales_sp___ref_mOTU_v25_02968_	0.591589927714338	0.883967478755505	0.598530553731708	0.883572951391131	1.13242402312321	1.05349558765596	1.16865658149173	0.130928041787088	2.90118462217081	0.0343522304717326	0.48250583155161
Burkholderiales_species_incertae_sedis__meta_mOTU_v25_12785_	0.593066098970131	0.884430976357638	0.594903486484388	0.883109198414823	-0.456381683411965	-0.468683992480737	-0.447559647508186	0.0267139510671583	5.14770780934619	0.00583098323407049	0.498000000018518
Bacteroidales_species_incertae_sedis__meta_mOTU_v25_12262_	0.59723106092265	0.884524955625987	0.556613833317666	0.859546240890733	1.41946088587123	1.56540048268891	1.37036339887155	-0.184039837493677	3.32732590067766	-0.0481857159753153	0.472175941611141
Clostridiales_species_incertae_sedis__meta_mOTU_v25_12445_	0.591521133907915	0.884536037082181	0.621671690807719	0.892836186791856	1.16571694123831	1.00694682647654	1.24222459716771	0.170622141472573	3.95428764374095	0.0332524729485916	0.479000000194788
Firmicutes_bacterium_CAG_114__ref_mOTU_v25_07728_	0.595261727336825	0.884783731466709	0.630418961763768	0.89998052311538	0.854650443632517	1.49820165682689	0.65811594643476	-0.424001095106074	5.72628299174904	-0.0677322631261856	0.467000000306892
Bacteroides_species_incertae_sedis__ext_mOTU_v26_26380_	0.584076641137287	0.884949455933568	0.58089493120232	0.875368329454484	-0.750630075483602	-0.591919811425207	-0.8312889877316	-0.178606778291633	4.14028023488563	-0.0336820513171866	0.48100000017618
Adlercreutzia_equolifaciens__mags_db_all_3_	0.582907281848566	0.885081417848087	0.613934704082082	0.897360491078907	0.950036931710892	0.940688478097958	0.956698539697819	0.206708568473926	3.75121159618751	0.0415095377869966	0.47566666689251
Clostridiales_species_incertae_sedis__ext_mOTU_v26_26672_	0.603134341685529	0.885361295625856	0.628582789582308	0.897393605043443	-0.356863202687658	-0.267889127591426	-0.397058693203556	-0.0657912067175097	5.11773725298136	-0.0108046331786614	0.493333333395073
Alistipes_finegoldii__ref_mOTU_v25_03682_	0.594365558547237	0.885763732356781	0.494306316315625	0.854120096008124	1.48322678290079	2.03293596540928	1.26822265796809	-0.352339916526467	4.39384047824614	-0.0695032186896442	0.467510830025326
Akkermansia_muciniphila__ref_mOTU_v25_03591_	0.585261790828058	0.887228351550251	0.618857692103379	0.897786549308312	0.885391071045342	1.27251042996939	0.739807409813404	-0.293570413159832	6.33334280806747	-0.0475438314026217	0.476333333552961
Desulfovibrio_piger__ref_mOTU_v25_06282_	0.597182751486498	0.887485714370174	0.586461242686682	0.881488319768701	-0.527145223144116	-0.647479764987401	-0.471106798960724	0.20223170212701	5.40980537685089	0.031633777944306	0.483505498320069
Senegalimassilia_anaerobia__ref_mOTU_v25_06538_	0.599550802875642	0.887631858417356	0.678464270351646	0.918990491483021	1.02256847928258	0.994266602583214	1.03355837401244	-0.0526493883714867	4.60768685012072	-0.00915487182183304	0.49600000003704
Sutterella_wadsworthensis__ref_mOTU_v25_04772_	0.584612547094717	0.888168975933387	0.604824835073882	0.88671902853645	-0.492117718820655	-0.797552257668002	-0.351634030599141	0.314251351945883	5.486930343038	0.049974334614953	0.475174941916381
Alistipes_species_incertae_sedis__ext_mOTU_v26_33183_	0.609347803526619	0.888618223393336	0.653488672673243	0.90259282472442	-0.141080269613661	-0.0298670565545551	-0.188300517040656	-0.0688302902742501	4.52307584988703	-0.0162699597995142	0.491836054724012
Clostridiales_sp___ref_mOTU_v25_03605_	0.597830689207347	0.889121919082787	0.553728428478507	0.861840951670794	-0.33963798934916	-0.68250200134637	-0.205619412356588	0.274475517485802	5.7819680641304	0.0440758004348333	0.477333333543642
Desulfovibrio_species_incertae_sedis__ext_mOTU_v26_16415_	0.609128426682048	0.889549788923137	0.658297994034388	0.906259388204875	0.0744459490722695	0.125479758945085	0.04935442123847	0.0462098270423148	4.05710887520268	0.0096153165830925	0.49600000003704
Faecalibacterium_prausnitzii__meta_mOTU_v25_13917_	0.591764059857386	0.890987924308773	0.630156242427869	0.900239469221333	-0.00881459513744165	-0.122768080121816	0.0456892127931408	0.0234096505212316	4.77892014900083	0.00380324363915075	0.497666666688272
Romboutsia_timonensis__ref_mOTU_v25_09389_	0.610147187034806	0.891751551359122	0.61812681746134	0.890050395347872	0.152783068370453	0.100590088485654	0.173011970285435	0.101425793213212	3.47766853203466	0.0233920065188488	0.485000000139014
Azospirillum_sp__51_20__ref_mOTU_v25_10408_	0.601409706164516	0.892178907175006	0.567605040583809	0.876516960411802	-0.537875955989011	-0.581795596512189	-0.511137331389308	-0.0504095881100168	5.3476195959674	-0.0076002671863673	0.495834721797958
Clostridium__leptum__ref_mOTU_v25_03688_	0.611324427529858	0.892804700772163	0.585078719060805	0.879011769070362	0.93908955471372	0.73722112031989	1.0244864900694	0.166608609982461	3.4436586032586	0.0410079335566669	0.479506831246259
Eubacterium_ramulus__ref_mOTU_v25_03570_	0.594711638094589	0.89285883786612	0.590466219478373	0.892235813971968	2.02699269212936	1.98282814500108	2.0549252555682	0.264270144463223	3.65466484662884	0.055220357717625	0.466000000316277
Firmicutes_sp___ref_mOTU_v25_02374_	0.597109120296716	0.893305454901725	0.64992864693228	0.908440603542538	1.03822459363542	0.637888878568751	1.20161562099068	0.135234914133389	4.95869458769553	0.0226756790545674	0.488837054418571
Faecalibacterium_species_incertae_sedis__meta_mOTU_v25_12303_	0.617097485129333	0.893341990679612	0.553389190728099	0.861085765833084	-0.602415253032412	-0.8848719056173	-0.472779814625061	0.354487650646355	6.31631302794935	0.0532422915168381	0.47117627484274
Clostridiales_species_incertae_sedis__meta_mOTU_v25_12494_	0.612039985238149	0.893888897910234	0.673852138561163	0.917715978709521	0.402279610058882	0.356115510979368	0.430500479036049	-0.100732001820516	5.07190939519197	-0.01724674053768	0.49016994344321
Clostridium_sp___ref_mOTU_v25_03680_	0.605374341812097	0.895179743093027	0.694835442593087	0.924943215533928	2.95980999106821	3.01247735298382	2.92747503859791	-0.0974296130999575	2.72470721060303	-0.0329205572583854	0.482839053807763
Methanobrevibacter_smithii__ref_mOTU_v25_03695_	0.621418299407843	0.895574762449166	0.674925234037819	0.912882549503384	0.38169200875948	0.320446991413044	0.407807236898512	0.14786006779895	4.88823450732603	0.0261110810113169	0.487837387650096
Bacteroides_clarus__ref_mOTU_v25_01578_	0.630279367085346	0.895732080880893	0.636803733894415	0.901214345112755	-0.369820351869292	-0.436310183532332	-0.347908082998965	-0.0611929305752321	5.15102716443446	-0.0105857365847704	0.495000000046301
Firmicutes_sp___ref_mOTU_v25_03641_	0.611760609139789	0.896493752489423	0.661329515445502	0.914546017784514	0.262859964308224	0.323854652997479	0.233531269253723	-0.0863624492634889	6.04107375328919	-0.0138921444097328	0.492666666734582
Clostridium_sp__CAG_58__ref_mOTU_v25_07640_	0.628567796113873	0.897595058033747	0.680322212230367	0.91625832705111	0.667744792091372	0.584728458899909	0.707100195412851	-0.0610920988166788	4.43972821005026	-0.0108534082278254	0.493000000064827
Clostridiales_species_incertae_sedis__meta_mOTU_v25_12254_	0.625413831477624	0.89823199139471	0.692806357707849	0.922244573215048	1.07377347245314	1.7904193346329	0.81455979120404	-0.269155558382626	6.20129838912603	-0.0426921197886735	0.481839387039307
Holdemanella_biformis__meta_mOTU_v25_12329_	0.613738119283442	0.898253685732076	0.667079577792822	0.909779936078756	0.937584706683561	0.798746111401885	0.986495297685238	0.161285113391318	5.698230866128	0.0249246569813043	0.486171276369309
Blautia_obeum__ref_mOTU_v25_05140_	0.622133171209662	0.898373534029067	0.735100424296592	0.934788671264562	2.66977844758185	2.70219816075819	2.6509517882019	0.00575926631420343	2.89302433976625	0.00218083603966914	0.499333333339506
Eubacterium_species_incertae_sedis__meta_mOTU_v25_12314_	0.617377765613726	0.899361888782847	0.618516828532679	0.897526973072839	0.659294439759205	0.582330829768686	0.700973321258847	0.0633750177217465	4.19986983043758	0.0132995567657123	0.494000000055564
Ruminococcus_species_incertae_sedis__meta_mOTU_v25_12766_	0.601572604172272	0.899657728163999	0.599360198342769	0.890458457109529	-0.594082694821836	-0.718663120589646	-0.536437236698537	0.0876756730193895	5.93714602290779	0.0157142008373136	0.492502499236335
Ruminococcaceae_species_incertae_sedis__meta_mOTU_v25_12264_	0.614266585857772	0.900211074898258	0.689306505470697	0.92321930777798	0.477250060107466	0.410762135423483	0.505081120264898	-0.0526575555842821	5.61687525671182	-0.00979892034402721	0.496666666697532
Clostridiales_sp___ref_mOTU_v25_03658_	0.612768643053362	0.901093171705407	0.735198136932168	0.939095631795758	3.01263112528417	3.16370515269603	2.91172998089393	-0.135920302044218	3.30798405412633	-0.0330058679986043	0.480333333515715
Bifidobacterium_longum__ref_mOTU_v25_01099_	0.622706787687868	0.901549648711474	0.715952098388438	0.930020003953932	3.30901866514068	3.43897742957081	3.23462385908519	-0.161983111268045	3.73508665272514	-0.0379479872719008	0.477333333543642
Clostridiales_species_incertae_sedis__meta_mOTU_v25_12774_	0.625565460889176	0.901865171544478	0.640607472073325	0.908439773629618	-0.32810372682088	-0.24481895438968	-0.368077810549477	-0.0577112451418147	4.87070956046765	-0.0100941251488685	0.495501499541795
Eggerthellaceae_species_incertae_sedis__meta_mOTU_v25_12569_	0.632105659258813	0.902173603383014	0.715448911632864	0.92835366242535	1.47955274469532	1.29722104941892	1.56400036385618	0.217377194981593	5.27727372669887	0.0352803613127315	0.483505498320069
Flavonifractor_plautii__ref_mOTU_v25_02971_	0.617071913989864	0.902448039698042	0.646892987728881	0.908407256068179	1.2905586836827	1.21016192608208	1.33132652921327	0.163351086379325	3.98834996537182	0.0380736839247003	0.481666666836648
Ruminococcus__torques__ref_mOTU_v25_03660_	0.631119507448514	0.904693124476739	0.761620725893824	0.947767213234998	4.15055934346091	4.19904288572403	4.12830921830798	0.151305632140348	3.07709695555943	0.0408965955922695	0.479840053502407
Blautia_obeum__ref_mOTU_v25_05139_	0.618580697731231	0.905009290424195	0.615342166362001	0.905268577788761	3.54017906705883	3.30746814253937	3.63683360578827	0.21814429188205	3.1655705592551	0.0633308650628121	0.470176608074345
Faecalibacterium_sp___ref_mOTU_v25_03636_	0.647330652565163	0.905360118966949	0.735681659468588	0.936006028101578	1.8884989386333	2.20308622554896	1.70194343184588	-0.214506894516888	5.66448013901625	-0.0358545878565135	0.483000000157589
Ruminococcaceae_species_incertae_sedis__ext_mOTU_v26_17469_	0.629236688609613	0.90600264342769	0.653919806167345	0.905666347964839	0.134293225664959	0.0433644941748117	0.177812165574077	0.136636871196119	5.8973898582215	0.0226503106157471	0.488333333441417
Blautia_massiliensis__ref_mOTU_v25_03342_	0.612547587147167	0.906506866002888	0.663200840441186	0.919697603671409	4.79689136211969	4.79650445617914	4.79755051190368	0.169980998271108	2.40334330968312	0.0654695347065904	0.469333333618356
Eggerthellaceae_species_incertae_sedis__ext_mOTU_v26_15443_	0.650306018229922	0.907153105506426	0.698966643507184	0.921984501839478	1.18895263339601	1.28304083687438	1.14733904155719	0.0648329793547093	3.99004629071096	0.0129619671260379	0.493333333395073
Anaerostipes_hadrus__ref_mOTU_v25_00856_	0.637820579951923	0.907377503530067	0.788689376771603	0.953180440094105	3.30347953361226	3.18882210494968	3.40117566741412	0.0311142030332308	3.77020688180386	0.00774724552940857	0.496834388566447
Clostridium_species_incertae_sedis__meta_mOTU_v25_12640_	0.639024532344304	0.909132116855294	0.687476492566092	0.923775976399249	1.48718755206656	1.167160790877	1.6109005498893	0.259923625283224	5.22053119940166	0.0457440956002953	0.480506498014705
Bacteroides_species_incertae_sedis__ext_mOTU_v26_17779_	0.665161252661117	0.909141489858875	0.690360310195072	0.91805906580358	1.50746283575365	1.53010993522269	1.4980420654772	-0.162187537831298	4.86633956727491	-0.0341882681018214	0.485838054113153
Clostridiales_species_incertae_sedis__meta_mOTU_v25_13662_	0.640101097469958	0.90924751863371	0.639581926607437	0.908997359552756	2.12749204068222	2.02615483455235	2.20582796449092	0.131272568697543	3.25831003305697	0.0333693055646292	0.478000000204099
Roseburia_sp___ref_mOTU_v25_03650_	0.644968496803857	0.910124580255902	0.730655929823044	0.934192415308474	1.05252720190777	1.030839307417	1.06453403898456	-0.134994545284195	5.00393356569109	-0.0224595750451339	0.486666666790211
Clostridiales_species_incertae_sedis__meta_mOTU_v25_13147_	0.653993150197066	0.910474130989795	0.706967649346252	0.925498803787052	1.32801978275825	1.4059065186575	1.30111004255151	-0.161407110551564	4.55322631627763	-0.0276370302426163	0.483666666818063
Clostridium_sp__CAG_138__meta_mOTU_v25_12233_	0.647920920134377	0.910494833233466	0.72223499738358	0.931684482919913	0.984716749372011	0.714089119929168	1.095434716233	0.00249473823439272	5.7522864745868	0.000314129211958513	0.499833388871918
Coprococcus_catus__ref_mOTU_v25_11851_	0.652425226042232	0.911906042535966	0.267391102186951	0.729760834980841	3.39077809553147	3.18925025227219	3.50250243821366	0.305450880732801	2.21767590939707	0.0974173329551665	0.431000000651292
Clostridium_sp__CAG_217__meta_mOTU_v25_12270_	0.649365270273806	0.912378703158556	0.632986655771287	0.906935249092563	-0.508038453482843	-0.600334521181892	-0.47328882462221	0.0461229370064036	6.76379626203114	0.0065778766346125	0.496501166310284
Bilophila_wadsworthia__ref_mOTU_v25_04300_	0.64309253224836	0.912471168710579	0.715558327671687	0.929354831337543	2.52597890254606	2.51782729351754	2.52884231597407	0.151946034169341	3.39105321126126	0.0374902158320569	0.481839387039307
Roseburia_hominis__ref_mOTU_v25_00861_	0.649253773772882	0.912664904072209	0.720565770696267	0.932920882999529	2.57098970175221	2.62346200925189	2.54407074676997	-0.00599383275934873	3.25377730034205	-0.00181506073689522	0.498666666679012
Roseburia_sp__40_7__meta_mOTU_v25_12352_	0.663422328692088	0.915109278319686	0.740899425135705	0.940660670450662	1.95250746108699	1.75763153742881	2.01093617067211	0.0411903576923409	4.06351382211591	0.00612031275299415	0.496167944054121
Alistipes_finegoldii_onderdonkii__ref_mOTU_v25_03069_	0.66228493286992	0.91531707674379	0.54939140729906	0.879313798839327	2.14835137645614	2.51603838595764	2.03270272298156	-0.356507666636527	4.72875091345474	-0.06901353996789	0.468177274537575
Roseburia_inulinivorans__ref_mOTU_v25_00860_	0.70646367390427	0.930555727278118	0.558907573806691	0.885142477247683	3.40320487488952	3.20144548785575	3.5118333630635	0.214395482979221	3.59309895420524	0.0549524116244742	0.475000000232062
Prevotella_copri__ref_mOTU_v25_03701_	0.706291341291379	0.931021763773065	0.748993318451542	0.937838427316752	1.56402593842985	0.843742214579505	1.88574130413333	0.0984864259944311	8.24329945402494	0.0119576129844455	0.492835721492496
unassigned	0.762761107321963	0.947377205506022	0.765265088043251	0.945506748354958	8.38604089632426	8.41115238506916	8.37445180745544	-0.0192426800641057	0.791712991722053	-0.0199052331938887	0.48983672118705
