"OTU"	"Discrete"	"Continuous"	"Level1"	"N_level1"	"Level2"	"N_level2"	"mean.level1"	"mean.level2"	"median.level1"	"median.level2"	"sd.level1"	"sd.level2"	"statistic"	"EffectSize_r"	"p.value"	"N"	"Dominant"	"q.value"	"Effect_size"	"ColorGroup"
"s_Bacteroides_cellulosilyticus_sv_7"	"enterotype"	"Abundance"	"B1"	27	"B2"	25	0	25.9110079801578	0	25.8556723905528	0	7.16824440943207	0	-0.926925337709208	2.83471678844937e-11	52	"B2"	9.626225760776e-10	"Large effect"	"B2 Large effect"
"s_Bacteroides_cellulosilyticus_sv_6"	"enterotype"	"Abundance"	"B1"	27	"B2"	25	0	32.1424226502457	0	30.0599221812864	0	9.40867695322135	0	-0.920132444860779	2.83471678844937e-11	52	"B2"	9.626225760776e-10	"Large effect"	"B2 Large effect"
"s_Bacteroides_cellulosilyticus_sv_2"	"enterotype"	"Abundance"	"B1"	27	"B2"	25	0	61.9701287066914	0	61.5973371657286	0	18.3924203661644	0	-0.918372869193648	2.83471678844937e-11	52	"B2"	9.626225760776e-10	"Large effect"	"B2 Large effect"
"s_Phascolarctobacterium_faecium_sv_121"	"enterotype"	"Abundance"	"B1"	27	"B2"	25	0	4.05571815547314	0	3.81500969039747	0	1.4422756057794	0	-0.89157616089844	2.83471678844937e-11	52	"B2"	9.626225760776e-10	"Large effect"	"B2 Large effect"
"s_Parabacteroides_distasonis_sv_75"	"enterotype"	"Abundance"	"B1"	27	"B2"	25	0	3.64806485761179	0	3.51535522355592	0	1.57504643971823	0	-0.854042606360538	2.83471678844937e-11	52	"B2"	9.626225760776e-10	"Large effect"	"B2 Large effect"
"s_Bacteroides_thetaiotaomicron_sv_41"	"enterotype"	"Abundance"	"B1"	27	"B2"	25	0	9.65985220768495	0	8.50333610705345	0	4.21764370246823	0	-0.851571717192163	2.83471678844937e-11	52	"B2"	9.626225760776e-10	"Large effect"	"B2 Large effect"
"s_Otoolea_symbiosa_sv_170"	"enterotype"	"Abundance"	"B1"	27	"B2"	25	0	2.06936758035491	0	1.79067204322698	0	0.927378822450548	0	-0.84569507826197	2.83471678844937e-11	52	"B2"	9.626225760776e-10	"Large effect"	"B2 Large effect"
"s_Parabacteroides_distasonis_sv_15"	"enterotype"	"Abundance"	"B1"	27	"B2"	25	0	16.8407958471244	0	14.3258274673275	0	8.12159729273615	0	-0.82816217689093	2.83471678844937e-11	52	"B2"	9.626225760776e-10	"Large effect"	"B2 Large effect"
"s_Parabacteroides_distasonis_sv_65"	"enterotype"	"Abundance"	"B1"	27	"B2"	25	0	4.28794769608638	0	3.99185291254346	0	2.15245173884242	0	-0.817962644427824	2.83471678844937e-11	52	"B2"	9.626225760776e-10	"Large effect"	"B2 Large effect"
"s_Parabacteroides_merdae_sv_108"	"enterotype"	"Abundance"	"B1"	27	"B2"	25	0	3.869142379927	0	3.76754408286944	0	1.94537967105225	0	-0.817539850841351	2.83471678844937e-11	52	"B2"	9.626225760776e-10	"Large effect"	"B2 Large effect"
"s_Barnesiella_intestinihominis_sv_64"	"enterotype"	"Abundance"	"B1"	27	"B2"	25	0	6.61575290583471	0	6.10570382596084	0	3.37033322129252	0	-0.814096322552719	2.83471678844937e-11	52	"B2"	9.626225760776e-10	"Large effect"	"B2 Large effect"
"s_Parabacteroides_distasonis_sv_77"	"enterotype"	"Abundance"	"B1"	27	"B2"	25	0	3.64188385263883	0	2.99083005232897	0	1.87521796795801	0	-0.811265435721649	2.83471678844937e-11	52	"B2"	9.626225760776e-10	"Large effect"	"B2 Large effect"
"uc_g_Dialister_sv_16"	"enterotype"	"Abundance"	"B1"	27	"B2"	25	1.52198894535625	10.8040836537384	1.74855543734278	10.0299009528817	1.02946566005171	4.79672103382408	16	-0.803696242314199	3.95482815271543e-09	52	"B2"	3.22318494446308e-08	"Large effect"	"B2 Large effect"
"s_Bittarella_massiliensis_sv_417"	"enterotype"	"Abundance"	"B1"	27	"B2"	25	0	0.670324168777716	0	0.5630999101959	0	0.362980248062146	13.5	-0.797484572446523	1.12519126534921e-10	52	"B2"	1.87149159440737e-09	"Large effect"	"B2 Large effect"
"s_Flavonifractor_plautii_sv_239"	"enterotype"	"Abundance"	"B1"	27	"B2"	25	0	0.683715064335469	0	0.563023786925537	0	0.370404695625212	0	-0.797353356928586	2.83471678844937e-11	52	"B2"	9.626225760776e-10	"Large effect"	"B2 Large effect"
"s_Otoolea_symbiosa_sv_178"	"enterotype"	"Abundance"	"B1"	27	"B2"	25	0	1.93291500592718	0	1.6440270748136	0	1.06278892240493	0	-0.793169818600207	2.83471678844937e-11	52	"B2"	9.626225760776e-10	"Large effect"	"B2 Large effect"
"s_Sutterella_wadsworthensis_sv_193"	"enterotype"	"Abundance"	"B1"	27	"B2"	25	0	1.80477053981641	0	1.85129556438115	0	1.01379660498085	13.5	-0.78702352707429	1.12519126534921e-10	52	"B2"	1.87149159440737e-09	"Large effect"	"B2 Large effect"
"s_Tidjanibacter_inops_sv_122"	"enterotype"	"Abundance"	"B1"	27	"B2"	25	0	2.17768616251987	0	1.98435374343727	0	1.30460998514339	27	-0.767827914522415	4.25395320958751e-10	52	"B2"	4.68509711596462e-09	"Large effect"	"B2 Large effect"
"s_Avimicrobium_caecorum_sv_512"	"enterotype"	"Abundance"	"B1"	27	"B2"	25	0	0.492951266617863	0	0.421894078059896	0	0.29645525206725	27	-0.76664856008805	4.25395320958751e-10	52	"B2"	4.68509711596462e-09	"Large effect"	"B2 Large effect"
"s_Enterocloster_lavalensis_sv_457"	"enterotype"	"Abundance"	"B1"	27	"B2"	25	0	0.461854472120059	0	0.449614220660267	0	0.283651451246023	27	-0.760140133417539	4.25395320958751e-10	52	"B2"	4.68509711596462e-09	"Large effect"	"B2 Large effect"
"s_Barnesiella_intestinihominis_sv_175"	"enterotype"	"Abundance"	"B1"	27	"B2"	25	0	1.75867946248655	0	1.52642595649021	0	1.0941115300912	0	-0.756096840565635	2.83471678844937e-11	52	"B2"	9.626225760776e-10	"Large effect"	"B2 Large effect"
"s_Flavonifractor_plautii_sv_124"	"enterotype"	"Abundance"	"B1"	27	"B2"	25	0	1.54031504546408	0	1.25116397094564	0	0.96077675678322	0	-0.755269622649	2.83471678844937e-11	52	"B2"	9.626225760776e-10	"Large effect"	"B2 Large effect"
"s_Holdemania_filiformis_sv_563"	"enterotype"	"Abundance"	"B1"	27	"B2"	25	0	0.317390757145392	0	0.312790992736409	0	0.199527708426735	54	-0.75279151996361	5.28917000822065e-09	52	"B2"	3.91879414245439e-08	"Large effect"	"B2 Large effect"
"s_Thomasclavelia_sp000508865_sv_149"	"enterotype"	"Abundance"	"B1"	27	"B2"	25	0	2.50133558570381	0	2.28191084451187	0	1.57760419177613	0	-0.751753187765242	2.83471678844937e-11	52	"B2"	9.626225760776e-10	"Large effect"	"B2 Large effect"
"s_Fournierella_sp900543285_sv_235"	"enterotype"	"Abundance"	"B1"	27	"B2"	25	0	1.55147573796156	0	1.3423902483724	0	0.988236472115855	0	-0.748595071379447	2.83471678844937e-11	52	"B2"	9.626225760776e-10	"Large effect"	"B2 Large effect"
"s_Akkermansia_sp004167605_sv_3"	"enterotype"	"Abundance"	"B1"	27	"B2"	25	0	36.8634196035987	0	37.2712104603605	0	23.6583581552835	0	-0.746170394497886	2.83471678844937e-11	52	"B2"	9.626225760776e-10	"Large effect"	"B2 Large effect"
"s_Bacteroides_xylanisolvens_sv_46"	"enterotype"	"Abundance"	"B1"	27	"B2"	25	0	11.7617898227404	0	10.9955736551123	0	7.64261078409855	0	-0.742157505745337	2.83471678844937e-11	52	"B2"	9.626225760776e-10	"Large effect"	"B2 Large effect"
"s_Enterocloster_asparagiformis_sv_472"	"enterotype"	"Abundance"	"B1"	27	"B2"	25	0	0.402577386148379	0	0.392699059111152	0	0.263711116582566	54	-0.739520093209579	5.28917000822065e-09	52	"B2"	3.91879414245439e-08	"Large effect"	"B2 Large effect"
"s_Butyricimonas_paravirosa_sv_359"	"enterotype"	"Abundance"	"B1"	27	"B2"	25	0	1.01153239857526	0	0.963459044272001	0	0.666826008482954	27	-0.737441343454478	4.25395320958751e-10	52	"B2"	4.68509711596462e-09	"Large effect"	"B2 Large effect"
"s_Bacteroides_xylanisolvens_sv_24"	"enterotype"	"Abundance"	"B1"	27	"B2"	25	0	19.3110042293317	0	17.1704706223395	0	12.7936947338818	13.5	-0.735805840125586	1.12519126534921e-10	52	"B2"	1.87149159440737e-09	"Large effect"	"B2 Large effect"
"s_Sutterella_wadsworthensis_sv_335"	"enterotype"	"Abundance"	"B1"	27	"B2"	25	0	0.92728038363661	0	0.916878439577175	0	0.615143826032093	54	-0.735369636998448	5.28917000822065e-09	52	"B2"	3.91879414245439e-08	"Large effect"	"B2 Large effect"
"s_Alistipes_shahii_sv_189"	"enterotype"	"Abundance"	"B1"	27	"B2"	25	0	1.45562321367165	0	1.22114076519217	0	0.978653165224366	0	-0.730933711893131	2.83471678844937e-11	52	"B2"	9.626225760776e-10	"Large effect"	"B2 Large effect"
"uc_uc_k_sv_732"	"enterotype"	"Abundance"	"B1"	27	"B2"	25	0	0.233255781929315	0	0.263528740369109	0	0.157058727871225	67.5	-0.730435566739092	1.74522910585704e-08	52	"B2"	1.07754675854052e-07	"Large effect"	"B2 Large effect"
"s_Enterocloster_lavalensis_sv_545"	"enterotype"	"Abundance"	"B1"	27	"B2"	25	0	0.366094809989703	0	0.336599193523845	0	0.248601094424828	40.5	-0.727605834923017	1.53440126156428e-09	52	"B2"	1.38948558686098e-08	"Large effect"	"B2 Large effect"
"uc_uc_k_sv_176"	"enterotype"	"Abundance"	"B1"	27	"B2"	25	0	3.24011587933378	0	3.895034486754	0	2.23027691416646	94.5	-0.723046540093539	1.67742668656749e-07	52	"B2"	7.81201571172861e-07	"Large effect"	"B2 Large effect"
"uc_uc_k_sv_558"	"enterotype"	"Abundance"	"B1"	27	"B2"	25	0	0.368849274910134	0	0.399185291254346	0	0.257666378394829	81	-0.718041011127649	5.5212693336402e-08	52	"B2"	2.92197045903686e-07	"Large effect"	"B2 Large effect"
"s_Blautia_celeris_sv_179"	"enterotype"	"Abundance"	"B1"	27	"B2"	25	0	1.58360441944828	0	1.63551435138062	0	1.12321892294071	27	-0.712835821423183	4.25395320958751e-10	52	"B2"	4.68509711596462e-09	"Large effect"	"B2 Large effect"
"s_Blautia_celeris_sv_184"	"enterotype"	"Abundance"	"B1"	27	"B2"	25	0	1.56224119473843	0	1.54126803390113	0	1.10969054891432	40.5	-0.712332480873526	1.53440126156428e-09	52	"B2"	1.38948558686098e-08	"Large effect"	"B2 Large effect"
"s_Butyricimonas_paravirosa_sv_561"	"enterotype"	"Abundance"	"B1"	27	"B2"	25	0	0.468437306671071	0	0.454309542050171	0	0.334001909543037	67.5	-0.711029964663821	1.74522910585704e-08	52	"B2"	1.07754675854052e-07	"Large effect"	"B2 Large effect"
"s_Sutterella_wadsworthensis_sv_365"	"enterotype"	"Abundance"	"B1"	27	"B2"	25	0	0.792857680502582	0	0.763212978245105	0	0.57404812975301	54	-0.7057284580005	5.28917000822065e-09	52	"B2"	3.91879414245439e-08	"Large effect"	"B2 Large effect"
"s_Blautia_celeris_sv_199"	"enterotype"	"Abundance"	"B1"	27	"B2"	25	0	1.33467195080632	0	1.41261147517401	0	0.971701013803066	54	-0.703802132194281	5.28917000822065e-09	52	"B2"	3.91879414245439e-08	"Large effect"	"B2 Large effect"
"s_Fournierella_sp900543285_sv_339"	"enterotype"	"Abundance"	"B1"	27	"B2"	25	0	0.961492139574044	0	0.8295937665418	0	0.701292874073579	13.5	-0.703163709693012	1.12519126534921e-10	52	"B2"	1.87149159440737e-09	"Large effect"	"B2 Large effect"
"s_Blautia_celeris_sv_190"	"enterotype"	"Abundance"	"B1"	27	"B2"	25	0	1.44743527581666	0	1.2690895083238	0	1.07003045550783	40.5	-0.698456401006105	1.53440126156428e-09	52	"B2"	1.38948558686098e-08	"Large effect"	"B2 Large effect"
"uc_uc_k_sv_682"	"enterotype"	"Abundance"	"B1"	27	"B2"	25	0	0.272096886978385	0	0.305285191298042	0	0.203464369937881	81	-0.694429737104367	5.5212693336402e-08	52	"B2"	2.92197045903686e-07	"Large effect"	"B2 Large effect"
"s_UBA7173_sp001689485_sv_614"	"enterotype"	"Abundance"	"B1"	27	"B2"	25	0	0.311324978893865	0	0.325576735132179	0	0.232880463370624	81	-0.694304318738423	5.5212693336402e-08	52	"B2"	2.92197045903686e-07	"Large effect"	"B2 Large effect"
"s_Alistipes_finegoldii_sv_387"	"enterotype"	"Abundance"	"B1"	27	"B2"	25	0	0.462915717466777	0	0.385383617708801	0	0.350422215509414	27	-0.690089279299598	4.25395320958751e-10	52	"B2"	4.68509711596462e-09	"Large effect"	"B2 Large effect"
"s_Blautia_celeris_sv_169"	"enterotype"	"Abundance"	"B1"	27	"B2"	25	0	1.82093664853049	0	1.66930049432314	0	1.38614580502178	27	-0.688104990679108	4.25395320958751e-10	52	"B2"	4.68509711596462e-09	"Large effect"	"B2 Large effect"
"uc_uc_k_sv_718"	"enterotype"	"Abundance"	"B1"	27	"B2"	25	0	0.217483964382382	0	0.22833600502239	0	0.167693062383837	81	-0.683524271827363	5.5212693336402e-08	52	"B2"	2.92197045903686e-07	"Large effect"	"B2 Large effect"
"s_Allocoprobacillus_merdigallinarum_sv_254"	"enterotype"	"Abundance"	"B1"	27	"B2"	25	0	1.58383049254054	0	1.3762803680402	0	1.24412013130244	67.5	-0.676851029834959	1.74522910585704e-08	52	"B2"	1.07754675854052e-07	"Large effect"	"B2 Large effect"
"s_Sutterella_wadsworthensis_sv_432"	"enterotype"	"Abundance"	"B1"	27	"B2"	25	0	0.567123923696291	0	0.488365102698268	0	0.450301744725189	67.5	-0.672962562584159	1.74522910585704e-08	52	"B2"	1.07754675854052e-07	"Large effect"	"B2 Large effect"
"s_Allocoprobacillus_merdigallinarum_sv_160"	"enterotype"	"Abundance"	"B1"	27	"B2"	25	0	2.68372968919779	0	2.60807248255208	0	2.14463829379478	67.5	-0.670633064135888	1.74522910585704e-08	52	"B2"	1.07754675854052e-07	"Large effect"	"B2 Large effect"
"s_Luxibacter_massiliensis_sv_71"	"enterotype"	"Abundance"	"B1"	27	"B2"	25	0	6.86260700943129	0	5.87965212932654	0	5.53245452940959	0	-0.667439541076787	2.83471678844937e-11	52	"B2"	9.626225760776e-10	"Large effect"	"B2 Large effect"
"s_Allocoprobacillus_merdigallinarum_sv_262"	"enterotype"	"Abundance"	"B1"	27	"B2"	25	0	1.43294122188926	0	1.18897421998698	0	1.1669622027111	94.5	-0.66374243527528	1.67742668656749e-07	52	"B2"	7.81201571172861e-07	"Large effect"	"B2 Large effect"
"s_Eisenbergiella_tayi_sv_322"	"enterotype"	"Abundance"	"B1"	27	"B2"	25	0	0.848308387750842	0	0.577147872524106	0	0.693780900490596	13.5	-0.662192227283494	1.12519126534921e-10	52	"B2"	1.87149159440737e-09	"Large effect"	"B2 Large effect"
"uc_uc_k_sv_777"	"enterotype"	"Abundance"	"B1"	27	"B2"	25	0	0.193812316556973	0	0.225905987741652	0	0.159540610934861	108	-0.659811140182589	4.90179097925398e-07	52	"B2"	2.03824471841428e-06	"Large effect"	"B2 Large effect"
"s_Collinsella_intestinalis_sv_482"	"enterotype"	"Abundance"	"B1"	27	"B2"	25	0	0.607212245960035	0	0.448901897793787	0	0.499946265880512	13.5	-0.659732622862946	1.12519126534921e-10	52	"B2"	1.87149159440737e-09	"Large effect"	"B2 Large effect"
"s_Coprobacter_fastidiosus_sv_207"	"enterotype"	"Abundance"	"B1"	27	"B2"	25	0.00472639587686335	1.5171114268155	0	1.47378136450506	0.0245590733862342	1.24723722456439	56	-0.659060621828111	1.03482563496531e-08	52	"B2"	7.02819077080607e-08	"Large effect"	"B2 Large effect"
"s_Eisenbergiella_tayi_sv_343"	"enterotype"	"Abundance"	"B1"	27	"B2"	25	0	0.7544327580876	0	0.575310106445312	0	0.623411763433143	54	-0.658403872340525	5.28917000822065e-09	52	"B2"	3.91879414245439e-08	"Large effect"	"B2 Large effect"
"s_Coprobacter_fastidiosus_sv_157"	"enterotype"	"Abundance"	"B1"	27	"B2"	25	0	2.29131362389102	0	2.18384050034987	0	1.90007141683165	40.5	-0.657108036880768	1.53440126156428e-09	52	"B2"	1.38948558686098e-08	"Large effect"	"B2 Large effect"
"s_Butyricimonas_virosa_sv_569"	"enterotype"	"Abundance"	"B1"	27	"B2"	25	0	0.449255841741703	0	0.417325123580786	0	0.373311449195026	67.5	-0.656352178591272	1.74522910585704e-08	52	"B2"	1.07754675854052e-07	"Large effect"	"B2 Large effect"
"s_Prevotella_intestinigallinarum_sv_303"	"enterotype"	"Abundance"	"B1"	27	"B2"	25	0	1.12109594633444	0	0.895336021613491	0	0.93368231465228	40.5	-0.655522398662725	1.53440126156428e-09	52	"B2"	1.38948558686098e-08	"Large effect"	"B2 Large effect"
"s_Eisenbergiella_tayi_sv_295"	"enterotype"	"Abundance"	"B1"	27	"B2"	25	0	0.954046422323326	0	0.834650247161572	0	0.814566554070928	13.5	-0.646328061932996	1.12519126534921e-10	52	"B2"	1.87149159440737e-09	"Large effect"	"B2 Large effect"
"s_Avimicrobium_caecorum_sv_803"	"enterotype"	"Abundance"	"B1"	27	"B2"	25	0	0.166839199349988	0	0.152642595649021	0	0.142937757152836	108	-0.645052947249622	4.90179097925398e-07	52	"B2"	2.03824471841428e-06	"Large effect"	"B2 Large effect"
"s_Avimicrobium_caecorum_sv_735"	"enterotype"	"Abundance"	"B1"	27	"B2"	25	0	0.242437731796535	0	0.25005775624832	0	0.211217363396422	108	-0.63881314996083	4.90179097925398e-07	52	"B2"	2.03824471841428e-06	"Large effect"	"B2 Large effect"
"s_Enterocloster_lavalensis_sv_477"	"enterotype"	"Abundance"	"B1"	27	"B2"	25	0	0.428544074745308	0	0.406630777934974	0	0.373370490401319	81	-0.638800188673497	5.5212693336402e-08	52	"B2"	2.92197045903686e-07	"Large effect"	"B2 Large effect"
"uc_uc_k_sv_720"	"enterotype"	"Abundance"	"B1"	27	"B2"	25	0	0.241661221830778	0	0.24563022741751	0	0.213135170652657	108	-0.634238118607556	4.90179097925398e-07	52	"B2"	2.03824471841428e-06	"Large effect"	"B2 Large effect"
"uc_uc_k_sv_114"	"enterotype"	"Abundance"	"B1"	27	"B2"	25	0.142149120251628	4.2371318888374	0	3.14729954462187	0.529917163554667	3.70398087394748	79	-0.620634886168652	2.02570810553012e-07	52	"B2"	9.07116541762113e-07	"Large effect"	"B2 Large effect"
"s_Bacteroides_finegoldii_sv_198"	"enterotype"	"Abundance"	"B1"	27	"B2"	25	0	1.93559251319164	0	1.22732822708333	0	1.77377264271381	0	-0.619849383851611	2.83471678844937e-11	52	"B2"	9.626225760776e-10	"Large effect"	"B2 Large effect"
"s_Prevotella_intestinigallinarum_sv_228"	"enterotype"	"Abundance"	"B1"	27	"B2"	25	0	1.53764586770876	0	1.15952645762408	0	1.4178021566477	54	-0.617525644896591	5.28917000822065e-09	52	"B2"	3.91879414245439e-08	"Large effect"	"B2 Large effect"
"s_Butyricimonas_paravirosa_sv_610"	"enterotype"	"Abundance"	"B1"	27	"B2"	25	0	0.361263121834012	0	0.316234488442931	0	0.334435392627817	81	-0.616022314640142	5.5212693336402e-08	52	"B2"	2.92197045903686e-07	"Large effect"	"B2 Large effect"
"s_Agathobaculum_hominis_sv_393"	"enterotype"	"Abundance"	"B1"	27	"B2"	25	0.00472639587686335	0.919718295560758	0	0.672556530605565	0.0245590733862342	0.853628677516232	112	-0.612926436640686	1.20767139896749e-06	52	"B2"	4.97097065736618e-06	"Large effect"	"B2 Large effect"
"s_CAG-267_sp001917135_sv_206"	"enterotype"	"Abundance"	"B1"	27	"B2"	25	0	1.96840186615518	0	1.38370112431176	0	1.85398373806211	13.5	-0.609488517215124	1.12519126534921e-10	52	"B2"	1.87149159440737e-09	"Large effect"	"B2 Large effect"
"uc_uc_k_sv_612"	"enterotype"	"Abundance"	"B1"	27	"B2"	25	0	0.342212187151401	0	0.27211716980198	0	0.324741020726182	94.5	-0.606654017322298	1.67742668656749e-07	52	"B2"	7.81201571172861e-07	"Large effect"	"B2 Large effect"
"s_Enterocloster_sp005845215_sv_802"	"enterotype"	"Abundance"	"B1"	27	"B2"	25	0	0.182542192582434	0	0.195118984344767	0	0.173581562913944	135	-0.605869659960346	3.74816190428569e-06	52	"B2"	1.34570570572372e-05	"Large effect"	"B2 Large effect"
"s_Allocoprobacillus_merdigallinarum_sv_311"	"enterotype"	"Abundance"	"B1"	27	"B2"	25	0	1.19115490316731	0	1.00093117675651	0	1.14783364663029	94.5	-0.600828637820959	1.67742668656749e-07	52	"B2"	7.81201571172861e-07	"Large effect"	"B2 Large effect"
"s_Alistipes_finegoldii_sv_357"	"enterotype"	"Abundance"	"B1"	27	"B2"	25	0	0.45595166395512	0	0.437907389830973	0	0.440750827863075	94.5	-0.599636305103432	1.67742668656749e-07	52	"B2"	7.81201571172861e-07	"Large effect"	"B2 Large effect"
"s_Bacteroides_finegoldii_sv_159"	"enterotype"	"Abundance"	"B1"	27	"B2"	25	0.00500595886519133	2.43654352049232	0	1.6440270748136	0.0260117252853337	2.38274658408035	0	-0.594429046443095	4.17598630120306e-11	52	"B2"	1.20403164798446e-09	"Large effect"	"B2 Large effect"
"s_UBA7173_sp001689485_sv_680"	"enterotype"	"Abundance"	"B1"	27	"B2"	25	0	0.223248705501479	0	0.263528740369109	0	0.219230679250798	108	-0.593651903796849	4.90179097925398e-07	52	"B2"	2.03824471841428e-06	"Large effect"	"B2 Large effect"
"s_Turicibacter_sp002311155_sv_144"	"enterotype"	"Abundance"	"B1"	27	"B2"	25	0.136182756739457	3.72401890785221	0	3.19769233847653	0.418778500281831	3.5625816923727	81.5	-0.586600819587594	3.51531230359692e-07	52	"B2"	1.5655625832959e-06	"Large effect"	"B2 Large effect"
"uc_uc_k_sv_30"	"enterotype"	"Abundance"	"B1"	27	"B2"	25	1.05007378208503	18.139452327124	0	14.8517601314169	4.06387395745087	16.5922831889366	62.5	-0.585992754799045	4.44326105327227e-08	52	"B2"	2.5501815200119e-07	"Large effect"	"B2 Large effect"
"s_Ruthenibacterium_lactatiformans_sv_360"	"enterotype"	"Abundance"	"B1"	27	"B2"	25	0	1.20836169124702	0	0.897803795587573	0	1.21434522040636	67.5	-0.584858803856138	1.74522910585704e-08	52	"B2"	1.07754675854052e-07	"Large effect"	"B2 Large effect"
"uc_uc_k_sv_37"	"enterotype"	"Abundance"	"B1"	27	"B2"	25	0.931712816944681	15.9487949714921	0	10.8396732712711	3.70582719625504	14.6509546693095	62.5	-0.583379064106936	4.44326105327227e-08	52	"B2"	2.5501815200119e-07	"Large effect"	"B2 Large effect"
"s_UBA3282_sp003611805_sv_13"	"enterotype"	"Abundance"	"B1"	27	"B2"	25	2.03478132345806	35.9445404042412	0	28.0846080210205	7.94165687438137	33.338485785091	62.5	-0.581849582314685	4.44326105327227e-08	52	"B2"	2.5501815200119e-07	"Large effect"	"B2 Large effect"
"s_Agathobaculum_hominis_sv_447"	"enterotype"	"Abundance"	"B1"	27	"B2"	25	0	0.765764992503904	0	0.496993173031634	0	0.776525103140203	121.5	-0.581424866894315	1.37992101272521e-06	52	"B2"	5.25530666061235e-06	"Large effect"	"B2 Large effect"
"s_Lawsonibacter_sp000177015_sv_158"	"enterotype"	"Abundance"	"B1"	27	"B2"	25	0	3.27813049386407	0	2.25612350168514	0	3.33836334084624	81	-0.579804009464437	5.5212693336402e-08	52	"B2"	2.92197045903686e-07	"Large effect"	"B2 Large effect"
"s_Agathobaculum_hominis_sv_328"	"enterotype"	"Abundance"	"B1"	27	"B2"	25	0	1.24694232322628	0	1.12092755100927	0	1.27413306006681	108	-0.578521962907484	4.90179097925398e-07	52	"B2"	2.03824471841428e-06	"Large effect"	"B2 Large effect"
"s_Anaerostipes_hadrus_sv_292"	"enterotype"	"Abundance"	"B1"	27	"B2"	25	0	0.872340196444402	0	0.923630579921471	0	0.892876097437325	148.5	-0.577875312954455	9.83832569183537e-06	52	"B2"	3.16926301930665e-05	"Large effect"	"B2 Large effect"
"uc_uc_k_sv_93"	"enterotype"	"Abundance"	"B1"	27	"B2"	25	0	0.534615585043369	0	0.285420006277988	0	0.555350926670394	121.5	-0.572240309526627	1.37992101272521e-06	52	"B2"	5.25530666061235e-06	"Large effect"	"B2 Large effect"
"s_Agathobaculum_hominis_sv_492"	"enterotype"	"Abundance"	"B1"	27	"B2"	25	0	0.618821695679953	0	0.421894078059896	0	0.646518510328884	135	-0.570055236995729	3.74816190428569e-06	52	"B2"	1.34570570572372e-05	"Large effect"	"B2 Large effect"
"s_UBA7173_sp001689485_sv_709"	"enterotype"	"Abundance"	"B1"	27	"B2"	25	0	0.202046038672375	0	0.162993631750848	0	0.211984996983805	121.5	-0.568440881285225	1.37992101272521e-06	52	"B2"	5.25530666061235e-06	"Large effect"	"B2 Large effect"
"s_Alitiscatomonas_sp900541255_sv_329"	"enterotype"	"Abundance"	"B1"	27	"B2"	25	0	0.685989479849412	0	0.632468976885863	0	0.728904911767823	162	-0.563615486651469	2.49941450780986e-05	52	"B2"	7.40735572314559e-05	"Large effect"	"B2 Large effect"
"s_Bacteroides_uniformis_sv_34"	"enterotype"	"Abundance"	"B1"	27	"B2"	25	0	8.96847589374688	0	7.1717197970373	0	9.59558410933865	148.5	-0.560984034785677	9.83832569183537e-06	52	"B2"	3.16926301930665e-05	"Large effect"	"B2 Large effect"
"s_Alitiscatomonas_sp900541255_sv_290"	"enterotype"	"Abundance"	"B1"	27	"B2"	25	0	0.870421522461019	0	0.841497983809612	0	0.931820465963839	148.5	-0.560764857565954	9.83832569183537e-06	52	"B2"	3.16926301930665e-05	"Large effect"	"B2 Large effect"
"s_Anaerostipes_hadrus_sv_250"	"enterotype"	"Abundance"	"B1"	27	"B2"	25	0	0.974271673648646	0	0.973758621688501	0	1.04373834579063	148.5	-0.560493854029687	9.83832569183537e-06	52	"B2"	3.16926301930665e-05	"Large effect"	"B2 Large effect"
"uc_uc_k_sv_351"	"enterotype"	"Abundance"	"B1"	27	"B2"	25	0	1.29702612002646	0	0.944423791403082	0	1.39276648425437	94.5	-0.559600893992282	1.67742668656749e-07	52	"B2"	7.81201571172861e-07	"Large effect"	"B2 Large effect"
"s_Phocaeicola_vulgatus_sv_327"	"enterotype"	"Abundance"	"B1"	27	"B2"	25	0	1.40547083109785	0	0.970428021345158	0	1.51965222313086	40.5	-0.556976297967066	1.53440126156428e-09	52	"B2"	1.38948558686098e-08	"Large effect"	"B2 Large effect"
"s_Eubacterium_R_sp000436835_sv_427"	"enterotype"	"Abundance"	"B1"	27	"B2"	25	0	0.616837184006938	0	0.406970918915223	0	0.667089091858571	94.5	-0.556896576854067	1.67742668656749e-07	52	"B2"	7.81201571172861e-07	"Large effect"	"B2 Large effect"
"s_Alitiscatomonas_sp900541255_sv_274"	"enterotype"	"Abundance"	"B1"	27	"B2"	25	0	0.897323667030329	0	0.729298252634997	0	0.974472669917418	148.5	-0.555312123270899	9.83832569183537e-06	52	"B2"	3.16926301930665e-05	"Large effect"	"B2 Large effect"
"s_Bacteroides_uniformis_sv_62"	"enterotype"	"Abundance"	"B1"	27	"B2"	25	0	4.26089469916161	0	2.28191084451187	0	4.63082670556311	148.5	-0.555016544580296	9.83832569183537e-06	52	"B2"	3.16926301930665e-05	"Large effect"	"B2 Large effect"
"uc_uc_k_sv_405"	"enterotype"	"Abundance"	"B1"	27	"B2"	25	0	0.154980889961666	0	0.140774977548975	0	0.169244475018178	121.5	-0.553194721274367	1.37992101272521e-06	52	"B2"	5.25530666061235e-06	"Large effect"	"B2 Large effect"
"uc_uc_k_sv_616"	"enterotype"	"Abundance"	"B1"	27	"B2"	25	0	0.25306436524087	0	0.230124042578125	0	0.277418859559367	121.5	-0.55173263266757	1.37992101272521e-06	52	"B2"	5.25530666061235e-06	"Large effect"	"B2 Large effect"
"s_Enterocloster_sp005845215_sv_885"	"enterotype"	"Abundance"	"B1"	27	"B2"	25	0	0.145627911575033	0	0.122815113708755	0	0.160724723467654	162	-0.549163573099426	2.49941450780986e-05	52	"B2"	7.40735572314559e-05	"Large effect"	"B2 Large effect"
"s_Alitiscatomonas_sp900541255_sv_314"	"enterotype"	"Abundance"	"B1"	27	"B2"	25	0	0.761399322986047	0	0.48687931084425	0	0.840975985433612	148.5	-0.548871946301793	9.83832569183537e-06	52	"B2"	3.16926301930665e-05	"Large effect"	"B2 Large effect"
"s_Bacteroides_rodentium_sv_60"	"enterotype"	"Abundance"	"B1"	27	"B2"	25	0	4.61571048015694	0	4.29216563610566	0	5.12786280733575	148.5	-0.546660016104188	9.83832569183537e-06	52	"B2"	3.16926301930665e-05	"Large effect"	"B2 Large effect"
"uc_uc_k_sv_107"	"enterotype"	"Abundance"	"B1"	27	"B2"	25	0	0.423395211768872	0	0.27211716980198	0	0.471071855686961	148.5	-0.546096967558936	9.83832569183537e-06	52	"B2"	3.16926301930665e-05	"Large effect"	"B2 Large effect"
"s_Otoolea_symbiosa_sv_57"	"enterotype"	"Abundance"	"B1"	27	"B2"	25	1.83526101262573	4.00310214507244	1.96107635939905	3.34340861857645	1.72148008852203	1.69120730026854	114	-0.538012191706974	4.33091507659816e-05	52	"B2"	0.000125611949730516	"Large effect"	"B2 Large effect"
"s_Clostridium_AP_sp000509125_sv_463"	"enterotype"	"Abundance"	"B1"	27	"B2"	25	0	0.615108808614111	0	0.317917474199789	0	0.701131675630175	121.5	-0.53691381511978	1.37992101272521e-06	52	"B2"	5.25530666061235e-06	"Large effect"	"B2 Large effect"
"s_Phocaeicola_dorei_sv_17"	"enterotype"	"Abundance"	"B1"	27	"B2"	25	0	7.550000806047	0	4.96630810923698	0	8.73892236523715	67.5	-0.531102969735788	1.74522910585704e-08	52	"B2"	1.07754675854052e-07	"Large effect"	"B2 Large effect"
"s_Phocaeicola_dorei_sv_128"	"enterotype"	"Abundance"	"B1"	27	"B2"	25	0	0.892805297752741	0	0.726895267280274	0	1.04402654627468	135	-0.527234245506861	3.74816190428569e-06	52	"B2"	1.34570570572372e-05	"Large effect"	"B2 Large effect"
"s_Turicibacter_sp002311155_sv_576"	"enterotype"	"Abundance"	"B1"	27	"B2"	25	0	0.506361363038782	0	0.341458222603342	0	0.596876842753728	94.5	-0.524217994684126	1.67742668656749e-07	52	"B2"	7.81201571172861e-07	"Large effect"	"B2 Large effect"
"uc_uc_k_sv_109"	"enterotype"	"Abundance"	"B1"	27	"B2"	25	0	0.479596719957224	0	0.114168002511195	0	0.572964201616452	148.5	-0.519160711952424	9.83832569183537e-06	52	"B2"	3.16926301930665e-05	"Large effect"	"B2 Large effect"
"s_Odoribacter_splanchnicus_sv_795"	"enterotype"	"Abundance"	"B1"	27	"B2"	25	0	0.153166449048059	0	0.133061763751449	0	0.184465708802526	162	-0.516128135185424	2.49941450780986e-05	52	"B2"	7.40735572314559e-05	"Large effect"	"B2 Large effect"
"uc_uc_k_sv_105"	"enterotype"	"Abundance"	"B1"	27	"B2"	25	0	0.426168803663836	0	0.224185510201855	0	0.513892397971676	148.5	-0.515662010958466	9.83832569183537e-06	52	"B2"	3.16926301930665e-05	"Large effect"	"B2 Large effect"
"uc_uc_k_sv_792"	"enterotype"	"Abundance"	"B1"	27	"B2"	25	0	0.180752843452692	0	0	0	0.218074869230849	175.5	-0.515463017625732	6.15533946176811e-05	52	"B2"	0.000173584832572353	"Large effect"	"B2 Large effect"
"s_Clostridium_AQ_innocuum_sv_223"	"enterotype"	"Abundance"	"B1"	27	"B2"	25	0	1.03051942344927	0	0.685174724959685	0	1.24946275757976	40.5	-0.513606275596469	1.53440126156428e-09	52	"B2"	1.38948558686098e-08	"Large effect"	"B2 Large effect"
"s_Phocaeicola_dorei_sv_100"	"enterotype"	"Abundance"	"B1"	27	"B2"	25	0	1.24362511242165	0	0.587355568128295	0	1.50789112458868	108	-0.513594718504212	4.90179097925398e-07	52	"B2"	2.03824471841428e-06	"Large effect"	"B2 Large effect"
"s_Dielma_fastidiosa_sv_630"	"enterotype"	"Abundance"	"B1"	27	"B2"	25	0.301410224462151	0	0	0	0.352974700899057	0	500	-0.511619278351095	9.55000765546471e-05	52	"B2"	0.000259441874640125	"Large effect"	"B2 Large effect"
"s_Enterocloster_clostridioformis_sv_161"	"enterotype"	"Abundance"	"B1"	27	"B2"	25	0	0.973754411714289	0	0.381606489122553	0	1.20007943120865	121.5	-0.507483713742178	1.37992101272521e-06	52	"B2"	5.25530666061235e-06	"Large effect"	"B2 Large effect"
"s_Clostridium_AQ_innocuum_sv_238"	"enterotype"	"Abundance"	"B1"	27	"B2"	25	0	0.896205652697103	0	0.569759286481313	0	1.12624684107277	27	-0.500204869655039	4.25395320958751e-10	52	"B2"	4.68509711596462e-09	"Large effect"	"B2 Large effect"
"s_Clostridium_AP_sp000509125_sv_446"	"enterotype"	"Abundance"	"B1"	27	"B2"	25	0	0.71239800722128	0	0.504898790285767	0	0.899016855791347	54	-0.49864485633825	5.28917000822065e-09	52	"B2"	3.91879414245439e-08	"Medium effect"	"B2 Medium effect"
"s_Extibacter_hylemonae_sv_428"	"enterotype"	"Abundance"	"B1"	27	"B2"	25	0	0.27947201483075	0	0.138265627756967	0	0.353496024781631	148.5	-0.497787091794467	9.83832569183537e-06	52	"B2"	3.16926301930665e-05	"Medium effect"	"B2 Medium effect"
"s_Oxalobacter_aliiformigenes_sv_705"	"enterotype"	"Abundance"	"B1"	27	"B2"	25	0.194624208125346	0	0	0	0.236729990699613	0	500	-0.497451965080657	9.55000765546471e-05	52	"B2"	0.000259441874640125	"Medium effect"	"B2 Medium effect"
"s_Alistipes_A_ihumii_sv_825"	"enterotype"	"Abundance"	"B1"	27	"B2"	25	0.138917791597837	0	0	0	0.169428186726685	0	500	-0.496449107777118	9.55000765546471e-05	52	"B2"	0.000259441874640125	"Medium effect"	"B2 Medium effect"
"s_Anaerostipes_hadrus_sv_260"	"enterotype"	"Abundance"	"B1"	27	"B2"	25	0	0.707069515031213	0	0	0	0.902256218756597	189	-0.494517035795643	0.000147183613987819	52	"B2"	0.000379603308228077	"Medium effect"	"B2 Medium effect"
"s_Anaerostipes_hadrus_sv_167"	"enterotype"	"Abundance"	"B1"	27	"B2"	25	0	1.40162104485339	0	0	0	1.83478563001836	175.5	-0.485072025274806	6.15533946176811e-05	52	"B2"	0.000173584832572353	"Medium effect"	"B2 Medium effect"
"s_Pseudoflavonifractor_sp902362925_sv_597"	"enterotype"	"Abundance"	"B1"	27	"B2"	25	0	0.359317362102717	0	0.153416028385417	0	0.470509414565736	162	-0.484957085501019	2.49941450780986e-05	52	"B2"	7.40735572314559e-05	"Medium effect"	"B2 Medium effect"
"s_Prevotella_rara_sv_354"	"enterotype"	"Abundance"	"B1"	27	"B2"	25	0	0.75027180623468	0	0	0	0.982553807634857	175.5	-0.484916678188598	6.15533946176811e-05	52	"B2"	0.000173584832572353	"Medium effect"	"B2 Medium effect"
"uc_uc_k_sv_685"	"enterotype"	"Abundance"	"B1"	27	"B2"	25	0.135166634562007	0	0	0	0.170982589577195	0	500	-0.482943953681962	9.55000765546471e-05	52	"B2"	0.000259441874640125	"Medium effect"	"B2 Medium effect"
"s_Duodenibacillus_intestinigallinarum_sv_466"	"enterotype"	"Abundance"	"B1"	27	"B2"	25	0.723687434226256	0	0	0	0.917942571335831	0	500	-0.481942438831241	9.55000765546471e-05	52	"B2"	0.000259441874640125	"Medium effect"	"B2 Medium effect"
"s_Extibacter_hylemonae_sv_409"	"enterotype"	"Abundance"	"B1"	27	"B2"	25	0	0.277990255459645	0	0	0	0.37060781178788	175.5	-0.478357133599498	6.15533946176811e-05	52	"B2"	0.000173584832572353	"Medium effect"	"B2 Medium effect"
"s_Adlercreutzia_equolifaciens_sv_886"	"enterotype"	"Abundance"	"B1"	27	"B2"	25	0	0.140061843003072	0	0	0	0.187254804911714	175.5	-0.477320444835606	6.15533946176811e-05	52	"B2"	0.000173584832572353	"Medium effect"	"B2 Medium effect"
"s_Sellimonas_intestinalis_sv_757"	"enterotype"	"Abundance"	"B1"	27	"B2"	25	0	0.094706078829805	0	0	0	0.127898838110045	189	-0.47363420268315	0.000147183613987819	52	"B2"	0.000379603308228077	"Medium effect"	"B2 Medium effect"
"s_UBA7173_sp001689485_sv_581"	"enterotype"	"Abundance"	"B1"	27	"B2"	25	0.234406911892398	0	0	0	0.307883481140269	0	500	-0.469177881623444	9.55000765546471e-05	52	"B2"	0.000259441874640125	"Medium effect"	"B2 Medium effect"
"s_Eggerthella_lenta_sv_848"	"enterotype"	"Abundance"	"B1"	27	"B2"	25	0	0.149901178781997	0	0.112199731174615	0	0.204935979567169	135	-0.469164362227191	3.74816190428569e-06	52	"B2"	1.34570570572372e-05	"Medium effect"	"B2 Medium effect"
"s_Extibacter_hylemonae_sv_410"	"enterotype"	"Abundance"	"B1"	27	"B2"	25	0	0.292427344041277	0	0.108846867920792	0	0.402520367854751	162	-0.466689879475844	2.49941450780986e-05	52	"B2"	7.40735572314559e-05	"Medium effect"	"B2 Medium effect"
"s_Merdimmobilis_hominis_sv_666"	"enterotype"	"Abundance"	"B1"	27	"B2"	25	0	0.396001194817942	0	0	0	0.548727471353562	189	-0.46427638800561	0.000147183613987819	52	"B2"	0.000379603308228077	"Medium effect"	"B2 Medium effect"
"s_Extibacter_hylemonae_sv_418"	"enterotype"	"Abundance"	"B1"	27	"B2"	25	0	0.273986976447837	0	0	0	0.380173060047823	202.5	-0.463783382051532	0.000342281806730812	52	"B2"	0.000827773508859382	"Medium effect"	"B2 Medium effect"
"s_Anaerostipes_hadrus_sv_403"	"enterotype"	"Abundance"	"B1"	27	"B2"	25	0	0.389436858311615	0	0	0	0.543867061324495	189	-0.461448055395702	0.000147183613987819	52	"B2"	0.000379603308228077	"Medium effect"	"B2 Medium effect"
"s_Clostridium_AQ_innocuum_sv_215"	"enterotype"	"Abundance"	"B1"	27	"B2"	25	0	1.09852374838286	0	0.625987685371179	0	1.5365980960544	67.5	-0.460869974953728	1.74522910585704e-08	52	"B2"	1.07754675854052e-07	"Medium effect"	"B2 Medium effect"
"s_Pseudoscilispira_sp018369915_sv_860"	"enterotype"	"Abundance"	"B1"	27	"B2"	25	0	0.142833342028567	0	0	0	0.20068506521093	202.5	-0.459262845146399	0.000342281806730812	52	"B2"	0.000827773508859382	"Medium effect"	"B2 Medium effect"
"s_Pseudoscilispira_sp018369915_sv_788"	"enterotype"	"Abundance"	"B1"	27	"B2"	25	0	0.12129579570911	0	0	0	0.172177107776912	189	-0.455580600123192	0.000147183613987819	52	"B2"	0.000379603308228077	"Medium effect"	"B2 Medium effect"
"uc_uc_k_sv_809"	"enterotype"	"Abundance"	"B1"	27	"B2"	25	0	0.0919553697905949	0	0	0	0.130793009132703	202.5	-0.454854932391485	0.000342281806730812	52	"B2"	0.000827773508859382	"Medium effect"	"B2 Medium effect"
"s_Clostridium_AQ_innocuum_sv_547"	"enterotype"	"Abundance"	"B1"	27	"B2"	25	0.252274674470701	0	0	0	0.345171010751963	0	500	-0.454413503060604	9.55000765546471e-05	52	"B2"	0.000259441874640125	"Medium effect"	"B2 Medium effect"
"s_Anaerostipes_hadrus_sv_377"	"enterotype"	"Abundance"	"B1"	27	"B2"	25	0	0.448332627207627	0	0	0	0.640114995802039	202.5	-0.453492135903003	0.000342281806730812	52	"B2"	0.000827773508859382	"Medium effect"	"B2 Medium effect"
"s_Bacteroides_fragilis_sv_67"	"enterotype"	"Abundance"	"B1"	27	"B2"	25	0	3.00478505493442	0	2.09871953645129	0	4.29861618961105	27	-0.452784660134132	4.25395320958751e-10	52	"B2"	4.68509711596462e-09	"Medium effect"	"B2 Medium effect"
"s_Neobittarella_massiliensis_sv_877"	"enterotype"	"Abundance"	"B1"	27	"B2"	25	0.0927649831599748	0	0	0	0.127686950457043	0	475	-0.452266728413884	0.000441985564163966	52	"B2"	0.00102919495655323	"Medium effect"	"B2 Medium effect"
"uc_uc_k_sv_671"	"enterotype"	"Abundance"	"B1"	27	"B2"	25	0	0.068628141465139	0	0	0	0.0983344642037296	202.5	-0.45221726139597	0.000342281806730812	52	"B2"	0.000827773508859382	"Medium effect"	"B2 Medium effect"
"s_Blautia_A_ammoniilytica_sv_828"	"enterotype"	"Abundance"	"B1"	27	"B2"	25	0	0.104747170542499	0	0	0	0.150286175390468	202.5	-0.451744962082775	0.000342281806730812	52	"B2"	0.000827773508859382	"Medium effect"	"B2 Medium effect"
"s_Diplocloster_modestus_sv_835"	"enterotype"	"Abundance"	"B1"	27	"B2"	25	0	0.0762961654098272	0	0	0	0.109678818461527	202.5	-0.451050534530016	0.000342281806730812	52	"B2"	0.000827773508859382	"Medium effect"	"B2 Medium effect"
"s_Bacteroides_stercoris_sv_276"	"enterotype"	"Abundance"	"B1"	27	"B2"	25	0	0.913394592492492	0	0.153416028385417	0	1.31712160870922	162	-0.449942093763171	2.49941450780986e-05	52	"B2"	7.40735572314559e-05	"Medium effect"	"B2 Medium effect"
"s_Bacteroides_stercoris_sv_278"	"enterotype"	"Abundance"	"B1"	27	"B2"	25	0	0.874073524328203	0	0.1926918088544	0	1.2741560237909	148.5	-0.446079992892938	9.83832569183537e-06	52	"B2"	3.16926301930665e-05	"Medium effect"	"B2 Medium effect"
"s_Bacteroides_stercoris_sv_243"	"enterotype"	"Abundance"	"B1"	27	"B2"	25	0	1.01808556239042	0	0.0683582659003831	0	1.49429851460216	162	-0.443644706184695	2.49941450780986e-05	52	"B2"	7.40735572314559e-05	"Medium effect"	"B2 Medium effect"
"s_Prevotella_rara_sv_229"	"enterotype"	"Abundance"	"B1"	27	"B2"	25	0	1.36824673282127	0	0.0936081721115538	0	2.02147028018607	162	-0.441320768059481	2.49941450780986e-05	52	"B2"	7.40735572314559e-05	"Medium effect"	"B2 Medium effect"
"uc_uc_k_sv_424"	"enterotype"	"Abundance"	"B1"	27	"B2"	25	0	0.326629060392465	0	0	0	0.482864869989049	189	-0.441102664659697	0.000147183613987819	52	"B2"	0.000379603308228077	"Medium effect"	"B2 Medium effect"
"s_Clostridium_AP_sp000509125_sv_440"	"enterotype"	"Abundance"	"B1"	27	"B2"	25	0	0.683927245957127	0	0.4147968832709	0	1.01148799980476	121.5	-0.44095609139243	1.37992101272521e-06	52	"B2"	5.25530666061235e-06	"Medium effect"	"B2 Medium effect"
"s_Sellimonas_intestinalis_sv_786"	"enterotype"	"Abundance"	"B1"	27	"B2"	25	0	0.08063197190327	0	0	0	0.119612145138168	202.5	-0.439884519455507	0.000342281806730812	52	"B2"	0.000827773508859382	"Medium effect"	"B2 Medium effect"
"uc_uc_k_sv_1076"	"enterotype"	"Abundance"	"B1"	27	"B2"	25	0	0.0711354993991034	0	0	0	0.106194760809107	216	-0.437652608952876	0.000775516926457296	52	"B2"	0.0016502514231402	"Medium effect"	"B2 Medium effect"
"s_Bacteroides_fragilis_sv_127"	"enterotype"	"Abundance"	"B1"	27	"B2"	25	0	1.60307698088179	0	1.02537398850575	0	2.39387035733601	27	-0.437547565756376	4.25395320958751e-10	52	"B2"	4.68509711596462e-09	"Medium effect"	"B2 Medium effect"
"s_Ruthenibacterium_lactatiformans_sv_677"	"enterotype"	"Abundance"	"B1"	27	"B2"	25	0	0.272734537919864	0	0	0	0.41041142606833	189	-0.434849353432484	0.000147183613987819	52	"B2"	0.000379603308228077	"Medium effect"	"B2 Medium effect"
"s_Agathobaculum_butyriciproducens_sv_648"	"enterotype"	"Abundance"	"B1"	27	"B2"	25	0	0.369093456115634	0	0	0	0.556514082553931	216	-0.434154155760155	0.000775516926457296	52	"B2"	0.0016502514231402	"Medium effect"	"B2 Medium effect"
"s_Mediterraneibacter_faecis_sv_476"	"enterotype"	"Abundance"	"B1"	27	"B2"	25	0	0.572930385979233	0	0	0	0.86622190241998	229.5	-0.433195749306559	0.00171521026416192	52	"B2"	0.00332041891993341	"Medium effect"	"B2 Medium effect"
"s_Parasutterella_excrementihominis_sv_895"	"enterotype"	"Abundance"	"B1"	27	"B2"	25	0.128471640616194	0	0	0	0.188081716093793	0	475	-0.430463430182787	0.000441985564163966	52	"B2"	0.00102919495655323	"Medium effect"	"B2 Medium effect"
"s_Enterocloster_citroniae_sv_859"	"enterotype"	"Abundance"	"B1"	27	"B2"	25	0.120344045310244	0	0	0	0.176262668331967	0	475	-0.430305536332478	0.000441985564163966	52	"B2"	0.00102919495655323	"Medium effect"	"B2 Medium effect"
"s_Christensenella_massiliensis_sv_869"	"enterotype"	"Abundance"	"B1"	27	"B2"	25	0.0927752425639298	0	0	0	0.136320435536999	0	475	-0.429186578651736	0.000441985564163966	52	"B2"	0.00102919495655323	"Medium effect"	"B2 Medium effect"
"s_Odoribacter_splanchnicus_sv_907"	"enterotype"	"Abundance"	"B1"	27	"B2"	25	0	0.0935904656368697	0	0	0	0.143454800051512	216	-0.428405551006755	0.000775516926457296	52	"B2"	0.0016502514231402	"Medium effect"	"B2 Medium effect"
"s_Clostridium_AQ_innocuum_sv_282"	"enterotype"	"Abundance"	"B1"	27	"B2"	25	0	0.766986845060707	0	0.597643316419775	0	1.17728012375203	94.5	-0.427917840748416	1.67742668656749e-07	52	"B2"	7.81201571172861e-07	"Medium effect"	"B2 Medium effect"
"s_Fusicatenibacter_saccharivorans_sv_408"	"enterotype"	"Abundance"	"B1"	27	"B2"	25	0	0.430478740809512	0	0	0	0.661485352148396	202.5	-0.427535986316828	0.000342281806730812	52	"B2"	0.000827773508859382	"Medium effect"	"B2 Medium effect"
"s_Enterocloster_citroniae_sv_696"	"enterotype"	"Abundance"	"B1"	27	"B2"	25	0.178255346568626	0	0	0	0.264394799195116	0	475	-0.425917398935027	0.000441985564163966	52	"B2"	0.00102919495655323	"Medium effect"	"B2 Medium effect"
"uc_uc_k_sv_197"	"enterotype"	"Abundance"	"B1"	27	"B2"	25	0	0.848526151424123	0	0.325576735132179	0	1.31382107440249	67.5	-0.424895268977834	1.74522910585704e-08	52	"B2"	1.07754675854052e-07	"Medium effect"	"B2 Medium effect"
"s_Anaerostipes_hadrus_sv_500"	"enterotype"	"Abundance"	"B1"	27	"B2"	25	0	0.485710021705621	0	0	0	0.752553957901789	216	-0.424664135725674	0.000775516926457296	52	"B2"	0.0016502514231402	"Medium effect"	"B2 Medium effect"
"s_Agathobaculum_butyriciproducens_sv_611"	"enterotype"	"Abundance"	"B1"	27	"B2"	25	0	0.379544607470412	0	0	0	0.588693920367412	216	-0.424292228533485	0.000775516926457296	52	"B2"	0.0016502514231402	"Medium effect"	"B2 Medium effect"
"s_Sellimonas_intestinalis_sv_445"	"enterotype"	"Abundance"	"B1"	27	"B2"	25	0.338694932948111	0	0	0	0.506562853430368	0	487.5	-0.42303380712849	0.000208031639079133	52	"B2"	0.000531491491691203	"Medium effect"	"B2 Medium effect"
"s_Mediterraneibacter_faecis_sv_344"	"enterotype"	"Abundance"	"B1"	27	"B2"	25	0	0.983864124101291	0	0	0	1.53158722411939	229.5	-0.423033076797353	0.00171521026416192	52	"B2"	0.00332041891993341	"Medium effect"	"B2 Medium effect"
"s_Mediterraneibacter_faecis_sv_570"	"enterotype"	"Abundance"	"B1"	27	"B2"	25	0	0.410532020843031	0	0	0	0.640085274828615	229.5	-0.422488427513288	0.00171521026416192	52	"B2"	0.00332041891993341	"Medium effect"	"B2 Medium effect"
"s_Phocaeicola_plebeius_A_sv_272"	"enterotype"	"Abundance"	"B1"	27	"B2"	25	0	1.19383659475527	0	0.451811975483304	0	1.86256793754161	148.5	-0.422268480635914	9.83832569183537e-06	52	"B2"	3.16926301930665e-05	"Medium effect"	"B2 Medium effect"
"uc_uc_k_sv_436"	"enterotype"	"Abundance"	"B1"	27	"B2"	25	0	0.32287907328756	0	0	0	0.503857314622123	189	-0.422188585785127	0.000147183613987819	52	"B2"	0.000379603308228077	"Medium effect"	"B2 Medium effect"
"s_Blautia_A_wexlerae_sv_188"	"enterotype"	"Abundance"	"B1"	27	"B2"	25	0	0.778895982447309	0	0	0	1.21641845980586	229.5	-0.421921464985253	0.00171521026416192	52	"B2"	0.00332041891993341	"Medium effect"	"B2 Medium effect"
"s_Eggerthella_lenta_sv_1001"	"enterotype"	"Abundance"	"B1"	27	"B2"	25	0.0895539645683583	0	0	0	0.134474661611386	0	475	-0.421656593116962	0.000441985564163966	52	"B2"	0.00102919495655323	"Medium effect"	"B2 Medium effect"
"s_Hungatella_effluvii_sv_540"	"enterotype"	"Abundance"	"B1"	27	"B2"	25	0	0.50672310275286	0	0.162993631750848	0	0.793623420760606	162	-0.420935908201624	2.49941450780986e-05	52	"B2"	7.40735572314559e-05	"Medium effect"	"B2 Medium effect"
"s_Holdemanella_porci_sv_553"	"enterotype"	"Abundance"	"B1"	27	"B2"	25	0.184381873751222	0	0	0	0.27756898237765	0	475	-0.420785044034098	0.000441985564163966	52	"B2"	0.00102919495655323	"Medium effect"	"B2 Medium effect"
"s_Blautia_A_ammoniilytica_sv_863"	"enterotype"	"Abundance"	"B1"	27	"B2"	25	0	0.0922042472035498	0	0	0	0.144958889199169	229.5	-0.419626602041878	0.00171521026416192	52	"B2"	0.00332041891993341	"Medium effect"	"B2 Medium effect"
"s_Clostridium_AQ_innocuum_sv_261"	"enterotype"	"Abundance"	"B1"	27	"B2"	25	0	0.84493756426718	0	0.49126045483502	0	1.32924044119178	27	-0.419400701158671	4.25395320958751e-10	52	"B2"	4.68509711596462e-09	"Medium effect"	"B2 Medium effect"
"s_Agathobaculum_butyriciproducens_sv_789"	"enterotype"	"Abundance"	"B1"	27	"B2"	25	0	0.229556759734249	0	0	0	0.361458474069027	216	-0.419092163566047	0.000775516926457296	52	"B2"	0.0016502514231402	"Medium effect"	"B2 Medium effect"
"s_Sellimonas_intestinalis_sv_464"	"enterotype"	"Abundance"	"B1"	27	"B2"	25	0.275706823577388	0	0	0	0.417303448062472	0	475	-0.418920132164012	0.000441985564163966	52	"B2"	0.00102919495655323	"Medium effect"	"B2 Medium effect"
"s_UBA11524_sp000437595_sv_753"	"enterotype"	"Abundance"	"B1"	27	"B2"	25	0	0.286065858577344	0	0	0	0.451267848994659	216	-0.418458657252242	0.000775516926457296	52	"B2"	0.0016502514231402	"Medium effect"	"B2 Medium effect"
"s_Anaerostipes_hadrus_sv_495"	"enterotype"	"Abundance"	"B1"	27	"B2"	25	0.00708959381529503	0.603994779631142	0	0	0.0368386100793512	0.940871919563291	238	-0.418445105352201	0.00595540179678856	52	"B2"	0.0105285302915026	"Medium effect"	"B2 Medium effect"
"s_Bacteroides_stercoris_sv_156"	"enterotype"	"Abundance"	"B1"	27	"B2"	25	0	1.80705571251476	0	0.368940236516753	0	2.85581886820192	162	-0.41783303726585	2.49941450780986e-05	52	"B2"	7.40735572314559e-05	"Medium effect"	"B2 Medium effect"
"s_Fusicatenibacter_saccharivorans_sv_174"	"enterotype"	"Abundance"	"B1"	27	"B2"	25	0	1.51619143630173	0	0	0	2.39930385842598	216	-0.417380741712156	0.000775516926457296	52	"B2"	0.0016502514231402	"Medium effect"	"B2 Medium effect"
"s_Sellimonas_intestinalis_sv_806"	"enterotype"	"Abundance"	"B1"	27	"B2"	25	0	0.0916820355531034	0	0	0	0.145153547765546	216	-0.417213052637121	0.000775516926457296	52	"B2"	0.0016502514231402	"Medium effect"	"B2 Medium effect"
"s_Phocaeicola_plebeius_A_sv_258"	"enterotype"	"Abundance"	"B1"	27	"B2"	25	0	1.23300533025488	0	0.312790992736409	0	1.960240511559	162	-0.415791341427021	2.49941450780986e-05	52	"B2"	7.40735572314559e-05	"Medium effect"	"B2 Medium effect"
"s_Cuneatibacter_caecimuris_sv_627"	"enterotype"	"Abundance"	"B1"	27	"B2"	25	0	0.0793500373878563	0	0	0	0.126165817107815	216	-0.415751782554025	0.000775516926457296	52	"B2"	0.0016502514231402	"Medium effect"	"B2 Medium effect"
"uc_uc_k_sv_402"	"enterotype"	"Abundance"	"B1"	27	"B2"	25	0	0.52061877570754	0	0	0	0.828949029097876	202.5	-0.415268197703418	0.000342281806730812	52	"B2"	0.000827773508859382	"Medium effect"	"B2 Medium effect"
"s_Hominimerdicola_aceti_sv_140"	"enterotype"	"Abundance"	"B1"	27	"B2"	25	0	2.40355088878901	0	1.15429574504821	0	3.83084123112694	94.5	-0.414927179529374	1.67742668656749e-07	52	"B2"	7.81201571172861e-07	"Medium effect"	"B2 Medium effect"
"s_Phocaeicola_plebeius_A_sv_259"	"enterotype"	"Abundance"	"B1"	27	"B2"	25	0	1.24945567243571	0	0.361449580386643	0	1.99266002883035	135	-0.414713333031228	3.74816190428569e-06	52	"B2"	1.34570570572372e-05	"Medium effect"	"B2 Medium effect"
"s_Anaerostipes_hadrus_sv_521"	"enterotype"	"Abundance"	"B1"	27	"B2"	25	0	0.6035963197369	0	0	0	0.964454068957769	216	-0.414065851481799	0.000775516926457296	52	"B2"	0.0016502514231402	"Medium effect"	"B2 Medium effect"
"s_Blautia_A_wexlerae_sv_182"	"enterotype"	"Abundance"	"B1"	27	"B2"	25	0	0.921859143095319	0	0	0	1.47521492474897	229.5	-0.413550113605333	0.00171521026416192	52	"B2"	0.00332041891993341	"Medium effect"	"B2 Medium effect"
"s_Agathobaculum_butyriciproducens_sv_608"	"enterotype"	"Abundance"	"B1"	27	"B2"	25	0	0.403671730014461	0	0	0	0.646423223167319	229.5	-0.413315959256818	0.00171521026416192	52	"B2"	0.00332041891993341	"Medium effect"	"B2 Medium effect"
"s_Blautia_A_wexlerae_sv_241"	"enterotype"	"Abundance"	"B1"	27	"B2"	25	0	0.60683713976301	0	0	0	0.972547774737782	229.5	-0.41304079764953	0.00171521026416192	52	"B2"	0.00332041891993341	"Medium effect"	"B2 Medium effect"
"s_Anaerostipes_hadrus_sv_497"	"enterotype"	"Abundance"	"B1"	27	"B2"	25	0	0.622015968351862	0	0	0	0.998035602143623	229.5	-0.41264361071522	0.00171521026416192	52	"B2"	0.00332041891993341	"Medium effect"	"B2 Medium effect"
"s_Fusicatenibacter_saccharivorans_sv_306"	"enterotype"	"Abundance"	"B1"	27	"B2"	25	0	0.669857406344017	0	0	0	1.07586074633391	202.5	-0.412306688445441	0.000342281806730812	52	"B2"	0.000827773508859382	"Medium effect"	"B2 Medium effect"
"s_Enterocloster_aldenensis_sv_752"	"enterotype"	"Abundance"	"B1"	27	"B2"	25	0	0.295737557474087	0	0	0	0.475789757938947	229.5	-0.411730154316019	0.00171521026416192	52	"B2"	0.00332041891993341	"Medium effect"	"B2 Medium effect"
"s_Phocaeicola_plebeius_A_sv_249"	"enterotype"	"Abundance"	"B1"	27	"B2"	25	0	1.33964839286122	0	0.390237968689534	0	2.15788183714461	148.5	-0.411316053105996	9.83832569183537e-06	52	"B2"	3.16926301930665e-05	"Medium effect"	"B2 Medium effect"
"s_Pseudoscilispira_sp018369915_sv_875"	"enterotype"	"Abundance"	"B1"	27	"B2"	25	0	0.131000576326189	0	0	0	0.211995811517278	189	-0.40973687756796	0.000147183613987819	52	"B2"	0.000379603308228077	"Medium effect"	"B2 Medium effect"
"s_Bacteroides_stercoris_sv_957"	"enterotype"	"Abundance"	"B1"	27	"B2"	25	0	0.0641351610992428	0	0	0	0.103814219125134	216	-0.409653543535212	0.000775516926457296	52	"B2"	0.0016502514231402	"Medium effect"	"B2 Medium effect"
"s_Agathobaculum_butyriciproducens_sv_703"	"enterotype"	"Abundance"	"B1"	27	"B2"	25	0	0.325045254250355	0	0	0	0.526314001151511	216	-0.409543745543425	0.000775516926457296	52	"B2"	0.0016502514231402	"Medium effect"	"B2 Medium effect"
"s_Clostridium_AQ_innocuum_sv_151"	"enterotype"	"Abundance"	"B1"	27	"B2"	25	0	0.108596634226918	0	0	0	0.176119709859328	216	-0.409004160847778	0.000775516926457296	52	"B2"	0.0016502514231402	"Medium effect"	"B2 Medium effect"
"s_Blautia_A_ammoniilytica_sv_838"	"enterotype"	"Abundance"	"B1"	27	"B2"	25	0	0.0629726350251881	0	0	0	0.102231068406514	229.5	-0.408660985959795	0.00171521026416192	52	"B2"	0.00332041891993341	"Medium effect"	"B2 Medium effect"
"s_Mediterraneibacter_faecis_sv_620"	"enterotype"	"Abundance"	"B1"	27	"B2"	25	0	0.344850757067039	0	0	0	0.561129117625272	229.5	-0.407880218599526	0.00171521026416192	52	"B2"	0.00332041891993341	"Medium effect"	"B2 Medium effect"
"uc_uc_k_sv_1006"	"enterotype"	"Abundance"	"B1"	27	"B2"	25	0	0.0701526934702186	0	0	0	0.114209980781533	229.5	-0.407702364109673	0.00171521026416192	52	"B2"	0.00332041891993341	"Medium effect"	"B2 Medium effect"
"s_UBA11524_sp000437595_sv_797"	"enterotype"	"Abundance"	"B1"	27	"B2"	25	0	0.226783044996277	0	0	0	0.370502018891757	216	-0.40651806779786	0.000775516926457296	52	"B2"	0.0016502514231402	"Medium effect"	"B2 Medium effect"
"s_Enterocloster_citroniae_sv_845"	"enterotype"	"Abundance"	"B1"	27	"B2"	25	0.129561403609111	0	0	0	0.204895184565757	0	462.5	-0.403987661061847	0.000917236289507905	52	"B2"	0.00193665175116306	"Medium effect"	"B2 Medium effect"
"uc_uc_k_sv_202"	"enterotype"	"Abundance"	"B1"	27	"B2"	25	0	0.754977448013359	0	0.341458222603342	0	1.24287105429567	94.5	-0.403945065263576	1.67742668656749e-07	52	"B2"	7.81201571172861e-07	"Medium effect"	"B2 Medium effect"
"s_Coprobacter_secundus_sv_1163"	"enterotype"	"Abundance"	"B1"	27	"B2"	25	0	0.0439609215625167	0	0	0	0.072467994537443	229.5	-0.40348979628298	0.00171521026416192	52	"B2"	0.00332041891993341	"Medium effect"	"B2 Medium effect"
"uc_uc_k_sv_257"	"enterotype"	"Abundance"	"B1"	27	"B2"	25	0	0.58941843029424	0	0.228963893473532	0	0.972089637984883	135	-0.4033324065009	3.74816190428569e-06	52	"B2"	1.34570570572372e-05	"Medium effect"	"B2 Medium effect"
"uc_uc_k_sv_231"	"enterotype"	"Abundance"	"B1"	27	"B2"	25	0	0.706248023559259	0	0.211162466323462	0	1.16500751911018	108	-0.403263557273259	4.90179097925398e-07	52	"B2"	2.03824471841428e-06	"Medium effect"	"B2 Medium effect"
"s_Enterocloster_citroniae_sv_909"	"enterotype"	"Abundance"	"B1"	27	"B2"	25	0.118302381841851	0	0	0	0.187581375660459	0	450	-0.403104167929123	0.00186222858900906	52	"B2"	0.00354606612159436	"Medium effect"	"B2 Medium effect"
"s_Agathobaculum_butyriciproducens_sv_633"	"enterotype"	"Abundance"	"B1"	27	"B2"	25	0	0.377027275739176	0	0	0	0.623083029384151	216	-0.402642883417692	0.000775516926457296	52	"B2"	0.0016502514231402	"Medium effect"	"B2 Medium effect"
"s_Enterocloster_aldenensis_sv_629"	"enterotype"	"Abundance"	"B1"	27	"B2"	25	0	0.435980604665347	0	0	0	0.723186626212708	229.5	-0.401398074615459	0.00171521026416192	52	"B2"	0.00332041891993341	"Medium effect"	"B2 Medium effect"
"s_Blautia_A_wexlerae_sv_217"	"enterotype"	"Abundance"	"B1"	27	"B2"	25	0	0.733297323378783	0	0	0	1.2177442200896	216	-0.401017567610113	0.000775516926457296	52	"B2"	0.0016502514231402	"Medium effect"	"B2 Medium effect"
"s_Blautia_A_wexlerae_sv_187"	"enterotype"	"Abundance"	"B1"	27	"B2"	25	0	0.880418929660677	0	0	0	1.46823891372246	229.5	-0.399605308409169	0.00171521026416192	52	"B2"	0.00332041891993341	"Medium effect"	"B2 Medium effect"
"s_Mediterraneibacter_faecis_sv_551"	"enterotype"	"Abundance"	"B1"	27	"B2"	25	0	0.44427697439566	0	0	0	0.742075518158743	229.5	-0.399076362880481	0.00171521026416192	52	"B2"	0.00332041891993341	"Medium effect"	"B2 Medium effect"
"s_Bacteroides_fragilis_sv_125"	"enterotype"	"Abundance"	"B1"	27	"B2"	25	0	1.63089018528766	0	0.780475937379068	0	2.72520706880761	0	-0.398937456810004	2.83471678844937e-11	52	"B2"	9.626225760776e-10	"Medium effect"	"B2 Medium effect"
"uc_uc_k_sv_244"	"enterotype"	"Abundance"	"B1"	27	"B2"	25	0	1.23095008244127	0	0.536956099348958	0	2.06335941319268	94.5	-0.397892008033943	1.67742668656749e-07	52	"B2"	7.81201571172861e-07	"Medium effect"	"B2 Medium effect"
"s_Allobaculum_stercoricanis_sv_439"	"enterotype"	"Abundance"	"B1"	27	"B2"	25	0	0.679854210334271	0	0	0	1.14033456144742	216	-0.397675345661372	0.000775516926457296	52	"B2"	0.0016502514231402	"Medium effect"	"B2 Medium effect"
"uc_uc_k_sv_211"	"enterotype"	"Abundance"	"B1"	27	"B2"	25	0	0.751736018934073	0	0.392699059111152	0	1.26587302332661	94.5	-0.396364660673685	1.67742668656749e-07	52	"B2"	7.81201571172861e-07	"Medium effect"	"B2 Medium effect"
"uc_uc_k_sv_798"	"enterotype"	"Abundance"	"B1"	27	"B2"	25	0	0.223753342598328	0	0	0	0.377587636532236	229.5	-0.39565725804825	0.00171521026416192	52	"B2"	0.00332041891993341	"Medium effect"	"B2 Medium effect"
"s_Sellimonas_intestinalis_sv_846"	"enterotype"	"Abundance"	"B1"	27	"B2"	25	0	0.0598050206688764	0	0	0	0.101179058303125	229.5	-0.394811996560865	0.00171521026416192	52	"B2"	0.00332041891993341	"Medium effect"	"B2 Medium effect"
"uc_uc_k_sv_434"	"enterotype"	"Abundance"	"B1"	27	"B2"	25	0	0.334139360661953	0	0	0	0.567395011675721	175.5	-0.393586080359465	6.15533946176811e-05	52	"B2"	0.000173584832572353	"Medium effect"	"B2 Medium effect"
"s_Blautia_A_wexlerae_sv_255"	"enterotype"	"Abundance"	"B1"	27	"B2"	25	0	0.566576820083321	0	0	0	0.964469896788861	243	-0.39276854533699	0.00371115683402716	52	"B2"	0.00658952684037501	"Medium effect"	"B2 Medium effect"
"uc_uc_k_sv_582"	"enterotype"	"Abundance"	"B1"	27	"B2"	25	0	0.0726627189266867	0	0	0	0.123842333540217	229.5	-0.392366568088723	0.00171521026416192	52	"B2"	0.00332041891993341	"Medium effect"	"B2 Medium effect"
"uc_uc_k_sv_103"	"enterotype"	"Abundance"	"B1"	27	"B2"	25	0	0.2903139434268	0	0	0	0.4948944228236	229.5	-0.392300169935642	0.00171521026416192	52	"B2"	0.00332041891993341	"Medium effect"	"B2 Medium effect"
"s_Blautia_A_caecimuris_sv_137"	"enterotype"	"Abundance"	"B1"	27	"B2"	25	0	3.25323013989081	0	0	0	5.55257530480365	175.5	-0.391892863764744	6.15533946176811e-05	52	"B2"	0.000173584832572353	"Medium effect"	"B2 Medium effect"
"s_Enterocloster_pacaense_sv_390"	"enterotype"	"Abundance"	"B1"	27	"B2"	25	0	0.0879909142850058	0	0	0	0.150188759978496	216	-0.391877695000998	0.000775516926457296	52	"B2"	0.0016502514231402	"Medium effect"	"B2 Medium effect"
"s_Bacteroides_sp902362375_sv_350"	"enterotype"	"Abundance"	"B1"	27	"B2"	25	0	1.10357154137993	0	0.578075426563201	0	1.88382491377174	162	-0.391846917219204	2.49941450780986e-05	52	"B2"	7.40735572314559e-05	"Medium effect"	"B2 Medium effect"
"s_Gordonibacter_urolithinfaciens_sv_999"	"enterotype"	"Abundance"	"B1"	27	"B2"	25	0	0.0563846715664578	0	0	0	0.0963342147086106	229.5	-0.391558210102258	0.00171521026416192	52	"B2"	0.00332041891993341	"Medium effect"	"B2 Medium effect"
"s_UBA11524_sp000437595_sv_783"	"enterotype"	"Abundance"	"B1"	27	"B2"	25	0	0.242015357948365	0	0	0	0.413796741140903	216	-0.391311325367464	0.000775516926457296	52	"B2"	0.0016502514231402	"Medium effect"	"B2 Medium effect"
"s_Blautia_A_wexlerae_sv_203"	"enterotype"	"Abundance"	"B1"	27	"B2"	25	0	0.708898792144112	0	0	0	1.21346639300925	229.5	-0.390931738596345	0.00171521026416192	52	"B2"	0.00332041891993341	"Medium effect"	"B2 Medium effect"
"s_Lachnospira_sp000436535_sv_987"	"enterotype"	"Abundance"	"B1"	27	"B2"	25	0	0.0701892796422573	0	0	0	0.12016309721853	229.5	-0.390888569424418	0.00171521026416192	52	"B2"	0.00332041891993341	"Medium effect"	"B2 Medium effect"
"s_UBA11524_sp000437595_sv_807"	"enterotype"	"Abundance"	"B1"	27	"B2"	25	0	0.215134835930078	0	0	0	0.368438821367287	229.5	-0.390771325757044	0.00171521026416192	52	"B2"	0.00332041891993341	"Medium effect"	"B2 Medium effect"
"uc_uc_k_sv_195"	"enterotype"	"Abundance"	"B1"	27	"B2"	25	0	0.810442588953697	0	0.271087185289982	0	1.39471364891509	108	-0.389171856817787	4.90179097925398e-07	52	"B2"	2.03824471841428e-06	"Medium effect"	"B2 Medium effect"
"uc_uc_k_sv_247"	"enterotype"	"Abundance"	"B1"	27	"B2"	25	0.666231222012957	0	0	0	1.10204685192987	0	437.5	-0.389025380851346	0.00370523015860903	52	"B2"	0.00658952684037501	"Medium effect"	"B2 Medium effect"
"s_Prevotella_sp934191715_sv_651"	"enterotype"	"Abundance"	"B1"	27	"B2"	25	0	0.143696383606012	0	0	0	0.247402005914667	216	-0.389024435353694	0.000775516926457296	52	"B2"	0.0016502514231402	"Medium effect"	"B2 Medium effect"
"s_Hungatella_effluvii_sv_958"	"enterotype"	"Abundance"	"B1"	27	"B2"	25	0	0.0947409070411201	0	0	0	0.163148150411033	243	-0.388958352573049	0.00371115683402716	52	"B2"	0.00658952684037501	"Medium effect"	"B2 Medium effect"
"s_Bacteroides_fragilis_sv_162"	"enterotype"	"Abundance"	"B1"	27	"B2"	25	0	1.24996392103244	0	0.651974527003391	0	2.15716022035741	27	-0.388246523111583	4.25395320958751e-10	52	"B2"	4.68509711596462e-09	"Medium effect"	"B2 Medium effect"
"s_Gordonibacter_urolithinfaciens_sv_713"	"enterotype"	"Abundance"	"B1"	27	"B2"	25	0.135645496897618	0	0	0	0.225436544776174	0	475	-0.387479032723941	0.000441985564163966	52	"B2"	0.00102919495655323	"Medium effect"	"B2 Medium effect"
"s_Bacteroides_sp902362375_sv_163"	"enterotype"	"Abundance"	"B1"	27	"B2"	25	0.00132451730780213	3.01244270175286	0	1.22038145607787	0.00688239381785292	5.21091441490806	168	-0.387338082448831	7.38950550144678e-05	52	"B2"	0.000207670585644108	"Medium effect"	"B2 Medium effect"
"s_Enterocloster_aldenensis_sv_707"	"enterotype"	"Abundance"	"B1"	27	"B2"	25	0	0.342313419918583	0	0	0	0.592398554522355	229.5	-0.387335426494891	0.00171521026416192	52	"B2"	0.00332041891993341	"Medium effect"	"B2 Medium effect"
"s_Blautia_A_caecimuris_sv_150"	"enterotype"	"Abundance"	"B1"	27	"B2"	25	0	3.06621493660969	0	0	0	5.31533613717095	189	-0.386778110128964	0.000147183613987819	52	"B2"	0.000379603308228077	"Medium effect"	"B2 Medium effect"
"uc_uc_k_sv_716"	"enterotype"	"Abundance"	"B1"	27	"B2"	25	0	0.0579517360476454	0	0	0	0.100591002419291	229.5	-0.386352170590691	0.00171521026416192	52	"B2"	0.00332041891993341	"Medium effect"	"B2 Medium effect"
"uc_uc_k_sv_230"	"enterotype"	"Abundance"	"B1"	27	"B2"	25	0.71592158910663	0	0	0	1.19562232775862	0	450	-0.385887056000409	0.00186222858900906	52	"B2"	0.00354606612159436	"Medium effect"	"B2 Medium effect"
"s_Blautia_A_caecimuris_sv_112"	"enterotype"	"Abundance"	"B1"	27	"B2"	25	0	3.84323316191201	0	0.250232794189127	0	6.68632396947297	148.5	-0.385599936784479	9.83832569183537e-06	52	"B2"	3.16926301930665e-05	"Medium effect"	"B2 Medium effect"
"uc_uc_k_sv_475"	"enterotype"	"Abundance"	"B1"	27	"B2"	25	0	0.265058855446596	0	0	0	0.46138400522715	189	-0.385427060022603	0.000147183613987819	52	"B2"	0.000379603308228077	"Medium effect"	"B2 Medium effect"
"uc_uc_k_sv_232"	"enterotype"	"Abundance"	"B1"	27	"B2"	25	0	0.692159559656918	0	0.278216749053857	0	1.20746183286773	135	-0.384714361022527	3.74816190428569e-06	52	"B2"	1.34570570572372e-05	"Medium effect"	"B2 Medium effect"
"s_Phocaeicola_plebeius_A_sv_313"	"enterotype"	"Abundance"	"B1"	27	"B2"	25	0	0.973123452480606	0	0.211944982799859	0	1.69917501128408	148.5	-0.384411331087578	9.83832569183537e-06	52	"B2"	3.16926301930665e-05	"Medium effect"	"B2 Medium effect"
"uc_uc_k_sv_932"	"enterotype"	"Abundance"	"B1"	27	"B2"	25	0.0996316078835309	0	0	0	0.167496156416237	0	450	-0.38372116023432	0.00186222858900906	52	"B2"	0.00354606612159436	"Medium effect"	"B2 Medium effect"
"s_Parabacteroides_sp003473295_sv_426"	"enterotype"	"Abundance"	"B1"	27	"B2"	25	0	0.851627148642017	0	0.157403965233847	0	1.49124596839219	121.5	-0.383487656055544	1.37992101272521e-06	52	"B2"	5.25530666061235e-06	"Medium effect"	"B2 Medium effect"
"s_Mediterraneibacter_torques_sv_316"	"enterotype"	"Abundance"	"B1"	27	"B2"	25	0.18091900759098	0	0	0	0.304458911567122	0	437.5	-0.383393265653849	0.00370523015860903	52	"B2"	0.00658952684037501	"Medium effect"	"B2 Medium effect"
"s_Alistipes_shahii_sv_337"	"enterotype"	"Abundance"	"B1"	27	"B2"	25	0.380268082482352	0	0	0	0.639985988907817	0	500	-0.383366175309725	9.55000765546471e-05	52	"B2"	0.000259441874640125	"Medium effect"	"B2 Medium effect"
"s_Phocaeicola_plebeius_A_sv_300"	"enterotype"	"Abundance"	"B1"	27	"B2"	25	0	1.06775881407914	0	0	0	1.88531724719754	189	-0.380783056299785	0.000147183613987819	52	"B2"	0.000379603308228077	"Medium effect"	"B2 Medium effect"
"s_Massiliimalia_timonensis_sv_1188"	"enterotype"	"Abundance"	"B1"	27	"B2"	25	0	0.0534420021109828	0	0	0	0.0946736343856078	243	-0.379711824370635	0.00371115683402716	52	"B2"	0.00658952684037501	"Medium effect"	"B2 Medium effect"
"s_Parabacteroides_distasonis_sv_284"	"enterotype"	"Abundance"	"B1"	27	"B2"	25	1.52613940491474	0	0	0	2.59789038869013	0	500	-0.379666079012216	9.55000765546471e-05	52	"B2"	0.000259441874640125	"Medium effect"	"B2 Medium effect"
"s_Sellimonas_intestinalis_sv_528"	"enterotype"	"Abundance"	"B1"	27	"B2"	25	0.255404200148073	0	0	0	0.435655602598182	0	487.5	-0.379003766196637	0.000208031639079133	52	"B2"	0.000531491491691203	"Medium effect"	"B2 Medium effect"
"s_Enterocloster_bolteae_sv_310"	"enterotype"	"Abundance"	"B1"	27	"B2"	25	0.292873095309791	0.00610570382596084	0	0	0.488663103781586	0.0305285191298042	479	-0.378746522334839	0.000683866295193582	52	"B2"	0.00158338360961014	"Medium effect"	"B2 Medium effect"
"s_Enterocloster_pacaense_sv_433"	"enterotype"	"Abundance"	"B1"	27	"B2"	25	0	0.0445866539726198	0	0	0	0.0792887916864275	243	-0.378474704369348	0.00371115683402716	52	"B2"	0.00658952684037501	"Medium effect"	"B2 Medium effect"
"s_Holdemania_filiformis_sv_731"	"enterotype"	"Abundance"	"B1"	27	"B2"	25	0.133580436284714	0	0	0	0.228640412651731	0	450	-0.377891352107267	0.00186222858900906	52	"B2"	0.00354606612159436	"Medium effect"	"B2 Medium effect"
"s_Parabacteroides_sp003473295_sv_265"	"enterotype"	"Abundance"	"B1"	27	"B2"	25	0	1.6731457615341	0	0.553062511027867	0	2.98266212463744	81	-0.377683903725754	5.5212693336402e-08	52	"B2"	2.92197045903686e-07	"Medium effect"	"B2 Medium effect"
"s_Blautia_A_caecimuris_sv_45"	"enterotype"	"Abundance"	"B1"	27	"B2"	25	11.14994231515	0	0	0	19.1928343024072	0	487.5	-0.376068124358686	0.000208031639079133	52	"B2"	0.000531491491691203	"Medium effect"	"B2 Medium effect"
"uc_uc_k_sv_237"	"enterotype"	"Abundance"	"B1"	27	"B2"	25	0.73332139998828	0	0	0	1.26477711015586	0	437.5	-0.375436243916062	0.00370523015860903	52	"B2"	0.00658952684037501	"Medium effect"	"B2 Medium effect"
"s_Duodenibacillus_intestinigallinarum_sv_546"	"enterotype"	"Abundance"	"B1"	27	"B2"	25	0.486888808002941	0	0	0	0.840538787581452	0	462.5	-0.375134065099565	0.000917236289507905	52	"B2"	0.00193665175116306	"Medium effect"	"B2 Medium effect"
"s_Phocaeicola_vulgatus_sv_578"	"enterotype"	"Abundance"	"B1"	27	"B2"	25	0.426505871506504	0	0	0	0.736619451180571	0	437.5	-0.374993364692001	0.00370523015860903	52	"B2"	0.00658952684037501	"Medium effect"	"B2 Medium effect"
"s_Sellimonas_intestinalis_sv_767"	"enterotype"	"Abundance"	"B1"	27	"B2"	25	0	0.0755882606912975	0	0	0	0.137631485350709	229.5	-0.370892832450885	0.00171521026416192	52	"B2"	0.00332041891993341	"Medium effect"	"B2 Medium effect"
"s_Parabacteroides_sp003473295_sv_183"	"enterotype"	"Abundance"	"B1"	27	"B2"	25	0	2.5756867424039	0	0.777829053488781	0	4.69736368177511	67.5	-0.370380800075666	1.74522910585704e-08	52	"B2"	1.07754675854052e-07	"Medium effect"	"B2 Medium effect"
"s_UBA11524_sp000437595_sv_793"	"enterotype"	"Abundance"	"B1"	27	"B2"	25	0	0.241173383662082	0	0	0	0.440951628927447	216	-0.369574176751447	0.000775516926457296	52	"B2"	0.0016502514231402	"Medium effect"	"B2 Medium effect"
"s_Adlercreutzia_equolifaciens_sv_970"	"enterotype"	"Abundance"	"B1"	27	"B2"	25	0	0.0771619568883319	0	0	0	0.141388783747356	243	-0.368878666759011	0.00371115683402716	52	"B2"	0.00658952684037501	"Medium effect"	"B2 Medium effect"
"s_Allocoprobacillus_merdigallinarum_sv_153"	"enterotype"	"Abundance"	"B1"	27	"B2"	25	0.962550498155563	0	0	0	1.69540268688103	0	450	-0.36871872480193	0.00186222858900906	52	"B2"	0.00354606612159436	"Medium effect"	"B2 Medium effect"
"s_Blautia_A_caecimuris_sv_43"	"enterotype"	"Abundance"	"B1"	27	"B2"	25	11.8024674672756	0	0	0	20.8038311614032	0	475	-0.368483902272307	0.000441985564163966	52	"B2"	0.00102919495655323	"Medium effect"	"B2 Medium effect"
"s_Holdemanella_hominis_sv_891"	"enterotype"	"Abundance"	"B1"	27	"B2"	25	0	0.154695548837104	0	0	0	0.284506663912496	216	-0.367707357144678	0.000775516926457296	52	"B2"	0.0016502514231402	"Medium effect"	"B2 Medium effect"
"s_Hungatella_effluvii_sv_942"	"enterotype"	"Abundance"	"B1"	27	"B2"	25	0	0.109136014890624	0	0	0	0.201767855634728	243	-0.366053439835754	0.00371115683402716	52	"B2"	0.00658952684037501	"Medium effect"	"B2 Medium effect"
"s_Dorea_D_sp000433535_sv_212"	"enterotype"	"Abundance"	"B1"	27	"B2"	25	0.00302569052549345	1.82858122126349	0	0	0.0157219491544033	3.37898958238428	224	-0.365680244895069	0.00262478259763273	52	"B2"	0.0049748786443504	"Medium effect"	"B2 Medium effect"
"s_Allocoprobacillus_merdigallinarum_sv_341"	"enterotype"	"Abundance"	"B1"	27	"B2"	25	0.386234789190972	0	0	0	0.687759870348564	0	437.5	-0.365266189698222	0.00370523015860903	52	"B2"	0.00658952684037501	"Medium effect"	"B2 Medium effect"
"s_Hungatella_effluvii_sv_120"	"enterotype"	"Abundance"	"B1"	27	"B2"	25	0	3.50151088735521	0	1.33364136665771	0	6.49249193879435	27	-0.365128550558544	4.25395320958751e-10	52	"B2"	4.68509711596462e-09	"Medium effect"	"B2 Medium effect"
"s_Dorea_D_sp000433535_sv_364"	"enterotype"	"Abundance"	"B1"	27	"B2"	25	0	0.870977254917527	0	0	0	1.61548355755099	229.5	-0.365027008833853	0.00171521026416192	52	"B2"	0.00332041891993341	"Medium effect"	"B2 Medium effect"
"s_Hungatella_effluvii_sv_940"	"enterotype"	"Abundance"	"B1"	27	"B2"	25	0	0.0924357287448216	0	0	0	0.17216584560319	216	-0.363712983678881	0.000775516926457296	52	"B2"	0.0016502514231402	"Medium effect"	"B2 Medium effect"
"s_Phocaeicola_massiliensis_sv_319"	"enterotype"	"Abundance"	"B1"	27	"B2"	25	0.5370311380506	0	0	0	0.96545523663857	0	437.5	-0.362261165110841	0.00370523015860903	52	"B2"	0.00658952684037501	"Medium effect"	"B2 Medium effect"
"s_Cryptobacteroides_sp000431015_sv_593"	"enterotype"	"Abundance"	"B1"	27	"B2"	25	0.0979307938731046	0	0	0	0.176126640810465	0	437.5	-0.362136109586148	0.00370523015860903	52	"B2"	0.00658952684037501	"Medium effect"	"B2 Medium effect"
"s_Clostridium_AQ_innocuum_sv_205"	"enterotype"	"Abundance"	"B1"	27	"B2"	25	0	0.0887568806608206	0	0	0	0.16631742597639	243	-0.361811950338257	0.00371115683402716	52	"B2"	0.00658952684037501	"Medium effect"	"B2 Medium effect"
"s_Dorea_D_sp000433535_sv_366"	"enterotype"	"Abundance"	"B1"	27	"B2"	25	0	0.955319784134956	0	0	0	1.79304291387883	243	-0.361302398721907	0.00371115683402716	52	"B2"	0.00658952684037501	"Medium effect"	"B2 Medium effect"
"s_Barnesiella_intestinihominis_sv_92"	"enterotype"	"Abundance"	"B1"	27	"B2"	25	1.46304422611704	0	0	0	2.66622055899668	0	475	-0.35801138839087	0.000441985564163966	52	"B2"	0.00102919495655323	"Medium effect"	"B2 Medium effect"
"s_Enterocloster_bolteae_sv_552"	"enterotype"	"Abundance"	"B1"	27	"B2"	25	0.327538152471775	0	0	0	0.60169503796394	0	500	-0.35552654176736	9.55000765546471e-05	52	"B2"	0.000259441874640125	"Medium effect"	"B2 Medium effect"
"s_Enterococcus_B_faecium_sv_421"	"enterotype"	"Abundance"	"B1"	27	"B2"	25	0	0.952949849033873	0	0	0	1.82578653091561	216	-0.354896270981649	0.000775516926457296	52	"B2"	0.0016502514231402	"Medium effect"	"B2 Medium effect"
"s_Clostridium_AQ_innocuum_sv_194"	"enterotype"	"Abundance"	"B1"	27	"B2"	25	0	0.0685847548426152	0	0	0	0.131699023241452	243	-0.354202313124888	0.00371115683402716	52	"B2"	0.00658952684037501	"Medium effect"	"B2 Medium effect"
"s_Lentihominibacter_faecis_sv_1047"	"enterotype"	"Abundance"	"B1"	27	"B2"	25	0	0.0383107270397092	0	0	0	0.0737147589354144	256.5	-0.353577446619871	0.00787587097182408	52	"B2"	0.0130464122805622	"Medium effect"	"B2 Medium effect"
"s_Lawsonibacter_aceti_sv_695"	"enterotype"	"Abundance"	"B1"	27	"B2"	25	0.13958940619531	0	0	0	0.258499127004822	0	450	-0.35304238962148	0.00186222858900906	52	"B2"	0.00354606612159436	"Medium effect"	"B2 Medium effect"
"s_Hominimerdicola_aceti_sv_246"	"enterotype"	"Abundance"	"B1"	27	"B2"	25	0	1.06406742173523	0	0.385383617708801	0	2.05209279395397	135	-0.352871990166194	3.74816190428569e-06	52	"B2"	1.34570570572372e-05	"Medium effect"	"B2 Medium effect"
"s_Hungatella_effluvii_sv_132"	"enterotype"	"Abundance"	"B1"	27	"B2"	25	0	3.29367832308618	0	1.09034290092041	0	6.36172168380983	54	-0.352400038963475	5.28917000822065e-09	52	"B2"	3.91879414245439e-08	"Medium effect"	"B2 Medium effect"
"s_Pseudoflavonifractor_sp902362925_sv_745"	"enterotype"	"Abundance"	"B1"	27	"B2"	25	0	0.273571301970389	0	0	0	0.528418297089877	189	-0.352390240776501	0.000147183613987819	52	"B2"	0.000379603308228077	"Medium effect"	"B2 Medium effect"
"s_Blautia_A_ammoniilytica_sv_900"	"enterotype"	"Abundance"	"B1"	27	"B2"	25	0	0.060473621729157	0	0	0	0.116877005996628	256.5	-0.352209003106268	0.00787587097182408	52	"B2"	0.0130464122805622	"Medium effect"	"B2 Medium effect"
"s_Enterocloster_bolteae_sv_277"	"enterotype"	"Abundance"	"B1"	27	"B2"	25	0.450796740154592	0	0	0	0.839271900473234	0	475	-0.351402160772524	0.000441985564163966	52	"B2"	0.00102919495655323	"Medium effect"	"B2 Medium effect"
"s_Schaedlerella_glycyrrhizinilytica_A_sv_414"	"enterotype"	"Abundance"	"B1"	27	"B2"	25	0.507637051194561	0	0	0	0.951470950148606	0	425	-0.349341072631665	0.00723914928602561	52	"B2"	0.0124998022629468	"Medium effect"	"B2 Medium effect"
"uc_uc_k_sv_843"	"enterotype"	"Abundance"	"B1"	27	"B2"	25	0	0.0403042141360592	0	0	0	0.0787388161928652	256.5	-0.348908017417391	0.00787587097182408	52	"B2"	0.0130464122805622	"Medium effect"	"B2 Medium effect"
"s_Enterocloster_bolteae_sv_650"	"enterotype"	"Abundance"	"B1"	27	"B2"	25	0.203078658422793	0	0	0	0.381416808894193	0	437.5	-0.348712315147975	0.00370523015860903	52	"B2"	0.00658952684037501	"Medium effect"	"B2 Medium effect"
"s_Bacteroides_sp902362375_sv_345"	"enterotype"	"Abundance"	"B1"	27	"B2"	25	0	1.12390139021685	0	0.385383617708801	0	2.20525037057978	162	-0.347579004971294	2.49941450780986e-05	52	"B2"	7.40735572314559e-05	"Medium effect"	"B2 Medium effect"
"s_Enterocloster_bolteae_sv_479"	"enterotype"	"Abundance"	"B1"	27	"B2"	25	0.205054973131601	0	0	0	0.386636067328146	0	437.5	-0.347520471718053	0.00370523015860903	52	"B2"	0.00658952684037501	"Medium effect"	"B2 Medium effect"
"uc_uc_k_sv_251"	"enterotype"	"Abundance"	"B1"	27	"B2"	25	0.515700071564095	0	0	0	0.973787184052539	0	425	-0.347075259617941	0.00723914928602561	52	"B2"	0.0124998022629468	"Medium effect"	"B2 Medium effect"
"s_Intestinibacter_bartlettii_sv_770"	"enterotype"	"Abundance"	"B1"	27	"B2"	25	0	0.235618163894966	0	0	0	0.465601913384697	243	-0.345425054353752	0.00371115683402716	52	"B2"	0.00658952684037501	"Medium effect"	"B2 Medium effect"
"s_Hungatella_effluvii_sv_147"	"enterotype"	"Abundance"	"B1"	27	"B2"	25	0	3.04748382537111	0	1.04331280895196	0	6.04102216718296	81	-0.344473780116344	5.5212693336402e-08	52	"B2"	2.92197045903686e-07	"Medium effect"	"B2 Medium effect"
"s_Lactonifactor_sp009677585_sv_763"	"enterotype"	"Abundance"	"B1"	27	"B2"	25	0	0.0632195299077639	0	0	0	0.125393629794006	243	-0.34429588998709	0.00371115683402716	52	"B2"	0.00658952684037501	"Medium effect"	"B2 Medium effect"
"s_Allocoprobacillus_merdigallinarum_sv_253"	"enterotype"	"Abundance"	"B1"	27	"B2"	25	0.544476175707573	0	0	0	1.04783643023054	0	425	-0.341328229526439	0.00723914928602561	52	"B2"	0.0124998022629468	"Medium effect"	"B2 Medium effect"
"s_Holdemanella_porci_sv_659"	"enterotype"	"Abundance"	"B1"	27	"B2"	25	0.171960279731342	0	0	0	0.332389938579352	0	437.5	-0.340010656172482	0.00370523015860903	52	"B2"	0.00658952684037501	"Medium effect"	"B2 Medium effect"
"s_Butyricimonas_virosa_sv_928"	"enterotype"	"Abundance"	"B1"	27	"B2"	25	0	0.0589245457925634	0	0	0	0.118579475541081	256.5	-0.339932966469959	0.00787587097182408	52	"B2"	0.0130464122805622	"Medium effect"	"B2 Medium effect"
"s_Schaedlerella_glycyrrhizinilytica_A_sv_400"	"enterotype"	"Abundance"	"B1"	27	"B2"	25	0.530076162289192	0	0	0	1.02544932760921	0	425	-0.339764719947463	0.00723914928602561	52	"B2"	0.0124998022629468	"Medium effect"	"B2 Medium effect"
"s_Anaerostipes_hadrus_sv_635"	"enterotype"	"Abundance"	"B1"	27	"B2"	25	0	0.408403645273146	0	0	0	0.82310971334068	256.5	-0.339481020641126	0.00787587097182408	52	"B2"	0.0130464122805622	"Medium effect"	"B2 Medium effect"
"s_Hungatella_effluvii_sv_155"	"enterotype"	"Abundance"	"B1"	27	"B2"	25	0	2.78322904342349	0	0.973758621688501	0	5.62244871328172	40.5	-0.3387858924328	1.53440126156428e-09	52	"B2"	1.38948558686098e-08	"Medium effect"	"B2 Medium effect"
"s_Hungatella_effluvii_sv_139"	"enterotype"	"Abundance"	"B1"	27	"B2"	25	0	3.17283598194422	0	0.923630579921471	0	6.42427450189918	81	-0.338097674238338	5.5212693336402e-08	52	"B2"	2.92197045903686e-07	"Medium effect"	"B2 Medium effect"
"s_Allocoprobacillus_merdigallinarum_sv_320"	"enterotype"	"Abundance"	"B1"	27	"B2"	25	0.388251128388629	0	0	0	0.758033013181539	0	412.5	-0.337012308197929	0.0139215074440771	52	"B2"	0.0226467636066324	"Medium effect"	"B2 Medium effect"
"s_Clostridium_AQ_innocuum_sv_267"	"enterotype"	"Abundance"	"B1"	27	"B2"	25	0	0.0466758960071826	0	0	0	0.0948753383274125	256.5	-0.336940799642517	0.00787587097182408	52	"B2"	0.0130464122805622	"Medium effect"	"B2 Medium effect"
"s_Prevotella_sp900313215_sv_1113"	"enterotype"	"Abundance"	"B1"	27	"B2"	25	0	0.0401490320462554	0	0	0	0.081787179401357	256.5	-0.336289896347523	0.00787587097182408	52	"B2"	0.0130464122805622	"Medium effect"	"B2 Medium effect"
"s_Cryptobacteroides_sp000431015_sv_487"	"enterotype"	"Abundance"	"B1"	27	"B2"	25	0.23276020021542	0	0	0	0.455879416169668	0	437.5	-0.336076099861533	0.00370523015860903	52	"B2"	0.00658952684037501	"Medium effect"	"B2 Medium effect"
"s_Fusicatenibacter_saccharivorans_sv_353"	"enterotype"	"Abundance"	"B1"	27	"B2"	25	0	0.970452541977957	0	0	0	1.99673019970025	270	-0.333329959041639	0.0164487977915996	52	"B2"	0.0241981411555121	"Medium effect"	"B2 Medium effect"
"s_Enterocloster_clostridioformis_sv_356"	"enterotype"	"Abundance"	"B1"	27	"B2"	25	0.0017130647791612	0.8228574990792	0	0	0.00890134570249189	1.69009205322606	210	-0.333226356359924	0.00112523335587201	52	"B2"	0.00236967748071238	"Medium effect"	"B2 Medium effect"
"s_Bifidobacterium_globosum_sv_736"	"enterotype"	"Abundance"	"B1"	27	"B2"	25	0	0.317790587294063	0	0	0	0.655450486232914	202.5	-0.332613365181368	0.000342281806730812	52	"B2"	0.000827773508859382	"Medium effect"	"B2 Medium effect"
"s_Hungatella_effluvii_sv_134"	"enterotype"	"Abundance"	"B1"	27	"B2"	25	0	3.32100400000266	0	0.869299369337855	0	6.87683242601748	81	-0.331446068017799	5.5212693336402e-08	52	"B2"	2.92197045903686e-07	"Medium effect"	"B2 Medium effect"
"s_Holdemanella_hominis_sv_727"	"enterotype"	"Abundance"	"B1"	27	"B2"	25	0	0.295471448308397	0	0	0	0.612657567511131	216	-0.331050984629599	0.000775516926457296	52	"B2"	0.0016502514231402	"Medium effect"	"B2 Medium effect"
"s_Butyricimonas_virosa_sv_966"	"enterotype"	"Abundance"	"B1"	27	"B2"	25	0	0.0547528835993563	0	0	0	0.113540634236682	256.5	-0.331022521868102	0.00787587097182408	52	"B2"	0.0130464122805622	"Medium effect"	"B2 Medium effect"
"s_Fusicatenibacter_saccharivorans_sv_369"	"enterotype"	"Abundance"	"B1"	27	"B2"	25	0	0.929725800785522	0	0	0	1.93089344201519	270	-0.330576499781633	0.0164487977915996	52	"B2"	0.0241981411555121	"Medium effect"	"B2 Medium effect"
"s_Fusicatenibacter_saccharivorans_sv_279"	"enterotype"	"Abundance"	"B1"	27	"B2"	25	0	1.42636731611349	0	0	0	2.9625628961914	270	-0.330554331603801	0.0164487977915996	52	"B2"	0.0241981411555121	"Medium effect"	"B2 Medium effect"
"s_Faecalimonas_phoceensis_sv_910"	"enterotype"	"Abundance"	"B1"	27	"B2"	25	0	0.135498411459585	0	0	0	0.281923499107516	270	-0.330040028311671	0.0164487977915996	52	"B2"	0.0241981411555121	"Medium effect"	"B2 Medium effect"
"s_Fusicatenibacter_saccharivorans_sv_204"	"enterotype"	"Abundance"	"B1"	27	"B2"	25	0	2.03390071439764	0	0	0	4.23296738676455	270	-0.329960253628975	0.0164487977915996	52	"B2"	0.0241981411555121	"Medium effect"	"B2 Medium effect"
"s_Anaerobutyricum_hallii_sv_672"	"enterotype"	"Abundance"	"B1"	27	"B2"	25	0	0.10743365874159	0	0	0	0.22368641378009	270	-0.329835948386569	0.0164487977915996	52	"B2"	0.0241981411555121	"Medium effect"	"B2 Medium effect"
"s_Diplocloster_modestus_sv_1067"	"enterotype"	"Abundance"	"B1"	27	"B2"	25	0	0.0300794830477476	0	0	0	0.0626828330104199	270	-0.329580105159724	0.0164487977915996	52	"B2"	0.0241981411555121	"Medium effect"	"B2 Medium effect"
"s_Schaedlerella_glycyrrhizinilytica_A_sv_358"	"enterotype"	"Abundance"	"B1"	27	"B2"	25	0.599282135375826	0	0	0	1.20080691728314	0	425	-0.329347581319861	0.00723914928602561	52	"B2"	0.0124998022629468	"Medium effect"	"B2 Medium effect"
"s_Fusicatenibacter_saccharivorans_sv_342"	"enterotype"	"Abundance"	"B1"	27	"B2"	25	0.00708959381529503	1.04079229159003	0	0	0.0368386100793512	2.16537699336995	280	-0.328012101525571	0.0598905376929876	52	"B2"	0.0787270777738467	"Medium effect"	"B2 Medium effect"
"s_Bacteroides_fragilis_sv_165"	"enterotype"	"Abundance"	"B1"	27	"B2"	25	0	1.1965159979081	0	0.625581985472819	0	2.50863897257285	148.5	-0.327801206353528	9.83832569183537e-06	52	"B2"	3.16926301930665e-05	"Medium effect"	"B2 Medium effect"
"s_Blautia_A_fusiformis_sv_686"	"enterotype"	"Abundance"	"B1"	27	"B2"	25	0	0.352934401870246	0	0	0	0.740577399574013	270	-0.327561464696412	0.0164487977915996	52	"B2"	0.0241981411555121	"Medium effect"	"B2 Medium effect"
"uc_uc_k_sv_771"	"enterotype"	"Abundance"	"B1"	27	"B2"	25	0	0.097277724848903	0	0	0	0.204402528704051	256.5	-0.327161034587042	0.00787587097182408	52	"B2"	0.0130464122805622	"Medium effect"	"B2 Medium effect"
"s_Akkermansia_muciniphila_sv_905"	"enterotype"	"Abundance"	"B1"	27	"B2"	25	0.0821585147298332	0	0	0	0.166204449557176	0	412.5	-0.326558627360813	0.0139215074440771	52	"B2"	0.0226467636066324	"Medium effect"	"B2 Medium effect"
"s_Anaerobutyricum_hallii_sv_665"	"enterotype"	"Abundance"	"B1"	27	"B2"	25	0	0.150394981598631	0	0	0	0.317297322004869	270	-0.325981365623313	0.0164487977915996	52	"B2"	0.0241981411555121	"Medium effect"	"B2 Medium effect"
"s_Blautia_A_fusiformis_sv_692"	"enterotype"	"Abundance"	"B1"	27	"B2"	25	0	0.34199362492072	0	0	0	0.722400925915941	270	-0.32562865428359	0.0164487977915996	52	"B2"	0.0241981411555121	"Medium effect"	"B2 Medium effect"
"s_Adlercreutzia_rubneri_sv_1074"	"enterotype"	"Abundance"	"B1"	27	"B2"	25	0	0.0616886747165404	0	0	0	0.130497144033385	256.5	-0.325204033819679	0.00787587097182408	52	"B2"	0.0130464122805622	"Medium effect"	"B2 Medium effect"
"s_Bacteroides_uniformis_sv_285"	"enterotype"	"Abundance"	"B1"	27	"B2"	25	0	1.07619131256754	0	0	0	2.27936094769028	202.5	-0.324851404378486	0.000342281806730812	52	"B2"	0.000827773508859382	"Medium effect"	"B2 Medium effect"
"s_Anaerotruncus_colihominis_sv_613"	"enterotype"	"Abundance"	"B1"	27	"B2"	25	0.0461248635083537	0.178093162604362	0	0	0.114817799409446	0.254513436414287	239	-0.323131419528206	0.0281269904958916	52	"B2"	0.0406444986775739	"Medium effect"	"B2 Medium effect"
"s_Bacteroides_uniformis_sv_252"	"enterotype"	"Abundance"	"B1"	27	"B2"	25	0	1.21128755243617	0	0	0	2.58290047249515	202.5	-0.322895538699546	0.000342281806730812	52	"B2"	0.000827773508859382	"Medium effect"	"B2 Medium effect"
"s_Anaerobutyricum_hallii_sv_605"	"enterotype"	"Abundance"	"B1"	27	"B2"	25	0	0.164443934751064	0	0	0	0.35191165357466	270	-0.321863322482628	0.0164487977915996	52	"B2"	0.0241981411555121	"Medium effect"	"B2 Medium effect"
"s_Blautia_A_obeum_sv_515"	"enterotype"	"Abundance"	"B1"	27	"B2"	25	0	0.149251465959994	0	0	0	0.32102670898711	256.5	-0.320403134920786	0.00787587097182408	52	"B2"	0.0130464122805622	"Medium effect"	"B2 Medium effect"
"uc_uc_k_sv_1214"	"enterotype"	"Abundance"	"B1"	27	"B2"	25	0	0.0419520420023821	0	0	0	0.0905342087892745	270	-0.319454995852641	0.0164487977915996	52	"B2"	0.0241981411555121	"Medium effect"	"B2 Medium effect"
"s_Ruminococcus_E_intestinalis_sv_501"	"enterotype"	"Abundance"	"B1"	27	"B2"	25	0	0.14492889216102	0	0	0	0.312798564111671	270	-0.319421931672762	0.0164487977915996	52	"B2"	0.0241981411555121	"Medium effect"	"B2 Medium effect"
"s_Anaerobutyricum_hallii_sv_548"	"enterotype"	"Abundance"	"B1"	27	"B2"	25	0.00236319793843168	0.207710050902339	0	0	0.0122795366931171	0.444872091542487	280	-0.318226621692865	0.0598905376929876	52	"B2"	0.0787270777738467	"Medium effect"	"B2 Medium effect"
"s_Allocoprobacillus_merdigallinarum_sv_379"	"enterotype"	"Abundance"	"B1"	27	"B2"	25	0	0.526902832976972	0	0	0	1.14252260709494	256.5	-0.318089968888355	0.00787587097182408	52	"B2"	0.0130464122805622	"Medium effect"	"B2 Medium effect"
"s_Mediterraneibacter_torques_sv_305"	"enterotype"	"Abundance"	"B1"	27	"B2"	25	0.182375857815616	0	0	0	0.380429114741957	0	425	-0.317726760082541	0.00723914928602561	52	"B2"	0.0124998022629468	"Medium effect"	"B2 Medium effect"
"s_Blautia_A_fusiformis_sv_580"	"enterotype"	"Abundance"	"B1"	27	"B2"	25	0	0.501565105077774	0	0	0	1.09174518825198	270	-0.317001201158136	0.0164487977915996	52	"B2"	0.0241981411555121	"Medium effect"	"B2 Medium effect"
"s_Blautia_A_fusiformis_sv_656"	"enterotype"	"Abundance"	"B1"	27	"B2"	25	0	0.399742214959465	0	0	0	0.872446416895607	270	-0.316238824993693	0.0164487977915996	52	"B2"	0.0241981411555121	"Medium effect"	"B2 Medium effect"
"uc_uc_k_sv_1274"	"enterotype"	"Abundance"	"B1"	27	"B2"	25	0	0.0245681339535828	0	0	0	0.0536261040539207	270	-0.316209186374311	0.0164487977915996	52	"B2"	0.0241981411555121	"Medium effect"	"B2 Medium effect"
"s_Blautia_A_faecis_sv_965"	"enterotype"	"Abundance"	"B1"	27	"B2"	25	0	0.0851689179917532	0	0	0	0.186063678689051	270	-0.315963145046635	0.0164487977915996	52	"B2"	0.0241981411555121	"Medium effect"	"B2 Medium effect"
"s_Ruminococcus_E_intestinalis_sv_607"	"enterotype"	"Abundance"	"B1"	27	"B2"	25	0	0.102603540466951	0	0	0	0.224345600292449	270	-0.315718336887554	0.0164487977915996	52	"B2"	0.0241981411555121	"Medium effect"	"B2 Medium effect"
"s_Anaerobutyricum_hallii_sv_550"	"enterotype"	"Abundance"	"B1"	27	"B2"	25	0	0.209232947585886	0	0	0	0.45763336289618	270	-0.315631880801702	0.0164487977915996	52	"B2"	0.0241981411555121	"Medium effect"	"B2 Medium effect"
"s_Anaerotruncus_colihominis_sv_894"	"enterotype"	"Abundance"	"B1"	27	"B2"	25	0	0.0770827177975514	0	0	0	0.168631641102398	243	-0.315570219427311	0.00371115683402716	52	"B2"	0.00658952684037501	"Medium effect"	"B2 Medium effect"
"s_Enterocloster_bolteae_sv_542"	"enterotype"	"Abundance"	"B1"	27	"B2"	25	0.266375817871747	0	0	0	0.56016154723272	0	462.5	-0.315428248422705	0.000917236289507905	52	"B2"	0.00193665175116306	"Medium effect"	"B2 Medium effect"
"uc_uc_k_sv_772"	"enterotype"	"Abundance"	"B1"	27	"B2"	25	0.0884170052912794	0	0	0	0.186223761061277	0	412.5	-0.314984189693921	0.0139215074440771	52	"B2"	0.0226467636066324	"Medium effect"	"B2 Medium effect"
"s_Enterocloster_aldenensis_sv_361"	"enterotype"	"Abundance"	"B1"	27	"B2"	25	0	0.513852244758851	0	0	0	1.12649923185313	189	-0.314976173749529	0.000147183613987819	52	"B2"	0.000379603308228077	"Medium effect"	"B2 Medium effect"
"s_Anaerobutyricum_hallii_sv_585"	"enterotype"	"Abundance"	"B1"	27	"B2"	25	0	0.143221993755738	0	0	0	0.314684298703482	270	-0.314342558337681	0.0164487977915996	52	"B2"	0.0241981411555121	"Medium effect"	"B2 Medium effect"
"s_Anaerobutyricum_hallii_sv_711"	"enterotype"	"Abundance"	"B1"	27	"B2"	25	0	0.106314512353897	0	0	0	0.234318315763348	270	-0.313465912198461	0.0164487977915996	52	"B2"	0.0241981411555121	"Medium effect"	"B2 Medium effect"
"s_Blautia_A_fusiformis_sv_378"	"enterotype"	"Abundance"	"B1"	27	"B2"	25	0	1.11828571734015	0	0	0	2.46722376663165	270	-0.313178899899113	0.0164487977915996	52	"B2"	0.0241981411555121	"Medium effect"	"B2 Medium effect"
"s_Bifidobacterium_bifidum_sv_196"	"enterotype"	"Abundance"	"B1"	27	"B2"	25	0	1.47537694447892	0	0	0	3.26522354580985	175.5	-0.312300997752002	6.15533946176811e-05	52	"B2"	0.000173584832572353	"Medium effect"	"B2 Medium effect"
"s_Blautia_A_obeum_sv_527"	"enterotype"	"Abundance"	"B1"	27	"B2"	25	0	0.119159023486444	0	0	0	0.265014745900359	270	-0.310921955995204	0.0164487977915996	52	"B2"	0.0241981411555121	"Medium effect"	"B2 Medium effect"
"s_Allocoprobacillus_merdigallinarum_sv_449"	"enterotype"	"Abundance"	"B1"	27	"B2"	25	0.00333877553745939	0.385798210516023	0	0	0.0173487865978433	0.850877626418789	266	-0.310769426159444	0.0283991895717996	52	"B2"	0.0408928259735276	"Medium effect"	"B2 Medium effect"
"uc_uc_k_sv_1080"	"enterotype"	"Abundance"	"B1"	27	"B2"	25	0	0.03289847315975	0	0	0	0.0733632820574986	270	-0.310174106813922	0.0164487977915996	52	"B2"	0.0241981411555121	"Medium effect"	"B2 Medium effect"
"s_Blautia_A_fusiformis_sv_603"	"enterotype"	"Abundance"	"B1"	27	"B2"	25	0	0.443885167156604	0	0	0	0.992037294905862	270	-0.309559841162424	0.0164487977915996	52	"B2"	0.0241981411555121	"Medium effect"	"B2 Medium effect"
"s_Odoribacter_splanchnicus_sv_1265"	"enterotype"	"Abundance"	"B1"	27	"B2"	25	0	0.0347840363108399	0	0	0	0.0783147758590107	270	-0.30750306688853	0.0164487977915996	52	"B2"	0.0241981411555121	"Medium effect"	"B2 Medium effect"
"s_Enterocloster_clostridioformis_sv_573"	"enterotype"	"Abundance"	"B1"	27	"B2"	25	0	0.321357715832654	0	0	0	0.723742360268982	243	-0.307418926636904	0.00371115683402716	52	"B2"	0.00658952684037501	"Medium effect"	"B2 Medium effect"
"s_Blautia_A_ammoniilytica_sv_951"	"enterotype"	"Abundance"	"B1"	27	"B2"	25	0	0.0349230213274899	0	0	0	0.0789942937077875	270	-0.306212719914201	0.0164487977915996	52	"B2"	0.0241981411555121	"Medium effect"	"B2 Medium effect"
"s_Bacteroides_uniformis_sv_256"	"enterotype"	"Abundance"	"B1"	27	"B2"	25	0	1.19483280446542	0	0	0	2.71136089748535	202.5	-0.305323372725277	0.000342281806730812	52	"B2"	0.000827773508859382	"Medium effect"	"B2 Medium effect"
"uc_uc_k_sv_266"	"enterotype"	"Abundance"	"B1"	27	"B2"	25	0	0.567006443429301	0	0	0	1.29165500998317	216	-0.304257066648322	0.000775516926457296	52	"B2"	0.0016502514231402	"Medium effect"	"B2 Medium effect"
"s_Acutalibacter_stercoravium_sv_1263"	"enterotype"	"Abundance"	"B1"	27	"B2"	25	0	0.0382330788675684	0	0	0	0.0881658267869478	270	-0.3009076232709	0.0164487977915996	52	"B2"	0.0241981411555121	"Medium effect"	"B2 Medium effect"
"s_Anaerobutyricum_hallii_sv_636"	"enterotype"	"Abundance"	"B1"	27	"B2"	25	0	0.123879598500671	0	0	0	0.286395187809762	270	-0.300213381583086	0.0164487977915996	52	"B2"	0.0241981411555121	"Medium effect"	"B2 Medium effect"
"s_Bacteroides_eggerthii_sv_86"	"enterotype"	"Abundance"	"B1"	27	"B2"	25	5.24673982421434	0	0	0	11.6596090409103	0	400	-0.300081838969471	0.0264332229028528	52	"B2"	0.0382647898149645	"Medium effect"	"B2 Medium effect"
"s_Bacteroides_uniformis_sv_115"	"enterotype"	"Abundance"	"B1"	27	"B2"	25	1.16281005676701	0	0.0765899867767112	0	2.50246209262375	0	512.5	0.3089285120522	4.26988574742211e-05	52	"B1"	0.000124284174433894	"Medium effect"	"B1 Medium effect"
"s_Bacteroides_uniformis_sv_59"	"enterotype"	"Abundance"	"B1"	27	"B2"	25	2.67299983149746	0	0.233288393495717	0	5.59902634697668	0	525	0.316542430912339	1.85681217115341e-05	52	"B1"	5.77596152477109e-05	"Medium effect"	"B1 Medium effect"
"s_Thomasclavelia_ramosa_sv_171"	"enterotype"	"Abundance"	"B1"	27	"B2"	25	1.01105949350683	0.322948315225336	0.511305551597315	0	1.1570170124881	0.752319700975054	493	0.33246890786033	0.00240896222455233	52	"B1"	0.00457646669699336	"Medium effect"	"B1 Medium effect"
"s_Parabacteroides_distasonis_sv_321"	"enterotype"	"Abundance"	"B1"	27	"B2"	25	1.28646826394792	0	0.0715239346213152	0	2.29532326590531	0	537.5	0.364642122706628	7.84274707410763e-06	52	"B1"	2.73155507068279e-05	"Medium effect"	"B1 Medium effect"
"s_Blautia_A_wexlerae_sv_191"	"enterotype"	"Abundance"	"B1"	27	"B2"	25	2.40897364168573	0	0.176027997205713	0	4.2814482460326	0	562.5	0.365867310689767	1.27515656226163e-06	52	"B1"	5.06952486947915e-06	"Medium effect"	"B1 Medium effect"
"s_Parabacteroides_distasonis_sv_297"	"enterotype"	"Abundance"	"B1"	27	"B2"	25	1.46737781063028	0	0.277516494224115	0	2.46673945190802	0	537.5	0.383740965028656	7.84274707410763e-06	52	"B1"	2.73155507068279e-05	"Medium effect"	"B1 Medium effect"
"s_Blautia_A_caecimuris_sv_89"	"enterotype"	"Abundance"	"B1"	27	"B2"	25	4.37536601305399	0	0.544339584823341	0	7.35060970169722	0	525	0.383945521674488	1.85681217115341e-05	52	"B1"	5.77596152477109e-05	"Medium effect"	"B1 Medium effect"
"s_Parabacteroides_distasonis_sv_318"	"enterotype"	"Abundance"	"B1"	27	"B2"	25	1.32218900705422	0	0.0715239346213152	0	2.20189988063796	0	512.5	0.386810610573502	4.26988574742211e-05	52	"B1"	0.000124284174433894	"Medium effect"	"B1 Medium effect"
"s_Paramuribaculum_sp910588065_sv_761"	"enterotype"	"Abundance"	"B1"	27	"B2"	25	0.221130127901918	0	0.0765899867767112	0	0.365019979365651	0	525	0.389712367925896	1.85681217115341e-05	52	"B1"	5.77596152477109e-05	"Medium effect"	"B1 Medium effect"
"s_Parabacteroides_distasonis_sv_325"	"enterotype"	"Abundance"	"B1"	27	"B2"	25	1.30696872327881	0	0.298174255563405	0	2.11667494696647	0	537.5	0.396023487250818	7.84274707410763e-06	52	"B1"	2.73155507068279e-05	"Medium effect"	"B1 Medium effect"
"s_Coprobacter_secundus_sv_674"	"enterotype"	"Abundance"	"B1"	27	"B2"	25	0.223077289979158	0	0.107285901931973	0	0.334750791111118	0	537.5	0.42188666355948	7.84274707410763e-06	52	"B1"	2.73155507068279e-05	"Medium effect"	"B1 Medium effect"
"s_Alistipes_onderdonkii_sv_416"	"enterotype"	"Abundance"	"B1"	27	"B2"	25	0.678517367437128	0	0.120027957419581	0	0.992745044576529	0	525	0.430674524441599	1.85681217115341e-05	52	"B1"	5.77596152477109e-05	"Medium effect"	"B1 Medium effect"
"s_Holdemanella_porci_sv_451"	"enterotype"	"Abundance"	"B1"	27	"B2"	25	0.292714711880848	0	0.0625524791744176	0	0.424026162526615	0	512.5	0.434162762111419	4.26988574742211e-05	52	"B1"	0.000124284174433894	"Medium effect"	"B1 Medium effect"
"s_Alistipes_onderdonkii_sv_383"	"enterotype"	"Abundance"	"B1"	27	"B2"	25	0.789016756098277	0	0.405482668080498	0	1.10456600051008	0	562.5	0.446234050761292	1.27515656226163e-06	52	"B1"	5.06952486947915e-06	"Medium effect"	"B1 Medium effect"
"s_Bacteroides_xylanisolvens_sv_29"	"enterotype"	"Abundance"	"B1"	27	"B2"	25	3.92855698792983	0	2.18933677110462	0	5.48458436749765	0	537.5	0.447212959129587	7.84274707410763e-06	52	"B1"	2.73155507068279e-05	"Medium effect"	"B1 Medium effect"
"uc_uc_k_sv_286"	"enterotype"	"Abundance"	"B1"	27	"B2"	25	0.489382848484784	0	0.311051191327623	0	0.671943653342783	0	575	0.45315589853648	4.89529890742652e-07	52	"B1"	2.03824471841428e-06	"Medium effect"	"B1 Medium effect"
"s_Bacteroides_ovatus_sv_5"	"enterotype"	"Abundance"	"B1"	27	"B2"	25	12.0263227157098	0	6.77168077871444	0	16.2088386959059	0	550	0.459831897427112	3.21313831809128e-06	52	"B1"	1.19575695399287e-05	"Medium effect"	"B1 Medium effect"
"s_Bacteroides_ovatus_sv_25"	"enterotype"	"Abundance"	"B1"	27	"B2"	25	4.08873951981007	0	2.25188925027903	0	5.48353952469356	0	550	0.461617029695802	3.21313831809128e-06	52	"B1"	1.19575695399287e-05	"Medium effect"	"B1 Medium effect"
"s_Phocaeicola_vulgatus_sv_22"	"enterotype"	"Abundance"	"B1"	27	"B2"	25	11.0259990592494	3.37941213659999	9.1243072402847	2.49724064541135	9.39468802625214	3.83947555801351	549.5	0.467390688913066	0.000104228453799416	52	"B1"	0.000282213255304067	"Medium effect"	"B1 Medium effect"
"uc_uc_k_sv_299"	"enterotype"	"Abundance"	"B1"	27	"B2"	25	0.434201310387887	0	0.280153765628435	0	0.561055860435366	0	537.5	0.475143094492658	7.84274707410763e-06	52	"B1"	2.73155507068279e-05	"Medium effect"	"B1 Medium effect"
"s_Parasutterella_excrementihominis_sv_209"	"enterotype"	"Abundance"	"B1"	27	"B2"	25	0.673752676728977	0	0.41890724350855	0	0.86237373355515	0	587.5	0.478618042273718	1.81543341706626e-07	52	"B1"	8.17446538623757e-07	"Medium effect"	"B1 Medium effect"
"s_Parasutterella_excrementihominis_sv_106"	"enterotype"	"Abundance"	"B1"	27	"B2"	25	1.32614681573894	0	1.18245335582602	0	1.67918897904589	0	612.5	0.482583295634571	2.23832294700839e-08	52	"B1"	1.31239798691499e-07	"Medium effect"	"B1 Medium effect"
"s_Christensenella_hongkongensis_sv_275"	"enterotype"	"Abundance"	"B1"	27	"B2"	25	0.143567704599692	0	0.0672521322054916	0	0.180813043345672	0	525	0.484563314338484	1.85681217115341e-05	52	"B1"	5.77596152477109e-05	"Medium effect"	"B1 Medium effect"
"s_Sellimonas_intestinalis_sv_448"	"enterotype"	"Abundance"	"B1"	27	"B2"	25	0.273618343566386	0	0.25020991669767	0	0.341717262999411	0	525	0.487665548413052	1.85681217115341e-05	52	"B1"	5.77596152477109e-05	"Medium effect"	"B1 Medium effect"
"s_Muricomes_contortus_B_sv_123"	"enterotype"	"Abundance"	"B1"	27	"B2"	25	1.56555054349529	0.692190467838201	1.38782935433557	0.5630999101959	0.981049526568547	0.484531481929097	528	0.489305577821626	0.000501647349701978	52	"B1"	0.00116479370372397	"Medium effect"	"B1 Medium effect"
"s_Phocaeicola_vulgatus_sv_177"	"enterotype"	"Abundance"	"B1"	27	"B2"	25	1.22933803217363	0	0.631028576579825	0	1.48198242147782	0	562.5	0.500782468113576	1.27515656226163e-06	52	"B1"	5.06952486947915e-06	"Large effect"	"B1 Large effect"
"s_Sellimonas_intestinalis_sv_486"	"enterotype"	"Abundance"	"B1"	27	"B2"	25	0.268504829984003	0	0.134504264410983	0	0.322584989033543	0	525	0.502052903397646	1.85681217115341e-05	52	"B1"	5.77596152477109e-05	"Large effect"	"B1 Large effect"
"s_Muricomes_contortus_B_sv_135"	"enterotype"	"Abundance"	"B1"	27	"B2"	25	1.55643058253329	0.610023866787487	1.43641713487882	0.54423433960396	0.977061833678326	0.550622978061491	538.5	0.510682881952227	0.00023441925388184	52	"B1"	0.00059703653723031	"Large effect"	"B1 Large effect"
"s_Holdemania_filiformis_sv_458"	"enterotype"	"Abundance"	"B1"	27	"B2"	25	0.36823508576547	0	0.3446549404952	0	0.430668191102968	0	525	0.512109863385641	1.85681217115341e-05	52	"B1"	5.77596152477109e-05	"Large effect"	"B1 Large effect"
"s_Butyricimonas_paravirosa_sv_419"	"enterotype"	"Abundance"	"B1"	27	"B2"	25	0.408411218927461	0	0.321857705795918	0	0.477645394104013	0	562.5	0.512118242376742	1.27515656226163e-06	52	"B1"	5.06952486947915e-06	"Large effect"	"B1 Large effect"
"s_Alistipes_timonensis_sv_442"	"enterotype"	"Abundance"	"B1"	27	"B2"	25	0.329059245070561	0	0.255225377350621	0	0.377645342617086	0	550	0.519212895496101	3.21313831809128e-06	52	"B1"	1.19575695399287e-05	"Large effect"	"B1 Large effect"
"s_Alistipes_timonensis_sv_484"	"enterotype"	"Abundance"	"B1"	27	"B2"	25	0.382861886885846	0	0.340957156070436	0	0.433109403632399	0	562.5	0.52464171625378	1.27515656226163e-06	52	"B1"	5.06952486947915e-06	"Large effect"	"B1 Large effect"
"s_Muricomes_contortus_B_sv_76"	"enterotype"	"Abundance"	"B1"	27	"B2"	25	2.87741647174424	1.17961188407485	3.11051191327623	1.08459602385635	1.74742255456936	0.70185103544107	523	0.534132943415407	0.000703274087796131	52	"B1"	0.00162370646332534	"Large effect"	"B1 Large effect"
"s_Cryptobacteroides_sp000431015_sv_388"	"enterotype"	"Abundance"	"B1"	27	"B2"	25	0.407966867040841	0	0.357619673106576	0	0.441860052152269	0	525	0.541112300201272	1.85681217115341e-05	52	"B1"	5.77596152477109e-05	"Large effect"	"B1 Large effect"
"s_Flavonifractor_plautii_sv_192"	"enterotype"	"Abundance"	"B1"	27	"B2"	25	0.846510552785673	0	0.60334488133912	0	0.91253807551443	0	600	0.542896731215098	6.49478119801057e-08	52	"B1"	3.32908595998655e-07	"Large effect"	"B1 Large effect"
"s_Bacteroides_uniformis_sv_494"	"enterotype"	"Abundance"	"B1"	27	"B2"	25	0.189108805486194	0	0.188399774429967	0	0.20105635000035	0	537.5	0.548157505532985	7.84274707410763e-06	52	"B1"	2.73155507068279e-05	"Large effect"	"B1 Large effect"
"s_Otoolea_symbiosa_sv_288"	"enterotype"	"Abundance"	"B1"	27	"B2"	25	0.72309640603607	0	0.544339584823341	0	0.749356582879242	0	575	0.557896142962235	4.89529890742652e-07	52	"B1"	2.03824471841428e-06	"Large effect"	"B1 Large effect"
"s_Duodenibacillus_intestinigallinarum_sv_397"	"enterotype"	"Abundance"	"B1"	27	"B2"	25	0.973842254724868	0	1.09164778102177	0	0.990481132532424	0	550	0.565032418487529	3.21313831809128e-06	52	"B1"	1.19575695399287e-05	"Large effect"	"B1 Large effect"
"s_Phocaeicola_vulgatus_sv_168"	"enterotype"	"Abundance"	"B1"	27	"B2"	25	1.5880428756077	0	1.17191021364825	0	1.58885179445003	0	625	0.571295610482695	7.42059910697718e-09	52	"B1"	5.08217501864403e-08	"Large effect"	"B1 Large effect"
"s_Dielma_fastidiosa_sv_245"	"enterotype"	"Abundance"	"B1"	27	"B2"	25	1.26973734386119	0	0.821463986959993	0	1.25618573301498	0	600	0.575579766949308	6.49478119801057e-08	52	"B1"	3.32908595998655e-07	"Large effect"	"B1 Large effect"
"s_Butyricimonas_paravirosa_sv_423"	"enterotype"	"Abundance"	"B1"	27	"B2"	25	0.413044302377093	0	0.429983038482191	0	0.407199779062868	0	587.5	0.57692170691428	1.81543341706626e-07	52	"B1"	8.17446538623757e-07	"Large effect"	"B1 Large effect"
"s_Butyricimonas_paravirosa_sv_435"	"enterotype"	"Abundance"	"B1"	27	"B2"	25	0.331611710836125	0	0.255225377350621	0	0.319285480730404	0	587.5	0.585924170321374	1.81543341706626e-07	52	"B1"	8.17446538623757e-07	"Large effect"	"B1 Large effect"
"s_Butyricimonas_paravirosa_sv_455"	"enterotype"	"Abundance"	"B1"	27	"B2"	25	0.372327111089353	0	0.286095738485261	0	0.35758202794002	0	600	0.586887184709801	6.49478119801057e-08	52	"B1"	3.32908595998655e-07	"Large effect"	"B1 Large effect"
"uc_uc_k_sv_579"	"enterotype"	"Abundance"	"B1"	27	"B2"	25	0.252405030204449	0	0.24508093256497	0	0.240848425300067	0	562.5	0.589346277355001	1.27515656226163e-06	52	"B1"	5.06952486947915e-06	"Large effect"	"B1 Large effect"
"s_Otoolea_symbiosa_sv_268"	"enterotype"	"Abundance"	"B1"	27	"B2"	25	0.847782582208854	0	0.75100131352381	0	0.787658368014306	0	587.5	0.599496271036005	1.81543341706626e-07	52	"B1"	8.17446538623757e-07	"Large effect"	"B1 Large effect"
"s_Bacteroides_thetaiotaomicron_sv_10"	"enterotype"	"Abundance"	"B1"	27	"B2"	25	17.917621052971	6.85016105330799	18.2461129113638	5.44626900768229	8.8230569864409	4.74508343648286	592	0.612672525599585	5.89753303662987e-07	52	"B1"	2.43984234764129e-06	"Large effect"	"B1 Large effect"
"s_Butyricimonas_paravirosa_sv_425"	"enterotype"	"Abundance"	"B1"	27	"B2"	25	0.422469157957864	0	0.401669001333096	0	0.378629233527552	0	600	0.613140789734645	6.49478119801057e-08	52	"B1"	3.32908595998655e-07	"Large effect"	"B1 Large effect"
"s_Bacteroides_nordii_sv_391"	"enterotype"	"Abundance"	"B1"	27	"B2"	25	0.608661439764014	0	0.508780239410877	0	0.54454733955953	0	600	0.613801766655127	6.49478119801057e-08	52	"B1"	3.32908595998655e-07	"Large effect"	"B1 Large effect"
"s_Blautia_pseudococcoides_sv_53"	"enterotype"	"Abundance"	"B1"	27	"B2"	25	4.0361845453228	0	3.2832391654373	0	3.60467592258147	0	650	0.614467231192554	7.21851740592507e-10	52	"B1"	7.17450205588894e-09	"Large effect"	"B1 Large effect"
"s_Enterocloster_aldenensis_sv_39"	"enterotype"	"Abundance"	"B1"	27	"B2"	25	9.77965349321888	0	7.1959781459876	0	8.69911109442191	0	662.5	0.615984171601584	2.1119199347142e-10	52	"B1"	2.91731313015606e-09	"Large effect"	"B1 Large effect"
"uc_uc_k_sv_675"	"enterotype"	"Abundance"	"B1"	27	"B2"	25	0.215528617449431	0	0.228286150791472	0	0.190585738771773	0	562.5	0.618214517705588	1.27515656226163e-06	52	"B1"	5.06952486947915e-06	"Large effect"	"B1 Large effect"
"s_Coprobacter_fastidiosus_sv_110"	"enterotype"	"Abundance"	"B1"	27	"B2"	25	2.52957638492589	0	2.50333771174603	0	2.20465440009705	0	587.5	0.623674563505508	1.81543341706626e-07	52	"B1"	8.17446538623757e-07	"Large effect"	"B1 Large effect"
"s_Blautia_pseudococcoides_sv_54"	"enterotype"	"Abundance"	"B1"	27	"B2"	25	3.76052588631433	0	2.46242937407798	0	3.25660498866271	0	662.5	0.626078746507158	2.1119199347142e-10	52	"B1"	2.91731313015606e-09	"Large effect"	"B1 Large effect"
"s_Enterocloster_clostridioformis_sv_11"	"enterotype"	"Abundance"	"B1"	27	"B2"	25	28.5285493046508	1.0988563481452	24.8377262330583	0	23.6852850812337	1.68625991818176	587	0.626290962782639	2.38071720987627e-06	52	"B1"	9.02457919092633e-06	"Large effect"	"B1 Large effect"
"s_Bacteroides_intestinalis_sv_218"	"enterotype"	"Abundance"	"B1"	27	"B2"	25	0.611407919203908	0	0.630345972663979	0	0.525534743644909	0	612.5	0.628885980019425	2.23832294700839e-08	52	"B1"	1.31239798691499e-07	"Large effect"	"B1 Large effect"
"s_Blautia_pseudococcoides_sv_26"	"enterotype"	"Abundance"	"B1"	27	"B2"	25	7.15586724293467	0	5.51629605795766	0	6.13696206955383	0	675	0.629731941341341	5.90935778151881e-11	52	"B1"	1.20403164798446e-09	"Large effect"	"B1 Large effect"
"s_Blautia_pseudococcoides_sv_50"	"enterotype"	"Abundance"	"B1"	27	"B2"	25	4.46100418052944	0	3.50293883376738	0	3.7933313576776	0	662.5	0.63292733667799	2.1119199347142e-10	52	"B1"	2.91731313015606e-09	"Large effect"	"B1 Large effect"
"s_Flavonifractor_plautii_sv_453"	"enterotype"	"Abundance"	"B1"	27	"B2"	25	0.569323631382143	0	0.450734697557018	0	0.478346662817523	0	612.5	0.637408045407086	2.23832294700839e-08	52	"B1"	1.31239798691499e-07	"Large effect"	"B1 Large effect"
"s_Alistipes_putredinis_sv_73"	"enterotype"	"Abundance"	"B1"	27	"B2"	25	4.25515470416087	0.008295937665418	3.64199895316966	0	3.54905085574962	0.04147968832709	584	0.639394138858206	3.88389588167626e-07	52	"B1"	1.72031257802508e-06	"Large effect"	"B1 Large effect"
"s_Enterocloster_clostridioformis_sv_44"	"enterotype"	"Abundance"	"B1"	27	"B2"	25	11.1303022314108	0	9.38930805458256	0	9.29553376958635	0	612.5	0.639655468102093	2.23832294700839e-08	52	"B1"	1.31239798691499e-07	"Large effect"	"B1 Large effect"
"s_Bacteroides_eggerthii_sv_1"	"enterotype"	"Abundance"	"B1"	27	"B2"	25	148.213094800775	0	98.0538179699523	0	122.917312492129	0	650	0.642263475150562	7.21851740592507e-10	52	"B1"	7.17450205588894e-09	"Large effect"	"B1 Large effect"
"s_Phocaeicola_vulgatus_sv_79"	"enterotype"	"Abundance"	"B1"	27	"B2"	25	3.42865482252153	0	2.56465164615112	0	2.83614720798863	0	662.5	0.643224107324392	2.1119199347142e-10	52	"B1"	2.91731313015606e-09	"Large effect"	"B1 Large effect"
"s_Bacteroides_ovatus_sv_23"	"enterotype"	"Abundance"	"B1"	27	"B2"	25	11.7100639252298	0	8.86488605783133	0	9.66506770775123	0	637.5	0.64404535937428	2.36314514754118e-09	52	"B1"	1.94541746994552e-08	"Large effect"	"B1 Large effect"
"s_Eisenbergiella_tayi_sv_96"	"enterotype"	"Abundance"	"B1"	27	"B2"	25	3.29232912461466	0.579970698873582	2.88506913555753	0.527057480738219	2.15628958607658	0.60974180807069	623	0.644748537723224	1.66670644799536e-07	52	"B1"	7.81201571172861e-07	"Large effect"	"B1 Large effect"
"s_Bittarella_massiliensis_sv_488"	"enterotype"	"Abundance"	"B1"	27	"B2"	25	0.321447282415604	0	0.311899366006219	0	0.264621132738952	0	575	0.64501279507981	4.89529890742652e-07	52	"B1"	2.03824471841428e-06	"Large effect"	"B1 Large effect"
"s_Bacteroides_intestinalis_sv_240"	"enterotype"	"Abundance"	"B1"	27	"B2"	25	0.555581433170345	0	0.598438919297928	0	0.456550036062384	0	587.5	0.645674633526144	1.81543341706626e-07	52	"B1"	8.17446538623757e-07	"Large effect"	"B1 Large effect"
"s_Bacteroides_ovatus_sv_21"	"enterotype"	"Abundance"	"B1"	27	"B2"	25	12.8224920563529	0	10.6833242235403	0	10.513994732702	0	637.5	0.646482430644949	2.36314514754118e-09	52	"B1"	1.94541746994552e-08	"Large effect"	"B1 Large effect"
"s_Enterocloster_aldenensis_sv_51"	"enterotype"	"Abundance"	"B1"	27	"B2"	25	8.22663966395608	0	8.00597713045568	0	6.74284818511212	0	662.5	0.646631411136012	2.1119199347142e-10	52	"B1"	2.91731313015606e-09	"Large effect"	"B1 Large effect"
"s_Enterocloster_aldenensis_sv_40"	"enterotype"	"Abundance"	"B1"	27	"B2"	25	10.0324228292464	0.217955541926634	9.21595935718809	0	8.02766660888143	0.43423454523846	620.5	0.646898399034501	7.39395230941006e-08	52	"B1"	3.76629445760575e-07	"Large effect"	"B1 Large effect"
"s_Enterocloster_clostridioformis_sv_49"	"enterotype"	"Abundance"	"B1"	27	"B2"	25	9.70291022300132	0	8.33244450388874	0	7.93172474893314	0	612.5	0.647617829577285	2.23832294700839e-08	52	"B1"	1.31239798691499e-07	"Large effect"	"B1 Large effect"
"s_Bacteroides_caccae_sv_18"	"enterotype"	"Abundance"	"B1"	27	"B2"	25	23.1104780704228	0	20.4546606900345	0	18.7494651043847	0	675	0.650419147656049	5.90935778151881e-11	52	"B1"	1.20403164798446e-09	"Large effect"	"B1 Large effect"
"s_Bacteroides_ovatus_sv_28"	"enterotype"	"Abundance"	"B1"	27	"B2"	25	10.0215049294842	0	7.27073433276077	0	8.12569030128256	0	637.5	0.650634283129497	2.36314514754118e-09	52	"B1"	1.94541746994552e-08	"Large effect"	"B1 Large effect"
"s_Bacteroides_ovatus_sv_8"	"enterotype"	"Abundance"	"B1"	27	"B2"	25	25.5090171155014	0	20.8192826809152	0	20.5606014121328	0	637.5	0.652833671864132	2.36314514754118e-09	52	"B1"	1.94541746994552e-08	"Large effect"	"B1 Large effect"
"s_Phocaeicola_vulgatus_sv_82"	"enterotype"	"Abundance"	"B1"	27	"B2"	25	3.38706046709942	0	2.55558102380868	0	2.68411747797832	0	675	0.659076061025656	5.90935778151881e-11	52	"B1"	1.20403164798446e-09	"Large effect"	"B1 Large effect"
"s_Bacteroides_nordii_sv_352"	"enterotype"	"Abundance"	"B1"	27	"B2"	25	0.755738286395349	0	0.601285737485583	0	0.597203212825153	0	625	0.66011366459548	7.42059910697718e-09	52	"B1"	5.08217501864403e-08	"Large effect"	"B1 Large effect"
"s_Enterocloster_aldenensis_sv_42"	"enterotype"	"Abundance"	"B1"	27	"B2"	25	9.75056655327667	0.0106449411001159	9.93408606034561	0	7.62393889169909	0.0532247055005795	662	0.663585548702047	3.10394830048927e-10	52	"B1"	4.14707846704714e-09	"Large effect"	"B1 Large effect"
"s_Phocaeicola_vulgatus_sv_47"	"enterotype"	"Abundance"	"B1"	27	"B2"	25	7.03882994872246	0	5.55115195737601	0	5.49556253682275	0	662.5	0.664529805694504	2.1119199347142e-10	52	"B1"	2.91731313015606e-09	"Large effect"	"B1 Large effect"
"s_Enterocloster_aldenensis_sv_35"	"enterotype"	"Abundance"	"B1"	27	"B2"	25	10.8795789405207	0	9.45533492490727	0	8.47016500086173	0	662.5	0.665565535447082	2.1119199347142e-10	52	"B1"	2.91731313015606e-09	"Large effect"	"B1 Large effect"
"s_Phocaeicola_vulgatus_sv_55"	"enterotype"	"Abundance"	"B1"	27	"B2"	25	5.92500045166522	0	4.40069993014282	0	4.60293122987462	0	650	0.666349845281716	7.21851740592507e-10	52	"B1"	7.17450205588894e-09	"Large effect"	"B1 Large effect"
"s_Bacteroides_nordii_sv_148"	"enterotype"	"Abundance"	"B1"	27	"B2"	25	2.06597985610811	0	1.61014098004239	0	1.59383767853484	0	650	0.66888931185562	7.21851740592507e-10	52	"B1"	7.17450205588894e-09	"Large effect"	"B1 Large effect"
"s_Phocaeicola_massiliensis_sv_19"	"enterotype"	"Abundance"	"B1"	27	"B2"	25	16.2270129551223	0	14.1894402699123	0	12.4612492477512	0	675	0.670558845116028	5.90935778151881e-11	52	"B1"	1.20403164798446e-09	"Large effect"	"B1 Large effect"
"s_Bacteroides_intestinalis_sv_221"	"enterotype"	"Abundance"	"B1"	27	"B2"	25	0.676121158551248	0	0.622102382655246	0	0.51311198000074	0	612.5	0.674843065304356	2.23832294700839e-08	52	"B1"	1.31239798691499e-07	"Large effect"	"B1 Large effect"
"s_Parasutterella_gallistercoris_sv_269"	"enterotype"	"Abundance"	"B1"	27	"B2"	25	0.565661378851047	0	0.54958590350721	0	0.422157781974407	0	612.5	0.680873426957885	2.23832294700839e-08	52	"B1"	1.31239798691499e-07	"Large effect"	"B1 Large effect"
"s_Bacteroides_intestinalis_sv_263"	"enterotype"	"Abundance"	"B1"	27	"B2"	25	0.551870760162498	0	0.627999248099891	0	0.404096876963013	0	625	0.687682763933401	7.42059910697718e-09	52	"B1"	5.08217501864403e-08	"Large effect"	"B1 Large effect"
"s_Parabacteroides_distasonis_sv_88"	"enterotype"	"Abundance"	"B1"	27	"B2"	25	3.37598403820547	0.00597828027204946	2.93509183953214	0	2.44889450341555	0.0298914013602473	623	0.690366632300689	1.33452957681526e-08	52	"B1"	8.98877359590444e-08	"Large effect"	"B1 Large effect"
"s_Eisenbergiella_tayi_sv_81"	"enterotype"	"Abundance"	"B1"	27	"B2"	25	4.65323817478298	0	4.20665018071654	0	3.37361644443726	0	675	0.691206914657236	5.90935778151881e-11	52	"B1"	1.20403164798446e-09	"Large effect"	"B1 Large effect"
"s_Desulfovibrio_sp900556755_sv_412"	"enterotype"	"Abundance"	"B1"	27	"B2"	25	0.347810031553317	0	0.342429226187208	0	0.251232018929403	0	625	0.692517954195604	7.42059910697718e-09	52	"B1"	5.08217501864403e-08	"Large effect"	"B1 Large effect"
"s_Flavonifractor_plautii_sv_307"	"enterotype"	"Abundance"	"B1"	27	"B2"	25	0.968207616377027	0	0.941529850876882	0	0.696280150028195	0	637.5	0.694078712915373	2.36314514754118e-09	52	"B1"	1.94541746994552e-08	"Large effect"	"B1 Large effect"
"s_Parabacteroides_distasonis_sv_48"	"enterotype"	"Abundance"	"B1"	27	"B2"	25	7.70132838328126	0	6.7580444680083	0	5.4822195765208	0	625	0.697667996281281	7.42059910697718e-09	52	"B1"	5.08217501864403e-08	"Large effect"	"B1 Large effect"
"s_Parabacteroides_distasonis_sv_85"	"enterotype"	"Abundance"	"B1"	27	"B2"	25	3.4878869470023	0	3.51845621564818	0	2.48014239401543	0	625	0.698053525985037	7.42059910697718e-09	52	"B1"	5.08217501864403e-08	"Large effect"	"B1 Large effect"
"s_Parabacteroides_distasonis_sv_52"	"enterotype"	"Abundance"	"B1"	27	"B2"	25	7.15793069331027	0	6.57205346677849	0	5.02299089530379	0	625	0.702680005665985	7.42059910697718e-09	52	"B1"	5.08217501864403e-08	"Large effect"	"B1 Large effect"
"s_Anaerostipes_caccae_sv_20"	"enterotype"	"Abundance"	"B1"	27	"B2"	25	14.3347681241052	3.32534734318214	13.6545576882582	0	6.40155533851333	4.3539237843743	625	0.706239248229121	1.17302364092935e-07	52	"B1"	5.9379768158846e-07	"Large effect"	"B1 Large effect"
"uc_uc_k_sv_401"	"enterotype"	"Abundance"	"B1"	27	"B2"	25	0.451978862424405	0	0.357809106676086	0	0.313838463450375	0	637.5	0.70635517787924	2.36314514754118e-09	52	"B1"	1.94541746994552e-08	"Large effect"	"B1 Large effect"
"s_Hungatella_hathewayi_sv_31"	"enterotype"	"Abundance"	"B1"	27	"B2"	25	13.1556468935217	0	11.6094400083755	0	8.94087869155806	0	662.5	0.713759512567001	2.1119199347142e-10	52	"B1"	2.91731313015606e-09	"Large effect"	"B1 Large effect"
"s_Parasutterella_gallistercoris_sv_219"	"enterotype"	"Abundance"	"B1"	27	"B2"	25	0.788689364005958	0	0.704111988822851	0	0.533435561220727	0	637.5	0.715409542001852	2.36314514754118e-09	52	"B1"	1.94541746994552e-08	"Large effect"	"B1 Large effect"
"s_Hungatella_hathewayi_sv_27"	"enterotype"	"Abundance"	"B1"	27	"B2"	25	14.2406141337507	0	13.1058123326246	0	9.62984835710641	0	675	0.71547668681378	5.90935778151881e-11	52	"B1"	1.20403164798446e-09	"Large effect"	"B1 Large effect"
"s_Parabacteroides_distasonis_sv_78"	"enterotype"	"Abundance"	"B1"	27	"B2"	25	3.67068557715527	0	3.21677944462187	0	2.48078136353808	0	625	0.715673094064639	7.42059910697718e-09	52	"B1"	5.08217501864403e-08	"Large effect"	"B1 Large effect"
"uc_uc_k_sv_380"	"enterotype"	"Abundance"	"B1"	27	"B2"	25	0.518400010843498	0	0.439747843704698	0	0.348437209900259	0	637.5	0.717545379698393	2.36314514754118e-09	52	"B1"	1.94541746994552e-08	"Large effect"	"B1 Large effect"
"s_Eisenbergiella_tayi_sv_84"	"enterotype"	"Abundance"	"B1"	27	"B2"	25	4.47812484687361	0	4.30150566047378	0	2.95972889994234	0	675	0.72324976524131	5.90935778151881e-11	52	"B1"	1.20403164798446e-09	"Large effect"	"B1 Large effect"
"s_Duodenibacillus_intestinigallinarum_sv_154"	"enterotype"	"Abundance"	"B1"	27	"B2"	25	3.196846671827	0	3.17172627227902	0	2.10635077131888	0	675	0.724295475338017	5.90935778151881e-11	52	"B1"	1.20403164798446e-09	"Large effect"	"B1 Large effect"
"s_Parabacteroides_merdae_sv_143"	"enterotype"	"Abundance"	"B1"	27	"B2"	25	1.94154980310815	0	1.75709156168216	0	1.27162721488191	0	650	0.726306752396131	7.21851740592507e-10	52	"B1"	7.17450205588894e-09	"Large effect"	"B1 Large effect"
"s_Hungatella_hathewayi_sv_33"	"enterotype"	"Abundance"	"B1"	27	"B2"	25	12.5941077853387	0	11.9332092516369	0	8.24691313797094	0	675	0.726374191892488	5.90935778151881e-11	52	"B1"	1.20403164798446e-09	"Large effect"	"B1 Large effect"
"s_Parasutterella_gallistercoris_sv_226"	"enterotype"	"Abundance"	"B1"	27	"B2"	25	0.741903468179353	0	0.715618213352172	0	0.483312610190895	0	625	0.728104984451976	7.42059910697718e-09	52	"B1"	5.08217501864403e-08	"Large effect"	"B1 Large effect"
"s_Hungatella_hathewayi_sv_12"	"enterotype"	"Abundance"	"B1"	27	"B2"	25	27.9701822016606	0	27.2643663096913	0	18.1149497795015	0	662.5	0.730057146974863	2.1119199347142e-10	52	"B1"	2.91731313015606e-09	"Large effect"	"B1 Large effect"
"s_Eisenbergiella_tayi_sv_91"	"enterotype"	"Abundance"	"B1"	27	"B2"	25	4.25609744029821	0.00306832056770833	4.44122602138365	0	2.73419752923458	0.0153416028385417	675	0.732510460584621	8.06580845015722e-11	52	"B1"	1.60332533826296e-09	"Large effect"	"B1 Large effect"
"s_Clostridium_AP_sp000509125_sv_362"	"enterotype"	"Abundance"	"B1"	27	"B2"	25	0.844738087282103	0	0.743384891480913	0	0.535327934790261	0	650	0.737255095998846	7.21851740592507e-10	52	"B1"	7.17450205588894e-09	"Large effect"	"B1 Large effect"
"s_Bacteroides_uniformis_sv_4"	"enterotype"	"Abundance"	"B1"	27	"B2"	25	38.2649396416801	1.03761319236619	34.2429226187208	0	23.1434271926022	2.76288636871979	644	0.741395274743422	4.53683422385894e-09	52	"B1"	3.66091078459905e-08	"Large effect"	"B1 Large effect"
"s_Bacteroides_uniformis_sv_294"	"enterotype"	"Abundance"	"B1"	27	"B2"	25	0.56575799767009	0	0.536429509659864	0	0.346063974227347	0	637.5	0.748749564874067	2.36314514754118e-09	52	"B1"	1.94541746994552e-08	"Large effect"	"B1 Large effect"
"s_Clostridium_AP_sp000509125_sv_386"	"enterotype"	"Abundance"	"B1"	27	"B2"	25	0.764231232077063	0	0.672521322054916	0	0.451951349523486	0	650	0.759443358636679	7.21851740592507e-10	52	"B1"	7.17450205588894e-09	"Large effect"	"B1 Large effect"
"s_Clostridium_AP_sp000509125_sv_323"	"enterotype"	"Abundance"	"B1"	27	"B2"	25	1.04574363717053	0	0.938815985097135	0	0.57415807128816	0	650	0.782005417322751	7.21851740592507e-10	52	"B1"	7.17450205588894e-09	"Large effect"	"B1 Large effect"
"s_Bacteroides_thetaiotaomicron_sv_38"	"enterotype"	"Abundance"	"B1"	27	"B2"	25	8.69148652435884	0.281260523202396	8.13387137190671	0	4.26588038229301	1.0776990846334	668	0.796570240508106	2.56208285536311e-10	52	"B1"	3.48016254520155e-09	"Large effect"	"B1 Large effect"
"s_Clostridium_AQ_innocuum_sv_145"	"enterotype"	"Abundance"	"B1"	27	"B2"	25	2.37820944554671	0	2.26612434228188	0	1.16727200772358	0	675	0.813360139094331	5.90935778151881e-11	52	"B1"	1.20403164798446e-09	"Large effect"	"B1 Large effect"
"s_Bacteroides_thetaiotaomicron_sv_32"	"enterotype"	"Abundance"	"B1"	27	"B2"	25	9.39658840809819	0	9.09477985562849	0	4.59593360886465	0	675	0.814284051514931	5.90935778151881e-11	52	"B1"	1.20403164798446e-09	"Large effect"	"B1 Large effect"
"s_Clostridium_AQ_innocuum_sv_63"	"enterotype"	"Abundance"	"B1"	27	"B2"	25	5.390846878212	0	5.21010745473769	0	2.52073168223491	0	675	0.825873263316571	5.90935778151881e-11	52	"B1"	1.20403164798446e-09	"Large effect"	"B1 Large effect"
"s_Clostridium_AQ_innocuum_sv_138"	"enterotype"	"Abundance"	"B1"	27	"B2"	25	2.41965644817337	0	2.41861314037584	0	1.05773985673416	0	675	0.842190754595043	5.90935778151881e-11	52	"B1"	1.20403164798446e-09	"Large effect"	"B1 Large effect"
"s_Bilophila_wadsworthia_sv_116"	"enterotype"	"Abundance"	"B1"	27	"B2"	25	2.16535966256802	0	2.10622463635956	0	0.884256853293655	0	662.5	0.857437735033827	2.1119199347142e-10	52	"B1"	2.91731313015606e-09	"Large effect"	"B1 Large effect"
"uc_uc_k_sv_69"	"enterotype"	"Abundance"	"B1"	27	"B2"	25	3.91239688077928	0	4.10238006453499	0	1.42952627288335	0	675	0.879681605646136	5.90935778151881e-11	52	"B1"	1.20403164798446e-09	"Large effect"	"B1 Large effect"
"s_Clostridium_AQ_innocuum_sv_97"	"enterotype"	"Abundance"	"B1"	27	"B2"	25	3.04036312300222	0	2.78506967679642	0	1.09426270759617	0	675	0.882453364726751	5.90935778151881e-11	52	"B1"	1.20403164798446e-09	"Large effect"	"B1 Large effect"
