"OTU"	"Discrete"	"Continuous"	"Level1"	"N_level1"	"Level2"	"N_level2"	"mean.level1"	"mean.level2"	"median.level1"	"median.level2"	"sd.level1"	"sd.level2"	"statistic"	"EffectSize_r"	"p.value"	"N"	"Dominant"	"q.value"	"Effect_size"	"ColorGroup"
"s_Bacteroides_cellulosilyticus_sv_7"	"enterotype"	"Abundance"	"B1"	27	"B2"	30	0	28.2340565069189	0	26.3631998844891	0	12.2829081334576	0	-0.841858812378114	8.0339685122472e-12	57	"B2"	3.94013760078906e-10	"Large effect"	"B2 Large effect"
"s_Bacteroides_cellulosilyticus_sv_2"	"enterotype"	"Abundance"	"B1"	27	"B2"	30	0	64.9217724138802	0	60.8519672930052	0	29.381411357353	0	-0.832380675732055	8.0339685122472e-12	57	"B2"	3.94013760078906e-10	"Large effect"	"B2 Large effect"
"s_Bacteroides_cellulosilyticus_sv_6"	"enterotype"	"Abundance"	"B1"	27	"B2"	30	0	33.8908445637228	0	31.5020146473834	0	15.5837520738513	0	-0.828443648173449	8.0339685122472e-12	57	"B2"	3.94013760078906e-10	"Large effect"	"B2 Large effect"
"s_Parabacteroides_distasonis_sv_15"	"enterotype"	"Abundance"	"B1"	27	"B2"	30	0	16.6064421783222	0	15.9965855554138	0	8.17491246715318	0	-0.810779776206543	8.0339685122472e-12	57	"B2"	3.94013760078906e-10	"Large effect"	"B2 Large effect"
"s_Parabacteroides_distasonis_sv_65"	"enterotype"	"Abundance"	"B1"	27	"B2"	30	0	4.40361185128288	0	4.32916363302948	0	2.22416556768419	0	-0.803802071503063	8.0339685122472e-12	57	"B2"	3.94013760078906e-10	"Large effect"	"B2 Large effect"
"s_Parabacteroides_distasonis_sv_77"	"enterotype"	"Abundance"	"B1"	27	"B2"	30	0	3.73536117228865	0	3.4817915272824	0	1.99210255736252	0	-0.788441828845107	8.0339685122472e-12	57	"B2"	3.94013760078906e-10	"Large effect"	"B2 Large effect"
"s_Parabacteroides_distasonis_sv_75"	"enterotype"	"Abundance"	"B1"	27	"B2"	30	0	3.83804437943184	0	3.46387249485818	0	2.11055105042224	0	-0.779448415962594	8.0339685122472e-12	57	"B2"	3.94013760078906e-10	"Large effect"	"B2 Large effect"
"s_Flavonifractor_plautii_sv_239"	"enterotype"	"Abundance"	"B1"	27	"B2"	30	0	1.20377017135975	0	1.27255057622293	0	0.73172140295774	54	-0.74840608436428	9.67348959489242e-10	57	"B2"	1.75995101016752e-08	"Large effect"	"B2 Large effect"
"s_Flavonifractor_plautii_sv_124"	"enterotype"	"Abundance"	"B1"	27	"B2"	30	0.0053100161144769	2.60858503491604	0	2.59956158222012	0.0275916530978504	1.64725762636667	15	-0.735264513589393	4.56816670208024e-11	57	"B2"	1.32125436921705e-09	"Large effect"	"B2 Large effect"
"s_Bacteroides_fragilis_sv_162"	"enterotype"	"Abundance"	"B1"	27	"B2"	30	0	1.96663581015784	0	1.30660218148865	0	1.54883051796242	13.5	-0.658492215310684	2.82350876796076e-11	57	"B2"	1.02739286782572e-09	"Large effect"	"B2 Large effect"
"s_Akkermansia_sp004167605_sv_3"	"enterotype"	"Abundance"	"B1"	27	"B2"	30	0	68.1196495886637	0	57.7203119026971	0	54.1728540677494	27	-0.65490422001327	9.53175614977378e-11	57	"B2"	2.62239535047435e-09	"Large effect"	"B2 Large effect"
"s_Muricomes_contortus_B_sv_76"	"enterotype"	"Abundance"	"B1"	27	"B2"	30	0	3.22840158177585	0	2.36893789997541	0	2.61328124891973	13.5	-0.648353542978705	2.82350876796076e-11	57	"B2"	1.02739286782572e-09	"Large effect"	"B2 Large effect"
"s_Muricomes_contortus_B_sv_123"	"enterotype"	"Abundance"	"B1"	27	"B2"	30	0	1.97107090613978	0	1.48480410107826	0	1.60467619847455	13.5	-0.646227990852692	2.82350876796076e-11	57	"B2"	1.02739286782572e-09	"Large effect"	"B2 Large effect"
"s_Bacteroides_fragilis_sv_67"	"enterotype"	"Abundance"	"B1"	27	"B2"	30	0	5.05450302786809	0	3.27547296697015	0	4.25394886339536	13.5	-0.633831087641517	2.82350876796076e-11	57	"B2"	1.02739286782572e-09	"Large effect"	"B2 Large effect"
"s_Bacteroides_thetaiotaomicron_sv_41"	"enterotype"	"Abundance"	"B1"	27	"B2"	30	0	7.70096759628891	0	6.99571100496685	0	6.48498655998234	0	-0.633615425996939	8.0339685122472e-12	57	"B2"	3.94013760078906e-10	"Large effect"	"B2 Large effect"
"s_Bacteroides_fragilis_sv_127"	"enterotype"	"Abundance"	"B1"	27	"B2"	30	0	2.53620287783888	0	1.53212932100929	0	2.1718164964536	13.5	-0.627327002338831	2.82350876796076e-11	57	"B2"	1.02739286782572e-09	"Large effect"	"B2 Large effect"
"s_Muricomes_contortus_B_sv_135"	"enterotype"	"Abundance"	"B1"	27	"B2"	30	0	1.83191376170281	0	1.28913069808167	0	1.57035661179654	13.5	-0.626933749100266	2.82350876796076e-11	57	"B2"	1.02739286782572e-09	"Large effect"	"B2 Large effect"
"s_Bacteroides_fragilis_sv_125"	"enterotype"	"Abundance"	"B1"	27	"B2"	30	0	2.53617931525267	0	1.77886568340458	0	2.18058420658513	0	-0.62580786068903	8.0339685122472e-12	57	"B2"	3.94013760078906e-10	"Large effect"	"B2 Large effect"
"s_Bacteroides_fragilis_sv_165"	"enterotype"	"Abundance"	"B1"	27	"B2"	30	0	1.95243136761447	0	1.30653227604098	0	1.79237607209659	94.5	-0.601011592227144	2.38219074770209e-08	57	"B2"	3.27696483342434e-07	"Large effect"	"B2 Large effect"
"s_Phocaeicola_dorei_sv_128"	"enterotype"	"Abundance"	"B1"	27	"B2"	30	0	3.11535488623377	0	2.31334081172194	0	3.04050031936136	40.5	-0.577695122747831	3.09456204268974e-10	57	"B2"	6.58616223425288e-09	"Large effect"	"B2 Large effect"
"s_Alistipes_shahii_sv_189"	"enterotype"	"Abundance"	"B1"	27	"B2"	30	0	1.17240445378331	0	0.881851023963652	0	1.15058816990726	67.5	-0.575582695646572	2.91498660942603e-09	57	"B2"	4.90761924691426e-08	"Large effect"	"B2 Large effect"
"s_Phocaeicola_dorei_sv_100"	"enterotype"	"Abundance"	"B1"	27	"B2"	30	0	3.89667663863114	0	2.55722210390079	0	3.82771539817316	40.5	-0.575228845956743	3.09456204268974e-10	57	"B2"	6.58616223425288e-09	"Large effect"	"B2 Large effect"
"s_Barnesiella_intestinihominis_sv_175"	"enterotype"	"Abundance"	"B1"	27	"B2"	30	0	1.29189367785114	0	1.11366978949016	0	1.27974174783653	108	-0.572022260905563	6.47534780995653e-08	57	"B2"	7.53009518518656e-07	"Large effect"	"B2 Large effect"
"s_Alistipes_finegoldii_sv_357"	"enterotype"	"Abundance"	"B1"	27	"B2"	30	0	0.665723847813836	0	0.590496526340043	0	0.669569501794505	81	-0.56621952560814	8.47748090583238e-09	57	"B2"	1.30994499476424e-07	"Large effect"	"B2 Large effect"
"s_Phocaeicola_dorei_sv_17"	"enterotype"	"Abundance"	"B1"	27	"B2"	30	0	23.6276833809253	0	14.8722963984983	0	23.9954986015366	40.5	-0.562524849929541	3.09456204268974e-10	57	"B2"	6.58616223425288e-09	"Large effect"	"B2 Large effect"
"s_Eubacterium_G_ventriosum_sv_460"	"enterotype"	"Abundance"	"B1"	27	"B2"	30	0.710605768261708	0	0	0	0.845155155065831	0	600	-0.523269226790936	2.34020570536416e-05	57	"B2"	0.000107306993319137	"Large effect"	"B2 Large effect"
"s_Eubacterium_G_ventriosum_sv_236"	"enterotype"	"Abundance"	"B1"	27	"B2"	30	1.89869043191648	0	0	0	2.27575526083108	0	600	-0.520347832475662	2.34020570536416e-05	57	"B2"	0.000107306993319137	"Large effect"	"B2 Large effect"
"s_Tidjanibacter_inops_sv_122"	"enterotype"	"Abundance"	"B1"	27	"B2"	30	0	2.14809874375974	0	0.0832707643391467	0	2.43873047147977	189	-0.520217215695274	1.38456702520816e-05	57	"B2"	6.84996317734564e-05	"Large effect"	"B2 Large effect"
"s_CAG-266_sp019117495_sv_331"	"enterotype"	"Abundance"	"B1"	27	"B2"	30	1.31662196522861	0	0	0	1.58451623049287	0	600	-0.518817154086412	2.34020570536416e-05	57	"B2"	0.000107306993319137	"Large effect"	"B2 Large effect"
"s_Lawsonibacter_sp000177015_sv_702"	"enterotype"	"Abundance"	"B1"	27	"B2"	30	0.259597087600569	0	0	0	0.316709319506808	0	600	-0.513684330109064	2.34020570536416e-05	57	"B2"	0.000107306993319137	"Large effect"	"B2 Large effect"
"s_Thomasclavelia_sp000508865_sv_149"	"enterotype"	"Abundance"	"B1"	27	"B2"	30	0	1.30002811050252	0	0.0554644657230039	0	1.50838841429572	189	-0.512031155249767	1.38456702520816e-05	57	"B2"	6.84996317734564e-05	"Large effect"	"B2 Large effect"
"s_Barnesiella_intestinihominis_sv_64"	"enterotype"	"Abundance"	"B1"	27	"B2"	30	0	2.5879517779885	0	0.00111592403658865	0	3.02711391221671	202.5	-0.50899784767256	3.07727480918181e-05	57	"B2"	0.000134541317238647	"Large effect"	"B2 Large effect"
"uc_g_Dialister_sv_16"	"enterotype"	"Abundance"	"B1"	27	"B2"	30	1.64419109738702	18.1698966436421	0.997769773503185	14.6528956089905	1.82019225332351	19.3082999217012	76	-0.507932682329407	1.28223542737565e-07	57	"B2"	1.47587914497932e-06	"Large effect"	"B2 Large effect"
"s_CAG-266_sp019117495_sv_346"	"enterotype"	"Abundance"	"B1"	27	"B2"	30	1.21977147203555	0	0	0	1.5119354172169	0	600	-0.507729890218057	2.34020570536416e-05	57	"B2"	0.000107306993319137	"Large effect"	"B2 Large effect"
"s_Alistipes_putredinis_sv_450"	"enterotype"	"Abundance"	"B1"	27	"B2"	30	0.788136736909095	0	0	0	0.983864810970897	0	600	-0.50507672882882	2.34020570536416e-05	57	"B2"	0.000107306993319137	"Large effect"	"B2 Large effect"
"s_Extibacter_hylemonae_sv_428"	"enterotype"	"Abundance"	"B1"	27	"B2"	30	0	0.552364312390128	0	0.271513285536399	0	0.655523101671503	135	-0.50357850993419	4.3504061645119e-07	57	"B2"	3.91807981963203e-06	"Large effect"	"B2 Large effect"
"s_Bacteroides_intestinigallinarum_sv_83"	"enterotype"	"Abundance"	"B1"	27	"B2"	30	0	5.82393818754991	0	1.30734850228116	0	6.92308322099172	175.5	-0.502958908951686	6.0729150177275e-06	57	"B2"	3.54935136787389e-05	"Large effect"	"B2 Large effect"
"s_Bacteroides_intestinigallinarum_sv_74"	"enterotype"	"Abundance"	"B1"	27	"B2"	30	0	6.44854371412931	0	1.48986564108186	0	7.68268535843718	162	-0.502126208183174	2.59383899256948e-06	57	"B2"	1.72108846095198e-05	"Large effect"	"B2 Large effect"
"s_Bittarella_massiliensis_sv_417"	"enterotype"	"Abundance"	"B1"	27	"B2"	30	0	0.252492098504534	0	0.155124111651495	0	0.302193022361315	148.5	-0.500420852220022	1.07765242738375e-06	57	"B2"	8.26933291216918e-06	"Large effect"	"B2 Large effect"
"s_Clostridium_AQ_innocuum_sv_223"	"enterotype"	"Abundance"	"B1"	27	"B2"	30	0	1.06839798686784	0	0.67479073237268	0	1.27889872668132	81	-0.500363799018154	8.47748090583238e-09	57	"B2"	1.30994499476424e-07	"Large effect"	"B2 Large effect"
"s_Bacteroides_sp019412865_sv_70"	"enterotype"	"Abundance"	"B1"	27	"B2"	30	0	6.83007052570427	0	1.47576900828243	0	8.19029218318437	189	-0.499701916011038	1.38456702520816e-05	57	"B2"	6.84996317734564e-05	"Medium effect"	"B2 Medium effect"
"s_Bacteroides_intestinigallinarum_sv_72"	"enterotype"	"Abundance"	"B1"	27	"B2"	30	0.0089249967296303	6.59459412950743	0	1.40630213319137	0.0463756433793172	7.92526248197053	196	-0.498375576984717	3.80747026165004e-05	57	"B2"	0.000165823415256419	"Medium effect"	"B2 Medium effect"
"s_Parabacteroides_merdae_sv_108"	"enterotype"	"Abundance"	"B1"	27	"B2"	30	0.00321218166718718	1.35701643052598	0	0.142825855845833	0.0166909855521285	1.63467574003095	197	-0.497110843624277	4.14745669874904e-05	57	"B2"	0.000179935813699574	"Medium effect"	"B2 Medium effect"
"s_Allocoprobacillus_merdigallinarum_sv_341"	"enterotype"	"Abundance"	"B1"	27	"B2"	30	0.878029983947305	0	0	0	1.12031652806211	0	600	-0.496919779384799	2.34020570536416e-05	57	"B2"	0.000107306993319137	"Medium effect"	"B2 Medium effect"
"s_Anaerobutyricum_hallii_sv_535"	"enterotype"	"Abundance"	"B1"	27	"B2"	30	0.276284572941589	0	0	0	0.352805200807631	0	600	-0.496622607746699	2.34020570536416e-05	57	"B2"	0.000107306993319137	"Medium effect"	"B2 Medium effect"
"s_Eisenbergiella_tayi_sv_322"	"enterotype"	"Abundance"	"B1"	27	"B2"	30	0	0.532114893563245	0	0.185092960376827	0	0.644169557960964	175.5	-0.49616981576719	6.0729150177275e-06	57	"B2"	3.54935136787389e-05	"Medium effect"	"B2 Medium effect"
"s_Bacteroides_intestinigallinarum_sv_68"	"enterotype"	"Abundance"	"B1"	27	"B2"	30	0	6.89615616761375	0	1.60197419133406	0	8.36527883507421	189	-0.495417796906654	1.38456702520816e-05	57	"B2"	6.84996317734564e-05	"Medium effect"	"B2 Medium effect"
"s_Fournierella_sp900543285_sv_235"	"enterotype"	"Abundance"	"B1"	27	"B2"	30	0	0.537356694747325	0	0.053792627132395	0	0.654738433137132	189	-0.493765535673761	1.38456702520816e-05	57	"B2"	6.84996317734564e-05	"Medium effect"	"B2 Medium effect"
"s_Eisenbergiella_tayi_sv_295"	"enterotype"	"Abundance"	"B1"	27	"B2"	30	0.00505438835486032	0.609360708791549	0	0.210322064276146	0.0262633722954077	0.739179701535407	170	-0.492113853548211	7.92063737814772e-06	57	"B2"	4.60540152708795e-05	"Medium effect"	"B2 Medium effect"
"s_Clostridium_AQ_innocuum_sv_238"	"enterotype"	"Abundance"	"B1"	27	"B2"	30	0	1.03433656972914	0	0.584855245867858	0	1.27002296085644	94.5	-0.490909490581885	2.38219074770209e-08	57	"B2"	3.27696483342434e-07	"Medium effect"	"B2 Medium effect"
"s_Alistipes_finegoldii_sv_387"	"enterotype"	"Abundance"	"B1"	27	"B2"	30	0	0.562342813788337	0	0.360605763714418	0	0.691689958832885	108	-0.490260757611582	6.47534780995653e-08	57	"B2"	7.53009518518656e-07	"Medium effect"	"B2 Medium effect"
"s_Oxalobacter_aliiformigenes_sv_746"	"enterotype"	"Abundance"	"B1"	27	"B2"	30	0	0.246164792998855	0	0.217365344117051	0	0.311876444795346	175.5	-0.479351540788427	6.0729150177275e-06	57	"B2"	3.54935136787389e-05	"Medium effect"	"B2 Medium effect"
"s_Eisenbergiella_tayi_sv_343"	"enterotype"	"Abundance"	"B1"	27	"B2"	30	0	0.492163521772738	0	0.101988189908389	0	0.625372580277582	189	-0.478275748800935	1.38456702520816e-05	57	"B2"	6.84996317734564e-05	"Medium effect"	"B2 Medium effect"
"s_Anaerobutyricum_hallii_sv_622"	"enterotype"	"Abundance"	"B1"	27	"B2"	30	0.155415458501709	0	0	0	0.210890520579014	0	570	-0.474209491825054	0.000135265609089087	57	"B2"	0.000463767802591154	"Medium effect"	"B2 Medium effect"
"s_Anaerobutyricum_hallii_sv_700"	"enterotype"	"Abundance"	"B1"	27	"B2"	30	0.140213995322366	0	0	0	0.191334652706992	0	570	-0.472157362524818	0.000135265609089087	57	"B2"	0.000463767802591154	"Medium effect"	"B2 Medium effect"
"s_Extibacter_hylemonae_sv_410"	"enterotype"	"Abundance"	"B1"	27	"B2"	30	0	0.598917719964299	0	0.234736507398223	0	0.774623040250602	148.5	-0.471793233886864	1.07765242738375e-06	57	"B2"	8.26933291216918e-06	"Medium effect"	"B2 Medium effect"
"s_Clostridium_AQ_innocuum_sv_215"	"enterotype"	"Abundance"	"B1"	27	"B2"	30	0	1.08704392786964	0	0.68370154229762	0	1.4188931732593	121.5	-0.46845465732567	1.70458468881629e-07	57	"B2"	1.63251744190196e-06	"Medium effect"	"B2 Medium effect"
"s_Bacteroides_uniformis_sv_61"	"enterotype"	"Abundance"	"B1"	27	"B2"	30	0	7.15464217077232	0	3.02923942871187	0	9.34315469101445	175.5	-0.468284599629773	6.0729150177275e-06	57	"B2"	3.54935136787389e-05	"Medium effect"	"B2 Medium effect"
"s_Extibacter_hylemonae_sv_409"	"enterotype"	"Abundance"	"B1"	27	"B2"	30	0	0.628037803029462	0	0.190005833982762	0	0.821447157015775	162	-0.467708301691254	2.59383899256948e-06	57	"B2"	1.72108846095198e-05	"Medium effect"	"B2 Medium effect"
"s_Bacteroides_uniformis_sv_233"	"enterotype"	"Abundance"	"B1"	27	"B2"	30	0.00446249836481515	0.17458369900684	0	0.0283248765114461	0.0231878216896586	0.221720885085248	199	-0.4672285150048	4.91571848042507e-05	57	"B2"	0.000212449442372394	"Medium effect"	"B2 Medium effect"
"s_Clostridium_AQ_innocuum_sv_282"	"enterotype"	"Abundance"	"B1"	27	"B2"	30	0	0.863292938494374	0	0.417028771393393	0	1.13223672217559	148.5	-0.466716559930897	1.07765242738375e-06	57	"B2"	8.26933291216918e-06	"Medium effect"	"B2 Medium effect"
"s_Blautia_A_acetigignens_sv_663"	"enterotype"	"Abundance"	"B1"	27	"B2"	30	0.378310176742194	0	0	0	0.524135346412939	0	585	-0.466629536004353	5.70092732421753e-05	57	"B2"	0.000232994421076717	"Medium effect"	"B2 Medium effect"
"s_Anaerobutyricum_hallii_sv_599"	"enterotype"	"Abundance"	"B1"	27	"B2"	30	0.217131672644438	0	0	0	0.302850296604573	0	585	-0.464199089350384	5.70092732421753e-05	57	"B2"	0.000232994421076717	"Medium effect"	"B2 Medium effect"
"s_Sutterella_wadsworthensis_sv_432"	"enterotype"	"Abundance"	"B1"	27	"B2"	30	0	0.303960201623925	0	0	0	0.401745607366002	216	-0.463913826810753	6.67467303170708e-05	57	"B2"	0.000244449064278104	"Medium effect"	"B2 Medium effect"
"s_Bacteroides_xylanisolvens_sv_24"	"enterotype"	"Abundance"	"B1"	27	"B2"	30	0	6.46230032356439	0	2.43136773697644	0	8.54657729793817	162	-0.463688053654686	2.59383899256948e-06	57	"B2"	1.72108846095198e-05	"Medium effect"	"B2 Medium effect"
"s_Sutterella_wadsworthensis_sv_193"	"enterotype"	"Abundance"	"B1"	27	"B2"	30	0	0.817542129437358	0	0	0	1.08433508789391	216	-0.462647472653407	6.67467303170708e-05	57	"B2"	0.000244449064278104	"Medium effect"	"B2 Medium effect"
"s_Holdemania_filiformis_sv_731"	"enterotype"	"Abundance"	"B1"	27	"B2"	30	0.163084038458404	0	0	0	0.228959412373003	0	570	-0.461830135409582	0.000135265609089087	57	"B2"	0.000463767802591154	"Medium effect"	"B2 Medium effect"
"s_Blautia_A_acetigignens_sv_537"	"enterotype"	"Abundance"	"B1"	27	"B2"	30	0.542703694073051	0	0	0	0.762080833836275	0	600	-0.461754195975578	2.34020570536416e-05	57	"B2"	0.000107306993319137	"Medium effect"	"B2 Medium effect"
"s_Bifidobacterium_bifidum_sv_196"	"enterotype"	"Abundance"	"B1"	27	"B2"	30	0	1.07409174445645	0	0.000997418829163304	0	1.4310148587901	202.5	-0.461024510125388	3.07727480918181e-05	57	"B2"	0.000134541317238647	"Medium effect"	"B2 Medium effect"
"uc_uc_k_sv_809"	"enterotype"	"Abundance"	"B1"	27	"B2"	30	0	0.10846900923257	0	0	0	0.144846731659784	229.5	-0.460192735086161	0.000141445061437432	57	"B2"	0.000465160435281117	"Medium effect"	"B2 Medium effect"
"s_Fournierella_sp900543285_sv_339"	"enterotype"	"Abundance"	"B1"	27	"B2"	30	0	0.344995331598598	0	0.000128380641377455	0	0.461906232963048	202.5	-0.45924759715306	3.07727480918181e-05	57	"B2"	0.000134541317238647	"Medium effect"	"B2 Medium effect"
"s_Bacteroides_xylanisolvens_sv_46"	"enterotype"	"Abundance"	"B1"	27	"B2"	30	0	3.87914844476509	0	1.32475524572149	0	5.27237392425292	162	-0.453840126788828	2.59383899256948e-06	57	"B2"	1.72108846095198e-05	"Medium effect"	"B2 Medium effect"
"s_Holdemania_filiformis_sv_563"	"enterotype"	"Abundance"	"B1"	27	"B2"	30	0	0.183335114806133	0	0	0	0.249482207150477	216	-0.453407343213919	6.67467303170708e-05	57	"B2"	0.000244449064278104	"Medium effect"	"B2 Medium effect"
"s_Extibacter_hylemonae_sv_418"	"enterotype"	"Abundance"	"B1"	27	"B2"	30	0	0.592446120588456	0	0.267770418424145	0	0.807711784348112	175.5	-0.452735879466787	6.0729150177275e-06	57	"B2"	3.54935136787389e-05	"Medium effect"	"B2 Medium effect"
"s_Anaerostipes_hadrus_sv_403"	"enterotype"	"Abundance"	"B1"	27	"B2"	30	0	0.544353984700396	0	0	0	0.743493882195601	216	-0.452085663349519	6.67467303170708e-05	57	"B2"	0.000244449064278104	"Medium effect"	"B2 Medium effect"
"s_Bacteroides_uniformis_sv_58"	"enterotype"	"Abundance"	"B1"	27	"B2"	30	0	7.48331002238747	0	2.10543348433363	0	10.2378936782055	162	-0.451491543007535	2.59383899256948e-06	57	"B2"	1.72108846095198e-05	"Medium effect"	"B2 Medium effect"
"s_Blautia_A_acetigignens_sv_481"	"enterotype"	"Abundance"	"B1"	27	"B2"	30	0.664111575811974	0	0	0	0.959645604477657	0	600	-0.451458072035127	2.34020570536416e-05	57	"B2"	0.000107306993319137	"Medium effect"	"B2 Medium effect"
"s_Coprobacter_fastidiosus_sv_157"	"enterotype"	"Abundance"	"B1"	27	"B2"	30	0	1.22813179211839	0	0.090650721852892	0	1.69534373391029	189	-0.448287182324828	1.38456702520816e-05	57	"B2"	6.84996317734564e-05	"Medium effect"	"B2 Medium effect"
"s_Anaerobutyricum_hallii_sv_662"	"enterotype"	"Abundance"	"B1"	27	"B2"	30	0.16980047038836	0	0	0	0.247672747051633	0	570	-0.448111311151484	0.000135265609089087	57	"B2"	0.000463767802591154	"Medium effect"	"B2 Medium effect"
"s_Blautia_celeris_sv_169"	"enterotype"	"Abundance"	"B1"	27	"B2"	30	0	1.35977224894171	0	0.161290898335198	0	1.88355651136976	189	-0.447056642287046	1.38456702520816e-05	57	"B2"	6.84996317734564e-05	"Medium effect"	"B2 Medium effect"
"s_Sutterella_wadsworthensis_sv_335"	"enterotype"	"Abundance"	"B1"	27	"B2"	30	0	0.404164995607205	0	0	0	0.561776372578409	216	-0.44583381516914	6.67467303170708e-05	57	"B2"	0.000244449064278104	"Medium effect"	"B2 Medium effect"
"s_Anaerobutyricum_hallii_sv_520"	"enterotype"	"Abundance"	"B1"	27	"B2"	30	0.263504138713322	0	0	0	0.387049516968002	0	555	-0.445619301745128	0.000313051910391205	57	"B2"	0.000926830852811755	"Medium effect"	"B2 Medium effect"
"uc_uc_k_sv_675"	"enterotype"	"Abundance"	"B1"	27	"B2"	30	0.104729877357676	0	0	0	0.153883767979912	0	570	-0.445502132933963	0.000135265609089087	57	"B2"	0.000463767802591154	"Medium effect"	"B2 Medium effect"
"s_Sutterella_wadsworthensis_sv_365"	"enterotype"	"Abundance"	"B1"	27	"B2"	30	0	0.346009089302523	0	0	0	0.481816746604671	229.5	-0.445187452022117	0.000141445061437432	57	"B2"	0.000465160435281117	"Medium effect"	"B2 Medium effect"
"s_Anthropogastromicrobium_aceti_sv_857"	"enterotype"	"Abundance"	"B1"	27	"B2"	30	0.168011050847974	0	0	0	0.248932568799258	0	555	-0.442542426610327	0.000313051910391205	57	"B2"	0.000926830852811755	"Medium effect"	"B2 Medium effect"
"s_Roseburia_inulinivorans_sv_1072"	"enterotype"	"Abundance"	"B1"	27	"B2"	30	0.0667200136515669	0	0	0	0.0993035282822556	0	555	-0.44094097489385	0.000313051910391205	57	"B2"	0.000926830852811755	"Medium effect"	"B2 Medium effect"
"s_Eubacterium_F_sp003491505_sv_164"	"enterotype"	"Abundance"	"B1"	27	"B2"	30	0.00319090276075133	2.26285043872642	0	0	0.0165804171108993	3.19807896214138	225	-0.439431479295782	0.000212686838956275	57	"B2"	0.000693383683071324	"Medium effect"	"B2 Medium effect"
"s_Blautia_celeris_sv_190"	"enterotype"	"Abundance"	"B1"	27	"B2"	30	0	1.1661899826513	0	4.93771697605596e-05	0	1.65052116194092	202.5	-0.439431167327799	3.07727480918181e-05	57	"B2"	0.000134541317238647	"Medium effect"	"B2 Medium effect"
"s_Sellimonas_intestinalis_sv_767"	"enterotype"	"Abundance"	"B1"	27	"B2"	30	0	0.163848826906195	0	0	0	0.232193059415206	229.5	-0.438980821129994	0.000141445061437432	57	"B2"	0.000465160435281117	"Medium effect"	"B2 Medium effect"
"s_Blautia_celeris_sv_184"	"enterotype"	"Abundance"	"B1"	27	"B2"	30	0	1.24178412803566	0	0.1798685360839	0	1.7601140670356	189	-0.438908662060895	1.38456702520816e-05	57	"B2"	6.84996317734564e-05	"Medium effect"	"B2 Medium effect"
"s_Anaerobutyricum_hallii_sv_618"	"enterotype"	"Abundance"	"B1"	27	"B2"	30	0.172849342888437	0	0	0	0.25892481166444	0	570	-0.438665850511545	0.000135265609089087	57	"B2"	0.000463767802591154	"Medium effect"	"B2 Medium effect"
"s_Anaerostipes_hadrus_sv_260"	"enterotype"	"Abundance"	"B1"	27	"B2"	30	0	1.00631582300084	0	0	0	1.42784867446153	216	-0.438540556934975	6.67467303170708e-05	57	"B2"	0.000244449064278104	"Medium effect"	"B2 Medium effect"
"s_Avimicrobium_caecorum_sv_512"	"enterotype"	"Abundance"	"B1"	27	"B2"	30	0	0.141231581802134	0	0	0	0.200491422672122	243	-0.438365083399054	0.000293180000236546	57	"B2"	0.000916085984118625	"Medium effect"	"B2 Medium effect"
"s_Schaedlerella_glycyrrhizinilytica_A_sv_358"	"enterotype"	"Abundance"	"B1"	27	"B2"	30	0.540899507719693	0	0	0	0.813014876381967	0	600	-0.43746786528548	2.34020570536416e-05	57	"B2"	0.000107306993319137	"Medium effect"	"B2 Medium effect"
"s_Blautia_A_acetigignens_sv_532"	"enterotype"	"Abundance"	"B1"	27	"B2"	30	0.564959108027707	0	0	0	0.852489292565828	0	600	-0.436098227746666	2.34020570536416e-05	57	"B2"	0.000107306993319137	"Medium effect"	"B2 Medium effect"
"s_Clostridium_AP_sp000509125_sv_463"	"enterotype"	"Abundance"	"B1"	27	"B2"	30	0	0.147011008027733	0	0	0	0.210561874755451	256.5	-0.435231985887753	0.000595091543439825	57	"B2"	0.00161361360817337	"Medium effect"	"B2 Medium effect"
"s_Coprobacter_fastidiosus_sv_207"	"enterotype"	"Abundance"	"B1"	27	"B2"	30	0	0.832613198610789	0	0.000661654074791499	0	1.19333418371712	202.5	-0.434998312196637	3.07727480918181e-05	57	"B2"	0.000134541317238647	"Medium effect"	"B2 Medium effect"
"s_Lachnoclostridium_A_edouardi_sv_654"	"enterotype"	"Abundance"	"B1"	27	"B2"	30	0.384568216187495	0	0	0	0.582984313766443	0	600	-0.434470907085563	2.34020570536416e-05	57	"B2"	0.000107306993319137	"Medium effect"	"B2 Medium effect"
"s_Eubacterium_F_sp003491505_sv_180"	"enterotype"	"Abundance"	"B1"	27	"B2"	30	0	1.9642230751252	0	0	0	2.82107070777797	216	-0.434267262685277	6.67467303170708e-05	57	"B2"	0.000244449064278104	"Medium effect"	"B2 Medium effect"
"s_Roseburia_hominis_sv_559"	"enterotype"	"Abundance"	"B1"	27	"B2"	30	0.477982548015912	0	0	0	0.725142345421702	0	570	-0.434206068230651	0.000135265609089087	57	"B2"	0.000463767802591154	"Medium effect"	"B2 Medium effect"
"s_Cryptobacteroides_sp000431015_sv_487"	"enterotype"	"Abundance"	"B1"	27	"B2"	30	0.375113689506432	0	0	0	0.569126852316243	0	555	-0.434177842568302	0.000313051910391205	57	"B2"	0.000926830852811755	"Medium effect"	"B2 Medium effect"
"s_Clostridium_AQ_innocuum_sv_261"	"enterotype"	"Abundance"	"B1"	27	"B2"	30	0	0.914629440369016	0	0.480801687027977	0	1.31443287189509	108	-0.434049074772514	6.47534780995653e-08	57	"B2"	7.53009518518656e-07	"Medium effect"	"B2 Medium effect"
"s_Bacteroides_uniformis_sv_34"	"enterotype"	"Abundance"	"B1"	27	"B2"	30	0	10.3770088865597	0	1.85767986641363	0	14.9181179333088	189	-0.433929037368168	1.38456702520816e-05	57	"B2"	6.84996317734564e-05	"Medium effect"	"B2 Medium effect"
"s_Eubacterium_F_sp003491505_sv_173"	"enterotype"	"Abundance"	"B1"	27	"B2"	30	0	2.15575510793712	0	0	0	3.10518200555059	216	-0.433246207511405	6.67467303170708e-05	57	"B2"	0.000244449064278104	"Medium effect"	"B2 Medium effect"
"s_Anaerostipes_hadrus_sv_250"	"enterotype"	"Abundance"	"B1"	27	"B2"	30	0	0.785270397642553	0	0	0	1.13238039079342	216	-0.432854524304933	6.67467303170708e-05	57	"B2"	0.000244449064278104	"Medium effect"	"B2 Medium effect"
"s_Mediterraneibacter_hominis_sv_805"	"enterotype"	"Abundance"	"B1"	27	"B2"	30	0.182723649033069	0	0	0	0.278630379765553	0	570	-0.432412406306958	0.000135265609089087	57	"B2"	0.000463767802591154	"Medium effect"	"B2 Medium effect"
"uc_uc_k_sv_558"	"enterotype"	"Abundance"	"B1"	27	"B2"	30	0	0.145525605464048	0	0	0	0.210479300345559	229.5	-0.431809134151505	0.000141445061437432	57	"B2"	0.000465160435281117	"Medium effect"	"B2 Medium effect"
"uc_uc_k_sv_685"	"enterotype"	"Abundance"	"B1"	27	"B2"	30	0.208327560249429	0	0	0	0.318747601098644	0	585	-0.431231021710692	5.70092732421753e-05	57	"B2"	0.000232994421076717	"Medium effect"	"B2 Medium effect"
"s_Cuneatibacter_caecimuris_sv_627"	"enterotype"	"Abundance"	"B1"	27	"B2"	30	0	0.300661776222123	0	0	0	0.435982388199399	216	-0.430906788307156	6.67467303170708e-05	57	"B2"	0.000244449064278104	"Medium effect"	"B2 Medium effect"
"s_Blautia_A_wexlerae_sv_203"	"enterotype"	"Abundance"	"B1"	27	"B2"	30	0.00265500805723845	1.06158467438748	0	0	0.0137958265489252	1.53680968375396	225	-0.430602730751556	0.000212686838956275	57	"B2"	0.000693383683071324	"Medium effect"	"B2 Medium effect"
"s_Alitiscatomonas_sp900066535_sv_743"	"enterotype"	"Abundance"	"B1"	27	"B2"	30	0.284162738319808	0	0	0	0.436331080543268	0	555	-0.429985181135236	0.000313051910391205	57	"B2"	0.000926830852811755	"Medium effect"	"B2 Medium effect"
"s_Roseburia_hominis_sv_513"	"enterotype"	"Abundance"	"B1"	27	"B2"	30	0.598065785979593	0	0	0	0.919542715369064	0	585	-0.429524014480325	5.70092732421753e-05	57	"B2"	0.000232994421076717	"Medium effect"	"B2 Medium effect"
"s_Sellimonas_intestinalis_sv_846"	"enterotype"	"Abundance"	"B1"	27	"B2"	30	0	0.108311115362091	0	0	0	0.157900974120995	243	-0.429041256194867	0.000293180000236546	57	"B2"	0.000916085984118625	"Medium effect"	"B2 Medium effect"
"s_Bacteroides_uniformis_sv_62"	"enterotype"	"Abundance"	"B1"	27	"B2"	30	0	4.93044402678886	0	0.849899095654522	0	7.19018023854025	189	-0.428927295346749	1.38456702520816e-05	57	"B2"	6.84996317734564e-05	"Medium effect"	"B2 Medium effect"
"s_Blautia_A_wexlerae_sv_187"	"enterotype"	"Abundance"	"B1"	27	"B2"	30	0	1.14918519885426	0	0	0	1.67813769949453	216	-0.428458801167483	6.67467303170708e-05	57	"B2"	0.000244449064278104	"Medium effect"	"B2 Medium effect"
"s_Anaerostipes_hadrus_sv_167"	"enterotype"	"Abundance"	"B1"	27	"B2"	30	0	1.69067713560526	0	0	0	2.47140670668323	216	-0.428101115466988	6.67467303170708e-05	57	"B2"	0.000244449064278104	"Medium effect"	"B2 Medium effect"
"s_Butyricimonas_paravirosa_sv_359"	"enterotype"	"Abundance"	"B1"	27	"B2"	30	0	0.190156464332865	0	0	0	0.278126233009307	216	-0.427902826531666	6.67467303170708e-05	57	"B2"	0.000244449064278104	"Medium effect"	"B2 Medium effect"
"s_Bacteroides_ovatus_sv_8"	"enterotype"	"Abundance"	"B1"	27	"B2"	30	29.7108022267183	0	0	0	45.9688383513353	0	555	-0.427337088449261	0.000313051910391205	57	"B2"	0.000926830852811755	"Medium effect"	"B2 Medium effect"
"s_Blautia_celeris_sv_199"	"enterotype"	"Abundance"	"B1"	27	"B2"	30	0	1.1431628214279	0	0	0	1.67566600372165	216	-0.42714281751631	6.67467303170708e-05	57	"B2"	0.000244449064278104	"Medium effect"	"B2 Medium effect"
"s_Roseburia_hominis_sv_584"	"enterotype"	"Abundance"	"B1"	27	"B2"	30	0.460074879543766	0	0	0	0.712983770299137	0	585	-0.426774953846534	5.70092732421753e-05	57	"B2"	0.000232994421076717	"Medium effect"	"B2 Medium effect"
"s_Bacteroides_ovatus_sv_28"	"enterotype"	"Abundance"	"B1"	27	"B2"	30	12.0107137062961	0	0	0	18.6209892026656	0	600	-0.426628626768109	2.34020570536416e-05	57	"B2"	0.000107306993319137	"Medium effect"	"B2 Medium effect"
"s_Bacteroides_rodentium_sv_60"	"enterotype"	"Abundance"	"B1"	27	"B2"	30	0	5.08024654049051	0	0.773489611995492	0	7.47535653405714	189	-0.425808280913355	1.38456702520816e-05	57	"B2"	6.84996317734564e-05	"Medium effect"	"B2 Medium effect"
"s_Enterocloster_citroniae_sv_696"	"enterotype"	"Abundance"	"B1"	27	"B2"	30	0.146310170567883	0.00586641197118891	0	0	0.215803338549058	0.0321316616823851	560	-0.425488222855978	0.000531624440520717	57	"B2"	0.00156982295525489	"Medium effect"	"B2 Medium effect"
"s_Anthropogastromicrobium_aceti_sv_768"	"enterotype"	"Abundance"	"B1"	27	"B2"	30	0.25002432409554	0	0	0	0.389294460737657	0	570	-0.425139761868435	0.000135265609089087	57	"B2"	0.000463767802591154	"Medium effect"	"B2 Medium effect"
"s_Holdemanella_porci_sv_553"	"enterotype"	"Abundance"	"B1"	27	"B2"	30	0.202830100592267	0	0	0	0.315830536354983	0	540	-0.425119192734447	0.000707809556715205	57	"B2"	0.0018654420092868	"Medium effect"	"B2 Medium effect"
"s_Escherichia_coli_sv_801"	"enterotype"	"Abundance"	"B1"	27	"B2"	30	0.180272467651654	0	0	0	0.281002384871338	0	570	-0.424752715225554	0.000135265609089087	57	"B2"	0.000463767802591154	"Medium effect"	"B2 Medium effect"
"s_Enterocloster_bolteae_sv_479"	"enterotype"	"Abundance"	"B1"	27	"B2"	30	0.468276316878849	0	0	0	0.731258567287869	0	600	-0.424123674487188	2.34020570536416e-05	57	"B2"	0.000107306993319137	"Medium effect"	"B2 Medium effect"
"uc_uc_k_sv_771"	"enterotype"	"Abundance"	"B1"	27	"B2"	30	0	0.137354323351021	0	0	0	0.203396625054499	256.5	-0.423609313232077	0.000595091543439825	57	"B2"	0.00161361360817337	"Medium effect"	"B2 Medium effect"
"s_Blautia_A_wexlerae_sv_255"	"enterotype"	"Abundance"	"B1"	27	"B2"	30	0	0.779675029471796	0	0	0	1.15638252437417	216	-0.423062214214564	6.67467303170708e-05	57	"B2"	0.000244449064278104	"Medium effect"	"B2 Medium effect"
"s_Caecibacter_massiliensis_sv_574"	"enterotype"	"Abundance"	"B1"	27	"B2"	30	0	0.170274330388883	0	0.031161037721126	0	0.252890226465938	189	-0.422588366545363	1.38456702520816e-05	57	"B2"	6.84996317734564e-05	"Medium effect"	"B2 Medium effect"
"s_Enterocloster_sp001517625_sv_810"	"enterotype"	"Abundance"	"B1"	27	"B2"	30	0.202405669286671	0.00234169385402309	0	0	0.31392833421093	0.0128259854661966	531	-0.422134401994635	0.00248104325618826	57	"B2"	0.00529039091300635	"Medium effect"	"B2 Medium effect"
"s_Bacteroides_uniformis_sv_56"	"enterotype"	"Abundance"	"B1"	27	"B2"	30	0	10.9136477086274	0	4.90368442185146	0	16.2383930142776	175.5	-0.42195944686214	6.0729150177275e-06	57	"B2"	3.54935136787389e-05	"Medium effect"	"B2 Medium effect"
"s_Anaerostipes_hadrus_sv_292"	"enterotype"	"Abundance"	"B1"	27	"B2"	30	0	0.671984125584239	0	0	0	1.0050808696994	216	-0.420156677846562	6.67467303170708e-05	57	"B2"	0.000244449064278104	"Medium effect"	"B2 Medium effect"
"s_Blautia_A_wexlerae_sv_241"	"enterotype"	"Abundance"	"B1"	27	"B2"	30	0	0.839733422666135	0	0	0	1.26109412372411	216	-0.41875800434176	6.67467303170708e-05	57	"B2"	0.000244449064278104	"Medium effect"	"B2 Medium effect"
"s_Bacteroides_finegoldii_sv_198"	"enterotype"	"Abundance"	"B1"	27	"B2"	30	0	0.677651726446091	0	0.000138256075329567	0	1.02208808258179	202.5	-0.417273705558928	3.07727480918181e-05	57	"B2"	0.000134541317238647	"Medium effect"	"B2 Medium effect"
"s_Choladousia_sp902363665_sv_751"	"enterotype"	"Abundance"	"B1"	27	"B2"	30	0.274225499611712	0	0	0	0.436969629870655	0	585	-0.417155675819733	5.70092732421753e-05	57	"B2"	0.000232994421076717	"Medium effect"	"B2 Medium effect"
"s_Blautia_A_wexlerae_sv_217"	"enterotype"	"Abundance"	"B1"	27	"B2"	30	0	0.987738771102087	0	0.000424643659940812	0	1.49264140600235	202.5	-0.416616591448601	3.07727480918181e-05	57	"B2"	0.000134541317238647	"Medium effect"	"B2 Medium effect"
"s_Holdemanella_porci_sv_451"	"enterotype"	"Abundance"	"B1"	27	"B2"	30	0.2864946989609	0	0	0	0.457444161429928	0	585	-0.416461969688062	5.70092732421753e-05	57	"B2"	0.000232994421076717	"Medium effect"	"B2 Medium effect"
"uc_uc_k_sv_405"	"enterotype"	"Abundance"	"B1"	27	"B2"	30	0	0.748710071642256	0	0.000740657546408394	0	1.13504842272276	202.5	-0.415521677091407	3.07727480918181e-05	57	"B2"	0.000134541317238647	"Medium effect"	"B2 Medium effect"
"s_Fusicatenibacter_saccharivorans_sv_689"	"enterotype"	"Abundance"	"B1"	27	"B2"	30	0.337597901543762	0	0	0	0.542147810123443	0	555	-0.414493302992523	0.000313051910391205	57	"B2"	0.000926830852811755	"Medium effect"	"B2 Medium effect"
"s_Blautia_A_wexlerae_sv_182"	"enterotype"	"Abundance"	"B1"	27	"B2"	30	0	1.28297440797935	0	0	0	1.95138705423928	216	-0.414398980361621	6.67467303170708e-05	57	"B2"	0.000244449064278104	"Medium effect"	"B2 Medium effect"
"s_Enterocloster_lavalensis_sv_457"	"enterotype"	"Abundance"	"B1"	27	"B2"	30	0	0.292660204286056	0	0	0	0.449947975739201	216	-0.410728744509481	6.67467303170708e-05	57	"B2"	0.000244449064278104	"Medium effect"	"B2 Medium effect"
"s_Clostridium_AP_sp000509125_sv_440"	"enterotype"	"Abundance"	"B1"	27	"B2"	30	0	0.152641273733427	0	0	0	0.234693807728803	256.5	-0.410704446504368	0.000595091543439825	57	"B2"	0.00161361360817337	"Medium effect"	"B2 Medium effect"
"s_Limivivens_faecihominis_sv_913"	"enterotype"	"Abundance"	"B1"	27	"B2"	30	0.122982648573302	0	0	0	0.200733759285573	0	525	-0.40895623240101	0.0015661934472061	57	"B2"	0.00349834892762075	"Medium effect"	"B2 Medium effect"
"s_Allocoprobacillus_merdigallinarum_sv_379"	"enterotype"	"Abundance"	"B1"	27	"B2"	30	0	0.527899533884375	0	0	0	0.815917377830008	216	-0.408932281647522	6.67467303170708e-05	57	"B2"	0.000244449064278104	"Medium effect"	"B2 Medium effect"
"s_Ruminococcus_B_gnavus_sv_1030"	"enterotype"	"Abundance"	"B1"	27	"B2"	30	0.087004925129141	0	0	0	0.142355812583651	0	540	-0.408132554677375	0.000707809556715205	57	"B2"	0.0018654420092868	"Medium effect"	"B2 Medium effect"
"s_Eubacterium_R_sp000436835_sv_427"	"enterotype"	"Abundance"	"B1"	27	"B2"	30	0	0.267613045436174	0	0	0	0.415514197249355	243	-0.407384107036319	0.000293180000236546	57	"B2"	0.000916085984118625	"Medium effect"	"B2 Medium effect"
"s_Prevotella_sp934191715_sv_651"	"enterotype"	"Abundance"	"B1"	27	"B2"	30	0	0.220363360525912	0	0	0	0.342712877870277	256.5	-0.406828921115911	0.000595091543439825	57	"B2"	0.00161361360817337	"Medium effect"	"B2 Medium effect"
"s_Blautia_celeris_sv_179"	"enterotype"	"Abundance"	"B1"	27	"B2"	30	0	1.31978064377617	0	0.152808016024806	0	2.05365096073873	189	-0.406646795724894	1.38456702520816e-05	57	"B2"	6.84996317734564e-05	"Medium effect"	"B2 Medium effect"
"s_Bacteroides_finegoldii_sv_159"	"enterotype"	"Abundance"	"B1"	27	"B2"	30	0.0027271831104052	1.00166639070029	0	0.000128380641377455	0.0141708591262966	1.5600793362153	211	-0.405402875755619	9.51691558276554e-05	57	"B2"	0.000345179446217348	"Medium effect"	"B2 Medium effect"
"s_Sellimonas_intestinalis_sv_786"	"enterotype"	"Abundance"	"B1"	27	"B2"	30	0	0.140399168169799	0	0	0	0.2200740798736	256.5	-0.404175307673496	0.000595091543439825	57	"B2"	0.00161361360817337	"Medium effect"	"B2 Medium effect"
"s_Escherichia_coli_sv_213"	"enterotype"	"Abundance"	"B1"	27	"B2"	30	0	1.14447958329976	0	0.136371748742903	0	1.79429849709786	202.5	-0.404111466351043	3.07727480918181e-05	57	"B2"	0.000134541317238647	"Medium effect"	"B2 Medium effect"
"s_Agathobaculum_butyriciproducens_sv_661"	"enterotype"	"Abundance"	"B1"	27	"B2"	30	0.356430500582354	0	0	0	0.59118764434104	0	525	-0.403528667218628	0.0015661934472061	57	"B2"	0.00349834892762075	"Medium effect"	"B2 Medium effect"
"s_Roseburia_hominis_sv_538"	"enterotype"	"Abundance"	"B1"	27	"B2"	30	0.541232580030656	0	0	0	0.898665384009923	0	585	-0.40316940581132	5.70092732421753e-05	57	"B2"	0.000232994421076717	"Medium effect"	"B2 Medium effect"
"s_Blautia_A_wexlerae_sv_188"	"enterotype"	"Abundance"	"B1"	27	"B2"	30	0	1.2697865620636	0	0	0	1.99750879798286	216	-0.402970933235118	6.67467303170708e-05	57	"B2"	0.000244449064278104	"Medium effect"	"B2 Medium effect"
"s_Agathobaculum_butyriciproducens_sv_591"	"enterotype"	"Abundance"	"B1"	27	"B2"	30	0.419139257873527	0	0	0	0.696800485310639	0	525	-0.402754256231014	0.0015661934472061	57	"B2"	0.00349834892762075	"Medium effect"	"B2 Medium effect"
"uc_uc_k_sv_402"	"enterotype"	"Abundance"	"B1"	27	"B2"	30	0	0.452903667649191	0	0	0	0.714143758155821	256.5	-0.40217998245052	0.000595091543439825	57	"B2"	0.00161361360817337	"Medium effect"	"B2 Medium effect"
"s_Dorea_D_hominis_sv_847"	"enterotype"	"Abundance"	"B1"	27	"B2"	30	0.114942999048021	0	0	0	0.191720664036274	0	540	-0.401643120359285	0.000707809556715205	57	"B2"	0.0018654420092868	"Medium effect"	"B2 Medium effect"
"s_Coprobacter_secundus_sv_674"	"enterotype"	"Abundance"	"B1"	27	"B2"	30	0.133788483925839	0	0	0	0.223395515990742	0	555	-0.401280452859001	0.000313051910391205	57	"B2"	0.000926830852811755	"Medium effect"	"B2 Medium effect"
"s_Anaerostipes_hadrus_sv_377"	"enterotype"	"Abundance"	"B1"	27	"B2"	30	0	0.565387149865695	0	0	0	0.896923653776507	216	-0.40014876626857	6.67467303170708e-05	57	"B2"	0.000244449064278104	"Medium effect"	"B2 Medium effect"
"s_Fusicatenibacter_saccharivorans_sv_408"	"enterotype"	"Abundance"	"B1"	27	"B2"	30	0	0.501141678159326	0	0	0	0.796730794171952	243	-0.399423044439816	0.000293180000236546	57	"B2"	0.000916085984118625	"Medium effect"	"B2 Medium effect"
"s_Oxalobacter_aliiformigenes_sv_705"	"enterotype"	"Abundance"	"B1"	27	"B2"	30	0.125795837480418	0	0	0	0.211221967351083	0	555	-0.399415797459008	0.000313051910391205	57	"B2"	0.000926830852811755	"Medium effect"	"B2 Medium effect"
"s_Alitiscatomonas_sp900066535_sv_730"	"enterotype"	"Abundance"	"B1"	27	"B2"	30	0.296741180789803	0	0	0	0.499836777802763	0	555	-0.398355449207798	0.000313051910391205	57	"B2"	0.000926830852811755	"Medium effect"	"B2 Medium effect"
"uc_uc_k_sv_718"	"enterotype"	"Abundance"	"B1"	27	"B2"	30	0	0.0960955426733443	0	0	0	0.153769612005303	256.5	-0.397257185733872	0.000595091543439825	57	"B2"	0.00161361360817337	"Medium effect"	"B2 Medium effect"
"s_Allocoprobacillus_merdigallinarum_sv_449"	"enterotype"	"Abundance"	"B1"	27	"B2"	30	0	0.37826576686144	0	0	0	0.608419751709682	229.5	-0.39554042027847	0.000141445061437432	57	"B2"	0.000465160435281117	"Medium effect"	"B2 Medium effect"
"s_Fusicatenibacter_saccharivorans_sv_594"	"enterotype"	"Abundance"	"B1"	27	"B2"	30	0.420137516532251	0	0	0	0.713877706499364	0	555	-0.395453312559249	0.000313051910391205	57	"B2"	0.000926830852811755	"Medium effect"	"B2 Medium effect"
"s_Clostridium_AQ_innocuum_sv_547"	"enterotype"	"Abundance"	"B1"	27	"B2"	30	0.274220618713091	0	0	0	0.467317020121694	0	540	-0.39447472796694	0.000707809556715205	57	"B2"	0.0018654420092868	"Medium effect"	"B2 Medium effect"
"s_Agathobaculum_butyriciproducens_sv_733"	"enterotype"	"Abundance"	"B1"	27	"B2"	30	0.295933080199089	0	0	0	0.504706681206426	0	525	-0.394219418923307	0.0015661934472061	57	"B2"	0.00349834892762075	"Medium effect"	"B2 Medium effect"
"s_Clostridium_AQ_innocuum_sv_205"	"enterotype"	"Abundance"	"B1"	27	"B2"	30	0	2.05172153807037	0	0.208963377538524	0	3.32052987990569	162	-0.393489510089105	2.59383899256948e-06	57	"B2"	1.72108846095198e-05	"Medium effect"	"B2 Medium effect"
"s_Agathobaculum_butyriciproducens_sv_683"	"enterotype"	"Abundance"	"B1"	27	"B2"	30	0.325010736009154	0	0	0	0.555519615401869	0	525	-0.393489211462247	0.0015661934472061	57	"B2"	0.00349834892762075	"Medium effect"	"B2 Medium effect"
"s_Hominiventricola_sp003480725_sv_986"	"enterotype"	"Abundance"	"B1"	27	"B2"	30	0.0991024747692495	0	0	0	0.169416887340538	0	540	-0.393435399036838	0.000707809556715205	57	"B2"	0.0018654420092868	"Medium effect"	"B2 Medium effect"
"s_Clostridium_AQ_innocuum_sv_151"	"enterotype"	"Abundance"	"B1"	27	"B2"	30	0	3.24198213675868	0	0.282610292788434	0	5.2595125256251	175.5	-0.392691731497578	6.0729150177275e-06	57	"B2"	3.54935136787389e-05	"Medium effect"	"B2 Medium effect"
"s_Escherichia_coli_sv_225"	"enterotype"	"Abundance"	"B1"	27	"B2"	30	0	1.07025729491654	0	0.186126584903233	0	1.73725803887137	189	-0.392507852681016	1.38456702520816e-05	57	"B2"	6.84996317734564e-05	"Medium effect"	"B2 Medium effect"
"s_Gordonibacter_urolithinfaciens_sv_713"	"enterotype"	"Abundance"	"B1"	27	"B2"	30	0.17325515594793	0	0	0	0.297056476166601	0	570	-0.392458778951278	0.000135265609089087	57	"B2"	0.000463767802591154	"Medium effect"	"B2 Medium effect"
"s_Clostridium_AQ_innocuum_sv_194"	"enterotype"	"Abundance"	"B1"	27	"B2"	30	0	2.25959426535199	0	0.152541623663793	0	3.67318694576395	189	-0.392023040949662	1.38456702520816e-05	57	"B2"	6.84996317734564e-05	"Medium effect"	"B2 Medium effect"
"s_Fusicatenibacter_saccharivorans_sv_174"	"enterotype"	"Abundance"	"B1"	27	"B2"	30	0	1.51356335681839	0	0	0	2.46058626202117	229.5	-0.392003683563809	0.000141445061437432	57	"B2"	0.000465160435281117	"Medium effect"	"B2 Medium effect"
"s_Fusicatenibacter_saccharivorans_sv_577"	"enterotype"	"Abundance"	"B1"	27	"B2"	30	0.438958943773234	0.00227286247904839	0	0	0.749795268667331	0.0124489804988192	531	-0.391935319218067	0.00248104325618826	57	"B2"	0.00529039091300635	"Medium effect"	"B2 Medium effect"
"s_Alitiscatomonas_sp900541255_sv_274"	"enterotype"	"Abundance"	"B1"	27	"B2"	30	0	0.797707392228274	0	0	0	1.29789287227946	270	-0.391731724814572	0.00118435091559326	57	"B2"	0.00280661309409495	"Medium effect"	"B2 Medium effect"
"s_Roseburia_inulinivorans_sv_1009"	"enterotype"	"Abundance"	"B1"	27	"B2"	30	0.0930025447157995	0	0	0	0.159885356386228	0	540	-0.39157472643282	0.000707809556715205	57	"B2"	0.0018654420092868	"Medium effect"	"B2 Medium effect"
"uc_uc_k_sv_843"	"enterotype"	"Abundance"	"B1"	27	"B2"	30	0	0.12663537376172	0	0	0	0.206363537023991	256.5	-0.391212335908941	0.000595091543439825	57	"B2"	0.00161361360817337	"Medium effect"	"B2 Medium effect"
"uc_uc_k_sv_616"	"enterotype"	"Abundance"	"B1"	27	"B2"	30	0	0.164137484568122	0	0	0	0.26797435110926	256.5	-0.390598536920703	0.000595091543439825	57	"B2"	0.00161361360817337	"Medium effect"	"B2 Medium effect"
"s_Alitiscatomonas_sp900541255_sv_329"	"enterotype"	"Abundance"	"B1"	27	"B2"	30	0	0.632467931638351	0	0	0	1.04232930938871	270	-0.38750593728683	0.00118435091559326	57	"B2"	0.00280661309409495	"Medium effect"	"B2 Medium effect"
"s_Hominiventricola_filiformis_sv_634"	"enterotype"	"Abundance"	"B1"	27	"B2"	30	0	0.359048592794382	0	0	0	0.591948766885027	270	-0.387381642894185	0.00118435091559326	57	"B2"	0.00280661309409495	"Medium effect"	"B2 Medium effect"
"s_Hominiventricola_filiformis_sv_744"	"enterotype"	"Abundance"	"B1"	27	"B2"	30	0	0.255679081859597	0	0	0	0.422482377979051	270	-0.386639581825324	0.00118435091559326	57	"B2"	0.00280661309409495	"Medium effect"	"B2 Medium effect"
"s_Escherichia_coli_sv_136"	"enterotype"	"Abundance"	"B1"	27	"B2"	30	0	2.20668690433533	0	0.57290460391208	0	3.64733974578985	189	-0.386547426351874	1.38456702520816e-05	57	"B2"	6.84996317734564e-05	"Medium effect"	"B2 Medium effect"
"s_Escherichia_coli_sv_628"	"enterotype"	"Abundance"	"B1"	27	"B2"	30	0	0.0850361904021332	0	0	0	0.140571349877414	270	-0.386504019519821	0.00118435091559326	57	"B2"	0.00280661309409495	"Medium effect"	"B2 Medium effect"
"s_Alitiscatomonas_sp900541255_sv_290"	"enterotype"	"Abundance"	"B1"	27	"B2"	30	0	0.706262509351399	0	0	0	1.16777526176592	270	-0.386428486438456	0.00118435091559326	57	"B2"	0.00280661309409495	"Medium effect"	"B2 Medium effect"
"s_Enterocloster_lavalensis_sv_477"	"enterotype"	"Abundance"	"B1"	27	"B2"	30	0	0.257870225570133	0	0	0	0.427151812871254	229.5	-0.385834248424947	0.000141445061437432	57	"B2"	0.000465160435281117	"Medium effect"	"B2 Medium effect"
"s_Sellimonas_intestinalis_sv_757"	"enterotype"	"Abundance"	"B1"	27	"B2"	30	0	0.159657010534106	0	0	0	0.265285600373378	256.5	-0.384821525783661	0.000595091543439825	57	"B2"	0.00161361360817337	"Medium effect"	"B2 Medium effect"
"s_Cuneatibacter_caecimuris_sv_852"	"enterotype"	"Abundance"	"B1"	27	"B2"	30	0	0.150241171540234	0	0	0	0.250148559526013	256.5	-0.384157146991231	0.000595091543439825	57	"B2"	0.00161361360817337	"Medium effect"	"B2 Medium effect"
"uc_uc_k_sv_109"	"enterotype"	"Abundance"	"B1"	27	"B2"	30	0	3.97474276239683	0	0	0	6.62618794657435	216	-0.383747111272038	6.67467303170708e-05	57	"B2"	0.000244449064278104	"Medium effect"	"B2 Medium effect"
"s_Blautia_A_wexlerae_sv_506"	"enterotype"	"Abundance"	"B1"	27	"B2"	30	0.513414283783311	0	0	0	0.905879686551684	0	585	-0.38304479384692	5.70092732421753e-05	57	"B2"	0.000232994421076717	"Medium effect"	"B2 Medium effect"
"s_Fusicatenibacter_saccharivorans_sv_724"	"enterotype"	"Abundance"	"B1"	27	"B2"	30	0.284358138363088	0	0	0	0.502006319347662	0	540	-0.382864044832644	0.000707809556715205	57	"B2"	0.0018654420092868	"Medium effect"	"B2 Medium effect"
"uc_uc_k_sv_105"	"enterotype"	"Abundance"	"B1"	27	"B2"	30	0	4.28434608517281	0	0	0	7.17553665385672	216	-0.382235360269202	6.67467303170708e-05	57	"B2"	0.000244449064278104	"Medium effect"	"B2 Medium effect"
"s_Enterocloster_asparagiformis_sv_472"	"enterotype"	"Abundance"	"B1"	27	"B2"	30	0	0.295095490814461	0	0	0	0.494364350687067	256.5	-0.382149405554552	0.000595091543439825	57	"B2"	0.00161361360817337	"Medium effect"	"B2 Medium effect"
"s_Choladousia_sp902363665_sv_887"	"enterotype"	"Abundance"	"B1"	27	"B2"	30	0.144803176417651	0	0	0	0.256385916496676	0	555	-0.38191034635889	0.000313051910391205	57	"B2"	0.000926830852811755	"Medium effect"	"B2 Medium effect"
"uc_uc_k_sv_202"	"enterotype"	"Abundance"	"B1"	27	"B2"	30	0	1.55133991331955	0	0	0	2.60249594923991	256.5	-0.381701202853403	0.000595091543439825	57	"B2"	0.00161361360817337	"Medium effect"	"B2 Medium effect"
"uc_uc_k_sv_107"	"enterotype"	"Abundance"	"B1"	27	"B2"	30	0	4.24428628546197	0	0	0	7.12069005442391	229.5	-0.381675515584223	0.000141445061437432	57	"B2"	0.000465160435281117	"Medium effect"	"B2 Medium effect"
"s_Fusicatenibacter_saccharivorans_sv_306"	"enterotype"	"Abundance"	"B1"	27	"B2"	30	0	0.76418255702077	0	0	0	1.28294455059267	216	-0.381455973233212	6.67467303170708e-05	57	"B2"	0.000244449064278104	"Medium effect"	"B2 Medium effect"
"s_Ruthenibacterium_lactatiformans_sv_411"	"enterotype"	"Abundance"	"B1"	27	"B2"	30	0	0.845642077122286	0	0	0	1.42392397307417	270	-0.380491941164719	0.00118435091559326	57	"B2"	0.00280661309409495	"Medium effect"	"B2 Medium effect"
"s_Enterocloster_citroniae_sv_859"	"enterotype"	"Abundance"	"B1"	27	"B2"	30	0.0468581652321482	0	0	0	0.0834856675247326	0	510	-0.379884115910101	0.00339842470812759	57	"B2"	0.00698255568445887	"Medium effect"	"B2 Medium effect"
"s_Choladousia_sp902363665_sv_813"	"enterotype"	"Abundance"	"B1"	27	"B2"	30	0.203857359417754	0	0	0	0.363836798462261	0	555	-0.379322043453005	0.000313051910391205	57	"B2"	0.000926830852811755	"Medium effect"	"B2 Medium effect"
"s_Prevotella_rara_sv_229"	"enterotype"	"Abundance"	"B1"	27	"B2"	30	0	0.726912596716034	0	0	0	1.2289794242068	229.5	-0.379177049816754	0.000141445061437432	57	"B2"	0.000465160435281117	"Medium effect"	"B2 Medium effect"
"s_Phocaeicola_vulgatus_sv_177"	"enterotype"	"Abundance"	"B1"	27	"B2"	30	1.76761114013403	0	0	0	3.15914318325263	0	570	-0.378873161063183	0.000135265609089087	57	"B2"	0.000463767802591154	"Medium effect"	"B2 Medium effect"
"uc_uc_k_sv_197"	"enterotype"	"Abundance"	"B1"	27	"B2"	30	0	1.58522068712177	0	0	0	2.68761662443325	256.5	-0.378272073308199	0.000595091543439825	57	"B2"	0.00161361360817337	"Medium effect"	"B2 Medium effect"
"uc_uc_k_sv_211"	"enterotype"	"Abundance"	"B1"	27	"B2"	30	0	1.43947574683051	0	0	0	2.4443893204691	256.5	-0.377760003347328	0.000595091543439825	57	"B2"	0.00161361360817337	"Medium effect"	"B2 Medium effect"
"uc_uc_k_sv_232"	"enterotype"	"Abundance"	"B1"	27	"B2"	30	0	1.27177340016585	0	0	0	2.1613981579466	256.5	-0.37749314512619	0.000595091543439825	57	"B2"	0.00161361360817337	"Medium effect"	"B2 Medium effect"
"s_Alitiscatomonas_sp900541255_sv_314"	"enterotype"	"Abundance"	"B1"	27	"B2"	30	0	0.653835224795529	0	0	0	1.11132452505117	270	-0.377457814076556	0.00118435091559326	57	"B2"	0.00280661309409495	"Medium effect"	"B2 Medium effect"
"s_Roseburia_inulinivorans_sv_1111"	"enterotype"	"Abundance"	"B1"	27	"B2"	30	0.0676205975306917	0	0	0	0.121620286689804	0	525	-0.376832394925162	0.0015661934472061	57	"B2"	0.00349834892762075	"Medium effect"	"B2 Medium effect"
"uc_uc_k_sv_195"	"enterotype"	"Abundance"	"B1"	27	"B2"	30	0	1.63335148244999	0	0	0	2.78208354215629	256.5	-0.376776116741228	0.000595091543439825	57	"B2"	0.00161361360817337	"Medium effect"	"B2 Medium effect"
"s_Enterocloster_aldenensis_sv_270"	"enterotype"	"Abundance"	"B1"	27	"B2"	30	0.444446473745008	0	0	0	0.799599247493814	0	570	-0.376738955332732	0.000135265609089087	57	"B2"	0.000463767802591154	"Medium effect"	"B2 Medium effect"
"s_Thomasclavelia_ramosa_sv_493"	"enterotype"	"Abundance"	"B1"	27	"B2"	30	0	0.580306515765138	0	0	0	0.988692696014229	283.5	-0.376691984981848	0.00231427323735704	57	"B2"	0.00495351083821392	"Medium effect"	"B2 Medium effect"
"s_Enterocloster_bolteae_sv_208"	"enterotype"	"Abundance"	"B1"	27	"B2"	30	0.180595896904695	0.807644344102649	0	0.000138256075329567	0.30728506909131	1.02921264517281	281.5	-0.376324282874553	0.0267832114684454	57	"B2"	0.0434697302682107	"Medium effect"	"B2 Medium effect"
"uc_uc_k_sv_871"	"enterotype"	"Abundance"	"B1"	27	"B2"	30	0	0.140784425309734	0	0	0	0.24031361569427	270	-0.376083880084694	0.00118435091559326	57	"B2"	0.00280661309409495	"Medium effect"	"B2 Medium effect"
"s_Escherichia_coli_sv_186"	"enterotype"	"Abundance"	"B1"	27	"B2"	30	0.124774786537372	1.48889562761676	0	0.137439502779054	0.355061479308663	2.30542564229115	250	-0.375903115219603	0.00377021284178845	57	"B2"	0.00773236379188613	"Medium effect"	"B2 Medium effect"
"uc_uc_k_sv_93"	"enterotype"	"Abundance"	"B1"	27	"B2"	30	0.00452417009730776	5.00823540659566	0	0.00208371656389561	0.0235082774118626	8.54847387305563	211	-0.375806660811687	9.51691558276554e-05	57	"B2"	0.000345179446217348	"Medium effect"	"B2 Medium effect"
"uc_uc_k_sv_855"	"enterotype"	"Abundance"	"B1"	27	"B2"	30	0.168636761711787	0	0	0	0.304380245178887	0	525	-0.375692523107826	0.0015661934472061	57	"B2"	0.00349834892762075	"Medium effect"	"B2 Medium effect"
"uc_uc_k_sv_257"	"enterotype"	"Abundance"	"B1"	27	"B2"	30	0	1.16896327905021	0	0	0	1.99891154820311	243	-0.375514152129089	0.000293180000236546	57	"B2"	0.000916085984118625	"Medium effect"	"B2 Medium effect"
"s_Ruminococcus_E_intestinalis_sv_498"	"enterotype"	"Abundance"	"B1"	27	"B2"	30	0	0.350775299811928	0	0	0	0.601029690776327	270	-0.374867123794413	0.00118435091559326	57	"B2"	0.00280661309409495	"Medium effect"	"B2 Medium effect"
"s_Enterocloster_aldenensis_sv_361"	"enterotype"	"Abundance"	"B1"	27	"B2"	30	0	0.591486511037228	0	0	0	1.01357773248497	216	-0.374833620887559	6.67467303170708e-05	57	"B2"	0.000244449064278104	"Medium effect"	"B2 Medium effect"
"s_Hominiventricola_filiformis_sv_712"	"enterotype"	"Abundance"	"B1"	27	"B2"	30	0	0.282397614894056	0	0	0	0.48401849277982	270	-0.374768006330537	0.00118435091559326	57	"B2"	0.00280661309409495	"Medium effect"	"B2 Medium effect"
"s_Fusicatenibacter_saccharivorans_sv_530"	"enterotype"	"Abundance"	"B1"	27	"B2"	30	0.528890263287829	0	0	0	0.958020451861487	0	555	-0.37454917065102	0.000313051910391205	57	"B2"	0.000926830852811755	"Medium effect"	"B2 Medium effect"
"s_Enterocloster_aldenensis_sv_368"	"enterotype"	"Abundance"	"B1"	27	"B2"	30	0	0.544649558602447	0	0	0	0.936778619807747	229.5	-0.37364580717854	0.000141445061437432	57	"B2"	0.000465160435281117	"Medium effect"	"B2 Medium effect"
"uc_uc_k_sv_231"	"enterotype"	"Abundance"	"B1"	27	"B2"	30	0	1.27649273346459	0	0	0	2.19915485599996	256.5	-0.373116366351204	0.000595091543439825	57	"B2"	0.00161361360817337	"Medium effect"	"B2 Medium effect"
"s_Enterocloster_lavalensis_sv_545"	"enterotype"	"Abundance"	"B1"	27	"B2"	30	0	0.170314838053264	0	0	0	0.29350175470163	270	-0.373027332536395	0.00118435091559326	57	"B2"	0.00280661309409495	"Medium effect"	"B2 Medium effect"
"s_Blautia_A_wexlerae_sv_422"	"enterotype"	"Abundance"	"B1"	27	"B2"	30	0.756631451117878	0	0	0	1.37865748726164	0	585	-0.37265774727483	5.70092732421753e-05	57	"B2"	0.000232994421076717	"Medium effect"	"B2 Medium effect"
"uc_uc_k_sv_103"	"enterotype"	"Abundance"	"B1"	27	"B2"	30	0	4.44416261181489	0	0	0	7.67272198616306	216	-0.372436865184175	6.67467303170708e-05	57	"B2"	0.000244449064278104	"Medium effect"	"B2 Medium effect"
"s_Faecalibacterium_longum_sv_715"	"enterotype"	"Abundance"	"B1"	27	"B2"	30	0.286611748158053	0	0	0	0.523074640025325	0	525	-0.372143943675695	0.0015661934472061	57	"B2"	0.00349834892762075	"Medium effect"	"B2 Medium effect"
"s_Hominiventricola_sp018223365_sv_747"	"enterotype"	"Abundance"	"B1"	27	"B2"	30	0	0.25089921412457	0	0	0	0.43370453971592	297	-0.372042874889408	0.00444680060798884	57	"B2"	0.00867818526956991	"Medium effect"	"B2 Medium effect"
"s_Hominiventricola_filiformis_sv_779"	"enterotype"	"Abundance"	"B1"	27	"B2"	30	0	0.211533866809714	0	0	0	0.366535986436993	283.5	-0.371276495322089	0.00231427323735704	57	"B2"	0.00495351083821392	"Medium effect"	"B2 Medium effect"
"uc_g_Escherichia_sv_764"	"enterotype"	"Abundance"	"B1"	27	"B2"	30	0.218357324910126	0	0	0	0.399864606004711	0	555	-0.371058874527237	0.000313051910391205	57	"B2"	0.000926830852811755	"Medium effect"	"B2 Medium effect"
"s_Lachnoclostridium_B_faecipullorum_sv_850"	"enterotype"	"Abundance"	"B1"	27	"B2"	30	0	0.155954933117836	0	0	0	0.271200602359235	270	-0.370134969198383	0.00118435091559326	57	"B2"	0.00280661309409495	"Medium effect"	"B2 Medium effect"
"s_Agathobaculum_butyriciproducens_sv_626"	"enterotype"	"Abundance"	"B1"	27	"B2"	30	0.393491760777641	0	0	0	0.722791998386629	0	525	-0.37008081975975	0.0015661934472061	57	"B2"	0.00349834892762075	"Medium effect"	"B2 Medium effect"
"s_Blautia_A_wexlerae_sv_437"	"enterotype"	"Abundance"	"B1"	27	"B2"	30	0.678269164347	0	0	0	1.24991833551533	0	600	-0.369053723658949	2.34020570536416e-05	57	"B2"	0.000107306993319137	"Medium effect"	"B2 Medium effect"
"s_Hominiventricola_filiformis_sv_699"	"enterotype"	"Abundance"	"B1"	27	"B2"	30	0	0.294705092366696	0	0	0	0.515527274397833	270	-0.368251515557852	0.00118435091559326	57	"B2"	0.00280661309409495	"Medium effect"	"B2 Medium effect"
"s_Gemmiger_formicilis_sv_298"	"enterotype"	"Abundance"	"B1"	27	"B2"	30	0	1.34548370731832	0	0	0	2.35420359275743	270	-0.368177285364182	0.00118435091559326	57	"B2"	0.00280661309409495	"Medium effect"	"B2 Medium effect"
"s_Parabacteroides_sp003473295_sv_183"	"enterotype"	"Abundance"	"B1"	27	"B2"	30	0	0.406983789497228	0	0	0	0.713117894755805	256.5	-0.367725372188985	0.000595091543439825	57	"B2"	0.00161361360817337	"Medium effect"	"B2 Medium effect"
"s_Alitiscatomonas_sp900066535_sv_708"	"enterotype"	"Abundance"	"B1"	27	"B2"	30	0.315357294214299	0	0	0	0.583944459061012	0	510	-0.367526717542889	0.00339842470812759	57	"B2"	0.00698255568445887	"Medium effect"	"B2 Medium effect"
"s_Ruminococcus_E_intestinalis_sv_501"	"enterotype"	"Abundance"	"B1"	27	"B2"	30	0	0.320957027996319	0	0	0	0.564368319331228	270	-0.366608250998096	0.00118435091559326	57	"B2"	0.00280661309409495	"Medium effect"	"B2 Medium effect"
"s_Flavonifractor_plautii_sv_453"	"enterotype"	"Abundance"	"B1"	27	"B2"	30	0.216681302326253	0	0	0	0.402512580819199	0	555	-0.366513561860262	0.000313051910391205	57	"B2"	0.000926830852811755	"Medium effect"	"B2 Medium effect"
"uc_uc_k_sv_1025"	"enterotype"	"Abundance"	"B1"	27	"B2"	30	0	0.072306074559839	0	0	0	0.12725393295831	256.5	-0.366330925264534	0.000595091543439825	57	"B2"	0.00161361360817337	"Medium effect"	"B2 Medium effect"
"s_Anaerobutyricum_hallii_sv_601"	"enterotype"	"Abundance"	"B1"	27	"B2"	30	0.180016270790829	0	0	0	0.334665510397196	0	525	-0.366265060648076	0.0015661934472061	57	"B2"	0.00349834892762075	"Medium effect"	"B2 Medium effect"
"s_Blautia_A_obeum_sv_504"	"enterotype"	"Abundance"	"B1"	27	"B2"	30	0	0.422954399156571	0	0	0	0.745860104335563	270	-0.365699578011882	0.00118435091559326	57	"B2"	0.00280661309409495	"Medium effect"	"B2 Medium effect"
"s_Dysosmobacter_sp900115635_sv_969"	"enterotype"	"Abundance"	"B1"	27	"B2"	30	0	0.0945845590417878	0	0	0	0.167071122722082	270	-0.365178035320549	0.00118435091559326	57	"B2"	0.00280661309409495	"Medium effect"	"B2 Medium effect"
"s_Ruminococcus_E_intestinalis_sv_534"	"enterotype"	"Abundance"	"B1"	27	"B2"	30	0	0.29966621912752	0	0	0	0.529407821770233	270	-0.365126137384247	0.00118435091559326	57	"B2"	0.00280661309409495	"Medium effect"	"B2 Medium effect"
"s_Limivivens_faecihominis_sv_935"	"enterotype"	"Abundance"	"B1"	27	"B2"	30	0.10673453408082	0	0	0	0.199410742374408	0	525	-0.364705791024872	0.0015661934472061	57	"B2"	0.00349834892762075	"Medium effect"	"B2 Medium effect"
"s_Blautia_A_wexlerae_sv_525"	"enterotype"	"Abundance"	"B1"	27	"B2"	30	0.46171273668489	0	0	0	0.862647845821216	0	555	-0.364692652565619	0.000313051910391205	57	"B2"	0.000926830852811755	"Medium effect"	"B2 Medium effect"
"s_Blautia_A_wexlerae_sv_462"	"enterotype"	"Abundance"	"B1"	27	"B2"	30	0.576127888988371	0	0	0	1.07676045826926	0	540	-0.364592094163456	0.000707809556715205	57	"B2"	0.0018654420092868	"Medium effect"	"B2 Medium effect"
"s_Enterocloster_sp001517625_sv_943"	"enterotype"	"Abundance"	"B1"	27	"B2"	30	0.116472776413603	0	0	0	0.218339112842066	0	525	-0.363644230042201	0.0015661934472061	57	"B2"	0.00349834892762075	"Medium effect"	"B2 Medium effect"
"s_Dysosmobacter_sp900115635_sv_1081"	"enterotype"	"Abundance"	"B1"	27	"B2"	30	0.076656103854201	0	0	0	0.143745476949544	0	525	-0.363542551788082	0.0015661934472061	57	"B2"	0.00349834892762075	"Medium effect"	"B2 Medium effect"
"s_Lawsonibacter_asaccharolyticus_sv_698"	"enterotype"	"Abundance"	"B1"	27	"B2"	30	0.0742640936836037	0	0	0	0.139279413078949	0	510	-0.363498652742613	0.00339842470812759	57	"B2"	0.00698255568445887	"Medium effect"	"B2 Medium effect"
"s_Enterocloster_aldenensis_sv_396"	"enterotype"	"Abundance"	"B1"	27	"B2"	30	0	0.543132815936464	0	0	0	0.965881051208831	216	-0.363048339635153	6.67467303170708e-05	57	"B2"	0.000244449064278104	"Medium effect"	"B2 Medium effect"
"s_Hominiventricola_sp003480725_sv_1118"	"enterotype"	"Abundance"	"B1"	27	"B2"	30	0.0669297728077434	0	0	0	0.126200379221636	0	510	-0.361811100063853	0.00339842470812759	57	"B2"	0.00698255568445887	"Medium effect"	"B2 Medium effect"
"s_Prevotella_rara_sv_354"	"enterotype"	"Abundance"	"B1"	27	"B2"	30	0	0.430659572387565	0	0	0	0.770102419409198	243	-0.361316411923538	0.000293180000236546	57	"B2"	0.000916085984118625	"Medium effect"	"B2 Medium effect"
"s_Enterocloster_aldenensis_sv_363"	"enterotype"	"Abundance"	"B1"	27	"B2"	30	0	0.572397368650433	0	0.0677247604444444	0	1.02806231897839	202.5	-0.359942191462776	3.07727480918181e-05	57	"B2"	0.000134541317238647	"Medium effect"	"B2 Medium effect"
"s_Ruminococcus_E_intestinalis_sv_607"	"enterotype"	"Abundance"	"B1"	27	"B2"	30	0	0.235382927093507	0	0	0	0.423087407626596	270	-0.359702417136065	0.00118435091559326	57	"B2"	0.00280661309409495	"Medium effect"	"B2 Medium effect"
"s_Gemmiger_formicilis_sv_438"	"enterotype"	"Abundance"	"B1"	27	"B2"	30	0	0.730456936001935	0	0	0	1.31489469746128	270	-0.359241480459877	0.00118435091559326	57	"B2"	0.00280661309409495	"Medium effect"	"B2 Medium effect"
"s_Dysosmobacter_sp900115635_sv_1119"	"enterotype"	"Abundance"	"B1"	27	"B2"	30	0.0668937830223786	0	0	0	0.127232005978815	0	510	-0.359096404943885	0.00339842470812759	57	"B2"	0.00698255568445887	"Medium effect"	"B2 Medium effect"
"s_Escherichia_coli_sv_283"	"enterotype"	"Abundance"	"B1"	27	"B2"	30	0	0.84371495277497	0	0	0	1.52157031940522	216	-0.358667034123555	6.67467303170708e-05	57	"B2"	0.000244449064278104	"Medium effect"	"B2 Medium effect"
"s_Alitiscatomonas_sp900066535_sv_592"	"enterotype"	"Abundance"	"B1"	27	"B2"	30	0	0.399219241333829	0	0	0	0.721112995416834	270	-0.358168046186354	0.00118435091559326	57	"B2"	0.00280661309409495	"Medium effect"	"B2 Medium effect"
"s_Thomasclavelia_ramosa_sv_171"	"enterotype"	"Abundance"	"B1"	27	"B2"	30	0.0973061343741771	1.57543958497829	0	0	0.29704906493971	2.6560460822429	271.5	-0.358059328086908	0.00860451847980581	57	"B2"	0.0154061854686047	"Medium effect"	"B2 Medium effect"
"s_Lachnoclostridium_B_faecipullorum_sv_697"	"enterotype"	"Abundance"	"B1"	27	"B2"	30	0	0.296346693340413	0	0	0	0.535964941185787	270	-0.35777781813623	0.00118435091559326	57	"B2"	0.00280661309409495	"Medium effect"	"B2 Medium effect"
"s_Dorea_D_sp000433535_sv_212"	"enterotype"	"Abundance"	"B1"	27	"B2"	30	0	0.501640227074701	0	0	0	0.907588464761896	270	-0.357662968735982	0.00118435091559326	57	"B2"	0.00280661309409495	"Medium effect"	"B2 Medium effect"
"s_UBA7173_sp001689485_sv_709"	"enterotype"	"Abundance"	"B1"	27	"B2"	30	0	0.114986183608304	0	0	0	0.208217008963513	256.5	-0.357395185107741	0.000595091543439825	57	"B2"	0.00161361360817337	"Medium effect"	"B2 Medium effect"
"s_Gemmiger_formicilis_sv_469"	"enterotype"	"Abundance"	"B1"	27	"B2"	30	0	0.631011909914942	0	0	0	1.1463566740952	270	-0.356385518817847	0.00118435091559326	57	"B2"	0.00280661309409495	"Medium effect"	"B2 Medium effect"
"uc_uc_k_sv_720"	"enterotype"	"Abundance"	"B1"	27	"B2"	30	0	0.0744790553210068	0	0	0	0.135439904332711	297	-0.356078174177356	0.00444680060798884	57	"B2"	0.00867818526956991	"Medium effect"	"B2 Medium effect"
"s_Sellimonas_intestinalis_sv_806"	"enterotype"	"Abundance"	"B1"	27	"B2"	30	0	0.109467905715781	0	0	0	0.199371806835969	270	-0.35560391670133	0.00118435091559326	57	"B2"	0.00280661309409495	"Medium effect"	"B2 Medium effect"
"uc_uc_k_sv_612"	"enterotype"	"Abundance"	"B1"	27	"B2"	30	0	0.0924640521270591	0	0	0	0.168545344670823	283.5	-0.355342228595466	0.00231427323735704	57	"B2"	0.00495351083821392	"Medium effect"	"B2 Medium effect"
"s_Blautia_A_obeum_sv_575"	"enterotype"	"Abundance"	"B1"	27	"B2"	30	0	0.305850001852744	0	0	0	0.558743395153709	283.5	-0.3546581142845	0.00231427323735704	57	"B2"	0.00495351083821392	"Medium effect"	"B2 Medium effect"
"s_Gemmiger_formicilis_sv_524"	"enterotype"	"Abundance"	"B1"	27	"B2"	30	0	0.50397410886126	0	0	0	0.92091866581961	270	-0.354580407547514	0.00118435091559326	57	"B2"	0.00280661309409495	"Medium effect"	"B2 Medium effect"
"s_Otoolea_symbiosa_sv_178"	"enterotype"	"Abundance"	"B1"	27	"B2"	30	0	1.0781686218884	0	0.6108580691525	0	1.9726616274773	162	-0.354186944335994	2.59383899256948e-06	57	"B2"	1.72108846095198e-05	"Medium effect"	"B2 Medium effect"
"s_Cuneatibacter_caecimuris_sv_918"	"enterotype"	"Abundance"	"B1"	27	"B2"	30	0	0.103417036220986	0	0	0	0.189437212561953	283.5	-0.353826176936438	0.00231427323735704	57	"B2"	0.00495351083821392	"Medium effect"	"B2 Medium effect"
"s_Escherichia_coli_sv_374"	"enterotype"	"Abundance"	"B1"	27	"B2"	30	0.749339270916971	0	0	0	1.44974980227098	0	555	-0.353805538303927	0.000313051910391205	57	"B2"	0.000926830852811755	"Medium effect"	"B2 Medium effect"
"s_Lachnoclostridium_B_faecipullorum_sv_826"	"enterotype"	"Abundance"	"B1"	27	"B2"	30	0	0.171292889873855	0	0	0	0.313960416463133	283.5	-0.353639705976875	0.00231427323735704	57	"B2"	0.00495351083821392	"Medium effect"	"B2 Medium effect"
"s_Holdemanella_porci_sv_649"	"enterotype"	"Abundance"	"B1"	27	"B2"	30	0.145586652982124	0	0	0	0.282084187768597	0	525	-0.353348932301027	0.0015661934472061	57	"B2"	0.00349834892762075	"Medium effect"	"B2 Medium effect"
"s_Blautia_A_wexlerae_sv_430"	"enterotype"	"Abundance"	"B1"	27	"B2"	30	0.718140031295697	0	0	0	1.39400789845841	0	570	-0.35278185005088	0.000135265609089087	57	"B2"	0.000463767802591154	"Medium effect"	"B2 Medium effect"
"s_Anaerotruncus_colihominis_sv_613"	"enterotype"	"Abundance"	"B1"	27	"B2"	30	0.029409083101089	0.160666397434191	0	0	0.0657458434155911	0.233096574865221	268	-0.352761156302915	0.0093120827410865	57	"B2"	0.0166466391948424	"Medium effect"	"B2 Medium effect"
"s_Blautia_A_obeum_sv_527"	"enterotype"	"Abundance"	"B1"	27	"B2"	30	0	0.377253578585575	0	0	0	0.694177355600604	270	-0.3524320209826	0.00118435091559326	57	"B2"	0.00280661309409495	"Medium effect"	"B2 Medium effect"
"s_Alitiscatomonas_sp900066535_sv_621"	"enterotype"	"Abundance"	"B1"	27	"B2"	30	0.411997474553438	0	0	0	0.802144865247846	0	510	-0.351858948244318	0.00339842470812759	57	"B2"	0.00698255568445887	"Medium effect"	"B2 Medium effect"
"s_Bacteroides_stercoris_sv_276"	"enterotype"	"Abundance"	"B1"	27	"B2"	30	0	0.772652013377036	0	0	0	1.42441723891117	243	-0.35185374274776	0.000293180000236546	57	"B2"	0.000916085984118625	"Medium effect"	"B2 Medium effect"
"s_Agathobacter_faecis_sv_317"	"enterotype"	"Abundance"	"B1"	27	"B2"	30	0	1.26565171497428	0	0	0	2.33501051154916	270	-0.351626254718362	0.00118435091559326	57	"B2"	0.00280661309409495	"Medium effect"	"B2 Medium effect"
"s_Adlercreutzia_equolifaciens_sv_978"	"enterotype"	"Abundance"	"B1"	27	"B2"	30	0.0911709910104034	0	0	0	0.178081824359234	0	510	-0.35086531968888	0.00339842470812759	57	"B2"	0.00698255568445887	"Medium effect"	"B2 Medium effect"
"s_Bacteroides_stercoris_sv_278"	"enterotype"	"Abundance"	"B1"	27	"B2"	30	0	0.794783563362136	0	0	0	1.47023150247009	256.5	-0.350804372728431	0.000595091543439825	57	"B2"	0.00161361360817337	"Medium effect"	"B2 Medium effect"
"s_Alitiscatomonas_sp900066535_sv_557"	"enterotype"	"Abundance"	"B1"	27	"B2"	30	0	0.45320265684655	0	0	0	0.839313250890255	270	-0.350454893398094	0.00118435091559326	57	"B2"	0.00280661309409495	"Medium effect"	"B2 Medium effect"
"s_Alitiscatomonas_sp900066535_sv_572"	"enterotype"	"Abundance"	"B1"	27	"B2"	30	0	0.42651202945147	0	0	0	0.791660399054524	270	-0.349766246941934	0.00118435091559326	57	"B2"	0.00280661309409495	"Medium effect"	"B2 Medium effect"
"s_Escherichia_coli_sv_473"	"enterotype"	"Abundance"	"B1"	27	"B2"	30	0.488309791055837	0	0	0	0.957553926647743	0	525	-0.349662013243471	0.0015661934472061	57	"B2"	0.00349834892762075	"Medium effect"	"B2 Medium effect"
"s_Blautia_A_wexlerae_sv_382"	"enterotype"	"Abundance"	"B1"	27	"B2"	30	0.896795400351724	0	0	0	1.75937583448617	0	570	-0.349522850583728	0.000135265609089087	57	"B2"	0.000463767802591154	"Medium effect"	"B2 Medium effect"
"s_Diplocloster_modestus_sv_835"	"enterotype"	"Abundance"	"B1"	27	"B2"	30	0	0.100050954429646	0	0	0	0.185983785295821	283.5	-0.349310828361773	0.00231427323735704	57	"B2"	0.00495351083821392	"Medium effect"	"B2 Medium effect"
"s_Bacteroides_stercoris_sv_243"	"enterotype"	"Abundance"	"B1"	27	"B2"	30	0	0.907313107679647	0	0	0	1.68937200237274	256.5	-0.348807945563098	0.000595091543439825	57	"B2"	0.00161361360817337	"Medium effect"	"B2 Medium effect"
"s_Escherichia_coli_sv_888"	"enterotype"	"Abundance"	"B1"	27	"B2"	30	0.129483604771124	0	0	0	0.256649591156814	0	510	-0.34638950468143	0.00339842470812759	57	"B2"	0.00698255568445887	"Medium effect"	"B2 Medium effect"
"s_Escherichia_coli_sv_281"	"enterotype"	"Abundance"	"B1"	27	"B2"	30	0	0.386658559579964	0	0	0	0.725712023775638	243	-0.346373246999992	0.000293180000236546	57	"B2"	0.000916085984118625	"Medium effect"	"B2 Medium effect"
"s_Enterocloster_aldenensis_sv_441"	"enterotype"	"Abundance"	"B1"	27	"B2"	30	0	0.366723339940555	0	0	0	0.68976717006174	256.5	-0.345724443622542	0.000595091543439825	57	"B2"	0.00161361360817337	"Medium effect"	"B2 Medium effect"
"s_Anaerobutyricum_hallii_sv_587"	"enterotype"	"Abundance"	"B1"	27	"B2"	30	0.196855399556899	0	0	0	0.391082614958981	0	540	-0.345693060398177	0.000707809556715205	57	"B2"	0.0018654420092868	"Medium effect"	"B2 Medium effect"
"s_Alitiscatomonas_sp900066535_sv_615"	"enterotype"	"Abundance"	"B1"	27	"B2"	30	0	0.375206353891316	0	0	0	0.707609386159176	270	-0.344914442821544	0.00118435091559326	57	"B2"	0.00280661309409495	"Medium effect"	"B2 Medium effect"
"s_Fusicatenibacter_saccharivorans_sv_496"	"enterotype"	"Abundance"	"B1"	27	"B2"	30	0.58835039663282	0	0	0	1.17327722865757	0	525	-0.344545424313626	0.0015661934472061	57	"B2"	0.00349834892762075	"Medium effect"	"B2 Medium effect"
"s_Agathobacter_faecis_sv_293"	"enterotype"	"Abundance"	"B1"	27	"B2"	30	0	1.41682538011821	0	0	0	2.68338428354412	256.5	-0.343629621107568	0.000595091543439825	57	"B2"	0.00161361360817337	"Medium effect"	"B2 Medium effect"
"s_Blautia_A_faecis_sv_395"	"enterotype"	"Abundance"	"B1"	27	"B2"	30	0.983470997037405	0	0	0	1.97042264010469	0	570	-0.34312938864604	0.000135265609089087	57	"B2"	0.000463767802591154	"Medium effect"	"B2 Medium effect"
"s_Anthropogastromicrobium_aceti_sv_945"	"enterotype"	"Abundance"	"B1"	27	"B2"	30	0.109232280660758	0	0	0	0.219447307563044	0	495	-0.342308541917279	0.00724898357070568	57	"B2"	0.0135378368671457	"Medium effect"	"B2 Medium effect"
"s_Otoolea_symbiosa_sv_170"	"enterotype"	"Abundance"	"B1"	27	"B2"	30	0	1.14880607837972	0	0.480343474513385	0	2.1865061513943	175.5	-0.342144014556083	6.0729150177275e-06	57	"B2"	3.54935136787389e-05	"Medium effect"	"B2 Medium effect"
"s_Alitiscatomonas_sp900066055_sv_690"	"enterotype"	"Abundance"	"B1"	27	"B2"	30	0	0.302124709677542	0	0	0	0.5761044193503	283.5	-0.341581575262346	0.00231427323735704	57	"B2"	0.00495351083821392	"Medium effect"	"B2 Medium effect"
"s_Schaedlerella_glycyrrhizinilytica_A_sv_522"	"enterotype"	"Abundance"	"B1"	27	"B2"	30	0.327919424503536	0	0	0	0.661011843942401	0	570	-0.341294152065091	0.000135265609089087	57	"B2"	0.000463767802591154	"Medium effect"	"B2 Medium effect"
"uc_uc_k_sv_732"	"enterotype"	"Abundance"	"B1"	27	"B2"	30	0	0.071988368128019	0	0	0	0.137444962205209	297	-0.341199454698488	0.00444680060798884	57	"B2"	0.00867818526956991	"Medium effect"	"B2 Medium effect"
"s_Bacteroides_stercoris_sv_156"	"enterotype"	"Abundance"	"B1"	27	"B2"	30	0	1.67122466551011	0	0	0	3.1960108543029	270	-0.340710143142399	0.00118435091559326	57	"B2"	0.00280661309409495	"Medium effect"	"B2 Medium effect"
"s_Roseburia_inulinivorans_sv_1102"	"enterotype"	"Abundance"	"B1"	27	"B2"	30	0.070416205691596	0	0	0	0.142313284632902	0	510	-0.340511572115022	0.00339842470812759	57	"B2"	0.00698255568445887	"Medium effect"	"B2 Medium effect"
"s_Anthropogastromicrobium_aceti_sv_1101"	"enterotype"	"Abundance"	"B1"	27	"B2"	30	0.0705219554159177	0	0	0	0.142559208037725	0	495	-0.340443734688134	0.00724898357070568	57	"B2"	0.0135378368671457	"Medium effect"	"B2 Medium effect"
"s_Dorea_D_hominis_sv_882"	"enterotype"	"Abundance"	"B1"	27	"B2"	30	0.091808717012864	0	0	0	0.186700320934462	0	510	-0.338656252134988	0.00339842470812759	57	"B2"	0.00698255568445887	"Medium effect"	"B2 Medium effect"
"s_Hominimerdicola_aceti_sv_246"	"enterotype"	"Abundance"	"B1"	27	"B2"	30	0	0.837792864490403	0	0	0	1.61851000432291	229.5	-0.337672447227868	0.000141445061437432	57	"B2"	0.000465160435281117	"Medium effect"	"B2 Medium effect"
"s_Alitiscatomonas_sp900066535_sv_658"	"enterotype"	"Abundance"	"B1"	27	"B2"	30	0	0.345030464182947	0	0	0	0.666766519775513	270	-0.337577879460097	0.00118435091559326	57	"B2"	0.00280661309409495	"Medium effect"	"B2 Medium effect"
"s_Agathobacter_faecis_sv_309"	"enterotype"	"Abundance"	"B1"	27	"B2"	30	0	1.30096772328471	0	0	0	2.51541648705434	283.5	-0.337421898512347	0.00231427323735704	57	"B2"	0.00495351083821392	"Medium effect"	"B2 Medium effect"
"s_Choladousia_sp902363665_sv_819"	"enterotype"	"Abundance"	"B1"	27	"B2"	30	0.195621262976345	0	0	0	0.399939669072281	0	540	-0.337062981495371	0.000707809556715205	57	"B2"	0.0018654420092868	"Medium effect"	"B2 Medium effect"
"uc_uc_k_sv_436"	"enterotype"	"Abundance"	"B1"	27	"B2"	30	0	0.493720102967258	0	0	0	0.956280930547253	256.5	-0.336899254171701	0.000595091543439825	57	"B2"	0.00161361360817337	"Medium effect"	"B2 Medium effect"
"s_Phascolarctobacterium_faecium_sv_121"	"enterotype"	"Abundance"	"B1"	27	"B2"	30	0	0.619122410374287	0	0	0	1.2008025030677	310.5	-0.336494365866407	0.00841687976229796	57	"B2"	0.0150941818312752	"Medium effect"	"B2 Medium effect"
"s_Hominilimicola_fabiformis_sv_523"	"enterotype"	"Abundance"	"B1"	27	"B2"	30	0	0.475139104999834	0	0	0	0.922016007330248	310.5	-0.336341779324559	0.00841687976229796	57	"B2"	0.0150941818312752	"Medium effect"	"B2 Medium effect"
"s_Butyricimonas_virosa_sv_569"	"enterotype"	"Abundance"	"B1"	27	"B2"	30	0	0.0586041846492484	0	0	0	0.113914588720055	297	-0.335839724047154	0.00444680060798884	57	"B2"	0.00867818526956991	"Medium effect"	"B2 Medium effect"
"s_Odoribacter_splanchnicus_sv_795"	"enterotype"	"Abundance"	"B1"	27	"B2"	30	0	0.0718066544711578	0	0	0	0.139579839737341	283.5	-0.335834738140346	0.00231427323735704	57	"B2"	0.00495351083821392	"Medium effect"	"B2 Medium effect"
"s_Enterocloster_citroniae_sv_845"	"enterotype"	"Abundance"	"B1"	27	"B2"	30	0.0473291969873116	0	0	0	0.097187924301156	0	495	-0.335757501637594	0.00724898357070568	57	"B2"	0.0135378368671457	"Medium effect"	"B2 Medium effect"
"s_Dorea_D_sp000433535_sv_364"	"enterotype"	"Abundance"	"B1"	27	"B2"	30	0	0.275199492288927	0	0	0	0.53553661468964	283.5	-0.33550386953325	0.00231427323735704	57	"B2"	0.00495351083821392	"Medium effect"	"B2 Medium effect"
"s_Blautia_A_obeum_sv_489"	"enterotype"	"Abundance"	"B1"	27	"B2"	30	0	0.452310475242085	0	0	0	0.881676518193361	283.5	-0.335004070277336	0.00231427323735704	57	"B2"	0.00495351083821392	"Medium effect"	"B2 Medium effect"
"s_Holdemanella_porci_sv_659"	"enterotype"	"Abundance"	"B1"	27	"B2"	30	0.0865136356111162	0	0	0	0.178435801397801	0	495	-0.334449277225168	0.00724898357070568	57	"B2"	0.0135378368671457	"Medium effect"	"B2 Medium effect"
"s_Agathobacter_faecis_sv_273"	"enterotype"	"Abundance"	"B1"	27	"B2"	30	0	1.5484784717342	0	0	0	3.02495776814119	283.5	-0.334361229017364	0.00231427323735704	57	"B2"	0.00495351083821392	"Medium effect"	"B2 Medium effect"
"s_Hominimerdicola_aceti_sv_140"	"enterotype"	"Abundance"	"B1"	27	"B2"	30	0	1.6235573675385	0	0	0	3.18099111266678	216	-0.333488292686336	6.67467303170708e-05	57	"B2"	0.000244449064278104	"Medium effect"	"B2 Medium effect"
"s_Gemmiger_qucibialis_sv_760"	"enterotype"	"Abundance"	"B1"	27	"B2"	30	0.167572748923965	0	0	0	0.347575038185169	0	525	-0.332781984522834	0.0015661934472061	57	"B2"	0.00349834892762075	"Medium effect"	"B2 Medium effect"
"s_Blautia_A_obeum_sv_1051"	"enterotype"	"Abundance"	"B1"	27	"B2"	30	0.0604862261689627	0	0	0	0.12560016584173	0	495	-0.332449958015226	0.00724898357070568	57	"B2"	0.0135378368671457	"Medium effect"	"B2 Medium effect"
"s_Gallintestinimicrobium_propionicum_sv_841"	"enterotype"	"Abundance"	"B1"	27	"B2"	30	0.160368425199468	0	0	0	0.333017432037617	0	525	-0.332440189162725	0.0015661934472061	57	"B2"	0.00349834892762075	"Medium effect"	"B2 Medium effect"
"s_Avimicrobium_caecorum_sv_803"	"enterotype"	"Abundance"	"B1"	27	"B2"	30	0	0.0484634930466535	0	0	0	0.0955868695855017	297	-0.331525519456445	0.00444680060798884	57	"B2"	0.00867818526956991	"Medium effect"	"B2 Medium effect"
"s_Dysosmobacter_welbionis_sv_459"	"enterotype"	"Abundance"	"B1"	27	"B2"	30	0	0.668233970736608	0	0	0	1.31938372643533	270	-0.331214410006763	0.00118435091559326	57	"B2"	0.00280661309409495	"Medium effect"	"B2 Medium effect"
"s_Paramuribaculum_sp910588065_sv_761"	"enterotype"	"Abundance"	"B1"	27	"B2"	30	0.0420199766877849	0	0	0	0.0877230229771773	0	495	-0.330873842105273	0.00724898357070568	57	"B2"	0.0135378368671457	"Medium effect"	"B2 Medium effect"
"uc_uc_k_sv_1207"	"enterotype"	"Abundance"	"B1"	27	"B2"	30	0.0455186051604127	0	0	0	0.0951384933340759	0	495	-0.330529032924031	0.00724898357070568	57	"B2"	0.0135378368671457	"Medium effect"	"B2 Medium effect"
"s_Blautia_A_faecis_sv_531"	"enterotype"	"Abundance"	"B1"	27	"B2"	30	0.566885945620152	0	0	0	1.18579612024631	0	525	-0.330294363317774	0.0015661934472061	57	"B2"	0.00349834892762075	"Medium effect"	"B2 Medium effect"
"s_Blautia_A_obeum_sv_515"	"enterotype"	"Abundance"	"B1"	27	"B2"	30	0	0.372576189455449	0	0	0	0.738391685922774	270	-0.330112068286853	0.00118435091559326	57	"B2"	0.00280661309409495	"Medium effect"	"B2 Medium effect"
"s_Clostridium_AQ_innocuum_sv_267"	"enterotype"	"Abundance"	"B1"	27	"B2"	30	0	1.53471078165943	0	0	0	3.04208422284146	216	-0.330062745662975	6.67467303170708e-05	57	"B2"	0.000244449064278104	"Medium effect"	"B2 Medium effect"
"s_Hominilimicola_fabiformis_sv_737"	"enterotype"	"Abundance"	"B1"	27	"B2"	30	0	0.247883408690192	0	0	0	0.491881846860248	310.5	-0.329746184516114	0.00841687976229796	57	"B2"	0.0150941818312752	"Medium effect"	"B2 Medium effect"
"s_Bacteroides_stercoris_sv_957"	"enterotype"	"Abundance"	"B1"	27	"B2"	30	0	0.0455166343327792	0	0	0	0.0905869595984637	310.5	-0.328881244656539	0.00841687976229796	57	"B2"	0.0150941818312752	"Medium effect"	"B2 Medium effect"
"s_Enterocloster_aldenensis_sv_602"	"enterotype"	"Abundance"	"B1"	27	"B2"	30	0.151649303969905	0	0	0	0.318818971116578	0	540	-0.3288166439645	0.000707809556715205	57	"B2"	0.0018654420092868	"Medium effect"	"B2 Medium effect"
"s_Blautia_A_faecis_sv_474"	"enterotype"	"Abundance"	"B1"	27	"B2"	30	0.667101689929108	0	0	0	1.40444403455975	0	525	-0.328406716433137	0.0015661934472061	57	"B2"	0.00349834892762075	"Medium effect"	"B2 Medium effect"
"s_Blautia_A_obeum_sv_490"	"enterotype"	"Abundance"	"B1"	27	"B2"	30	0	0.420802025637648	0	0	0	0.838956912210814	297	-0.328365141330537	0.00444680060798884	57	"B2"	0.00867818526956991	"Medium effect"	"B2 Medium effect"
"s_Roseburia_inulinivorans_sv_617"	"enterotype"	"Abundance"	"B1"	27	"B2"	30	0.415321089342296	0	0	0	0.875929891651459	0	495	-0.327886687454837	0.00724898357070568	57	"B2"	0.0135378368671457	"Medium effect"	"B2 Medium effect"
"s_Butyricimonas_virosa_sv_966"	"enterotype"	"Abundance"	"B1"	27	"B2"	30	0	0.0502075208675683	0	0	0	0.100320133386322	297	-0.327721124060035	0.00444680060798884	57	"B2"	0.00867818526956991	"Medium effect"	"B2 Medium effect"
"s_Neobittarella_massiliensis_sv_877"	"enterotype"	"Abundance"	"B1"	27	"B2"	30	0.0579381106172016	0	0	0	0.122299531400571	0	525	-0.327634553808824	0.0015661934472061	57	"B2"	0.00349834892762075	"Medium effect"	"B2 Medium effect"
"s_Blautia_A_faecis_sv_389"	"enterotype"	"Abundance"	"B1"	27	"B2"	30	1.02084420905021	0	0	0	2.15821320764945	0	600	-0.32718159960464	2.34020570536416e-05	57	"B2"	0.000107306993319137	"Medium effect"	"B2 Medium effect"
"s_Bacteroides_uniformis_sv_381"	"enterotype"	"Abundance"	"B1"	27	"B2"	30	0	0.0911057059752832	0	0	0	0.182908957616027	297	-0.326332029860251	0.00444680060798884	57	"B2"	0.00867818526956991	"Medium effect"	"B2 Medium effect"
"s_Blautia_A_faecis_sv_336"	"enterotype"	"Abundance"	"B1"	27	"B2"	30	1.3003516112822	0	0	0	2.75940949979835	0	585	-0.326095175288907	5.70092732421753e-05	57	"B2"	0.000232994421076717	"Medium effect"	"B2 Medium effect"
"s_Butyricimonas_virosa_sv_928"	"enterotype"	"Abundance"	"B1"	27	"B2"	30	0	0.0624753129182135	0	0	0	0.125666135893602	310.5	-0.325782729636578	0.00841687976229796	57	"B2"	0.0150941818312752	"Medium effect"	"B2 Medium effect"
"s_Negativibacillus_massiliensis_sv_902"	"enterotype"	"Abundance"	"B1"	27	"B2"	30	0	0.123498892195349	0	0	0	0.248514786941666	297	-0.325662741193874	0.00444680060798884	57	"B2"	0.00867818526956991	"Medium effect"	"B2 Medium effect"
"s_Lawsonibacter_sp000177015_sv_158"	"enterotype"	"Abundance"	"B1"	27	"B2"	30	0	0.398016925510287	0	0	0	0.8010902945435	229.5	-0.325602036814991	0.000141445061437432	57	"B2"	0.000465160435281117	"Medium effect"	"B2 Medium effect"
"s_Roseburia_inulinivorans_sv_714"	"enterotype"	"Abundance"	"B1"	27	"B2"	30	0.311711479071573	0	0	0	0.663113188293925	0	495	-0.325372948894979	0.00724898357070568	57	"B2"	0.0135378368671457	"Medium effect"	"B2 Medium effect"
"uc_uc_k_sv_475"	"enterotype"	"Abundance"	"B1"	27	"B2"	30	0	0.398907306282448	0	0	0	0.804707606319003	243	-0.324942958840233	0.000293180000236546	57	"B2"	0.000916085984118625	"Medium effect"	"B2 Medium effect"
"s_Blautia_A_faecis_sv_384"	"enterotype"	"Abundance"	"B1"	27	"B2"	30	1.04249732858734	0	0	0	2.2221068075668	0	555	-0.324801717518365	0.000313051910391205	57	"B2"	0.000926830852811755	"Medium effect"	"B2 Medium effect"
"s_Clostridium_AP_sp000509125_sv_446"	"enterotype"	"Abundance"	"B1"	27	"B2"	30	0	0.111248471566897	0	0	0	0.224549356611537	310.5	-0.324774943261054	0.00841687976229796	57	"B2"	0.0150941818312752	"Medium effect"	"B2 Medium effect"
"s_Escherichia_coli_sv_509"	"enterotype"	"Abundance"	"B1"	27	"B2"	30	0.485851475784829	0	0	0	1.03746813739577	0	525	-0.32428048374947	0.0015661934472061	57	"B2"	0.00349834892762075	"Medium effect"	"B2 Medium effect"
"s_Acetatifactor_acetigignens_sv_881"	"enterotype"	"Abundance"	"B1"	27	"B2"	30	0.148064392362612	0	0	0	0.316428231752007	0	525	-0.324044945704084	0.0015661934472061	57	"B2"	0.00349834892762075	"Medium effect"	"B2 Medium effect"
"s_Parabacteroides_distasonis_sv_333"	"enterotype"	"Abundance"	"B1"	27	"B2"	30	0	1.18668730083346	0	0	0	2.40698960190553	256.5	-0.32336200867217	0.000595091543439825	57	"B2"	0.00161361360817337	"Medium effect"	"B2 Medium effect"
"s_Butyricimonas_paravirosa_sv_561"	"enterotype"	"Abundance"	"B1"	27	"B2"	30	0	0.0584422389414244	0	0	0	0.118648490035059	297	-0.323097657527688	0.00444680060798884	57	"B2"	0.00867818526956991	"Medium effect"	"B2 Medium effect"
"s_Blautia_A_faecis_sv_347"	"enterotype"	"Abundance"	"B1"	27	"B2"	30	1.22155398753446	0	0	0	2.61920464269648	0	555	-0.323091626077096	0.000313051910391205	57	"B2"	0.000926830852811755	"Medium effect"	"B2 Medium effect"
"uc_uc_k_sv_776"	"enterotype"	"Abundance"	"B1"	27	"B2"	30	0.238020187844857	0	0	0	0.511056075240902	0	480	-0.322694205280751	0.0152486543997991	57	"B2"	0.0256376346531004	"Medium effect"	"B2 Medium effect"
"s_Odoribacter_splanchnicus_sv_1061"	"enterotype"	"Abundance"	"B1"	27	"B2"	30	0.0567080162371725	0	0	0	0.121788215527174	0	525	-0.322623764449979	0.0015661934472061	57	"B2"	0.00349834892762075	"Medium effect"	"B2 Medium effect"
"s_Ruminococcus_C_sp000433635_sv_691"	"enterotype"	"Abundance"	"B1"	27	"B2"	30	0.0938833292616561	0	0	0	0.201922713306456	0	510	-0.322201646228306	0.00339842470812759	57	"B2"	0.00698255568445887	"Medium effect"	"B2 Medium effect"
"s_Otoolea_symbiosa_sv_461"	"enterotype"	"Abundance"	"B1"	27	"B2"	30	0	0.657598581487723	0	0	0	1.34029755852933	297	-0.32196551063042	0.00444680060798884	57	"B2"	0.00867818526956991	"Medium effect"	"B2 Medium effect"
"s_Dorea_D_sp000433535_sv_366"	"enterotype"	"Abundance"	"B1"	27	"B2"	30	0	0.208519762673561	0	0	0	0.426191659491614	283.5	-0.321159011504941	0.00231427323735704	57	"B2"	0.00495351083821392	"Medium effect"	"B2 Medium effect"
"s_Prevotella_intestinigallinarum_sv_303"	"enterotype"	"Abundance"	"B1"	27	"B2"	30	0	0.402314027265084	0	0	0	0.822833395432897	216	-0.320967770915046	6.67467303170708e-05	57	"B2"	0.000244449064278104	"Medium effect"	"B2 Medium effect"
"uc_uc_k_sv_244"	"enterotype"	"Abundance"	"B1"	27	"B2"	30	0	0.715932243749441	0	0	0	1.46460356000573	243	-0.320900675352695	0.000293180000236546	57	"B2"	0.000916085984118625	"Medium effect"	"B2 Medium effect"
"s_Eubacterium_I_ramulus_sv_782"	"enterotype"	"Abundance"	"B1"	27	"B2"	30	0.0829257571071846	0	0	0	0.17924869361937	0	495	-0.320764394782321	0.00724898357070568	57	"B2"	0.0135378368671457	"Medium effect"	"B2 Medium effect"
"s_Roseburia_inulinivorans_sv_723"	"enterotype"	"Abundance"	"B1"	27	"B2"	30	0.304957702367672	0	0	0	0.660800166889239	0	495	-0.320061440603817	0.00724898357070568	57	"B2"	0.0135378368671457	"Medium effect"	"B2 Medium effect"
"s_Christensenella_hongkongensis_sv_275"	"enterotype"	"Abundance"	"B1"	27	"B2"	30	1.57302547623345	0	0	0	3.41065821177044	0	585	-0.319881986561436	5.70092732421753e-05	57	"B2"	0.000232994421076717	"Medium effect"	"B2 Medium effect"
"uc_uc_k_sv_434"	"enterotype"	"Abundance"	"B1"	27	"B2"	30	0	0.493146263275959	0	0	0	1.01406596114565	256.5	-0.319420129269386	0.000595091543439825	57	"B2"	0.00161361360817337	"Medium effect"	"B2 Medium effect"
"uc_uc_k_sv_682"	"enterotype"	"Abundance"	"B1"	27	"B2"	30	0	0.0865517574781874	0	0	0	0.178292956573681	297	-0.31891434768046	0.00444680060798884	57	"B2"	0.00867818526956991	"Medium effect"	"B2 Medium effect"
"s_Blautia_A_faecis_sv_399"	"enterotype"	"Abundance"	"B1"	27	"B2"	30	0.980318189842729	0	0	0	2.13320290302835	0	495	-0.318852152722058	0.00724898357070568	57	"B2"	0.0135378368671457	"Medium effect"	"B2 Medium effect"
"s_Phocaeicola_plebeius_A_sv_272"	"enterotype"	"Abundance"	"B1"	27	"B2"	30	0	0.56050735388186	0	0	0	1.15533252081088	256.5	-0.31873836180059	0.000595091543439825	57	"B2"	0.00161361360817337	"Medium effect"	"B2 Medium effect"
"s_Blautia_A_ammoniilytica_sv_863"	"enterotype"	"Abundance"	"B1"	27	"B2"	30	0	0.0670267920277298	0	0	0	0.138240198031706	324	-0.318567158508403	0.0157280524644907	57	"B2"	0.0256376346531004	"Medium effect"	"B2 Medium effect"
"s_Prevotella_intestinigallinarum_sv_228"	"enterotype"	"Abundance"	"B1"	27	"B2"	30	0	0.601094489238129	0	0	0	1.24033923465891	229.5	-0.318427854639965	0.000141445061437432	57	"B2"	0.000465160435281117	"Medium effect"	"B2 Medium effect"
"uc_uc_k_sv_560"	"enterotype"	"Abundance"	"B1"	27	"B2"	30	0	0.413345038244479	0	0	0	0.852924865930298	270	-0.318427649522437	0.00118435091559326	57	"B2"	0.00280661309409495	"Medium effect"	"B2 Medium effect"
"s_Escherichia_coli_sv_596"	"enterotype"	"Abundance"	"B1"	27	"B2"	30	0	0.10115321194788	0	0	0	0.208781651408483	297	-0.318352300473644	0.00444680060798884	57	"B2"	0.00867818526956991	"Medium effect"	"B2 Medium effect"
"uc_uc_k_sv_1019"	"enterotype"	"Abundance"	"B1"	27	"B2"	30	0.090916769609223	0	0	0	0.198467864170974	0	480	-0.317944100209617	0.0152486543997991	57	"B2"	0.0256376346531004	"Medium effect"	"B2 Medium effect"
"uc_uc_k_sv_833"	"enterotype"	"Abundance"	"B1"	27	"B2"	30	0	0.163808524332724	0	0	0	0.33893345393377	270	-0.317652556939135	0.00118435091559326	57	"B2"	0.00280661309409495	"Medium effect"	"B2 Medium effect"
"s_Blautia_A_faecis_sv_315"	"enterotype"	"Abundance"	"B1"	27	"B2"	30	1.41156872248663	0	0	0	3.08713556553106	0	585	-0.317414119466028	5.70092732421753e-05	57	"B2"	0.000232994421076717	"Medium effect"	"B2 Medium effect"
"uc_uc_k_sv_598"	"enterotype"	"Abundance"	"B1"	27	"B2"	30	0	0.386203659065408	0	0	0	0.801447137528727	283.5	-0.316812981980201	0.00231427323735704	57	"B2"	0.00495351083821392	"Medium effect"	"B2 Medium effect"
"s_Parabacteroides_distasonis_sv_321"	"enterotype"	"Abundance"	"B1"	27	"B2"	30	0.0949636890094144	0	0	0	0.208386653394917	0	495	-0.316458473204319	0.00724898357070568	57	"B2"	0.0135378368671457	"Medium effect"	"B2 Medium effect"
"s_Parabacteroides_distasonis_sv_373"	"enterotype"	"Abundance"	"B1"	27	"B2"	30	0	0.985917017845702	0	0	0	2.04858652595404	256.5	-0.316449343913596	0.000595091543439825	57	"B2"	0.00161361360817337	"Medium effect"	"B2 Medium effect"
"s_Parabacteroides_distasonis_sv_355"	"enterotype"	"Abundance"	"B1"	27	"B2"	30	0	1.05427281268064	0	0	0	2.19085632132653	243	-0.316418627826788	0.000293180000236546	57	"B2"	0.000916085984118625	"Medium effect"	"B2 Medium effect"
"s_Gemmiger_qucibialis_sv_773"	"enterotype"	"Abundance"	"B1"	27	"B2"	30	0.167369826398504	0	0	0	0.367720575045126	0	510	-0.316112809066426	0.00339842470812759	57	"B2"	0.00698255568445887	"Medium effect"	"B2 Medium effect"
"s_Victivallis_lenta_sv_1194"	"enterotype"	"Abundance"	"B1"	27	"B2"	30	0.0368049806400227	0	0	0	0.0810071202447117	0	480	-0.315605849618691	0.0152486543997991	57	"B2"	0.0256376346531004	"Medium effect"	"B2 Medium effect"
"uc_uc_k_sv_668"	"enterotype"	"Abundance"	"B1"	27	"B2"	30	0	0.300099671932309	0	0	0	0.626527194750332	310.5	-0.315103240280376	0.00841687976229796	57	"B2"	0.0150941818312752	"Medium effect"	"B2 Medium effect"
"s_Gallintestinimicrobium_propionicum_sv_823"	"enterotype"	"Abundance"	"B1"	27	"B2"	30	0.176685388032866	0	0	0	0.3895843316963	0	525	-0.315094033151991	0.0015661934472061	57	"B2"	0.00349834892762075	"Medium effect"	"B2 Medium effect"
"uc_uc_k_sv_941"	"enterotype"	"Abundance"	"B1"	27	"B2"	30	0.118192143014533	0	0	0	0.261936069474627	0	480	-0.313657899342511	0.0152486543997991	57	"B2"	0.0256376346531004	"Medium effect"	"B2 Medium effect"
"s_Blautia_A_faecis_sv_510"	"enterotype"	"Abundance"	"B1"	27	"B2"	30	0.609135421396809	0	0	0	1.35061003034959	0	525	-0.313521821831994	0.0015661934472061	57	"B2"	0.00349834892762075	"Medium effect"	"B2 Medium effect"
"s_Parabacteroides_distasonis_sv_297"	"enterotype"	"Abundance"	"B1"	27	"B2"	30	0.0947225797570863	0	0	0	0.210089907103522	0	480	-0.313433763446074	0.0152486543997991	57	"B2"	0.0256376346531004	"Medium effect"	"B2 Medium effect"
"s_UBA7173_sp001689485_sv_614"	"enterotype"	"Abundance"	"B1"	27	"B2"	30	0	0.115791863201496	0	0	0	0.243181934871055	256.5	-0.31342472141014	0.000595091543439825	57	"B2"	0.00161361360817337	"Medium effect"	"B2 Medium effect"
"s_Blautia_A_faecis_sv_595"	"enterotype"	"Abundance"	"B1"	27	"B2"	30	0.441495767899696	0	0	0	0.979405175337564	0	495	-0.313379090008338	0.00724898357070568	57	"B2"	0.0135378368671457	"Medium effect"	"B2 Medium effect"
"uc_uc_k_sv_1273"	"enterotype"	"Abundance"	"B1"	27	"B2"	30	0.0329311246952422	0	0	0	0.0732337919271239	0	480	-0.312685352998767	0.0152486543997991	57	"B2"	0.0256376346531004	"Medium effect"	"B2 Medium effect"
"s_Parabacteroides_distasonis_sv_385"	"enterotype"	"Abundance"	"B1"	27	"B2"	30	0	0.95061335871718	0	0	0	2.00271651868889	243	-0.312540843830206	0.000293180000236546	57	"B2"	0.000916085984118625	"Medium effect"	"B2 Medium effect"
"s_Phocaeicola_vulgatus_sv_392"	"enterotype"	"Abundance"	"B1"	27	"B2"	30	0.546781493803493	0	0	0	1.21773127339655	0	480	-0.312275366048829	0.0152486543997991	57	"B2"	0.0256376346531004	"Medium effect"	"B2 Medium effect"
"s_Blautia_A_ammoniilytica_sv_951"	"enterotype"	"Abundance"	"B1"	27	"B2"	30	0	0.0722024606231332	0	0	0	0.152265141445055	310.5	-0.312260363413517	0.00841687976229796	57	"B2"	0.0150941818312752	"Medium effect"	"B2 Medium effect"
"s_Butyricimonas_paravirosa_sv_610"	"enterotype"	"Abundance"	"B1"	27	"B2"	30	0	0.0798640370770446	0	0	0	0.168984768375193	270	-0.311323792784688	0.00118435091559326	57	"B2"	0.00280661309409495	"Medium effect"	"B2 Medium effect"
"s_Dorea_D_hominis_sv_1022"	"enterotype"	"Abundance"	"B1"	27	"B2"	30	0.0471869578634542	0	0	0	0.106113073541156	0	480	-0.30955842984289	0.0152486543997991	57	"B2"	0.0256376346531004	"Medium effect"	"B2 Medium effect"
"s_Parabacteroides_sp003473295_sv_426"	"enterotype"	"Abundance"	"B1"	27	"B2"	30	0	0.091851941821063	0	0	0	0.195944855792469	310.5	-0.309037131520783	0.00841687976229796	57	"B2"	0.0150941818312752	"Medium effect"	"B2 Medium effect"
"s_Parabacteroides_distasonis_sv_340"	"enterotype"	"Abundance"	"B1"	27	"B2"	30	0	1.14046855960903	0	0	0	2.43451456558112	256.5	-0.308855026903303	0.000595091543439825	57	"B2"	0.00161361360817337	"Medium effect"	"B2 Medium effect"
"s_Allocoprobacillus_merdigallinarum_sv_254"	"enterotype"	"Abundance"	"B1"	27	"B2"	30	0	0.370574437251372	0	0	0	0.791609212536363	310.5	-0.308658382316512	0.00841687976229796	57	"B2"	0.0150941818312752	"Medium effect"	"B2 Medium effect"
"s_Parabacteroides_distasonis_sv_284"	"enterotype"	"Abundance"	"B1"	27	"B2"	30	0.119565530260962	0	0	0	0.269976583264725	0	480	-0.308419453918161	0.0152486543997991	57	"B2"	0.0256376346531004	"Medium effect"	"B2 Medium effect"
"s_Blautia_A_wexlerae_sv_191"	"enterotype"	"Abundance"	"B1"	27	"B2"	30	0.209673160752155	0	0	0	0.473620760854536	0	510	-0.308311849820034	0.00339842470812759	57	"B2"	0.00698255568445887	"Medium effect"	"B2 Medium effect"
"s_Roseburia_inulinivorans_sv_653"	"enterotype"	"Abundance"	"B1"	27	"B2"	30	0.385052143824041	0	0	0	0.874490699728686	0	495	-0.306809289558332	0.00724898357070568	57	"B2"	0.0135378368671457	"Medium effect"	"B2 Medium effect"
"s_Gallintestinimicrobium_propionicum_sv_914"	"enterotype"	"Abundance"	"B1"	27	"B2"	30	0.131930121017144	0	0	0	0.299809551225651	0	540	-0.30663950771613	0.000707809556715205	57	"B2"	0.0018654420092868	"Medium effect"	"B2 Medium effect"
"s_Parabacteroides_sp003473295_sv_265"	"enterotype"	"Abundance"	"B1"	27	"B2"	30	0	0.197632867883369	0	0	0	0.425568965743206	297	-0.30643422498023	0.00444680060798884	57	"B2"	0.00867818526956991	"Medium effect"	"B2 Medium effect"
"uc_uc_k_sv_424"	"enterotype"	"Abundance"	"B1"	27	"B2"	30	0	0.534032558710831	0	0	0	1.14996604921417	256.5	-0.30643007324447	0.000595091543439825	57	"B2"	0.00161361360817337	"Medium effect"	"B2 Medium effect"
"s_Roseburia_inulinivorans_sv_719"	"enterotype"	"Abundance"	"B1"	27	"B2"	30	0.307083742636052	0	0	0	0.69901015415528	0	480	-0.306176779538203	0.0152486543997991	57	"B2"	0.0256376346531004	"Medium effect"	"B2 Medium effect"
"s_Dorea_A_longicatena_sv_739"	"enterotype"	"Abundance"	"B1"	27	"B2"	30	0.0611760296387994	0	0	0	0.1395691252345	0	480	-0.305551411628688	0.0152486543997991	57	"B2"	0.0256376346531004	"Medium effect"	"B2 Medium effect"
"s_Akkermansia_muciniphila_sv_905"	"enterotype"	"Abundance"	"B1"	27	"B2"	30	0.0546825291126376	0	0	0	0.124897639341232	0	480	-0.305234739794749	0.0152486543997991	57	"B2"	0.0256376346531004	"Medium effect"	"B2 Medium effect"
"s_Anthropogastromicrobium_aceti_sv_1020"	"enterotype"	"Abundance"	"B1"	27	"B2"	30	0.0904543036326183	0	0	0	0.206657670775576	0	480	-0.305160531306926	0.0152486543997991	57	"B2"	0.0256376346531004	"Medium effect"	"B2 Medium effect"
"uc_uc_k_sv_937"	"enterotype"	"Abundance"	"B1"	27	"B2"	30	0	0.107706436600248	0	0	0	0.23301178448495	310.5	-0.305143830476161	0.00841687976229796	57	"B2"	0.0150941818312752	"Medium effect"	"B2 Medium effect"
"s_Phocaeicola_plebeius_A_sv_258"	"enterotype"	"Abundance"	"B1"	27	"B2"	30	0	0.625607291211705	0	0	0	1.35480166847317	270	-0.304865545574878	0.00118435091559326	57	"B2"	0.00280661309409495	"Medium effect"	"B2 Medium effect"
"s_Blautia_A_faecis_sv_516"	"enterotype"	"Abundance"	"B1"	27	"B2"	30	0.596999631158723	0	0	0	1.36696479010891	0	510	-0.304549784590695	0.00339842470812759	57	"B2"	0.00698255568445887	"Medium effect"	"B2 Medium effect"
"s_Parabacteroides_distasonis_sv_318"	"enterotype"	"Abundance"	"B1"	27	"B2"	30	0.0680097471301636	0	0	0	0.155985134048657	0	480	-0.304087248909046	0.0152486543997991	57	"B2"	0.0256376346531004	"Medium effect"	"B2 Medium effect"
"s_Lactonifactor_sp009677585_sv_1184"	"enterotype"	"Abundance"	"B1"	27	"B2"	30	0.0384927476330877	0	0	0	0.0882994542672902	0	480	-0.304044718230501	0.0152486543997991	57	"B2"	0.0256376346531004	"Medium effect"	"B2 Medium effect"
"s_Blautia_A_faecis_sv_529"	"enterotype"	"Abundance"	"B1"	27	"B2"	30	0.555223604645381	0	0	0	1.27366613831699	0	510	-0.30403928024823	0.00339842470812759	57	"B2"	0.00698255568445887	"Medium effect"	"B2 Medium effect"
"s_Phocaeicola_plebeius_A_sv_249"	"enterotype"	"Abundance"	"B1"	27	"B2"	30	0	0.602364207643895	0	0	0	1.31058350715807	283.5	-0.303576473072144	0.00231427323735704	57	"B2"	0.00495351083821392	"Medium effect"	"B2 Medium effect"
"s_Acetatifactor_acetigignens_sv_831"	"enterotype"	"Abundance"	"B1"	27	"B2"	30	0.186309580158649	0	0	0	0.428263969544203	0	525	-0.303476094851263	0.0015661934472061	57	"B2"	0.00349834892762075	"Medium effect"	"B2 Medium effect"
"uc_uc_k_sv_777"	"enterotype"	"Abundance"	"B1"	27	"B2"	30	0	0.0514008503832103	0	0	0	0.112148083089005	310.5	-0.302806977729611	0.00841687976229796	57	"B2"	0.0150941818312752	"Medium effect"	"B2 Medium effect"
"s_Blautia_A_ammoniilytica_sv_838"	"enterotype"	"Abundance"	"B1"	27	"B2"	30	0	0.0828932616511958	0	0	0	0.181122696577433	324	-0.302407597337043	0.0157280524644907	57	"B2"	0.0256376346531004	"Medium effect"	"B2 Medium effect"
"s_Bacteroides_uniformis_sv_394"	"enterotype"	"Abundance"	"B1"	27	"B2"	30	0	0.110214181551412	0	0	0	0.24093068522468	297	-0.302280693324361	0.00444680060798884	57	"B2"	0.00867818526956991	"Medium effect"	"B2 Medium effect"
"s_Allocoprobacillus_merdigallinarum_sv_311"	"enterotype"	"Abundance"	"B1"	27	"B2"	30	0	0.307999745241333	0	0	0	0.673503865204417	324	-0.302195415655115	0.0157280524644907	57	"B2"	0.0256376346531004	"Medium effect"	"B2 Medium effect"
"s_Parabacteroides_distasonis_sv_210"	"enterotype"	"Abundance"	"B1"	27	"B2"	30	0.00223446618164611	2.08074483160088	0	0	0.0116106268632165	4.55371797056849	266	-0.301674779218871	0.00189936759916554	57	"B2"	0.00423416334359433	"Medium effect"	"B2 Medium effect"
"uc_uc_k_sv_1221"	"enterotype"	"Abundance"	"B1"	27	"B2"	30	0.040453754574447	0	0	0	0.0937566190307409	0	495	-0.301224029286613	0.00724898357070568	57	"B2"	0.0135378368671457	"Medium effect"	"B2 Medium effect"
"s_Roseburia_inulinivorans_sv_1122"	"enterotype"	"Abundance"	"B1"	27	"B2"	30	0.0525479756647112	0	0	0	0.121883219325076	0	495	-0.30100701223105	0.00724898357070568	57	"B2"	0.0135378368671457	"Medium effect"	"B2 Medium effect"
"s_Blautia_A_faecis_sv_349"	"enterotype"	"Abundance"	"B1"	27	"B2"	30	1.19799058752262	0	0	0	2.77940781356085	0	585	-0.300937217053442	5.70092732421753e-05	57	"B2"	0.000232994421076717	"Medium effect"	"B2 Medium effect"
"s_Phocaeicola_plebeius_A_sv_313"	"enterotype"	"Abundance"	"B1"	27	"B2"	30	0	0.479265877263591	0	0	0	1.05343155782924	270	-0.300784215725009	0.00118435091559326	57	"B2"	0.00280661309409495	"Medium effect"	"B2 Medium effect"
"uc_uc_k_sv_582"	"enterotype"	"Abundance"	"B1"	27	"B2"	30	0	0.353986618173765	0	0	0	0.780179598411274	310.5	-0.300044256193581	0.00841687976229796	57	"B2"	0.0150941818312752	"Medium effect"	"B2 Medium effect"
"s_Flavonifractor_plautii_sv_307"	"enterotype"	"Abundance"	"B1"	27	"B2"	30	0.485201982022849	0.00226210857160059	0.15305319149051	0	0.989497226701704	0.0123900789219143	624	0.336390108967863	1.04909132474658e-05	57	"B1"	5.63511911578162e-05	"Medium effect"	"B1 Medium effect"
"s_Butyricicoccus_sp900604335_sv_334"	"enterotype"	"Abundance"	"B1"	27	"B2"	30	0.432411383552898	0.145535739299218	0.271023868139662	0	0.513925608767026	0.25285498055537	556	0.340832564051081	0.00984850074296792	57	"B1"	0.0175777038577022	"Medium effect"	"B1 Medium effect"
"s_Enterocloster_aldenensis_sv_39"	"enterotype"	"Abundance"	"B1"	27	"B2"	30	8.12758186901755	0	1.2376443831895	0	16.3689522016474	0	645	0.341559228419783	1.36302514245279e-06	57	"B1"	9.43246847047083e-06	"Medium effect"	"B1 Medium effect"
"s_Faecalibacterium_longum_sv_302"	"enterotype"	"Abundance"	"B1"	27	"B2"	30	1.49037214442493	0	0.257438011589464	0	2.9028217699837	0	615	0.351740433464998	9.34343494096428e-06	57	"B1"	5.0670166410614e-05	"Medium effect"	"B1 Medium effect"
"s_Faecalibacterium_longum_sv_296"	"enterotype"	"Abundance"	"B1"	27	"B2"	30	1.56051929767147	0	0.386157017384196	0	3.03641692320448	0	645	0.352047331769688	1.36302514245279e-06	57	"B1"	9.43246847047083e-06	"Medium effect"	"B1 Medium effect"
"s_Alistipes_timonensis_sv_442"	"enterotype"	"Abundance"	"B1"	27	"B2"	30	0.480668300800909	0	0.183228888940964	0	0.919357771820901	0	630	0.35735495001819	3.62339307984656e-06	57	"B1"	2.2334357344628e-05	"Medium effect"	"B1 Medium effect"
"s_Enterocloster_aldenensis_sv_51"	"enterotype"	"Abundance"	"B1"	27	"B2"	30	6.49877159906995	0.0126649080584452	0.421706095475032	0	12.1665481048893	0.069368558323394	608.5	0.363438442337276	2.81047925382075e-05	57	"B1"	0.000127831475738298	"Medium effect"	"B1 Medium effect"
"s_Enterocloster_aldenensis_sv_35"	"enterotype"	"Abundance"	"B1"	27	"B2"	30	8.77406378439598	0	0.780482108361265	0	16.3915617570599	0	690	0.364723249482454	5.96531528427613e-08	57	"B1"	7.15837834113135e-07	"Medium effect"	"B1 Medium effect"
"s_Enterocloster_aldenensis_sv_40"	"enterotype"	"Abundance"	"B1"	27	"B2"	30	7.63227842698062	0	0.956656224489796	0	14.1300943988431	0	690	0.367583509824315	5.96531528427613e-08	57	"B1"	7.15837834113135e-07	"Medium effect"	"B1 Medium effect"
"s_Ruminococcus_E_bromii_B_sv_181"	"enterotype"	"Abundance"	"B1"	27	"B2"	30	1.78813756649942	0	0.294535775923762	0	3.30316669062618	0	630	0.368285699190822	3.62339307984656e-06	57	"B1"	2.2334357344628e-05	"Medium effect"	"B1 Medium effect"
"s_Faecalibacterium_longum_sv_332"	"enterotype"	"Abundance"	"B1"	27	"B2"	30	1.32082419859342	0	0.366457777881929	0	2.43423151840134	0	645	0.36902642259508	1.36302514245279e-06	57	"B1"	9.43246847047083e-06	"Medium effect"	"B1 Medium effect"
"s_Enterocloster_aldenensis_sv_42"	"enterotype"	"Abundance"	"B1"	27	"B2"	30	7.64014376489705	0	1.24365309183673	0	14.0222470101335	0	720	0.370346070729362	6.21039485884921e-09	57	"B1"	1.00076077154027e-07	"Medium effect"	"B1 Medium effect"
"s_Phocaeicola_vulgatus_sv_168"	"enterotype"	"Abundance"	"B1"	27	"B2"	30	1.6209576112861	0	0.244305185254619	0	2.97311977271921	0	630	0.370548122593006	3.62339307984656e-06	57	"B1"	2.2334357344628e-05	"Medium effect"	"B1 Medium effect"
"s_Faecalibacterium_longum_sv_172"	"enterotype"	"Abundance"	"B1"	27	"B2"	30	3.14574549983283	0	0.901033040563124	0	5.74431974077002	0	645	0.371963374302353	1.36302514245279e-06	57	"B1"	9.43246847047083e-06	"Medium effect"	"B1 Medium effect"
"s_Faecalibacterium_longum_sv_289"	"enterotype"	"Abundance"	"B1"	27	"B2"	30	1.59106422256263	0	0.603080621782002	0	2.73370784009136	0	630	0.391764580903244	3.62339307984656e-06	57	"B1"	2.2334357344628e-05	"Medium effect"	"B1 Medium effect"
"s_Hungatella_hathewayi_sv_27"	"enterotype"	"Abundance"	"B1"	27	"B2"	30	8.6567536090727	0	2.11157054165558	0	14.5922641993163	0	645	0.39811150831978	1.36302514245279e-06	57	"B1"	9.43246847047083e-06	"Medium effect"	"B1 Medium effect"
"s_Hungatella_hathewayi_sv_31"	"enterotype"	"Abundance"	"B1"	27	"B2"	30	7.7277427316062	0	2.17190112856002	0	12.8950956087566	0	675	0.40149974247065	1.75119335523171e-07	57	"B1"	1.63251744190196e-06	"Medium effect"	"B1 Medium effect"
"s_Phascolarctobacterium_faecium_sv_9"	"enterotype"	"Abundance"	"B1"	27	"B2"	30	11.4356098090156	2.89175516659631	8.75816233242358	0	12.9786864826143	5.48035865114035	556.5	0.402588727965791	0.00527056067988639	57	"B1"	0.0102680353141828	"Medium effect"	"B1 Medium effect"
"s_Hungatella_hathewayi_sv_12"	"enterotype"	"Abundance"	"B1"	27	"B2"	30	16.8792780292002	0	4.36201595747954	0	28.0678110609197	0	660	0.402673294363294	4.96706927488813e-07	57	"B1"	3.91807981963203e-06	"Medium effect"	"B1 Medium effect"
"s_Hungatella_hathewayi_sv_33"	"enterotype"	"Abundance"	"B1"	27	"B2"	30	7.26920881452119	0	1.91316489363138	0	12.0191737679083	0	675	0.40458605379837	1.75119335523171e-07	57	"B1"	1.63251744190196e-06	"Medium effect"	"B1 Medium effect"
"s_Acetatifactor_acetigignens_sv_762"	"enterotype"	"Abundance"	"B1"	27	"B2"	30	0.254106145263158	0	0.076526595745255	0	0.403214139021033	0	615	0.418597857365506	9.34343494096428e-06	57	"B1"	5.0670166410614e-05	"Medium effect"	"B1 Medium effect"
"s_Bacteroides_ovatus_sv_23"	"enterotype"	"Abundance"	"B1"	27	"B2"	30	13.9745047048614	0	0.441803663885642	0	21.3893808230343	0	615	0.431100950964163	9.34343494096428e-06	57	"B1"	5.0670166410614e-05	"Medium effect"	"B1 Medium effect"
"s_Bacteroides_ovatus_sv_21"	"enterotype"	"Abundance"	"B1"	27	"B2"	30	14.4098418106546	0	0.354764594709666	0	22.0427291825	0	615	0.43130673184866	9.34343494096428e-06	57	"B1"	5.0670166410614e-05	"Medium effect"	"B1 Medium effect"
"uc_uc_k_sv_511"	"enterotype"	"Abundance"	"B1"	27	"B2"	30	0.617600862966981	0	0.12066117380889	0	0.878534558025707	0	615	0.457092381155157	9.34343494096428e-06	57	"B1"	5.0670166410614e-05	"Medium effect"	"B1 Medium effect"
"s_Enterocloster_clostridioformis_sv_11"	"enterotype"	"Abundance"	"B1"	27	"B2"	30	15.121537463496	2.80684576975465	13.4367851890041	0	14.2090408323494	9.38184547641527	617	0.46112930396161	0.000166583950207134	57	"B1"	0.000546240394865254	"Medium effect"	"B1 Medium effect"
"s_Lachnoclostridium_A_edouardi_sv_444"	"enterotype"	"Abundance"	"B1"	27	"B2"	30	0.798868351249247	0	0.410899713985204	0	1.10550844635324	0	660	0.467054951770441	4.96706927488813e-07	57	"B1"	3.91807981963203e-06	"Medium effect"	"B1 Medium effect"
"s_Lawsonibacter_aceti_sv_695"	"enterotype"	"Abundance"	"B1"	27	"B2"	30	0.192825664060345	0	0.12215259262731	0	0.265527397477523	0	615	0.468848812815718	9.34343494096428e-06	57	"B1"	5.0670166410614e-05	"Medium effect"	"B1 Medium effect"
"s_Allocoprobacillus_merdigallinarum_sv_253"	"enterotype"	"Abundance"	"B1"	27	"B2"	30	1.33983110701689	0	0.39801196079566	0	1.79924170087081	0	615	0.478024249693839	9.34343494096428e-06	57	"B1"	5.0670166410614e-05	"Medium effect"	"B1 Medium effect"
"s_Blautia_A_acetigignens_sv_507"	"enterotype"	"Abundance"	"B1"	27	"B2"	30	0.613598534705425	0	0.354764594709666	0	0.80052255918472	0	660	0.488670024476537	4.96706927488813e-07	57	"B1"	3.91807981963203e-06	"Medium effect"	"B1 Medium effect"
"s_Allocoprobacillus_merdigallinarum_sv_153"	"enterotype"	"Abundance"	"B1"	27	"B2"	30	2.61377845166299	0	0.59701794119349	0	3.40936406851382	0	645	0.488742127595146	1.36302514245279e-06	57	"B1"	9.43246847047083e-06	"Medium effect"	"B1 Medium effect"
"s_Duodenibacillus_intestinigallinarum_sv_154"	"enterotype"	"Abundance"	"B1"	27	"B2"	30	0.371468437162008	0	0.286996867346939	0	0.483935668207265	0	630	0.489201208390776	3.62339307984656e-06	57	"B1"	2.2334357344628e-05	"Medium effect"	"B1 Medium effect"
"s_Schaedlerella_glycyrrhizinilytica_A_sv_415"	"enterotype"	"Abundance"	"B1"	27	"B2"	30	0.450886925880836	0	0.301652934522225	0	0.584647377064774	0	645	0.490939907565987	1.36302514245279e-06	57	"B1"	9.43246847047083e-06	"Medium effect"	"B1 Medium effect"
"s_Schaedlerella_glycyrrhizinilytica_A_sv_414"	"enterotype"	"Abundance"	"B1"	27	"B2"	30	0.419631152280686	0	0.272936971162457	0	0.542014736066569	0	630	0.492376409143297	3.62339307984656e-06	57	"B1"	2.2334357344628e-05	"Medium effect"	"B1 Medium effect"
"s_Blautia_A_acetigignens_sv_367"	"enterotype"	"Abundance"	"B1"	27	"B2"	30	1.11339415186552	0	0.368169719904702	0	1.42988622626704	0	630	0.494505079005961	3.62339307984656e-06	57	"B1"	2.2334357344628e-05	"Medium effect"	"B1 Medium effect"
"s_Enterocloster_bolteae_sv_277"	"enterotype"	"Abundance"	"B1"	27	"B2"	30	1.24956261413596	0	0.516926247241716	0	1.60366153209652	0	690	0.494759838486156	5.96531528427613e-08	57	"B1"	7.15837834113135e-07	"Medium effect"	"B1 Medium effect"
"s_Blautia_A_acetigignens_sv_549"	"enterotype"	"Abundance"	"B1"	27	"B2"	30	0.524048381470797	0	0.331676633996383	0	0.671506044412733	0	630	0.495338313146424	3.62339307984656e-06	57	"B1"	2.2334357344628e-05	"Medium effect"	"B1 Medium effect"
"s_Phocaeicola_vulgatus_sv_22"	"enterotype"	"Abundance"	"B1"	27	"B2"	30	11.6775260023895	0.0424987849420962	5.20265667612375	0	14.770750094061	0.23277543179347	809	0.498750705918764	4.51319158035001e-12	57	"B1"	3.91606161741139e-10	"Medium effect"	"B1 Medium effect"
"s_Lachnoclostridium_A_edouardi_sv_586"	"enterotype"	"Abundance"	"B1"	27	"B2"	30	0.453944782645225	0	0.32179751448683	0	0.575714124856665	0	660	0.499172238729219	4.96706927488813e-07	57	"B1"	3.91807981963203e-06	"Medium effect"	"B1 Medium effect"
"s_Schaedlerella_glycyrrhizinilytica_A_sv_400"	"enterotype"	"Abundance"	"B1"	27	"B2"	30	0.45204265013715	0	0.36198352142667	0	0.568901923982776	0	630	0.502045190981263	3.62339307984656e-06	57	"B1"	2.2334357344628e-05	"Large effect"	"B1 Large effect"
"s_Cryptobacteroides_sp000431015_sv_593"	"enterotype"	"Abundance"	"B1"	27	"B2"	30	0.340927612040569	0.00409981107972102	0.272936971162457	0	0.416775975670304	0.0224555900987281	624	0.507779948108868	1.04909132474658e-05	57	"B1"	5.63511911578162e-05	"Large effect"	"B1 Large effect"
"s_CAG-266_sp019117495_sv_141"	"enterotype"	"Abundance"	"B1"	27	"B2"	30	3.99432831080135	0	0.310949736078045	0	4.94806861362609	0	615	0.50795653709022	9.34343494096428e-06	57	"B1"	5.0670166410614e-05	"Large effect"	"B1 Large effect"
"s_Clostridium_AP_sp000509125_sv_386"	"enterotype"	"Abundance"	"B1"	27	"B2"	30	0.2892346127449	0	0.192063260065714	0	0.352138900406648	0	645	0.514460747112339	1.36302514245279e-06	57	"B1"	9.43246847047083e-06	"Large effect"	"B1 Large effect"
"s_Choladousia_sp902363665_sv_693"	"enterotype"	"Abundance"	"B1"	27	"B2"	30	0.325508717100373	0	0.213807808607825	0	0.393642393684543	0	615	0.516993413979056	9.34343494096428e-06	57	"B1"	5.0670166410614e-05	"Large effect"	"B1 Large effect"
"s_Cryptobacteroides_sp000431015_sv_388"	"enterotype"	"Abundance"	"B1"	27	"B2"	30	0.644115225165584	0	0.358426087727191	0	0.772990767332645	0	615	0.519879760912408	9.34343494096428e-06	57	"B1"	5.0670166410614e-05	"Large effect"	"B1 Large effect"
"uc_uc_k_sv_370"	"enterotype"	"Abundance"	"B1"	27	"B2"	30	0.74446790305935	0	0.614511004683419	0	0.889639275972423	0	645	0.521479418340031	1.36302514245279e-06	57	"B1"	9.43246847047083e-06	"Large effect"	"B1 Large effect"
"s_Allocoprobacillus_merdigallinarum_sv_320"	"enterotype"	"Abundance"	"B1"	27	"B2"	30	0.994252435723049	0	0.39801196079566	0	1.18737314574639	0	630	0.521720331181347	3.62339307984656e-06	57	"B1"	2.2334357344628e-05	"Large effect"	"B1 Large effect"
"s_Eisenbergiella_tayi_sv_96"	"enterotype"	"Abundance"	"B1"	27	"B2"	30	1.66833350988073	0.327866533477336	1.42538539071884	0	1.52122532713468	0.459562219100596	671	0.522678246893196	1.34118763041315e-05	57	"B1"	6.84996317734564e-05	"Large effect"	"B1 Large effect"
"s_Anaerostipes_caccae_sv_20"	"enterotype"	"Abundance"	"B1"	27	"B2"	30	7.74040532270453	1.94721790040168	5.91239751663561	1.22449450595815	6.27729943726695	2.6877773344039	648	0.523313902553011	9.17941578578176e-05	57	"B1"	0.000335093236451839	"Large effect"	"B1 Large effect"
"s_Schaedlerella_glycyrrhizinilytica_A_sv_304"	"enterotype"	"Abundance"	"B1"	27	"B2"	30	0.742492616497569	0	0.544162038136579	0	0.88023429677161	0	675	0.524487613969579	1.75119335523171e-07	57	"B1"	1.63251744190196e-06	"Large effect"	"B1 Large effect"
"s_Clostridium_AQ_innocuum_sv_97"	"enterotype"	"Abundance"	"B1"	27	"B2"	30	2.33682974514165	0.40744808803494	1.85661151396856	0	1.86222520686837	1.21192403379908	740	0.529082184278822	1.92097823363796e-08	57	"B1"	2.76465727510278e-07	"Large effect"	"B1 Large effect"
"s_Phocaeicola_massiliensis_sv_19"	"enterotype"	"Abundance"	"B1"	27	"B2"	30	11.2993651053423	0	7.46191855102041	0	13.1177658334261	0	660	0.532413169168486	4.96706927488813e-07	57	"B1"	3.91807981963203e-06	"Large effect"	"B1 Large effect"
"s_Sellimonas_intestinalis_sv_528"	"enterotype"	"Abundance"	"B1"	27	"B2"	30	0.312184978069969	0.00178551640504988	0.256084346754285	0	0.359870286453462	0.00977967611841351	639.5	0.532763826974663	3.78944636411137e-06	57	"B1"	2.31053810741493e-05	"Large effect"	"B1 Large effect"
"uc_uc_k_sv_669"	"enterotype"	"Abundance"	"B1"	27	"B2"	30	0.367723329573764	0	0.272936971162457	0	0.425084578976074	0	660	0.534028677482289	4.96706927488813e-07	57	"B1"	3.91807981963203e-06	"Large effect"	"B1 Large effect"
"s_Sellimonas_intestinalis_sv_445"	"enterotype"	"Abundance"	"B1"	27	"B2"	30	0.459769962961999	0	0.368706602810051	0	0.521704646568624	0	645	0.541079415912385	1.36302514245279e-06	57	"B1"	9.43246847047083e-06	"Large effect"	"B1 Large effect"
"s_Clostridium_AP_sp000509125_sv_362"	"enterotype"	"Abundance"	"B1"	27	"B2"	30	0.283037232685659	0	0.183228888940964	0	0.320618481914928	0	615	0.541725924216	9.34343494096428e-06	57	"B1"	5.0670166410614e-05	"Large effect"	"B1 Large effect"
"s_Sellimonas_intestinalis_sv_448"	"enterotype"	"Abundance"	"B1"	27	"B2"	30	0.517685476451816	0	0.346915620056215	0	0.583866135076557	0	720	0.543386329319675	6.21039485884921e-09	57	"B1"	1.00076077154027e-07	"Large effect"	"B1 Large effect"
"s_Bacteroides_uniformis_sv_4"	"enterotype"	"Abundance"	"B1"	27	"B2"	30	42.5045763264795	0.524433093089086	19.3983892666371	0	47.3058094506659	1.68185373130602	790.5	0.54344830352053	5.62554508498763e-11	57	"B1"	1.58640371396651e-09	"Large effect"	"B1 Large effect"
"s_Sellimonas_intestinalis_sv_486"	"enterotype"	"Abundance"	"B1"	27	"B2"	30	0.385419987855737	0	0.301218639625023	0	0.433814900631036	0	660	0.544153982856696	4.96706927488813e-07	57	"B1"	3.91807981963203e-06	"Large effect"	"B1 Large effect"
"s_Dysosmobacter_faecalis_sv_734"	"enterotype"	"Abundance"	"B1"	27	"B2"	30	0.207373639547442	0.00452170169412299	0.154087392744451	0	0.227025084969557	0.0172079076806464	618	0.545106867549228	2.69423445844435e-05	57	"B1"	0.000123040342879564	"Large effect"	"B1 Large effect"
"s_Bacteroides_intestinalis_sv_218"	"enterotype"	"Abundance"	"B1"	27	"B2"	30	1.60071178537408	0	0.956656224489796	0	1.77780875272739	0	780	0.549232493142884	4.1988705470725e-11	57	"B1"	1.24640157292047e-09	"Large effect"	"B1 Large effect"
"s_Bacteroides_nordii_sv_352"	"enterotype"	"Abundance"	"B1"	27	"B2"	30	0.441686020100434	0	0.301218639625023	0	0.489532985685997	0	630	0.550024419841698	3.62339307984656e-06	57	"B1"	2.2334357344628e-05	"Large effect"	"B1 Large effect"
"s_Bacteroides_nordii_sv_391"	"enterotype"	"Abundance"	"B1"	27	"B2"	30	0.433407230164629	0	0.344617498161144	0	0.471989722522273	0	660	0.556717777759788	4.96706927488813e-07	57	"B1"	3.91807981963203e-06	"Large effect"	"B1 Large effect"
"s_Lawsonibacter_sp000177015_sv_660"	"enterotype"	"Abundance"	"B1"	27	"B2"	30	0.303317993279684	0	0.15305319149051	0	0.330044655006327	0	615	0.557035314732989	9.34343494096428e-06	57	"B1"	5.0670166410614e-05	"Large effect"	"B1 Large effect"
"s_Lawsonibacter_sp000177015_sv_600"	"enterotype"	"Abundance"	"B1"	27	"B2"	30	0.376323308417317	0	0.256812321240752	0	0.406961366324461	0	660	0.559389626073459	4.96706927488813e-07	57	"B1"	3.91807981963203e-06	"Large effect"	"B1 Large effect"
"uc_uc_k_sv_772"	"enterotype"	"Abundance"	"B1"	27	"B2"	30	0.153509374361746	0	0.128719005794732	0	0.163921351655791	0	615	0.564211172193047	9.34343494096428e-06	57	"B1"	5.0670166410614e-05	"Large effect"	"B1 Large effect"
"s_Bacteroides_uniformis_sv_130"	"enterotype"	"Abundance"	"B1"	27	"B2"	30	3.25414844853045	0	1.91572881143219	0	3.47109107710757	0	675	0.56462566671251	1.75119335523171e-07	57	"B1"	1.63251744190196e-06	"Large effect"	"B1 Large effect"
"uc_uc_k_sv_398"	"enterotype"	"Abundance"	"B1"	27	"B2"	30	0.564492423894032	0	0.488610370509238	0	0.600283147620142	0	630	0.565794288437723	3.62339307984656e-06	57	"B1"	2.2334357344628e-05	"Large effect"	"B1 Large effect"
"s_Alitiscatomonas_sp900066535_sv_480"	"enterotype"	"Abundance"	"B1"	27	"B2"	30	0.66940808594701	0	0.567623351535465	0	0.710186437387597	0	645	0.566687191159725	1.36302514245279e-06	57	"B1"	9.43246847047083e-06	"Large effect"	"B1 Large effect"
"s_Parasutterella_gallistercoris_sv_219"	"enterotype"	"Abundance"	"B1"	27	"B2"	30	1.41729361144611	0	0.928694575189873	0	1.50310640164954	0	780	0.566820281116907	4.1988705470725e-11	57	"B1"	1.24640157292047e-09	"Large effect"	"B1 Large effect"
"s_Bacteroides_uniformis_sv_115"	"enterotype"	"Abundance"	"B1"	27	"B2"	30	3.45229664448342	0	2.05763464931606	0	3.65422060656067	0	675	0.567560942691822	1.75119335523171e-07	57	"B1"	1.63251744190196e-06	"Large effect"	"B1 Large effect"
"s_Bacteroides_uniformis_sv_59"	"enterotype"	"Abundance"	"B1"	27	"B2"	30	7.55085596592165	0	4.96670432593532	0	7.98183716824402	0	675	0.568070382595189	1.75119335523171e-07	57	"B1"	1.63251744190196e-06	"Large effect"	"B1 Large effect"
"s_Eisenbergiella_tayi_sv_91"	"enterotype"	"Abundance"	"B1"	27	"B2"	30	2.04746182726275	0	1.39999325274775	0	2.14287395670492	0	765	0.571870355292706	1.55865122412257e-10	57	"B1"	3.58807873634746e-09	"Large effect"	"B1 Large effect"
"s_Clostridium_AP_sp000509125_sv_323"	"enterotype"	"Abundance"	"B1"	27	"B2"	30	0.330331241204228	0	0.32179751448683	0	0.345509988256776	0	660	0.572107411643782	4.96706927488813e-07	57	"B1"	3.91807981963203e-06	"Large effect"	"B1 Large effect"
"s_Bacteroides_caccae_sv_18"	"enterotype"	"Abundance"	"B1"	27	"B2"	30	7.20338868544309	0	5.25256148297431	0	7.43147168782108	0	765	0.577354213848415	1.55865122412257e-10	57	"B1"	3.58807873634746e-09	"Large effect"	"B1 Large effect"
"s_Alitiscatomonas_sp900066535_sv_478"	"enterotype"	"Abundance"	"B1"	27	"B2"	30	0.682332322424653	0	0.570154156287534	0	0.701902727367673	0	660	0.5784582655465	4.96706927488813e-07	57	"B1"	3.91807981963203e-06	"Large effect"	"B1 Large effect"
"s_UBA7173_sp001689485_sv_581"	"enterotype"	"Abundance"	"B1"	27	"B2"	30	0.224846901558834	0	0.229579787235765	0	0.230680853901166	0	645	0.579473852047396	1.36302514245279e-06	57	"B1"	9.43246847047083e-06	"Large effect"	"B1 Large effect"
"s_Faecalibacterium_duncaniae_sv_102"	"enterotype"	"Abundance"	"B1"	27	"B2"	30	5.16394098518289	0	5.36942223449561	0	5.29393266980297	0	630	0.579761475046141	3.62339307984656e-06	57	"B1"	2.2334357344628e-05	"Large effect"	"B1 Large effect"
"s_Faecalibacterium_duncaniae_sv_98"	"enterotype"	"Abundance"	"B1"	27	"B2"	30	5.51068610594343	0	6.09338927734895	0	5.63265939747543	0	645	0.580893753014358	1.36302514245279e-06	57	"B1"	9.43246847047083e-06	"Large effect"	"B1 Large effect"
"s_Bacteroides_intestinalis_sv_240"	"enterotype"	"Abundance"	"B1"	27	"B2"	30	1.40075642914435	0	0.86154374540286	0	1.42489171247763	0	735	0.582727708109616	1.89294025266685e-09	57	"B1"	3.23520697728516e-08	"Large effect"	"B1 Large effect"
"s_Desulfovibrio_sp900556755_sv_412"	"enterotype"	"Abundance"	"B1"	27	"B2"	30	0.567758009506159	0	0.386157017384196	0	0.574350006733842	0	750	0.584839868356833	5.5447343250765e-10	57	"B1"	1.02532136371906e-08	"Large effect"	"B1 Large effect"
"s_Alitiscatomonas_sp900066535_sv_514"	"enterotype"	"Abundance"	"B1"	27	"B2"	30	0.608953795887853	0	0.359537249737053	0	0.612148745879075	0	660	0.587245372748249	4.96706927488813e-07	57	"B1"	3.91807981963203e-06	"Large effect"	"B1 Large effect"
"s_Anaerotignum_faecicola_sv_722"	"enterotype"	"Abundance"	"B1"	27	"B2"	30	0.305483988411286	0	0.301218639625023	0	0.30458398500363	0	645	0.590363454417669	1.36302514245279e-06	57	"B1"	9.43246847047083e-06	"Large effect"	"B1 Large effect"
"s_Anaerotignum_faecicola_sv_664"	"enterotype"	"Abundance"	"B1"	27	"B2"	30	0.379730661279444	0	0.341171213953072	0	0.378514621447861	0	660	0.59046135614469	4.96706927488813e-07	57	"B1"	3.91807981963203e-06	"Large effect"	"B1 Large effect"
"s_Faecalibacterium_duncaniae_sv_126"	"enterotype"	"Abundance"	"B1"	27	"B2"	30	4.12619816429956	0.0031662270146113	5.12809988687783	0	4.10096255805827	0.0173421395808485	639.5	0.591280131801946	3.78944636411137e-06	57	"B1"	2.31053810741493e-05	"Large effect"	"B1 Large effect"
"s_Mediterraneibacter_torques_sv_316"	"enterotype"	"Abundance"	"B1"	27	"B2"	30	1.22670326320703	0	1.14030831257507	0	1.21398009019	0	705	0.593210379591329	1.96074984049842e-08	57	"B1"	2.76465727510278e-07	"Large effect"	"B1 Large effect"
"uc_uc_k_sv_579"	"enterotype"	"Abundance"	"B1"	27	"B2"	30	0.180659931677248	0	0.192063260065714	0	0.177419545258695	0	660	0.596130939445754	4.96706927488813e-07	57	"B1"	3.91807981963203e-06	"Large effect"	"B1 Large effect"
"s_Bacteroides_intestinalis_sv_221"	"enterotype"	"Abundance"	"B1"	27	"B2"	30	1.51612669293648	0	0.954017955154592	0	1.47911203677224	0	765	0.598648247750105	1.55865122412257e-10	57	"B1"	3.58807873634746e-09	"Large effect"	"B1 Large effect"
"s_Eisenbergiella_tayi_sv_84"	"enterotype"	"Abundance"	"B1"	27	"B2"	30	2.45859101477094	0	1.89410851842342	0	2.39599554710705	0	750	0.599056140595891	5.5447343250765e-10	57	"B1"	1.02532136371906e-08	"Large effect"	"B1 Large effect"
"s_Faecalibacterium_duncaniae_sv_80"	"enterotype"	"Abundance"	"B1"	27	"B2"	30	7.06904778630395	0.00227286247904839	7.83168463025059	0	6.88111109295616	0.0124489804988192	655	0.599372729064789	1.32278903563297e-06	57	"B1"	9.43246847047083e-06	"Large effect"	"B1 Large effect"
"s_Bittarella_massiliensis_sv_488"	"enterotype"	"Abundance"	"B1"	27	"B2"	30	0.326625993690714	0	0.272936971162457	0	0.316909800344223	0	705	0.600732222753471	1.96074984049842e-08	57	"B1"	2.76465727510278e-07	"Large effect"	"B1 Large effect"
"s_Blautia_A_caecimuris_sv_89"	"enterotype"	"Abundance"	"B1"	27	"B2"	30	2.14820608094249	0	1.84084859952351	0	2.08039837542805	0	690	0.601444835669607	5.96531528427613e-08	57	"B1"	7.15837834113135e-07	"Large effect"	"B1 Large effect"
"s_Parasutterella_gallistercoris_sv_269"	"enterotype"	"Abundance"	"B1"	27	"B2"	30	1.18262335412185	0	0.775389370862574	0	1.12098606801081	0	750	0.609586764646334	5.5447343250765e-10	57	"B1"	1.02532136371906e-08	"Large effect"	"B1 Large effect"
"s_Sellimonas_intestinalis_sv_464"	"enterotype"	"Abundance"	"B1"	27	"B2"	30	0.456216094986899	0	0.466424604117068	0	0.431377985695008	0	675	0.610517278595132	1.75119335523171e-07	57	"B1"	1.63251744190196e-06	"Large effect"	"B1 Large effect"
"s_Parasutterella_gallistercoris_sv_226"	"enterotype"	"Abundance"	"B1"	27	"B2"	30	1.37378465063682	0	0.963899646800072	0	1.29520326052244	0	750	0.611623396502015	5.5447343250765e-10	57	"B1"	1.02532136371906e-08	"Large effect"	"B1 Large effect"
"s_Bacteroides_nordii_sv_148"	"enterotype"	"Abundance"	"B1"	27	"B2"	30	1.71926851922745	0	1.23269914195561	0	1.61467139382667	0	690	0.613087062780171	5.96531528427613e-08	57	"B1"	7.15837834113135e-07	"Large effect"	"B1 Large effect"
"s_Enterocloster_clostridioformis_sv_49"	"enterotype"	"Abundance"	"B1"	27	"B2"	30	5.29240296972898	0	4.78620635876113	0	4.96629425563972	0	675	0.613401597715036	1.75119335523171e-07	57	"B1"	1.63251744190196e-06	"Large effect"	"B1 Large effect"
"s_Blautia_A_caecimuris_sv_43"	"enterotype"	"Abundance"	"B1"	27	"B2"	30	5.25556999204481	0	4.87894674489796	0	4.93042890374135	0	675	0.61350152645061	1.75119335523171e-07	57	"B1"	1.63251744190196e-06	"Large effect"	"B1 Large effect"
"s_Alitiscatomonas_sp900066535_sv_456"	"enterotype"	"Abundance"	"B1"	27	"B2"	30	0.75725882345639	0	0.926500503967243	0	0.709484197857902	0	660	0.61399514739179	4.96706927488813e-07	57	"B1"	3.91807981963203e-06	"Large effect"	"B1 Large effect"
"s_Blautia_A_caecimuris_sv_45"	"enterotype"	"Abundance"	"B1"	27	"B2"	30	5.5753048462839	0	4.46446343092893	0	5.22211417144191	0	705	0.614100256921738	1.96074984049842e-08	57	"B1"	2.76465727510278e-07	"Large effect"	"B1 Large effect"
"s_Dysosmobacter_welbionis_sv_588"	"enterotype"	"Abundance"	"B1"	27	"B2"	30	0.332521255020794	0	0.427615617215651	0	0.311150143038411	0	645	0.614472380224129	1.36302514245279e-06	57	"B1"	9.43246847047083e-06	"Large effect"	"B1 Large effect"
"s_Mediterraneibacter_torques_sv_308"	"enterotype"	"Abundance"	"B1"	27	"B2"	30	1.3407747197572	0	1.28406160620376	0	1.2482263247521	0	690	0.616399448434604	5.96531528427613e-08	57	"B1"	7.15837834113135e-07	"Large effect"	"B1 Large effect"
"s_Eisenbergiella_tayi_sv_81"	"enterotype"	"Abundance"	"B1"	27	"B2"	30	2.48341963984284	0	1.77121259309599	0	2.30885740607904	0	750	0.616913394640125	5.5447343250765e-10	57	"B1"	1.02532136371906e-08	"Large effect"	"B1 Large effect"
"s_Faecalibacterium_duncaniae_sv_90"	"enterotype"	"Abundance"	"B1"	27	"B2"	30	6.11183871475632	0	6.37542371598117	0	5.64386831001404	0	660	0.619472179822295	4.96706927488813e-07	57	"B1"	3.91807981963203e-06	"Large effect"	"B1 Large effect"
"s_Blautia_A_fusiformis_sv_99"	"enterotype"	"Abundance"	"B1"	27	"B2"	30	5.42781438915399	0	5.80224814979721	0	4.97404234887225	0	675	0.622356562149057	1.75119335523171e-07	57	"B1"	1.63251744190196e-06	"Large effect"	"B1 Large effect"
"s_Bacteroides_intestinalis_sv_263"	"enterotype"	"Abundance"	"B1"	27	"B2"	30	1.23010931341958	0	0.862359248390597	0	1.12642026994304	0	780	0.622641042429058	4.1988705470725e-11	57	"B1"	1.24640157292047e-09	"Large effect"	"B1 Large effect"
"s_Blautia_A_fusiformis_sv_94"	"enterotype"	"Abundance"	"B1"	27	"B2"	30	5.89360932870582	0	5.63850277793852	0	5.36159034547545	0	675	0.625108373086786	1.75119335523171e-07	57	"B1"	1.63251744190196e-06	"Large effect"	"B1 Large effect"
"s_Blautia_A_fusiformis_sv_146"	"enterotype"	"Abundance"	"B1"	27	"B2"	30	3.72982635182227	0	3.75533114302796	0	3.38504364213639	0	675	0.626006788369498	1.75119335523171e-07	57	"B1"	1.63251744190196e-06	"Large effect"	"B1 Large effect"
"s_Blautia_A_fusiformis_sv_133"	"enterotype"	"Abundance"	"B1"	27	"B2"	30	4.11561486770172	0	4.16137063475713	0	3.73048929415568	0	675	0.626478600492535	1.75119335523171e-07	57	"B1"	1.63251744190196e-06	"Large effect"	"B1 Large effect"
"s_Coprobacter_fastidiosus_sv_110"	"enterotype"	"Abundance"	"B1"	27	"B2"	30	2.29388385329539	0.00565878170970404	2.72936971162457	0	2.06202178795666	0.0309944239040256	670.5	0.628627280219732	4.45630474196687e-07	57	"B1"	3.91807981963203e-06	"Large effect"	"B1 Large effect"
"s_Blautia_A_fusiformis_sv_129"	"enterotype"	"Abundance"	"B1"	27	"B2"	30	4.17767298001616	0	4.2253917214457	0	3.75599184872564	0	675	0.629543374159171	1.75119335523171e-07	57	"B1"	1.63251744190196e-06	"Large effect"	"B1 Large effect"
"s_Enterocloster_clostridioformis_sv_44"	"enterotype"	"Abundance"	"B1"	27	"B2"	30	5.839785401015	0	6.06077078128175	0	5.2329282395589	0	675	0.630790265358666	1.75119335523171e-07	57	"B1"	1.63251744190196e-06	"Large effect"	"B1 Large effect"
"s_Blautia_A_fusiformis_sv_142"	"enterotype"	"Abundance"	"B1"	27	"B2"	30	3.91120252512153	0	4.24546091515371	0	3.49357842959603	0	675	0.631989105434851	1.75119335523171e-07	57	"B1"	1.63251744190196e-06	"Large effect"	"B1 Large effect"
"s_Alistipes_putredinis_sv_73"	"enterotype"	"Abundance"	"B1"	27	"B2"	30	3.63055731678655	0.00807730603539783	3.44396240816327	0	3.2321637399728	0.0310190813426995	666	0.632378141012997	1.03847171105791e-06	57	"B1"	8.13469506995359e-06	"Large effect"	"B1 Large effect"
"s_Holdemania_filiformis_sv_458"	"enterotype"	"Abundance"	"B1"	27	"B2"	30	0.383916301279992	0	0.441803663885642	0	0.340016097189496	0	660	0.635179043152593	4.96706927488813e-07	57	"B1"	3.91807981963203e-06	"Large effect"	"B1 Large effect"
"s_Hominilimicola_fabiformis_sv_556"	"enterotype"	"Abundance"	"B1"	27	"B2"	30	0.422924609992137	0	0.564987106729655	0	0.372343781993675	0	660	0.637402842696938	4.96706927488813e-07	57	"B1"	3.91807981963203e-06	"Large effect"	"B1 Large effect"
"s_Alistipes_shahii_sv_337"	"enterotype"	"Abundance"	"B1"	27	"B2"	30	0.90247787160253	0	0.780482108361265	0	0.790558304418023	0	675	0.639281374273906	1.75119335523171e-07	57	"B1"	1.63251744190196e-06	"Large effect"	"B1 Large effect"
"s_Faecalibacterium_duncaniae_sv_95"	"enterotype"	"Abundance"	"B1"	27	"B2"	30	5.77954493984827	0	6.74729752760051	0	5.0214755793615	0	660	0.642338360561169	4.96706927488813e-07	57	"B1"	3.91807981963203e-06	"Large effect"	"B1 Large effect"
"s_Blautia_A_fusiformis_sv_117"	"enterotype"	"Abundance"	"B1"	27	"B2"	30	4.45699077900523	0.00172795072226644	5.22801002264677	0	3.86854482559095	0.00946437588842675	670.5	0.642563073067726	4.45630474196687e-07	57	"B1"	3.91807981963203e-06	"Large effect"	"B1 Large effect"
"s_Blautia_A_fusiformis_sv_113"	"enterotype"	"Abundance"	"B1"	27	"B2"	30	4.55438000256612	0	4.96670432593532	0	3.94780360384872	0	675	0.643205798747887	1.75119335523171e-07	57	"B1"	1.63251744190196e-06	"Large effect"	"B1 Large effect"
"uc_uc_k_sv_251"	"enterotype"	"Abundance"	"B1"	27	"B2"	30	1.37821727281823	0	1.32727291189779	0	1.18879334576762	0	675	0.645037312761835	1.75119335523171e-07	57	"B1"	1.63251744190196e-06	"Large effect"	"B1 Large effect"
"s_Mediterraneibacter_torques_sv_348"	"enterotype"	"Abundance"	"B1"	27	"B2"	30	1.08988173558596	0	1.05232184693878	0	0.938524872467141	0	690	0.645655608366451	5.96531528427613e-08	57	"B1"	7.15837834113135e-07	"Large effect"	"B1 Large effect"
"uc_uc_k_sv_380"	"enterotype"	"Abundance"	"B1"	27	"B2"	30	0.465815192386145	0	0.410899713985204	0	0.399650525998508	0	705	0.647024006515427	1.96074984049842e-08	57	"B1"	2.76465727510278e-07	"Large effect"	"B1 Large effect"
"s_Otoolea_symbiosa_sv_268"	"enterotype"	"Abundance"	"B1"	27	"B2"	30	0.905704384601057	0	0.928694575189873	0	0.76897538143487	0	690	0.650900569580881	5.96531528427613e-08	57	"B1"	7.15837834113135e-07	"Large effect"	"B1 Large effect"
"uc_uc_k_sv_247"	"enterotype"	"Abundance"	"B1"	27	"B2"	30	1.26157540191909	0	1.54631282359975	0	1.06370143439899	0	675	0.65347178573063	1.75119335523171e-07	57	"B1"	1.63251744190196e-06	"Large effect"	"B1 Large effect"
"s_Hominilimicola_fabiformis_sv_533"	"enterotype"	"Abundance"	"B1"	27	"B2"	30	0.465575644302525	0	0.478328112244898	0	0.389041263954431	0	675	0.656785743692811	1.75119335523171e-07	57	"B1"	1.63251744190196e-06	"Large effect"	"B1 Large effect"
"s_Bilophila_wadsworthia_sv_116"	"enterotype"	"Abundance"	"B1"	27	"B2"	30	2.44883227688794	0	2.38197555623254	0	2.03605869011269	0	735	0.658628603488326	1.89294025266685e-09	57	"B1"	3.23520697728516e-08	"Large effect"	"B1 Large effect"
"s_Mediterraneibacter_torques_sv_305"	"enterotype"	"Abundance"	"B1"	27	"B2"	30	1.31075089645149	0	1.48951146319636	0	1.07788265378346	0	690	0.662669550419809	5.96531528427613e-08	57	"B1"	7.15837834113135e-07	"Large effect"	"B1 Large effect"
"s_Otoolea_symbiosa_sv_288"	"enterotype"	"Abundance"	"B1"	27	"B2"	30	0.88275542480511	0	0.977220741018477	0	0.724278480861232	0	690	0.663501364145902	5.96531528427613e-08	57	"B1"	7.15837834113135e-07	"Large effect"	"B1 Large effect"
"uc_uc_k_sv_237"	"enterotype"	"Abundance"	"B1"	27	"B2"	30	1.27084983512571	0	1.22442553192408	0	1.0277942432053	0	705	0.668760671820571	1.96074984049842e-08	57	"B1"	2.76465727510278e-07	"Large effect"	"B1 Large effect"
"s_Clostridium_AQ_innocuum_sv_138"	"enterotype"	"Abundance"	"B1"	27	"B2"	30	1.64588317138333	0.00681858743714517	1.1274757651827	0	1.3226789543936	0.0373469414964575	763.5	0.669398483154418	2.85906243360987e-10	57	"B1"	6.45004485022386e-09	"Large effect"	"B1 Large effect"
"s_Barnesiella_intestinihominis_sv_92"	"enterotype"	"Abundance"	"B1"	27	"B2"	30	4.7136893576548	0	5.08310809787688	0	3.76677476639549	0	675	0.673115890443317	1.75119335523171e-07	57	"B1"	1.63251744190196e-06	"Large effect"	"B1 Large effect"
"uc_uc_k_sv_299"	"enterotype"	"Abundance"	"B1"	27	"B2"	30	1.07807588241773	0	0.907605881005636	0	0.860049911073232	0	765	0.673728983133193	1.55865122412257e-10	57	"B1"	3.58807873634746e-09	"Large effect"	"B1 Large effect"
"s_Parasutterella_excrementihominis_sv_106"	"enterotype"	"Abundance"	"B1"	27	"B2"	30	3.82081525523689	0	2.61554306269651	0	3.02725289142835	0	810	0.676214105840647	2.66670517404672e-12	57	"B1"	2.50670286360392e-10	"Large effect"	"B1 Large effect"
"s_Butyricimonas_paravirosa_sv_435"	"enterotype"	"Abundance"	"B1"	27	"B2"	30	0.517104866198694	0	0.425717513651599	0	0.40668779016313	0	780	0.678882117930051	4.1988705470725e-11	57	"B1"	1.24640157292047e-09	"Large effect"	"B1 Large effect"
"uc_uc_k_sv_230"	"enterotype"	"Abundance"	"B1"	27	"B2"	30	1.36549718412356	0	1.56938758418413	0	1.06462411497588	0	690	0.682010975443754	5.96531528427613e-08	57	"B1"	7.15837834113135e-07	"Large effect"	"B1 Large effect"
"s_Bacteroides_ovatus_sv_5"	"enterotype"	"Abundance"	"B1"	27	"B2"	30	57.6204886053149	0	75.4552234048214	0	44.6382953560067	0	690	0.684302365335068	5.96531528427613e-08	57	"B1"	7.15837834113135e-07	"Large effect"	"B1 Large effect"
"s_Parabacteroides_merdae_sv_143"	"enterotype"	"Abundance"	"B1"	27	"B2"	30	2.04037985661332	0	1.7327021364653	0	1.57822816918905	0	780	0.684856266244204	4.1988705470725e-11	57	"B1"	1.24640157292047e-09	"Large effect"	"B1 Large effect"
"s_Bacteroides_xylanisolvens_sv_29"	"enterotype"	"Abundance"	"B1"	27	"B2"	30	18.0377052652576	0	23.0868400065615	0	13.9159299397171	0	705	0.685785179903953	1.96074984049842e-08	57	"B1"	2.76465727510278e-07	"Large effect"	"B1 Large effect"
"uc_uc_k_sv_69"	"enterotype"	"Abundance"	"B1"	27	"B2"	30	4.29362305553016	0	3.63042352402254	0	3.30271924891825	0	735	0.686840798120347	1.89294025266685e-09	57	"B1"	3.23520697728516e-08	"Large effect"	"B1 Large effect"
"s_Bacteroides_ovatus_sv_25"	"enterotype"	"Abundance"	"B1"	27	"B2"	30	19.944142695163	0	25.0412814885985	0	15.3305755741739	0	720	0.687091219573691	6.21039485884921e-09	57	"B1"	1.00076077154027e-07	"Large effect"	"B1 Large effect"
"s_Butyricimonas_paravirosa_sv_423"	"enterotype"	"Abundance"	"B1"	27	"B2"	30	0.48745875477191	0	0.43077187270143	0	0.370241629861616	0	765	0.691349929981254	1.55865122412257e-10	57	"B1"	3.58807873634746e-09	"Large effect"	"B1 Large effect"
"s_Bacteroides_uniformis_sv_294"	"enterotype"	"Abundance"	"B1"	27	"B2"	30	0.961680544019582	0	0.722924735100054	0	0.729584306944397	0	765	0.69176076265445	1.55865122412257e-10	57	"B1"	3.58807873634746e-09	"Large effect"	"B1 Large effect"
"uc_uc_k_sv_286"	"enterotype"	"Abundance"	"B1"	27	"B2"	30	1.14619009018769	0	0.885071296546814	0	0.862141783931973	0	795	0.694796079945902	1.08246867873341e-11	57	"B1"	5.08760279004704e-10	"Large effect"	"B1 Large effect"
"s_Phocaeicola_vulgatus_sv_82"	"enterotype"	"Abundance"	"B1"	27	"B2"	30	3.63756896350721	0	3.61859886603859	0	2.67793290094037	0	780	0.70235169738715	4.1988705470725e-11	57	"B1"	1.24640157292047e-09	"Large effect"	"B1 Large effect"
"s_Clostridium_AQ_innocuum_sv_145"	"enterotype"	"Abundance"	"B1"	27	"B2"	30	1.4798227923632	0.00283916291514558	1.2376443831895	0	1.08689973492117	0.0155507357305736	794.5	0.702452405380392	1.74099032473598e-11	57	"B1"	7.85534834520872e-10	"Large effect"	"B1 Large effect"
"s_Bacteroides_eggerthii_sv_1"	"enterotype"	"Abundance"	"B1"	27	"B2"	30	75.7392592079065	0	73.6856308075151	0	55.0135307822347	0	735	0.707037903278914	1.89294025266685e-09	57	"B1"	3.23520697728516e-08	"Large effect"	"B1 Large effect"
"s_Clostridium_AQ_innocuum_sv_63"	"enterotype"	"Abundance"	"B1"	27	"B2"	30	3.81467917787428	0	2.95402249274143	0	2.70460442295997	0	810	0.715381779497447	2.66670517404672e-12	57	"B1"	2.50670286360392e-10	"Large effect"	"B1 Large effect"
"s_Parasutterella_excrementihominis_sv_209"	"enterotype"	"Abundance"	"B1"	27	"B2"	30	1.64116681467832	0	1.46583111152771	0	1.14073103163154	0	810	0.72214217626458	2.66670517404672e-12	57	"B1"	2.50670286360392e-10	"Large effect"	"B1 Large effect"
"s_Butyricimonas_paravirosa_sv_455"	"enterotype"	"Abundance"	"B1"	27	"B2"	30	0.395007726859442	0	0.384126520131427	0	0.269914304502455	0	750	0.727893945738398	5.5447343250765e-10	57	"B1"	1.02532136371906e-08	"Large effect"	"B1 Large effect"
"s_Phocaeicola_vulgatus_sv_55"	"enterotype"	"Abundance"	"B1"	27	"B2"	30	6.63575258359303	0	6.27073154149348	0	4.43346160000285	0	810	0.735383011065901	2.66670517404672e-12	57	"B1"	2.50670286360392e-10	"Large effect"	"B1 Large effect"
"s_Phocaeicola_vulgatus_sv_47"	"enterotype"	"Abundance"	"B1"	27	"B2"	30	8.14606750137882	0	8.55981388534968	0	5.44008671883578	0	810	0.735531388431844	2.66670517404672e-12	57	"B1"	2.50670286360392e-10	"Large effect"	"B1 Large effect"
"uc_uc_k_sv_401"	"enterotype"	"Abundance"	"B1"	27	"B2"	30	0.527473204398082	0	0.478328112244898	0	0.347064331399079	0	765	0.740414560048189	1.55865122412257e-10	57	"B1"	3.58807873634746e-09	"Large effect"	"B1 Large effect"
"s_Bacteroides_uniformis_sv_494"	"enterotype"	"Abundance"	"B1"	27	"B2"	30	0.446421702225179	0	0.464347287594937	0	0.285483489886184	0	750	0.7496480508952	5.5447343250765e-10	57	"B1"	1.02532136371906e-08	"Large effect"	"B1 Large effect"
"s_Flavonifractor_plautii_sv_192"	"enterotype"	"Abundance"	"B1"	27	"B2"	30	1.68199219421719	0.0496127889256456	1.89410851842342	0	1.0278702236652	0.136519998803393	770	0.751481878583262	5.4899713507935e-10	57	"B1"	1.02532136371906e-08	"Large effect"	"B1 Large effect"
"s_Butyricimonas_paravirosa_sv_425"	"enterotype"	"Abundance"	"B1"	27	"B2"	30	0.471682270316776	0	0.488610370509238	0	0.286243509160187	0	765	0.766132568324659	1.55865122412257e-10	57	"B1"	3.58807873634746e-09	"Large effect"	"B1 Large effect"
"s_Bacteroides_thetaiotaomicron_sv_10"	"enterotype"	"Abundance"	"B1"	27	"B2"	30	19.8999548762896	4.83161120795533	19.9090936784669	4.25131615096121	8.15495743304141	3.74294225518521	767	0.768893802316539	7.56354571383133e-09	57	"B1"	1.20164500918334e-07	"Large effect"	"B1 Large effect"
"s_Phocaeicola_vulgatus_sv_79"	"enterotype"	"Abundance"	"B1"	27	"B2"	30	3.90704837964984	0	4.06234836354868	0	2.21126101916334	0	810	0.787038765928681	2.66670517404672e-12	57	"B1"	2.50670286360392e-10	"Large effect"	"B1 Large effect"
"s_Butyricimonas_paravirosa_sv_419"	"enterotype"	"Abundance"	"B1"	27	"B2"	30	0.502303501828076	0	0.496670432593532	0	0.274782266534233	0	780	0.796777390380235	4.1988705470725e-11	57	"B1"	1.24640157292047e-09	"Large effect"	"B1 Large effect"
"s_Bacteroides_thetaiotaomicron_sv_32"	"enterotype"	"Abundance"	"B1"	27	"B2"	30	10.6023264999983	0	10.7138907602319	0	4.38954895976663	0	810	0.864812746437891	2.66670517404672e-12	57	"B1"	2.50670286360392e-10	"Large effect"	"B1 Large effect"
"s_Bacteroides_thetaiotaomicron_sv_38"	"enterotype"	"Abundance"	"B1"	27	"B2"	30	9.36620255338553	0.0948211113029032	9.36672174151782	0	3.76673191417228	0.408119711710985	808	0.867347164174617	7.32108295161934e-12	57	"B1"	3.94013760078906e-10	"Large effect"	"B1 Large effect"
"s_Parabacteroides_distasonis_sv_88"	"enterotype"	"Abundance"	"B1"	27	"B2"	30	3.15797330943387	0	3.05381481568274	0	1.18625266392244	0	810	0.883664576974233	2.66670517404672e-12	57	"B1"	2.50670286360392e-10	"Large effect"	"B1 Large effect"
"s_Parabacteroides_distasonis_sv_85"	"enterotype"	"Abundance"	"B1"	27	"B2"	30	3.17749558774315	0	3.19095836917758	0	1.11979007620612	0	810	0.894733147243606	2.66670517404672e-12	57	"B1"	2.50670286360392e-10	"Large effect"	"B1 Large effect"
"s_Parabacteroides_distasonis_sv_52"	"enterotype"	"Abundance"	"B1"	27	"B2"	30	6.88106130508361	0	6.33808758216855	0	2.32756592290244	0	810	0.901326256521613	2.66670517404672e-12	57	"B1"	2.50670286360392e-10	"Large effect"	"B1 Large effect"
"s_Parabacteroides_distasonis_sv_78"	"enterotype"	"Abundance"	"B1"	27	"B2"	30	3.82168055882628	0	3.7498031915175	0	1.21902518602395	0	810	0.910092354295989	2.66670517404672e-12	57	"B1"	2.50670286360392e-10	"Large effect"	"B1 Large effect"
"s_Parabacteroides_distasonis_sv_48"	"enterotype"	"Abundance"	"B1"	27	"B2"	30	7.37624407791112	0	6.95082631291553	0	2.21989407641211	0	810	0.918038144623398	2.66670517404672e-12	57	"B1"	2.50670286360392e-10	"Large effect"	"B1 Large effect"
