"OTU"	"Discrete"	"Continuous"	"Level1"	"N_level1"	"Level2"	"N_level2"	"mean.level1"	"mean.level2"	"median.level1"	"median.level2"	"sd.level1"	"sd.level2"	"statistic"	"EffectSize_r"	"p.value"	"N"	"Dominant"	"q.value"
"s_Bacteroides_cellulosilyticus_sv_2"	"enterotype"	"Abundance"	"B1"	27	"B2"	25	0	61.9701287066914	0	61.5973371657286	0	18.3924203661644	0	0.918372869193648	2.83471678844937e-11	52	"B2"	9.626225760776e-10
"s_Akkermansia_sp004167605_sv_3"	"enterotype"	"Abundance"	"B1"	27	"B2"	25	0	36.8634196035987	0	37.2712104603605	0	23.6583581552835	0	0.746170394497886	2.83471678844937e-11	52	"B2"	9.626225760776e-10
"s_Bacteroides_cellulosilyticus_sv_6"	"enterotype"	"Abundance"	"B1"	27	"B2"	25	0	32.1424226502457	0	30.0599221812864	0	9.40867695322135	0	0.920132444860779	2.83471678844937e-11	52	"B2"	9.626225760776e-10
"s_Bacteroides_cellulosilyticus_sv_7"	"enterotype"	"Abundance"	"B1"	27	"B2"	25	0	25.9110079801578	0	25.8556723905528	0	7.16824440943207	0	0.926925337709208	2.83471678844937e-11	52	"B2"	9.626225760776e-10
"s_Parabacteroides_distasonis_sv_15"	"enterotype"	"Abundance"	"B1"	27	"B2"	25	0	16.8407958471244	0	14.3258274673275	0	8.12159729273615	0	0.82816217689093	2.83471678844937e-11	52	"B2"	9.626225760776e-10
"s_Bacteroides_thetaiotaomicron_sv_41"	"enterotype"	"Abundance"	"B1"	27	"B2"	25	0	9.65985220768495	0	8.50333610705345	0	4.21764370246823	0	0.851571717192163	2.83471678844937e-11	52	"B2"	9.626225760776e-10
"s_Bacteroides_xylanisolvens_sv_46"	"enterotype"	"Abundance"	"B1"	27	"B2"	25	0	11.7617898227404	0	10.9955736551123	0	7.64261078409855	0	0.742157505745337	2.83471678844937e-11	52	"B2"	9.626225760776e-10
"s_Barnesiella_intestinihominis_sv_64"	"enterotype"	"Abundance"	"B1"	27	"B2"	25	0	6.61575290583471	0	6.10570382596084	0	3.37033322129252	0	0.814096322552719	2.83471678844937e-11	52	"B2"	9.626225760776e-10
"s_Parabacteroides_distasonis_sv_65"	"enterotype"	"Abundance"	"B1"	27	"B2"	25	0	4.28794769608638	0	3.99185291254346	0	2.15245173884242	0	0.817962644427824	2.83471678844937e-11	52	"B2"	9.626225760776e-10
"s_Luxibacter_massiliensis_sv_71"	"enterotype"	"Abundance"	"B1"	27	"B2"	25	0	6.86260700943129	0	5.87965212932654	0	5.53245452940959	0	0.667439541076787	2.83471678844937e-11	52	"B2"	9.626225760776e-10
"s_Parabacteroides_distasonis_sv_75"	"enterotype"	"Abundance"	"B1"	27	"B2"	25	0	3.64806485761179	0	3.51535522355592	0	1.57504643971823	0	0.854042606360538	2.83471678844937e-11	52	"B2"	9.626225760776e-10
"s_Parabacteroides_distasonis_sv_77"	"enterotype"	"Abundance"	"B1"	27	"B2"	25	0	3.64188385263883	0	2.99083005232897	0	1.87521796795801	0	0.811265435721649	2.83471678844937e-11	52	"B2"	9.626225760776e-10
"s_Parabacteroides_merdae_sv_108"	"enterotype"	"Abundance"	"B1"	27	"B2"	25	0	3.869142379927	0	3.76754408286944	0	1.94537967105225	0	0.817539850841351	2.83471678844937e-11	52	"B2"	9.626225760776e-10
"s_Phascolarctobacterium_faecium_sv_121"	"enterotype"	"Abundance"	"B1"	27	"B2"	25	0	4.05571815547314	0	3.81500969039747	0	1.4422756057794	0	0.89157616089844	2.83471678844937e-11	52	"B2"	9.626225760776e-10
"s_Flavonifractor_plautii_sv_124"	"enterotype"	"Abundance"	"B1"	27	"B2"	25	0	1.54031504546408	0	1.25116397094564	0	0.96077675678322	0	0.755269622649	2.83471678844937e-11	52	"B2"	9.626225760776e-10
"s_Bacteroides_fragilis_sv_125"	"enterotype"	"Abundance"	"B1"	27	"B2"	25	0	1.63089018528766	0	0.780475937379068	0	2.72520706880761	0	0.398937456810004	2.83471678844937e-11	52	"B2"	9.626225760776e-10
"s_Thomasclavelia_sp000508865_sv_149"	"enterotype"	"Abundance"	"B1"	27	"B2"	25	0	2.50133558570381	0	2.28191084451187	0	1.57760419177613	0	0.751753187765242	2.83471678844937e-11	52	"B2"	9.626225760776e-10
"s_Otoolea_symbiosa_sv_170"	"enterotype"	"Abundance"	"B1"	27	"B2"	25	0	2.06936758035491	0	1.79067204322698	0	0.927378822450548	0	0.84569507826197	2.83471678844937e-11	52	"B2"	9.626225760776e-10
"s_Barnesiella_intestinihominis_sv_175"	"enterotype"	"Abundance"	"B1"	27	"B2"	25	0	1.75867946248655	0	1.52642595649021	0	1.0941115300912	0	0.756096840565635	2.83471678844937e-11	52	"B2"	9.626225760776e-10
"s_Otoolea_symbiosa_sv_178"	"enterotype"	"Abundance"	"B1"	27	"B2"	25	0	1.93291500592718	0	1.6440270748136	0	1.06278892240493	0	0.793169818600207	2.83471678844937e-11	52	"B2"	9.626225760776e-10
"s_Alistipes_shahii_sv_189"	"enterotype"	"Abundance"	"B1"	27	"B2"	25	0	1.45562321367165	0	1.22114076519217	0	0.978653165224366	0	0.730933711893131	2.83471678844937e-11	52	"B2"	9.626225760776e-10
"s_Bacteroides_finegoldii_sv_198"	"enterotype"	"Abundance"	"B1"	27	"B2"	25	0	1.93559251319164	0	1.22732822708333	0	1.77377264271381	0	0.619849383851611	2.83471678844937e-11	52	"B2"	9.626225760776e-10
"s_Fournierella_sp900543285_sv_235"	"enterotype"	"Abundance"	"B1"	27	"B2"	25	0	1.55147573796156	0	1.3423902483724	0	0.988236472115855	0	0.748595071379447	2.83471678844937e-11	52	"B2"	9.626225760776e-10
"s_Flavonifractor_plautii_sv_239"	"enterotype"	"Abundance"	"B1"	27	"B2"	25	0	0.683715064335469	0	0.563023786925537	0	0.370404695625212	0	0.797353356928586	2.83471678844937e-11	52	"B2"	9.626225760776e-10
"s_Bacteroides_finegoldii_sv_159"	"enterotype"	"Abundance"	"B1"	27	"B2"	25	0.00500595886519133	2.43654352049232	0	1.6440270748136	0.0260117252853337	2.38274658408035	0	0.594429046443095	4.17598630120306e-11	52	"B2"	1.20403164798446e-09
"s_Bacteroides_caccae_sv_18"	"enterotype"	"Abundance"	"B1"	27	"B2"	25	23.1104780704228	0	20.4546606900345	0	18.7494651043847	0	675	0.650419147656049	5.90935778151881e-11	52	"B1"	1.20403164798446e-09
"s_Phocaeicola_massiliensis_sv_19"	"enterotype"	"Abundance"	"B1"	27	"B2"	25	16.2270129551223	0	14.1894402699123	0	12.4612492477512	0	675	0.670558845116028	5.90935778151881e-11	52	"B1"	1.20403164798446e-09
"s_Blautia_pseudococcoides_sv_26"	"enterotype"	"Abundance"	"B1"	27	"B2"	25	7.15586724293467	0	5.51629605795766	0	6.13696206955383	0	675	0.629731941341341	5.90935778151881e-11	52	"B1"	1.20403164798446e-09
"s_Hungatella_hathewayi_sv_27"	"enterotype"	"Abundance"	"B1"	27	"B2"	25	14.2406141337507	0	13.1058123326246	0	9.62984835710641	0	675	0.71547668681378	5.90935778151881e-11	52	"B1"	1.20403164798446e-09
"s_Bacteroides_thetaiotaomicron_sv_32"	"enterotype"	"Abundance"	"B1"	27	"B2"	25	9.39658840809819	0	9.09477985562849	0	4.59593360886465	0	675	0.814284051514931	5.90935778151881e-11	52	"B1"	1.20403164798446e-09
"s_Hungatella_hathewayi_sv_33"	"enterotype"	"Abundance"	"B1"	27	"B2"	25	12.5941077853387	0	11.9332092516369	0	8.24691313797094	0	675	0.726374191892488	5.90935778151881e-11	52	"B1"	1.20403164798446e-09
"s_Clostridium_AQ_innocuum_sv_63"	"enterotype"	"Abundance"	"B1"	27	"B2"	25	5.390846878212	0	5.21010745473769	0	2.52073168223491	0	675	0.825873263316571	5.90935778151881e-11	52	"B1"	1.20403164798446e-09
"uc_uc_k_sv_69"	"enterotype"	"Abundance"	"B1"	27	"B2"	25	3.91239688077928	0	4.10238006453499	0	1.42952627288335	0	675	0.879681605646136	5.90935778151881e-11	52	"B1"	1.20403164798446e-09
"s_Eisenbergiella_tayi_sv_81"	"enterotype"	"Abundance"	"B1"	27	"B2"	25	4.65323817478298	0	4.20665018071654	0	3.37361644443726	0	675	0.691206914657236	5.90935778151881e-11	52	"B1"	1.20403164798446e-09
"s_Phocaeicola_vulgatus_sv_82"	"enterotype"	"Abundance"	"B1"	27	"B2"	25	3.38706046709942	0	2.55558102380868	0	2.68411747797832	0	675	0.659076061025656	5.90935778151881e-11	52	"B1"	1.20403164798446e-09
"s_Eisenbergiella_tayi_sv_84"	"enterotype"	"Abundance"	"B1"	27	"B2"	25	4.47812484687361	0	4.30150566047378	0	2.95972889994234	0	675	0.72324976524131	5.90935778151881e-11	52	"B1"	1.20403164798446e-09
"s_Clostridium_AQ_innocuum_sv_97"	"enterotype"	"Abundance"	"B1"	27	"B2"	25	3.04036312300222	0	2.78506967679642	0	1.09426270759617	0	675	0.882453364726751	5.90935778151881e-11	52	"B1"	1.20403164798446e-09
"s_Clostridium_AQ_innocuum_sv_138"	"enterotype"	"Abundance"	"B1"	27	"B2"	25	2.41965644817337	0	2.41861314037584	0	1.05773985673416	0	675	0.842190754595043	5.90935778151881e-11	52	"B1"	1.20403164798446e-09
"s_Clostridium_AQ_innocuum_sv_145"	"enterotype"	"Abundance"	"B1"	27	"B2"	25	2.37820944554671	0	2.26612434228188	0	1.16727200772358	0	675	0.813360139094331	5.90935778151881e-11	52	"B1"	1.20403164798446e-09
"s_Duodenibacillus_intestinigallinarum_sv_154"	"enterotype"	"Abundance"	"B1"	27	"B2"	25	3.196846671827	0	3.17172627227902	0	2.10635077131888	0	675	0.724295475338017	5.90935778151881e-11	52	"B1"	1.20403164798446e-09
"s_Eisenbergiella_tayi_sv_91"	"enterotype"	"Abundance"	"B1"	27	"B2"	25	4.25609744029821	0.00306832056770833	4.44122602138365	0	2.73419752923458	0.0153416028385417	675	0.732510460584621	8.06580845015722e-11	52	"B1"	1.60332533826296e-09
"s_Bacteroides_xylanisolvens_sv_24"	"enterotype"	"Abundance"	"B1"	27	"B2"	25	0	19.3110042293317	0	17.1704706223395	0	12.7936947338818	13.5	0.735805840125586	1.12519126534921e-10	52	"B2"	1.87149159440737e-09
"s_Sutterella_wadsworthensis_sv_193"	"enterotype"	"Abundance"	"B1"	27	"B2"	25	0	1.80477053981641	0	1.85129556438115	0	1.01379660498085	13.5	0.78702352707429	1.12519126534921e-10	52	"B2"	1.87149159440737e-09
"s_CAG-267_sp001917135_sv_206"	"enterotype"	"Abundance"	"B1"	27	"B2"	25	0	1.96840186615518	0	1.38370112431176	0	1.85398373806211	13.5	0.609488517215124	1.12519126534921e-10	52	"B2"	1.87149159440737e-09
"s_Eisenbergiella_tayi_sv_295"	"enterotype"	"Abundance"	"B1"	27	"B2"	25	0	0.954046422323326	0	0.834650247161572	0	0.814566554070928	13.5	0.646328061932996	1.12519126534921e-10	52	"B2"	1.87149159440737e-09
"s_Eisenbergiella_tayi_sv_322"	"enterotype"	"Abundance"	"B1"	27	"B2"	25	0	0.848308387750842	0	0.577147872524106	0	0.693780900490596	13.5	0.662192227283494	1.12519126534921e-10	52	"B2"	1.87149159440737e-09
"s_Fournierella_sp900543285_sv_339"	"enterotype"	"Abundance"	"B1"	27	"B2"	25	0	0.961492139574044	0	0.8295937665418	0	0.701292874073579	13.5	0.703163709693012	1.12519126534921e-10	52	"B2"	1.87149159440737e-09
"s_Bittarella_massiliensis_sv_417"	"enterotype"	"Abundance"	"B1"	27	"B2"	25	0	0.670324168777716	0	0.5630999101959	0	0.362980248062146	13.5	0.797484572446523	1.12519126534921e-10	52	"B2"	1.87149159440737e-09
"s_Collinsella_intestinalis_sv_482"	"enterotype"	"Abundance"	"B1"	27	"B2"	25	0	0.607212245960035	0	0.448901897793787	0	0.499946265880512	13.5	0.659732622862946	1.12519126534921e-10	52	"B2"	1.87149159440737e-09
"s_Hungatella_hathewayi_sv_12"	"enterotype"	"Abundance"	"B1"	27	"B2"	25	27.9701822016606	0	27.2643663096913	0	18.1149497795015	0	662.5	0.730057146974863	2.1119199347142e-10	52	"B1"	2.91731313015606e-09
"s_Hungatella_hathewayi_sv_31"	"enterotype"	"Abundance"	"B1"	27	"B2"	25	13.1556468935217	0	11.6094400083755	0	8.94087869155806	0	662.5	0.713759512567001	2.1119199347142e-10	52	"B1"	2.91731313015606e-09
"s_Enterocloster_aldenensis_sv_35"	"enterotype"	"Abundance"	"B1"	27	"B2"	25	10.8795789405207	0	9.45533492490727	0	8.47016500086173	0	662.5	0.665565535447082	2.1119199347142e-10	52	"B1"	2.91731313015606e-09
"s_Enterocloster_aldenensis_sv_39"	"enterotype"	"Abundance"	"B1"	27	"B2"	25	9.77965349321888	0	7.1959781459876	0	8.69911109442191	0	662.5	0.615984171601584	2.1119199347142e-10	52	"B1"	2.91731313015606e-09
"s_Phocaeicola_vulgatus_sv_47"	"enterotype"	"Abundance"	"B1"	27	"B2"	25	7.03882994872246	0	5.55115195737601	0	5.49556253682275	0	662.5	0.664529805694504	2.1119199347142e-10	52	"B1"	2.91731313015606e-09
"s_Blautia_pseudococcoides_sv_50"	"enterotype"	"Abundance"	"B1"	27	"B2"	25	4.46100418052944	0	3.50293883376738	0	3.7933313576776	0	662.5	0.63292733667799	2.1119199347142e-10	52	"B1"	2.91731313015606e-09
"s_Enterocloster_aldenensis_sv_51"	"enterotype"	"Abundance"	"B1"	27	"B2"	25	8.22663966395608	0	8.00597713045568	0	6.74284818511212	0	662.5	0.646631411136012	2.1119199347142e-10	52	"B1"	2.91731313015606e-09
"s_Blautia_pseudococcoides_sv_54"	"enterotype"	"Abundance"	"B1"	27	"B2"	25	3.76052588631433	0	2.46242937407798	0	3.25660498866271	0	662.5	0.626078746507158	2.1119199347142e-10	52	"B1"	2.91731313015606e-09
"s_Phocaeicola_vulgatus_sv_79"	"enterotype"	"Abundance"	"B1"	27	"B2"	25	3.42865482252153	0	2.56465164615112	0	2.83614720798863	0	662.5	0.643224107324392	2.1119199347142e-10	52	"B1"	2.91731313015606e-09
"s_Bilophila_wadsworthia_sv_116"	"enterotype"	"Abundance"	"B1"	27	"B2"	25	2.16535966256802	0	2.10622463635956	0	0.884256853293655	0	662.5	0.857437735033827	2.1119199347142e-10	52	"B1"	2.91731313015606e-09
"s_Bacteroides_thetaiotaomicron_sv_38"	"enterotype"	"Abundance"	"B1"	27	"B2"	25	8.69148652435884	0.281260523202396	8.13387137190671	0	4.26588038229301	1.0776990846334	668	0.796570240508106	2.56208285536311e-10	52	"B1"	3.48016254520155e-09
"s_Enterocloster_aldenensis_sv_42"	"enterotype"	"Abundance"	"B1"	27	"B2"	25	9.75056655327667	0.0106449411001159	9.93408606034561	0	7.62393889169909	0.0532247055005795	662	0.663585548702047	3.10394830048927e-10	52	"B1"	4.14707846704714e-09
"s_Bacteroides_fragilis_sv_67"	"enterotype"	"Abundance"	"B1"	27	"B2"	25	0	3.00478505493442	0	2.09871953645129	0	4.29861618961105	27	0.452784660134132	4.25395320958751e-10	52	"B2"	4.68509711596462e-09
"s_Hungatella_effluvii_sv_120"	"enterotype"	"Abundance"	"B1"	27	"B2"	25	0	3.50151088735521	0	1.33364136665771	0	6.49249193879435	27	0.365128550558544	4.25395320958751e-10	52	"B2"	4.68509711596462e-09
"s_Tidjanibacter_inops_sv_122"	"enterotype"	"Abundance"	"B1"	27	"B2"	25	0	2.17768616251987	0	1.98435374343727	0	1.30460998514339	27	0.767827914522415	4.25395320958751e-10	52	"B2"	4.68509711596462e-09
"s_Bacteroides_fragilis_sv_127"	"enterotype"	"Abundance"	"B1"	27	"B2"	25	0	1.60307698088179	0	1.02537398850575	0	2.39387035733601	27	0.437547565756376	4.25395320958751e-10	52	"B2"	4.68509711596462e-09
"s_Bacteroides_fragilis_sv_162"	"enterotype"	"Abundance"	"B1"	27	"B2"	25	0	1.24996392103244	0	0.651974527003391	0	2.15716022035741	27	0.388246523111583	4.25395320958751e-10	52	"B2"	4.68509711596462e-09
"s_Blautia_celeris_sv_169"	"enterotype"	"Abundance"	"B1"	27	"B2"	25	0	1.82093664853049	0	1.66930049432314	0	1.38614580502178	27	0.688104990679108	4.25395320958751e-10	52	"B2"	4.68509711596462e-09
"s_Blautia_celeris_sv_179"	"enterotype"	"Abundance"	"B1"	27	"B2"	25	0	1.58360441944828	0	1.63551435138062	0	1.12321892294071	27	0.712835821423183	4.25395320958751e-10	52	"B2"	4.68509711596462e-09
"s_Clostridium_AQ_innocuum_sv_238"	"enterotype"	"Abundance"	"B1"	27	"B2"	25	0	0.896205652697103	0	0.569759286481313	0	1.12624684107277	27	0.500204869655039	4.25395320958751e-10	52	"B2"	4.68509711596462e-09
"s_Clostridium_AQ_innocuum_sv_261"	"enterotype"	"Abundance"	"B1"	27	"B2"	25	0	0.84493756426718	0	0.49126045483502	0	1.32924044119178	27	0.419400701158671	4.25395320958751e-10	52	"B2"	4.68509711596462e-09
"s_Butyricimonas_paravirosa_sv_359"	"enterotype"	"Abundance"	"B1"	27	"B2"	25	0	1.01153239857526	0	0.963459044272001	0	0.666826008482954	27	0.737441343454478	4.25395320958751e-10	52	"B2"	4.68509711596462e-09
"s_Alistipes_finegoldii_sv_387"	"enterotype"	"Abundance"	"B1"	27	"B2"	25	0	0.462915717466777	0	0.385383617708801	0	0.350422215509414	27	0.690089279299598	4.25395320958751e-10	52	"B2"	4.68509711596462e-09
"s_Enterocloster_lavalensis_sv_457"	"enterotype"	"Abundance"	"B1"	27	"B2"	25	0	0.461854472120059	0	0.449614220660267	0	0.283651451246023	27	0.760140133417539	4.25395320958751e-10	52	"B2"	4.68509711596462e-09
"s_Avimicrobium_caecorum_sv_512"	"enterotype"	"Abundance"	"B1"	27	"B2"	25	0	0.492951266617863	0	0.421894078059896	0	0.29645525206725	27	0.76664856008805	4.25395320958751e-10	52	"B2"	4.68509711596462e-09
"s_Bacteroides_eggerthii_sv_1"	"enterotype"	"Abundance"	"B1"	27	"B2"	25	148.213094800775	0	98.0538179699523	0	122.917312492129	0	650	0.642263475150562	7.21851740592507e-10	52	"B1"	7.17450205588894e-09
"s_Blautia_pseudococcoides_sv_53"	"enterotype"	"Abundance"	"B1"	27	"B2"	25	4.0361845453228	0	3.2832391654373	0	3.60467592258147	0	650	0.614467231192554	7.21851740592507e-10	52	"B1"	7.17450205588894e-09
"s_Phocaeicola_vulgatus_sv_55"	"enterotype"	"Abundance"	"B1"	27	"B2"	25	5.92500045166522	0	4.40069993014282	0	4.60293122987462	0	650	0.666349845281716	7.21851740592507e-10	52	"B1"	7.17450205588894e-09
"s_Parabacteroides_merdae_sv_143"	"enterotype"	"Abundance"	"B1"	27	"B2"	25	1.94154980310815	0	1.75709156168216	0	1.27162721488191	0	650	0.726306752396131	7.21851740592507e-10	52	"B1"	7.17450205588894e-09
"s_Bacteroides_nordii_sv_148"	"enterotype"	"Abundance"	"B1"	27	"B2"	25	2.06597985610811	0	1.61014098004239	0	1.59383767853484	0	650	0.66888931185562	7.21851740592507e-10	52	"B1"	7.17450205588894e-09
"s_Clostridium_AP_sp000509125_sv_323"	"enterotype"	"Abundance"	"B1"	27	"B2"	25	1.04574363717053	0	0.938815985097135	0	0.57415807128816	0	650	0.782005417322751	7.21851740592507e-10	52	"B1"	7.17450205588894e-09
"s_Clostridium_AP_sp000509125_sv_362"	"enterotype"	"Abundance"	"B1"	27	"B2"	25	0.844738087282103	0	0.743384891480913	0	0.535327934790261	0	650	0.737255095998846	7.21851740592507e-10	52	"B1"	7.17450205588894e-09
"s_Clostridium_AP_sp000509125_sv_386"	"enterotype"	"Abundance"	"B1"	27	"B2"	25	0.764231232077063	0	0.672521322054916	0	0.451951349523486	0	650	0.759443358636679	7.21851740592507e-10	52	"B1"	7.17450205588894e-09
"s_Hungatella_effluvii_sv_155"	"enterotype"	"Abundance"	"B1"	27	"B2"	25	0	2.78322904342349	0	0.973758621688501	0	5.62244871328172	40.5	0.3387858924328	1.53440126156428e-09	52	"B2"	1.38948558686098e-08
"s_Coprobacter_fastidiosus_sv_157"	"enterotype"	"Abundance"	"B1"	27	"B2"	25	0	2.29131362389102	0	2.18384050034987	0	1.90007141683165	40.5	0.657108036880768	1.53440126156428e-09	52	"B2"	1.38948558686098e-08
"s_Blautia_celeris_sv_184"	"enterotype"	"Abundance"	"B1"	27	"B2"	25	0	1.56224119473843	0	1.54126803390113	0	1.10969054891432	40.5	0.712332480873526	1.53440126156428e-09	52	"B2"	1.38948558686098e-08
"s_Blautia_celeris_sv_190"	"enterotype"	"Abundance"	"B1"	27	"B2"	25	0	1.44743527581666	0	1.2690895083238	0	1.07003045550783	40.5	0.698456401006105	1.53440126156428e-09	52	"B2"	1.38948558686098e-08
"s_Clostridium_AQ_innocuum_sv_223"	"enterotype"	"Abundance"	"B1"	27	"B2"	25	0	1.03051942344927	0	0.685174724959685	0	1.24946275757976	40.5	0.513606275596469	1.53440126156428e-09	52	"B2"	1.38948558686098e-08
"s_Prevotella_intestinigallinarum_sv_303"	"enterotype"	"Abundance"	"B1"	27	"B2"	25	0	1.12109594633444	0	0.895336021613491	0	0.93368231465228	40.5	0.655522398662725	1.53440126156428e-09	52	"B2"	1.38948558686098e-08
"s_Phocaeicola_vulgatus_sv_327"	"enterotype"	"Abundance"	"B1"	27	"B2"	25	0	1.40547083109785	0	0.970428021345158	0	1.51965222313086	40.5	0.556976297967066	1.53440126156428e-09	52	"B2"	1.38948558686098e-08
"s_Enterocloster_lavalensis_sv_545"	"enterotype"	"Abundance"	"B1"	27	"B2"	25	0	0.366094809989703	0	0.336599193523845	0	0.248601094424828	40.5	0.727605834923017	1.53440126156428e-09	52	"B2"	1.38948558686098e-08
"s_Bacteroides_ovatus_sv_8"	"enterotype"	"Abundance"	"B1"	27	"B2"	25	25.5090171155014	0	20.8192826809152	0	20.5606014121328	0	637.5	0.652833671864132	2.36314514754118e-09	52	"B1"	1.94541746994552e-08
"s_Bacteroides_ovatus_sv_21"	"enterotype"	"Abundance"	"B1"	27	"B2"	25	12.8224920563529	0	10.6833242235403	0	10.513994732702	0	637.5	0.646482430644949	2.36314514754118e-09	52	"B1"	1.94541746994552e-08
"s_Bacteroides_ovatus_sv_23"	"enterotype"	"Abundance"	"B1"	27	"B2"	25	11.7100639252298	0	8.86488605783133	0	9.66506770775123	0	637.5	0.64404535937428	2.36314514754118e-09	52	"B1"	1.94541746994552e-08
"s_Bacteroides_ovatus_sv_28"	"enterotype"	"Abundance"	"B1"	27	"B2"	25	10.0215049294842	0	7.27073433276077	0	8.12569030128256	0	637.5	0.650634283129497	2.36314514754118e-09	52	"B1"	1.94541746994552e-08
"s_Parasutterella_gallistercoris_sv_219"	"enterotype"	"Abundance"	"B1"	27	"B2"	25	0.788689364005958	0	0.704111988822851	0	0.533435561220727	0	637.5	0.715409542001852	2.36314514754118e-09	52	"B1"	1.94541746994552e-08
"s_Bacteroides_uniformis_sv_294"	"enterotype"	"Abundance"	"B1"	27	"B2"	25	0.56575799767009	0	0.536429509659864	0	0.346063974227347	0	637.5	0.748749564874067	2.36314514754118e-09	52	"B1"	1.94541746994552e-08
"s_Flavonifractor_plautii_sv_307"	"enterotype"	"Abundance"	"B1"	27	"B2"	25	0.968207616377027	0	0.941529850876882	0	0.696280150028195	0	637.5	0.694078712915373	2.36314514754118e-09	52	"B1"	1.94541746994552e-08
"uc_uc_k_sv_380"	"enterotype"	"Abundance"	"B1"	27	"B2"	25	0.518400010843498	0	0.439747843704698	0	0.348437209900259	0	637.5	0.717545379698393	2.36314514754118e-09	52	"B1"	1.94541746994552e-08
"uc_uc_k_sv_401"	"enterotype"	"Abundance"	"B1"	27	"B2"	25	0.451978862424405	0	0.357809106676086	0	0.313838463450375	0	637.5	0.70635517787924	2.36314514754118e-09	52	"B1"	1.94541746994552e-08
"uc_g_Dialister_sv_16"	"enterotype"	"Abundance"	"B1"	27	"B2"	25	1.52198894535625	10.8040836537384	1.74855543734278	10.0299009528817	1.02946566005171	4.79672103382408	16	0.803696242314199	3.95482815271543e-09	52	"B2"	3.22318494446308e-08
"s_Bacteroides_uniformis_sv_4"	"enterotype"	"Abundance"	"B1"	27	"B2"	25	38.2649396416801	1.03761319236619	34.2429226187208	0	23.1434271926022	2.76288636871979	644	0.741395274743422	4.53683422385894e-09	52	"B1"	3.66091078459905e-08
"s_Hungatella_effluvii_sv_132"	"enterotype"	"Abundance"	"B1"	27	"B2"	25	0	3.29367832308618	0	1.09034290092041	0	6.36172168380983	54	0.352400038963475	5.28917000822065e-09	52	"B2"	3.91879414245439e-08
"s_Blautia_celeris_sv_199"	"enterotype"	"Abundance"	"B1"	27	"B2"	25	0	1.33467195080632	0	1.41261147517401	0	0.971701013803066	54	0.703802132194281	5.28917000822065e-09	52	"B2"	3.91879414245439e-08
"s_Prevotella_intestinigallinarum_sv_228"	"enterotype"	"Abundance"	"B1"	27	"B2"	25	0	1.53764586770876	0	1.15952645762408	0	1.4178021566477	54	0.617525644896591	5.28917000822065e-09	52	"B2"	3.91879414245439e-08
"s_Sutterella_wadsworthensis_sv_335"	"enterotype"	"Abundance"	"B1"	27	"B2"	25	0	0.92728038363661	0	0.916878439577175	0	0.615143826032093	54	0.735369636998448	5.28917000822065e-09	52	"B2"	3.91879414245439e-08
"s_Eisenbergiella_tayi_sv_343"	"enterotype"	"Abundance"	"B1"	27	"B2"	25	0	0.7544327580876	0	0.575310106445312	0	0.623411763433143	54	0.658403872340525	5.28917000822065e-09	52	"B2"	3.91879414245439e-08
"s_Sutterella_wadsworthensis_sv_365"	"enterotype"	"Abundance"	"B1"	27	"B2"	25	0	0.792857680502582	0	0.763212978245105	0	0.57404812975301	54	0.7057284580005	5.28917000822065e-09	52	"B2"	3.91879414245439e-08
"s_Clostridium_AP_sp000509125_sv_446"	"enterotype"	"Abundance"	"B1"	27	"B2"	25	0	0.71239800722128	0	0.504898790285767	0	0.899016855791347	54	0.49864485633825	5.28917000822065e-09	52	"B2"	3.91879414245439e-08
"s_Enterocloster_asparagiformis_sv_472"	"enterotype"	"Abundance"	"B1"	27	"B2"	25	0	0.402577386148379	0	0.392699059111152	0	0.263711116582566	54	0.739520093209579	5.28917000822065e-09	52	"B2"	3.91879414245439e-08
"s_Holdemania_filiformis_sv_563"	"enterotype"	"Abundance"	"B1"	27	"B2"	25	0	0.317390757145392	0	0.312790992736409	0	0.199527708426735	54	0.75279151996361	5.28917000822065e-09	52	"B2"	3.91879414245439e-08
"s_Parabacteroides_distasonis_sv_48"	"enterotype"	"Abundance"	"B1"	27	"B2"	25	7.70132838328126	0	6.7580444680083	0	5.4822195765208	0	625	0.697667996281281	7.42059910697718e-09	52	"B1"	5.08217501864403e-08
"s_Parabacteroides_distasonis_sv_52"	"enterotype"	"Abundance"	"B1"	27	"B2"	25	7.15793069331027	0	6.57205346677849	0	5.02299089530379	0	625	0.702680005665985	7.42059910697718e-09	52	"B1"	5.08217501864403e-08
"s_Parabacteroides_distasonis_sv_78"	"enterotype"	"Abundance"	"B1"	27	"B2"	25	3.67068557715527	0	3.21677944462187	0	2.48078136353808	0	625	0.715673094064639	7.42059910697718e-09	52	"B1"	5.08217501864403e-08
"s_Parabacteroides_distasonis_sv_85"	"enterotype"	"Abundance"	"B1"	27	"B2"	25	3.4878869470023	0	3.51845621564818	0	2.48014239401543	0	625	0.698053525985037	7.42059910697718e-09	52	"B1"	5.08217501864403e-08
"s_Phocaeicola_vulgatus_sv_168"	"enterotype"	"Abundance"	"B1"	27	"B2"	25	1.5880428756077	0	1.17191021364825	0	1.58885179445003	0	625	0.571295610482695	7.42059910697718e-09	52	"B1"	5.08217501864403e-08
"s_Parasutterella_gallistercoris_sv_226"	"enterotype"	"Abundance"	"B1"	27	"B2"	25	0.741903468179353	0	0.715618213352172	0	0.483312610190895	0	625	0.728104984451976	7.42059910697718e-09	52	"B1"	5.08217501864403e-08
"s_Bacteroides_intestinalis_sv_263"	"enterotype"	"Abundance"	"B1"	27	"B2"	25	0.551870760162498	0	0.627999248099891	0	0.404096876963013	0	625	0.687682763933401	7.42059910697718e-09	52	"B1"	5.08217501864403e-08
"s_Bacteroides_nordii_sv_352"	"enterotype"	"Abundance"	"B1"	27	"B2"	25	0.755738286395349	0	0.601285737485583	0	0.597203212825153	0	625	0.66011366459548	7.42059910697718e-09	52	"B1"	5.08217501864403e-08
"s_Desulfovibrio_sp900556755_sv_412"	"enterotype"	"Abundance"	"B1"	27	"B2"	25	0.347810031553317	0	0.342429226187208	0	0.251232018929403	0	625	0.692517954195604	7.42059910697718e-09	52	"B1"	5.08217501864403e-08
"s_Coprobacter_fastidiosus_sv_207"	"enterotype"	"Abundance"	"B1"	27	"B2"	25	0.00472639587686335	1.5171114268155	0	1.47378136450506	0.0245590733862342	1.24723722456439	56	0.659060621828111	1.03482563496531e-08	52	"B2"	7.02819077080607e-08
"s_Parabacteroides_distasonis_sv_88"	"enterotype"	"Abundance"	"B1"	27	"B2"	25	3.37598403820547	0.00597828027204946	2.93509183953214	0	2.44889450341555	0.0298914013602473	623	0.690366632300689	1.33452957681526e-08	52	"B1"	8.98877359590444e-08
"s_Phocaeicola_dorei_sv_17"	"enterotype"	"Abundance"	"B1"	27	"B2"	25	0	7.550000806047	0	4.96630810923698	0	8.73892236523715	67.5	0.531102969735788	1.74522910585704e-08	52	"B2"	1.07754675854052e-07
"s_Allocoprobacillus_merdigallinarum_sv_160"	"enterotype"	"Abundance"	"B1"	27	"B2"	25	0	2.68372968919779	0	2.60807248255208	0	2.14463829379478	67.5	0.670633064135888	1.74522910585704e-08	52	"B2"	1.07754675854052e-07
"s_Parabacteroides_sp003473295_sv_183"	"enterotype"	"Abundance"	"B1"	27	"B2"	25	0	2.5756867424039	0	0.777829053488781	0	4.69736368177511	67.5	0.370380800075666	1.74522910585704e-08	52	"B2"	1.07754675854052e-07
"uc_uc_k_sv_197"	"enterotype"	"Abundance"	"B1"	27	"B2"	25	0	0.848526151424123	0	0.325576735132179	0	1.31382107440249	67.5	0.424895268977834	1.74522910585704e-08	52	"B2"	1.07754675854052e-07
"s_Clostridium_AQ_innocuum_sv_215"	"enterotype"	"Abundance"	"B1"	27	"B2"	25	0	1.09852374838286	0	0.625987685371179	0	1.5365980960544	67.5	0.460869974953728	1.74522910585704e-08	52	"B2"	1.07754675854052e-07
"s_Allocoprobacillus_merdigallinarum_sv_254"	"enterotype"	"Abundance"	"B1"	27	"B2"	25	0	1.58383049254054	0	1.3762803680402	0	1.24412013130244	67.5	0.676851029834959	1.74522910585704e-08	52	"B2"	1.07754675854052e-07
"s_Ruthenibacterium_lactatiformans_sv_360"	"enterotype"	"Abundance"	"B1"	27	"B2"	25	0	1.20836169124702	0	0.897803795587573	0	1.21434522040636	67.5	0.584858803856138	1.74522910585704e-08	52	"B2"	1.07754675854052e-07
"s_Sutterella_wadsworthensis_sv_432"	"enterotype"	"Abundance"	"B1"	27	"B2"	25	0	0.567123923696291	0	0.488365102698268	0	0.450301744725189	67.5	0.672962562584159	1.74522910585704e-08	52	"B2"	1.07754675854052e-07
"s_Butyricimonas_paravirosa_sv_561"	"enterotype"	"Abundance"	"B1"	27	"B2"	25	0	0.468437306671071	0	0.454309542050171	0	0.334001909543037	67.5	0.711029964663821	1.74522910585704e-08	52	"B2"	1.07754675854052e-07
"s_Butyricimonas_virosa_sv_569"	"enterotype"	"Abundance"	"B1"	27	"B2"	25	0	0.449255841741703	0	0.417325123580786	0	0.373311449195026	67.5	0.656352178591272	1.74522910585704e-08	52	"B2"	1.07754675854052e-07
"uc_uc_k_sv_732"	"enterotype"	"Abundance"	"B1"	27	"B2"	25	0	0.233255781929315	0	0.263528740369109	0	0.157058727871225	67.5	0.730435566739092	1.74522910585704e-08	52	"B2"	1.07754675854052e-07
"s_Enterocloster_clostridioformis_sv_44"	"enterotype"	"Abundance"	"B1"	27	"B2"	25	11.1303022314108	0	9.38930805458256	0	9.29553376958635	0	612.5	0.639655468102093	2.23832294700839e-08	52	"B1"	1.31239798691499e-07
"s_Enterocloster_clostridioformis_sv_49"	"enterotype"	"Abundance"	"B1"	27	"B2"	25	9.70291022300132	0	8.33244450388874	0	7.93172474893314	0	612.5	0.647617829577285	2.23832294700839e-08	52	"B1"	1.31239798691499e-07
"s_Parasutterella_excrementihominis_sv_106"	"enterotype"	"Abundance"	"B1"	27	"B2"	25	1.32614681573894	0	1.18245335582602	0	1.67918897904589	0	612.5	0.482583295634571	2.23832294700839e-08	52	"B1"	1.31239798691499e-07
"s_Bacteroides_intestinalis_sv_218"	"enterotype"	"Abundance"	"B1"	27	"B2"	25	0.611407919203908	0	0.630345972663979	0	0.525534743644909	0	612.5	0.628885980019425	2.23832294700839e-08	52	"B1"	1.31239798691499e-07
"s_Bacteroides_intestinalis_sv_221"	"enterotype"	"Abundance"	"B1"	27	"B2"	25	0.676121158551248	0	0.622102382655246	0	0.51311198000074	0	612.5	0.674843065304356	2.23832294700839e-08	52	"B1"	1.31239798691499e-07
"s_Parasutterella_gallistercoris_sv_269"	"enterotype"	"Abundance"	"B1"	27	"B2"	25	0.565661378851047	0	0.54958590350721	0	0.422157781974407	0	612.5	0.680873426957885	2.23832294700839e-08	52	"B1"	1.31239798691499e-07
"s_Flavonifractor_plautii_sv_453"	"enterotype"	"Abundance"	"B1"	27	"B2"	25	0.569323631382143	0	0.450734697557018	0	0.478346662817523	0	612.5	0.637408045407086	2.23832294700839e-08	52	"B1"	1.31239798691499e-07
"s_UBA3282_sp003611805_sv_13"	"enterotype"	"Abundance"	"B1"	27	"B2"	25	2.03478132345806	35.9445404042412	0	28.0846080210205	7.94165687438137	33.338485785091	62.5	0.581849582314685	4.44326105327227e-08	52	"B2"	2.5501815200119e-07
"uc_uc_k_sv_30"	"enterotype"	"Abundance"	"B1"	27	"B2"	25	1.05007378208503	18.139452327124	0	14.8517601314169	4.06387395745087	16.5922831889366	62.5	0.585992754799045	4.44326105327227e-08	52	"B2"	2.5501815200119e-07
"uc_uc_k_sv_37"	"enterotype"	"Abundance"	"B1"	27	"B2"	25	0.931712816944681	15.9487949714921	0	10.8396732712711	3.70582719625504	14.6509546693095	62.5	0.583379064106936	4.44326105327227e-08	52	"B2"	2.5501815200119e-07
"s_Hungatella_effluvii_sv_134"	"enterotype"	"Abundance"	"B1"	27	"B2"	25	0	3.32100400000266	0	0.869299369337855	0	6.87683242601748	81	0.331446068017799	5.5212693336402e-08	52	"B2"	2.92197045903686e-07
"s_Hungatella_effluvii_sv_139"	"enterotype"	"Abundance"	"B1"	27	"B2"	25	0	3.17283598194422	0	0.923630579921471	0	6.42427450189918	81	0.338097674238338	5.5212693336402e-08	52	"B2"	2.92197045903686e-07
"s_Hungatella_effluvii_sv_147"	"enterotype"	"Abundance"	"B1"	27	"B2"	25	0	3.04748382537111	0	1.04331280895196	0	6.04102216718296	81	0.344473780116344	5.5212693336402e-08	52	"B2"	2.92197045903686e-07
"s_Lawsonibacter_sp000177015_sv_158"	"enterotype"	"Abundance"	"B1"	27	"B2"	25	0	3.27813049386407	0	2.25612350168514	0	3.33836334084624	81	0.579804009464437	5.5212693336402e-08	52	"B2"	2.92197045903686e-07
"s_Bacteroides_uniformis_sv_233"	"enterotype"	"Abundance"	"B1"	27	"B2"	25	0	2.0007589809333	0	0.49126045483502	0	5.4809426918569	81	0.25677662833522	5.5212693336402e-08	52	"B2"	2.92197045903686e-07
"s_Parabacteroides_sp003473295_sv_265"	"enterotype"	"Abundance"	"B1"	27	"B2"	25	0	1.6731457615341	0	0.553062511027867	0	2.98266212463744	81	0.377683903725754	5.5212693336402e-08	52	"B2"	2.92197045903686e-07
"s_Enterocloster_lavalensis_sv_477"	"enterotype"	"Abundance"	"B1"	27	"B2"	25	0	0.428544074745308	0	0.406630777934974	0	0.373370490401319	81	0.638800188673497	5.5212693336402e-08	52	"B2"	2.92197045903686e-07
"uc_uc_k_sv_558"	"enterotype"	"Abundance"	"B1"	27	"B2"	25	0	0.368849274910134	0	0.399185291254346	0	0.257666378394829	81	0.718041011127649	5.5212693336402e-08	52	"B2"	2.92197045903686e-07
"s_Butyricimonas_paravirosa_sv_610"	"enterotype"	"Abundance"	"B1"	27	"B2"	25	0	0.361263121834012	0	0.316234488442931	0	0.334435392627817	81	0.616022314640142	5.5212693336402e-08	52	"B2"	2.92197045903686e-07
"s_UBA7173_sp001689485_sv_614"	"enterotype"	"Abundance"	"B1"	27	"B2"	25	0	0.311324978893865	0	0.325576735132179	0	0.232880463370624	81	0.694304318738423	5.5212693336402e-08	52	"B2"	2.92197045903686e-07
"uc_uc_k_sv_682"	"enterotype"	"Abundance"	"B1"	27	"B2"	25	0	0.272096886978385	0	0.305285191298042	0	0.203464369937881	81	0.694429737104367	5.5212693336402e-08	52	"B2"	2.92197045903686e-07
"uc_uc_k_sv_718"	"enterotype"	"Abundance"	"B1"	27	"B2"	25	0	0.217483964382382	0	0.22833600502239	0	0.167693062383837	81	0.683524271827363	5.5212693336402e-08	52	"B2"	2.92197045903686e-07
"s_Flavonifractor_plautii_sv_192"	"enterotype"	"Abundance"	"B1"	27	"B2"	25	0.846510552785673	0	0.60334488133912	0	0.91253807551443	0	600	0.542896731215098	6.49478119801057e-08	52	"B1"	3.32908595998655e-07
"s_Dielma_fastidiosa_sv_245"	"enterotype"	"Abundance"	"B1"	27	"B2"	25	1.26973734386119	0	0.821463986959993	0	1.25618573301498	0	600	0.575579766949308	6.49478119801057e-08	52	"B1"	3.32908595998655e-07
"s_Bacteroides_nordii_sv_391"	"enterotype"	"Abundance"	"B1"	27	"B2"	25	0.608661439764014	0	0.508780239410877	0	0.54454733955953	0	600	0.613801766655127	6.49478119801057e-08	52	"B1"	3.32908595998655e-07
"s_Butyricimonas_paravirosa_sv_425"	"enterotype"	"Abundance"	"B1"	27	"B2"	25	0.422469157957864	0	0.401669001333096	0	0.378629233527552	0	600	0.613140789734645	6.49478119801057e-08	52	"B1"	3.32908595998655e-07
"s_Butyricimonas_paravirosa_sv_455"	"enterotype"	"Abundance"	"B1"	27	"B2"	25	0.372327111089353	0	0.286095738485261	0	0.35758202794002	0	600	0.586887184709801	6.49478119801057e-08	52	"B1"	3.32908595998655e-07
"s_Enterocloster_aldenensis_sv_40"	"enterotype"	"Abundance"	"B1"	27	"B2"	25	10.0324228292464	0.217955541926634	9.21595935718809	0	8.02766660888143	0.43423454523846	620.5	0.646898399034501	7.39395230941006e-08	52	"B1"	3.76629445760575e-07
"s_Anaerostipes_caccae_sv_20"	"enterotype"	"Abundance"	"B1"	27	"B2"	25	14.3347681241052	3.32534734318214	13.6545576882582	0	6.40155533851333	4.3539237843743	625	0.706239248229121	1.17302364092935e-07	52	"B1"	5.9379768158846e-07
"s_Eisenbergiella_tayi_sv_96"	"enterotype"	"Abundance"	"B1"	27	"B2"	25	3.29232912461466	0.579970698873582	2.88506913555753	0.527057480738219	2.15628958607658	0.60974180807069	623	0.644748537723224	1.66670644799536e-07	52	"B1"	7.81201571172861e-07
"s_Hominimerdicola_aceti_sv_140"	"enterotype"	"Abundance"	"B1"	27	"B2"	25	0	2.40355088878901	0	1.15429574504821	0	3.83084123112694	94.5	0.414927179529374	1.67742668656749e-07	52	"B2"	7.81201571172861e-07
"uc_uc_k_sv_176"	"enterotype"	"Abundance"	"B1"	27	"B2"	25	0	3.24011587933378	0	3.895034486754	0	2.23027691416646	94.5	0.723046540093539	1.67742668656749e-07	52	"B2"	7.81201571172861e-07
"uc_uc_k_sv_202"	"enterotype"	"Abundance"	"B1"	27	"B2"	25	0	0.754977448013359	0	0.341458222603342	0	1.24287105429567	94.5	0.403945065263576	1.67742668656749e-07	52	"B2"	7.81201571172861e-07
"uc_uc_k_sv_211"	"enterotype"	"Abundance"	"B1"	27	"B2"	25	0	0.751736018934073	0	0.392699059111152	0	1.26587302332661	94.5	0.396364660673685	1.67742668656749e-07	52	"B2"	7.81201571172861e-07
"uc_uc_k_sv_244"	"enterotype"	"Abundance"	"B1"	27	"B2"	25	0	1.23095008244127	0	0.536956099348958	0	2.06335941319268	94.5	0.397892008033943	1.67742668656749e-07	52	"B2"	7.81201571172861e-07
"s_Allocoprobacillus_merdigallinarum_sv_262"	"enterotype"	"Abundance"	"B1"	27	"B2"	25	0	1.43294122188926	0	1.18897421998698	0	1.1669622027111	94.5	0.66374243527528	1.67742668656749e-07	52	"B2"	7.81201571172861e-07
"s_Clostridium_AQ_innocuum_sv_282"	"enterotype"	"Abundance"	"B1"	27	"B2"	25	0	0.766986845060707	0	0.597643316419775	0	1.17728012375203	94.5	0.427917840748416	1.67742668656749e-07	52	"B2"	7.81201571172861e-07
"s_Allocoprobacillus_merdigallinarum_sv_311"	"enterotype"	"Abundance"	"B1"	27	"B2"	25	0	1.19115490316731	0	1.00093117675651	0	1.14783364663029	94.5	0.600828637820959	1.67742668656749e-07	52	"B2"	7.81201571172861e-07
"uc_uc_k_sv_351"	"enterotype"	"Abundance"	"B1"	27	"B2"	25	0	1.29702612002646	0	0.944423791403082	0	1.39276648425437	94.5	0.559600893992282	1.67742668656749e-07	52	"B2"	7.81201571172861e-07
"s_Alistipes_finegoldii_sv_357"	"enterotype"	"Abundance"	"B1"	27	"B2"	25	0	0.45595166395512	0	0.437907389830973	0	0.440750827863075	94.5	0.599636305103432	1.67742668656749e-07	52	"B2"	7.81201571172861e-07
"s_Eubacterium_R_sp000436835_sv_427"	"enterotype"	"Abundance"	"B1"	27	"B2"	25	0	0.616837184006938	0	0.406970918915223	0	0.667089091858571	94.5	0.556896576854067	1.67742668656749e-07	52	"B2"	7.81201571172861e-07
"s_Turicibacter_sp002311155_sv_576"	"enterotype"	"Abundance"	"B1"	27	"B2"	25	0	0.506361363038782	0	0.341458222603342	0	0.596876842753728	94.5	0.524217994684126	1.67742668656749e-07	52	"B2"	7.81201571172861e-07
"uc_uc_k_sv_612"	"enterotype"	"Abundance"	"B1"	27	"B2"	25	0	0.342212187151401	0	0.27211716980198	0	0.324741020726182	94.5	0.606654017322298	1.67742668656749e-07	52	"B2"	7.81201571172861e-07
"s_Coprobacter_fastidiosus_sv_110"	"enterotype"	"Abundance"	"B1"	27	"B2"	25	2.52957638492589	0	2.50333771174603	0	2.20465440009705	0	587.5	0.623674563505508	1.81543341706626e-07	52	"B1"	8.17446538623757e-07
"s_Parasutterella_excrementihominis_sv_209"	"enterotype"	"Abundance"	"B1"	27	"B2"	25	0.673752676728977	0	0.41890724350855	0	0.86237373355515	0	587.5	0.478618042273718	1.81543341706626e-07	52	"B1"	8.17446538623757e-07
"s_Bacteroides_intestinalis_sv_240"	"enterotype"	"Abundance"	"B1"	27	"B2"	25	0.555581433170345	0	0.598438919297928	0	0.456550036062384	0	587.5	0.645674633526144	1.81543341706626e-07	52	"B1"	8.17446538623757e-07
"s_Otoolea_symbiosa_sv_268"	"enterotype"	"Abundance"	"B1"	27	"B2"	25	0.847782582208854	0	0.75100131352381	0	0.787658368014306	0	587.5	0.599496271036005	1.81543341706626e-07	52	"B1"	8.17446538623757e-07
"s_Butyricimonas_paravirosa_sv_423"	"enterotype"	"Abundance"	"B1"	27	"B2"	25	0.413044302377093	0	0.429983038482191	0	0.407199779062868	0	587.5	0.57692170691428	1.81543341706626e-07	52	"B1"	8.17446538623757e-07
"s_Butyricimonas_paravirosa_sv_435"	"enterotype"	"Abundance"	"B1"	27	"B2"	25	0.331611710836125	0	0.255225377350621	0	0.319285480730404	0	587.5	0.585924170321374	1.81543341706626e-07	52	"B1"	8.17446538623757e-07
"uc_uc_k_sv_114"	"enterotype"	"Abundance"	"B1"	27	"B2"	25	0.142149120251628	4.2371318888374	0	3.14729954462187	0.529917163554667	3.70398087394748	79	0.620634886168652	2.02570810553012e-07	52	"B2"	9.07116541762113e-07
"s_Turicibacter_sp002311155_sv_144"	"enterotype"	"Abundance"	"B1"	27	"B2"	25	0.136182756739457	3.72401890785221	0	3.19769233847653	0.418778500281831	3.5625816923727	81.5	0.586600819587594	3.51531230359692e-07	52	"B2"	1.5655625832959e-06
"s_Alistipes_putredinis_sv_73"	"enterotype"	"Abundance"	"B1"	27	"B2"	25	4.25515470416087	0.008295937665418	3.64199895316966	0	3.54905085574962	0.04147968832709	584	0.639394138858206	3.88389588167626e-07	52	"B1"	1.72031257802508e-06
"uc_uc_k_sv_286"	"enterotype"	"Abundance"	"B1"	27	"B2"	25	0.489382848484784	0	0.311051191327623	0	0.671943653342783	0	575	0.45315589853648	4.89529890742652e-07	52	"B1"	2.03824471841428e-06
"s_Otoolea_symbiosa_sv_288"	"enterotype"	"Abundance"	"B1"	27	"B2"	25	0.72309640603607	0	0.544339584823341	0	0.749356582879242	0	575	0.557896142962235	4.89529890742652e-07	52	"B1"	2.03824471841428e-06
"s_Bittarella_massiliensis_sv_488"	"enterotype"	"Abundance"	"B1"	27	"B2"	25	0.321447282415604	0	0.311899366006219	0	0.264621132738952	0	575	0.64501279507981	4.89529890742652e-07	52	"B1"	2.03824471841428e-06
"s_Phocaeicola_dorei_sv_100"	"enterotype"	"Abundance"	"B1"	27	"B2"	25	0	1.24362511242165	0	0.587355568128295	0	1.50789112458868	108	0.513594718504212	4.90179097925398e-07	52	"B2"	2.03824471841428e-06
"uc_uc_k_sv_195"	"enterotype"	"Abundance"	"B1"	27	"B2"	25	0	0.810442588953697	0	0.271087185289982	0	1.39471364891509	108	0.389171856817787	4.90179097925398e-07	52	"B2"	2.03824471841428e-06
"uc_uc_k_sv_231"	"enterotype"	"Abundance"	"B1"	27	"B2"	25	0	0.706248023559259	0	0.211162466323462	0	1.16500751911018	108	0.403263557273259	4.90179097925398e-07	52	"B2"	2.03824471841428e-06
"s_Agathobaculum_hominis_sv_328"	"enterotype"	"Abundance"	"B1"	27	"B2"	25	0	1.24694232322628	0	1.12092755100927	0	1.27413306006681	108	0.578521962907484	4.90179097925398e-07	52	"B2"	2.03824471841428e-06
"s_UBA7173_sp001689485_sv_680"	"enterotype"	"Abundance"	"B1"	27	"B2"	25	0	0.223248705501479	0	0.263528740369109	0	0.219230679250798	108	0.593651903796849	4.90179097925398e-07	52	"B2"	2.03824471841428e-06
"uc_uc_k_sv_720"	"enterotype"	"Abundance"	"B1"	27	"B2"	25	0	0.241661221830778	0	0.24563022741751	0	0.213135170652657	108	0.634238118607556	4.90179097925398e-07	52	"B2"	2.03824471841428e-06
"s_Avimicrobium_caecorum_sv_735"	"enterotype"	"Abundance"	"B1"	27	"B2"	25	0	0.242437731796535	0	0.25005775624832	0	0.211217363396422	108	0.63881314996083	4.90179097925398e-07	52	"B2"	2.03824471841428e-06
"uc_uc_k_sv_777"	"enterotype"	"Abundance"	"B1"	27	"B2"	25	0	0.193812316556973	0	0.225905987741652	0	0.159540610934861	108	0.659811140182589	4.90179097925398e-07	52	"B2"	2.03824471841428e-06
"s_Avimicrobium_caecorum_sv_803"	"enterotype"	"Abundance"	"B1"	27	"B2"	25	0	0.166839199349988	0	0.152642595649021	0	0.142937757152836	108	0.645052947249622	4.90179097925398e-07	52	"B2"	2.03824471841428e-06
"s_Bacteroides_thetaiotaomicron_sv_10"	"enterotype"	"Abundance"	"B1"	27	"B2"	25	17.917621052971	6.85016105330799	18.2461129113638	5.44626900768229	8.8230569864409	4.74508343648286	592	0.612672525599585	5.89753303662987e-07	52	"B1"	2.43984234764129e-06
"s_Agathobaculum_hominis_sv_393"	"enterotype"	"Abundance"	"B1"	27	"B2"	25	0.00472639587686335	0.919718295560758	0	0.672556530605565	0.0245590733862342	0.853628677516232	112	0.612926436640686	1.20767139896749e-06	52	"B2"	4.97097065736618e-06
"s_Phocaeicola_vulgatus_sv_177"	"enterotype"	"Abundance"	"B1"	27	"B2"	25	1.22933803217363	0	0.631028576579825	0	1.48198242147782	0	562.5	0.500782468113576	1.27515656226163e-06	52	"B1"	5.06952486947915e-06
"s_Blautia_A_wexlerae_sv_191"	"enterotype"	"Abundance"	"B1"	27	"B2"	25	2.40897364168573	0	0.176027997205713	0	4.2814482460326	0	562.5	0.365867310689767	1.27515656226163e-06	52	"B1"	5.06952486947915e-06
"s_Alistipes_onderdonkii_sv_383"	"enterotype"	"Abundance"	"B1"	27	"B2"	25	0.789016756098277	0	0.405482668080498	0	1.10456600051008	0	562.5	0.446234050761292	1.27515656226163e-06	52	"B1"	5.06952486947915e-06
"s_Butyricimonas_paravirosa_sv_419"	"enterotype"	"Abundance"	"B1"	27	"B2"	25	0.408411218927461	0	0.321857705795918	0	0.477645394104013	0	562.5	0.512118242376742	1.27515656226163e-06	52	"B1"	5.06952486947915e-06
"s_Alistipes_timonensis_sv_484"	"enterotype"	"Abundance"	"B1"	27	"B2"	25	0.382861886885846	0	0.340957156070436	0	0.433109403632399	0	562.5	0.52464171625378	1.27515656226163e-06	52	"B1"	5.06952486947915e-06
"uc_uc_k_sv_579"	"enterotype"	"Abundance"	"B1"	27	"B2"	25	0.252405030204449	0	0.24508093256497	0	0.240848425300067	0	562.5	0.589346277355001	1.27515656226163e-06	52	"B1"	5.06952486947915e-06
"uc_uc_k_sv_675"	"enterotype"	"Abundance"	"B1"	27	"B2"	25	0.215528617449431	0	0.228286150791472	0	0.190585738771773	0	562.5	0.618214517705588	1.27515656226163e-06	52	"B1"	5.06952486947915e-06
"uc_uc_k_sv_93"	"enterotype"	"Abundance"	"B1"	27	"B2"	25	0	0.534615585043369	0	0.285420006277988	0	0.555350926670394	121.5	0.572240309526627	1.37992101272521e-06	52	"B2"	5.25530666061235e-06
"s_Enterocloster_clostridioformis_sv_161"	"enterotype"	"Abundance"	"B1"	27	"B2"	25	0	0.973754411714289	0	0.381606489122553	0	1.20007943120865	121.5	0.507483713742178	1.37992101272521e-06	52	"B2"	5.25530666061235e-06
"uc_uc_k_sv_405"	"enterotype"	"Abundance"	"B1"	27	"B2"	25	0	0.154980889961666	0	0.140774977548975	0	0.169244475018178	121.5	0.553194721274367	1.37992101272521e-06	52	"B2"	5.25530666061235e-06
"s_Parabacteroides_sp003473295_sv_426"	"enterotype"	"Abundance"	"B1"	27	"B2"	25	0	0.851627148642017	0	0.157403965233847	0	1.49124596839219	121.5	0.383487656055544	1.37992101272521e-06	52	"B2"	5.25530666061235e-06
"s_Clostridium_AP_sp000509125_sv_440"	"enterotype"	"Abundance"	"B1"	27	"B2"	25	0	0.683927245957127	0	0.4147968832709	0	1.01148799980476	121.5	0.44095609139243	1.37992101272521e-06	52	"B2"	5.25530666061235e-06
"s_Agathobaculum_hominis_sv_447"	"enterotype"	"Abundance"	"B1"	27	"B2"	25	0	0.765764992503904	0	0.496993173031634	0	0.776525103140203	121.5	0.581424866894315	1.37992101272521e-06	52	"B2"	5.25530666061235e-06
"s_Clostridium_AP_sp000509125_sv_463"	"enterotype"	"Abundance"	"B1"	27	"B2"	25	0	0.615108808614111	0	0.317917474199789	0	0.701131675630175	121.5	0.53691381511978	1.37992101272521e-06	52	"B2"	5.25530666061235e-06
"uc_uc_k_sv_616"	"enterotype"	"Abundance"	"B1"	27	"B2"	25	0	0.25306436524087	0	0.230124042578125	0	0.277418859559367	121.5	0.55173263266757	1.37992101272521e-06	52	"B2"	5.25530666061235e-06
"s_UBA7173_sp001689485_sv_709"	"enterotype"	"Abundance"	"B1"	27	"B2"	25	0	0.202046038672375	0	0.162993631750848	0	0.211984996983805	121.5	0.568440881285225	1.37992101272521e-06	52	"B2"	5.25530666061235e-06
"s_Enterocloster_clostridioformis_sv_11"	"enterotype"	"Abundance"	"B1"	27	"B2"	25	28.5285493046508	1.0988563481452	24.8377262330583	0	23.6852850812337	1.68625991818176	587	0.626290962782639	2.38071720987627e-06	52	"B1"	9.02457919092633e-06
"s_Bacteroides_ovatus_sv_5"	"enterotype"	"Abundance"	"B1"	27	"B2"	25	12.0263227157098	0	6.77168077871444	0	16.2088386959059	0	550	0.459831897427112	3.21313831809128e-06	52	"B1"	1.19575695399287e-05
"s_Bacteroides_ovatus_sv_25"	"enterotype"	"Abundance"	"B1"	27	"B2"	25	4.08873951981007	0	2.25188925027903	0	5.48353952469356	0	550	0.461617029695802	3.21313831809128e-06	52	"B1"	1.19575695399287e-05
"s_Duodenibacillus_intestinigallinarum_sv_397"	"enterotype"	"Abundance"	"B1"	27	"B2"	25	0.973842254724868	0	1.09164778102177	0	0.990481132532424	0	550	0.565032418487529	3.21313831809128e-06	52	"B1"	1.19575695399287e-05
"s_Alistipes_timonensis_sv_442"	"enterotype"	"Abundance"	"B1"	27	"B2"	25	0.329059245070561	0	0.255225377350621	0	0.377645342617086	0	550	0.519212895496101	3.21313831809128e-06	52	"B1"	1.19575695399287e-05
"s_Phocaeicola_dorei_sv_128"	"enterotype"	"Abundance"	"B1"	27	"B2"	25	0	0.892805297752741	0	0.726895267280274	0	1.04402654627468	135	0.527234245506861	3.74816190428569e-06	52	"B2"	1.34570570572372e-05
"uc_uc_k_sv_232"	"enterotype"	"Abundance"	"B1"	27	"B2"	25	0	0.692159559656918	0	0.278216749053857	0	1.20746183286773	135	0.384714361022527	3.74816190428569e-06	52	"B2"	1.34570570572372e-05
"s_Hominimerdicola_aceti_sv_246"	"enterotype"	"Abundance"	"B1"	27	"B2"	25	0	1.06406742173523	0	0.385383617708801	0	2.05209279395397	135	0.352871990166194	3.74816190428569e-06	52	"B2"	1.34570570572372e-05
"uc_uc_k_sv_257"	"enterotype"	"Abundance"	"B1"	27	"B2"	25	0	0.58941843029424	0	0.228963893473532	0	0.972089637984883	135	0.4033324065009	3.74816190428569e-06	52	"B2"	1.34570570572372e-05
"s_Phocaeicola_plebeius_A_sv_259"	"enterotype"	"Abundance"	"B1"	27	"B2"	25	0	1.24945567243571	0	0.361449580386643	0	1.99266002883035	135	0.414713333031228	3.74816190428569e-06	52	"B2"	1.34570570572372e-05
"s_Agathobaculum_hominis_sv_492"	"enterotype"	"Abundance"	"B1"	27	"B2"	25	0	0.618821695679953	0	0.421894078059896	0	0.646518510328884	135	0.570055236995729	3.74816190428569e-06	52	"B2"	1.34570570572372e-05
"s_Enterocloster_sp005845215_sv_802"	"enterotype"	"Abundance"	"B1"	27	"B2"	25	0	0.182542192582434	0	0.195118984344767	0	0.173581562913944	135	0.605869659960346	3.74816190428569e-06	52	"B2"	1.34570570572372e-05
"s_Eggerthella_lenta_sv_848"	"enterotype"	"Abundance"	"B1"	27	"B2"	25	0	0.149901178781997	0	0.112199731174615	0	0.204935979567169	135	0.469164362227191	3.74816190428569e-06	52	"B2"	1.34570570572372e-05
"s_Bacteroides_xylanisolvens_sv_29"	"enterotype"	"Abundance"	"B1"	27	"B2"	25	3.92855698792983	0	2.18933677110462	0	5.48458436749765	0	537.5	0.447212959129587	7.84274707410763e-06	52	"B1"	2.73155507068279e-05
"s_Parabacteroides_distasonis_sv_297"	"enterotype"	"Abundance"	"B1"	27	"B2"	25	1.46737781063028	0	0.277516494224115	0	2.46673945190802	0	537.5	0.383740965028656	7.84274707410763e-06	52	"B1"	2.73155507068279e-05
"uc_uc_k_sv_299"	"enterotype"	"Abundance"	"B1"	27	"B2"	25	0.434201310387887	0	0.280153765628435	0	0.561055860435366	0	537.5	0.475143094492658	7.84274707410763e-06	52	"B1"	2.73155507068279e-05
"s_Parabacteroides_distasonis_sv_321"	"enterotype"	"Abundance"	"B1"	27	"B2"	25	1.28646826394792	0	0.0715239346213152	0	2.29532326590531	0	537.5	0.364642122706628	7.84274707410763e-06	52	"B1"	2.73155507068279e-05
"s_Parabacteroides_distasonis_sv_325"	"enterotype"	"Abundance"	"B1"	27	"B2"	25	1.30696872327881	0	0.298174255563405	0	2.11667494696647	0	537.5	0.396023487250818	7.84274707410763e-06	52	"B1"	2.73155507068279e-05
"s_Bacteroides_uniformis_sv_494"	"enterotype"	"Abundance"	"B1"	27	"B2"	25	0.189108805486194	0	0.188399774429967	0	0.20105635000035	0	537.5	0.548157505532985	7.84274707410763e-06	52	"B1"	2.73155507068279e-05
"s_Coprobacter_secundus_sv_674"	"enterotype"	"Abundance"	"B1"	27	"B2"	25	0.223077289979158	0	0.107285901931973	0	0.334750791111118	0	537.5	0.42188666355948	7.84274707410763e-06	52	"B1"	2.73155507068279e-05
"s_Bacteroides_uniformis_sv_34"	"enterotype"	"Abundance"	"B1"	27	"B2"	25	0	8.96847589374688	0	7.1717197970373	0	9.59558410933865	148.5	0.560984034785677	9.83832569183537e-06	52	"B2"	3.16926301930665e-05
"s_Bacteroides_rodentium_sv_60"	"enterotype"	"Abundance"	"B1"	27	"B2"	25	0	4.61571048015694	0	4.29216563610566	0	5.12786280733575	148.5	0.546660016104188	9.83832569183537e-06	52	"B2"	3.16926301930665e-05
"s_Bacteroides_uniformis_sv_62"	"enterotype"	"Abundance"	"B1"	27	"B2"	25	0	4.26089469916161	0	2.28191084451187	0	4.63082670556311	148.5	0.555016544580296	9.83832569183537e-06	52	"B2"	3.16926301930665e-05
"uc_uc_k_sv_105"	"enterotype"	"Abundance"	"B1"	27	"B2"	25	0	0.426168803663836	0	0.224185510201855	0	0.513892397971676	148.5	0.515662010958466	9.83832569183537e-06	52	"B2"	3.16926301930665e-05
"uc_uc_k_sv_107"	"enterotype"	"Abundance"	"B1"	27	"B2"	25	0	0.423395211768872	0	0.27211716980198	0	0.471071855686961	148.5	0.546096967558936	9.83832569183537e-06	52	"B2"	3.16926301930665e-05
"uc_uc_k_sv_109"	"enterotype"	"Abundance"	"B1"	27	"B2"	25	0	0.479596719957224	0	0.114168002511195	0	0.572964201616452	148.5	0.519160711952424	9.83832569183537e-06	52	"B2"	3.16926301930665e-05
"s_Blautia_A_caecimuris_sv_112"	"enterotype"	"Abundance"	"B1"	27	"B2"	25	0	3.84323316191201	0	0.250232794189127	0	6.68632396947297	148.5	0.385599936784479	9.83832569183537e-06	52	"B2"	3.16926301930665e-05
"s_Bacteroides_fragilis_sv_165"	"enterotype"	"Abundance"	"B1"	27	"B2"	25	0	1.1965159979081	0	0.625581985472819	0	2.50863897257285	148.5	0.327801206353528	9.83832569183537e-06	52	"B2"	3.16926301930665e-05
"s_Phocaeicola_plebeius_A_sv_249"	"enterotype"	"Abundance"	"B1"	27	"B2"	25	0	1.33964839286122	0	0.390237968689534	0	2.15788183714461	148.5	0.411316053105996	9.83832569183537e-06	52	"B2"	3.16926301930665e-05
"s_Anaerostipes_hadrus_sv_250"	"enterotype"	"Abundance"	"B1"	27	"B2"	25	0	0.974271673648646	0	0.973758621688501	0	1.04373834579063	148.5	0.560493854029687	9.83832569183537e-06	52	"B2"	3.16926301930665e-05
"s_Phocaeicola_plebeius_A_sv_272"	"enterotype"	"Abundance"	"B1"	27	"B2"	25	0	1.19383659475527	0	0.451811975483304	0	1.86256793754161	148.5	0.422268480635914	9.83832569183537e-06	52	"B2"	3.16926301930665e-05
"s_Alitiscatomonas_sp900541255_sv_274"	"enterotype"	"Abundance"	"B1"	27	"B2"	25	0	0.897323667030329	0	0.729298252634997	0	0.974472669917418	148.5	0.555312123270899	9.83832569183537e-06	52	"B2"	3.16926301930665e-05
"s_Bacteroides_stercoris_sv_278"	"enterotype"	"Abundance"	"B1"	27	"B2"	25	0	0.874073524328203	0	0.1926918088544	0	1.2741560237909	148.5	0.446079992892938	9.83832569183537e-06	52	"B2"	3.16926301930665e-05
"s_Alitiscatomonas_sp900541255_sv_290"	"enterotype"	"Abundance"	"B1"	27	"B2"	25	0	0.870421522461019	0	0.841497983809612	0	0.931820465963839	148.5	0.560764857565954	9.83832569183537e-06	52	"B2"	3.16926301930665e-05
"s_Anaerostipes_hadrus_sv_292"	"enterotype"	"Abundance"	"B1"	27	"B2"	25	0	0.872340196444402	0	0.923630579921471	0	0.892876097437325	148.5	0.577875312954455	9.83832569183537e-06	52	"B2"	3.16926301930665e-05
"s_Phocaeicola_plebeius_A_sv_313"	"enterotype"	"Abundance"	"B1"	27	"B2"	25	0	0.973123452480606	0	0.211944982799859	0	1.69917501128408	148.5	0.384411331087578	9.83832569183537e-06	52	"B2"	3.16926301930665e-05
"s_Alitiscatomonas_sp900541255_sv_314"	"enterotype"	"Abundance"	"B1"	27	"B2"	25	0	0.761399322986047	0	0.48687931084425	0	0.840975985433612	148.5	0.548871946301793	9.83832569183537e-06	52	"B2"	3.16926301930665e-05
"s_Extibacter_hylemonae_sv_428"	"enterotype"	"Abundance"	"B1"	27	"B2"	25	0	0.27947201483075	0	0.138265627756967	0	0.353496024781631	148.5	0.497787091794467	9.83832569183537e-06	52	"B2"	3.16926301930665e-05
"s_Caecibacter_massiliensis_sv_574"	"enterotype"	"Abundance"	"B1"	27	"B2"	25	0	0.304596640880099	0	0.133061763751449	0	0.738666996487925	148.5	0.287408260648025	9.83832569183537e-06	52	"B2"	3.16926301930665e-05
"s_Bacteroides_uniformis_sv_59"	"enterotype"	"Abundance"	"B1"	27	"B2"	25	2.67299983149746	0	0.233288393495717	0	5.59902634697668	0	525	0.316542430912339	1.85681217115341e-05	52	"B1"	5.77596152477109e-05
"s_Blautia_A_caecimuris_sv_89"	"enterotype"	"Abundance"	"B1"	27	"B2"	25	4.37536601305399	0	0.544339584823341	0	7.35060970169722	0	525	0.383945521674488	1.85681217115341e-05	52	"B1"	5.77596152477109e-05
"s_Christensenella_hongkongensis_sv_275"	"enterotype"	"Abundance"	"B1"	27	"B2"	25	0.143567704599692	0	0.0672521322054916	0	0.180813043345672	0	525	0.484563314338484	1.85681217115341e-05	52	"B1"	5.77596152477109e-05
"s_Cryptobacteroides_sp000431015_sv_388"	"enterotype"	"Abundance"	"B1"	27	"B2"	25	0.407966867040841	0	0.357619673106576	0	0.441860052152269	0	525	0.541112300201272	1.85681217115341e-05	52	"B1"	5.77596152477109e-05
"s_Alistipes_onderdonkii_sv_416"	"enterotype"	"Abundance"	"B1"	27	"B2"	25	0.678517367437128	0	0.120027957419581	0	0.992745044576529	0	525	0.430674524441599	1.85681217115341e-05	52	"B1"	5.77596152477109e-05
"s_Sellimonas_intestinalis_sv_448"	"enterotype"	"Abundance"	"B1"	27	"B2"	25	0.273618343566386	0	0.25020991669767	0	0.341717262999411	0	525	0.487665548413052	1.85681217115341e-05	52	"B1"	5.77596152477109e-05
"s_Holdemania_filiformis_sv_458"	"enterotype"	"Abundance"	"B1"	27	"B2"	25	0.36823508576547	0	0.3446549404952	0	0.430668191102968	0	525	0.512109863385641	1.85681217115341e-05	52	"B1"	5.77596152477109e-05
"s_Sellimonas_intestinalis_sv_486"	"enterotype"	"Abundance"	"B1"	27	"B2"	25	0.268504829984003	0	0.134504264410983	0	0.322584989033543	0	525	0.502052903397646	1.85681217115341e-05	52	"B1"	5.77596152477109e-05
"s_Paramuribaculum_sp910588065_sv_761"	"enterotype"	"Abundance"	"B1"	27	"B2"	25	0.221130127901918	0	0.0765899867767112	0	0.365019979365651	0	525	0.389712367925896	1.85681217115341e-05	52	"B1"	5.77596152477109e-05
"s_Bacteroides_stercoris_sv_156"	"enterotype"	"Abundance"	"B1"	27	"B2"	25	0	1.80705571251476	0	0.368940236516753	0	2.85581886820192	162	0.41783303726585	2.49941450780986e-05	52	"B2"	7.40735572314559e-05
"s_Prevotella_rara_sv_229"	"enterotype"	"Abundance"	"B1"	27	"B2"	25	0	1.36824673282127	0	0.0936081721115538	0	2.02147028018607	162	0.441320768059481	2.49941450780986e-05	52	"B2"	7.40735572314559e-05
"s_Bacteroides_stercoris_sv_243"	"enterotype"	"Abundance"	"B1"	27	"B2"	25	0	1.01808556239042	0	0.0683582659003831	0	1.49429851460216	162	0.443644706184695	2.49941450780986e-05	52	"B2"	7.40735572314559e-05
"s_Phocaeicola_plebeius_A_sv_258"	"enterotype"	"Abundance"	"B1"	27	"B2"	25	0	1.23300533025488	0	0.312790992736409	0	1.960240511559	162	0.415791341427021	2.49941450780986e-05	52	"B2"	7.40735572314559e-05
"s_Bacteroides_stercoris_sv_276"	"enterotype"	"Abundance"	"B1"	27	"B2"	25	0	0.913394592492492	0	0.153416028385417	0	1.31712160870922	162	0.449942093763171	2.49941450780986e-05	52	"B2"	7.40735572314559e-05
"s_Alitiscatomonas_sp900541255_sv_329"	"enterotype"	"Abundance"	"B1"	27	"B2"	25	0	0.685989479849412	0	0.632468976885863	0	0.728904911767823	162	0.563615486651469	2.49941450780986e-05	52	"B2"	7.40735572314559e-05
"s_Bacteroides_sp902362375_sv_345"	"enterotype"	"Abundance"	"B1"	27	"B2"	25	0	1.12390139021685	0	0.385383617708801	0	2.20525037057978	162	0.347579004971294	2.49941450780986e-05	52	"B2"	7.40735572314559e-05
"s_Bacteroides_sp902362375_sv_350"	"enterotype"	"Abundance"	"B1"	27	"B2"	25	0	1.10357154137993	0	0.578075426563201	0	1.88382491377174	162	0.391846917219204	2.49941450780986e-05	52	"B2"	7.40735572314559e-05
"s_Extibacter_hylemonae_sv_410"	"enterotype"	"Abundance"	"B1"	27	"B2"	25	0	0.292427344041277	0	0.108846867920792	0	0.402520367854751	162	0.466689879475844	2.49941450780986e-05	52	"B2"	7.40735572314559e-05
"s_Hungatella_effluvii_sv_540"	"enterotype"	"Abundance"	"B1"	27	"B2"	25	0	0.50672310275286	0	0.162993631750848	0	0.793623420760606	162	0.420935908201624	2.49941450780986e-05	52	"B2"	7.40735572314559e-05
"s_Pseudoflavonifractor_sp902362925_sv_597"	"enterotype"	"Abundance"	"B1"	27	"B2"	25	0	0.359317362102717	0	0.153416028385417	0	0.470509414565736	162	0.484957085501019	2.49941450780986e-05	52	"B2"	7.40735572314559e-05
"s_Odoribacter_splanchnicus_sv_795"	"enterotype"	"Abundance"	"B1"	27	"B2"	25	0	0.153166449048059	0	0.133061763751449	0	0.184465708802526	162	0.516128135185424	2.49941450780986e-05	52	"B2"	7.40735572314559e-05
"s_Enterocloster_sp005845215_sv_885"	"enterotype"	"Abundance"	"B1"	27	"B2"	25	0	0.145627911575033	0	0.122815113708755	0	0.160724723467654	162	0.549163573099426	2.49941450780986e-05	52	"B2"	7.40735572314559e-05
"s_Enterocloster_bolteae_sv_208"	"enterotype"	"Abundance"	"B1"	27	"B2"	25	0.341555921987766	0.978647472080553	0	0.553062511027867	1.03253934168894	1.44502090446533	125	0.249361193946867	3.82230384626059e-05	52	"B2"	0.000112868754880521
"s_Bacteroides_uniformis_sv_115"	"enterotype"	"Abundance"	"B1"	27	"B2"	25	1.16281005676701	0	0.0765899867767112	0	2.50246209262375	0	512.5	0.3089285120522	4.26988574742211e-05	52	"B1"	0.000124284174433894
"s_Enterocloster_aldenensis_sv_270"	"enterotype"	"Abundance"	"B1"	27	"B2"	25	1.30303002410025	0	0.228286150791472	0	3.22429387237417	0	512.5	0.271922797772188	4.26988574742211e-05	52	"B1"	0.000124284174433894
"s_Parabacteroides_distasonis_sv_318"	"enterotype"	"Abundance"	"B1"	27	"B2"	25	1.32218900705422	0	0.0715239346213152	0	2.20189988063796	0	512.5	0.386810610573502	4.26988574742211e-05	52	"B1"	0.000124284174433894
"s_Holdemanella_porci_sv_451"	"enterotype"	"Abundance"	"B1"	27	"B2"	25	0.292714711880848	0	0.0625524791744176	0	0.424026162526615	0	512.5	0.434162762111419	4.26988574742211e-05	52	"B1"	0.000124284174433894
"s_Otoolea_symbiosa_sv_57"	"enterotype"	"Abundance"	"B1"	27	"B2"	25	1.83526101262573	4.00310214507244	1.96107635939905	3.34340861857645	1.72148008852203	1.69120730026854	114	0.538012191706974	4.33091507659816e-05	52	"B2"	0.000125611949730516
"s_Blautia_A_caecimuris_sv_137"	"enterotype"	"Abundance"	"B1"	27	"B2"	25	0	3.25323013989081	0	0	0	5.55257530480365	175.5	0.391892863764744	6.15533946176811e-05	52	"B2"	0.000173584832572353
"s_Anaerostipes_hadrus_sv_167"	"enterotype"	"Abundance"	"B1"	27	"B2"	25	0	1.40162104485339	0	0	0	1.83478563001836	175.5	0.485072025274806	6.15533946176811e-05	52	"B2"	0.000173584832572353
"s_Bifidobacterium_bifidum_sv_196"	"enterotype"	"Abundance"	"B1"	27	"B2"	25	0	1.47537694447892	0	0	0	3.26522354580985	175.5	0.312300997752002	6.15533946176811e-05	52	"B2"	0.000173584832572353
"s_Prevotella_rara_sv_354"	"enterotype"	"Abundance"	"B1"	27	"B2"	25	0	0.75027180623468	0	0	0	0.982553807634857	175.5	0.484916678188598	6.15533946176811e-05	52	"B2"	0.000173584832572353
"s_Extibacter_hylemonae_sv_409"	"enterotype"	"Abundance"	"B1"	27	"B2"	25	0	0.277990255459645	0	0	0	0.37060781178788	175.5	0.478357133599498	6.15533946176811e-05	52	"B2"	0.000173584832572353
"uc_uc_k_sv_434"	"enterotype"	"Abundance"	"B1"	27	"B2"	25	0	0.334139360661953	0	0	0	0.567395011675721	175.5	0.393586080359465	6.15533946176811e-05	52	"B2"	0.000173584832572353
"uc_uc_k_sv_792"	"enterotype"	"Abundance"	"B1"	27	"B2"	25	0	0.180752843452692	0	0	0	0.218074869230849	175.5	0.515463017625732	6.15533946176811e-05	52	"B2"	0.000173584832572353
"s_Adlercreutzia_equolifaciens_sv_886"	"enterotype"	"Abundance"	"B1"	27	"B2"	25	0	0.140061843003072	0	0	0	0.187254804911714	175.5	0.477320444835606	6.15533946176811e-05	52	"B2"	0.000173584832572353
"s_Bacteroides_sp902362375_sv_163"	"enterotype"	"Abundance"	"B1"	27	"B2"	25	0.00132451730780213	3.01244270175286	0	1.22038145607787	0.00688239381785292	5.21091441490806	168	0.387338082448831	7.38950550144678e-05	52	"B2"	0.000207670585644108
"s_Parabacteroides_distasonis_sv_284"	"enterotype"	"Abundance"	"B1"	27	"B2"	25	1.52613940491474	0	0	0	2.59789038869013	0	500	0.379666079012216	9.55000765546471e-05	52	"B2"	0.000259441874640125
"s_Alistipes_shahii_sv_337"	"enterotype"	"Abundance"	"B1"	27	"B2"	25	0.380268082482352	0	0	0	0.639985988907817	0	500	0.383366175309725	9.55000765546471e-05	52	"B2"	0.000259441874640125
"s_Duodenibacillus_intestinigallinarum_sv_466"	"enterotype"	"Abundance"	"B1"	27	"B2"	25	0.723687434226256	0	0	0	0.917942571335831	0	500	0.481942438831241	9.55000765546471e-05	52	"B2"	0.000259441874640125
"s_Clostridium_AQ_innocuum_sv_547"	"enterotype"	"Abundance"	"B1"	27	"B2"	25	0.252274674470701	0	0	0	0.345171010751963	0	500	0.454413503060604	9.55000765546471e-05	52	"B2"	0.000259441874640125
"s_Enterocloster_bolteae_sv_552"	"enterotype"	"Abundance"	"B1"	27	"B2"	25	0.327538152471775	0	0	0	0.60169503796394	0	500	0.35552654176736	9.55000765546471e-05	52	"B2"	0.000259441874640125
"s_UBA7173_sp001689485_sv_581"	"enterotype"	"Abundance"	"B1"	27	"B2"	25	0.234406911892398	0	0	0	0.307883481140269	0	500	0.469177881623444	9.55000765546471e-05	52	"B2"	0.000259441874640125
"s_Dielma_fastidiosa_sv_630"	"enterotype"	"Abundance"	"B1"	27	"B2"	25	0.301410224462151	0	0	0	0.352974700899057	0	500	0.511619278351095	9.55000765546471e-05	52	"B2"	0.000259441874640125
"uc_uc_k_sv_685"	"enterotype"	"Abundance"	"B1"	27	"B2"	25	0.135166634562007	0	0	0	0.170982589577195	0	500	0.482943953681962	9.55000765546471e-05	52	"B2"	0.000259441874640125
"s_Oxalobacter_aliiformigenes_sv_705"	"enterotype"	"Abundance"	"B1"	27	"B2"	25	0.194624208125346	0	0	0	0.236729990699613	0	500	0.497451965080657	9.55000765546471e-05	52	"B2"	0.000259441874640125
"s_Alistipes_A_ihumii_sv_825"	"enterotype"	"Abundance"	"B1"	27	"B2"	25	0.138917791597837	0	0	0	0.169428186726685	0	500	0.496449107777118	9.55000765546471e-05	52	"B2"	0.000259441874640125
"s_Phocaeicola_vulgatus_sv_22"	"enterotype"	"Abundance"	"B1"	27	"B2"	25	11.0259990592494	3.37941213659999	9.1243072402847	2.49724064541135	9.39468802625214	3.83947555801351	549.5	0.467390688913066	0.000104228453799416	52	"B1"	0.000282213255304067
"s_Blautia_A_caecimuris_sv_150"	"enterotype"	"Abundance"	"B1"	27	"B2"	25	0	3.06621493660969	0	0	0	5.31533613717095	189	0.386778110128964	0.000147183613987819	52	"B2"	0.000379603308228077
"s_Anaerostipes_hadrus_sv_260"	"enterotype"	"Abundance"	"B1"	27	"B2"	25	0	0.707069515031213	0	0	0	0.902256218756597	189	0.494517035795643	0.000147183613987819	52	"B2"	0.000379603308228077
"s_Phocaeicola_plebeius_A_sv_300"	"enterotype"	"Abundance"	"B1"	27	"B2"	25	0	1.06775881407914	0	0	0	1.88531724719754	189	0.380783056299785	0.000147183613987819	52	"B2"	0.000379603308228077
"s_Enterocloster_aldenensis_sv_361"	"enterotype"	"Abundance"	"B1"	27	"B2"	25	0	0.513852244758851	0	0	0	1.12649923185313	189	0.314976173749529	0.000147183613987819	52	"B2"	0.000379603308228077
"s_Enterocloster_aldenensis_sv_368"	"enterotype"	"Abundance"	"B1"	27	"B2"	25	0	0.547715967660358	0	0	0	1.28057793072924	189	0.29715954553278	0.000147183613987819	52	"B2"	0.000379603308228077
"s_Anaerostipes_hadrus_sv_403"	"enterotype"	"Abundance"	"B1"	27	"B2"	25	0	0.389436858311615	0	0	0	0.543867061324495	189	0.461448055395702	0.000147183613987819	52	"B2"	0.000379603308228077
"uc_uc_k_sv_424"	"enterotype"	"Abundance"	"B1"	27	"B2"	25	0	0.326629060392465	0	0	0	0.482864869989049	189	0.441102664659697	0.000147183613987819	52	"B2"	0.000379603308228077
"uc_uc_k_sv_436"	"enterotype"	"Abundance"	"B1"	27	"B2"	25	0	0.32287907328756	0	0	0	0.503857314622123	189	0.422188585785127	0.000147183613987819	52	"B2"	0.000379603308228077
"uc_uc_k_sv_475"	"enterotype"	"Abundance"	"B1"	27	"B2"	25	0	0.265058855446596	0	0	0	0.46138400522715	189	0.385427060022603	0.000147183613987819	52	"B2"	0.000379603308228077
"s_Merdimmobilis_hominis_sv_666"	"enterotype"	"Abundance"	"B1"	27	"B2"	25	0	0.396001194817942	0	0	0	0.548727471353562	189	0.46427638800561	0.000147183613987819	52	"B2"	0.000379603308228077
"s_Ruthenibacterium_lactatiformans_sv_677"	"enterotype"	"Abundance"	"B1"	27	"B2"	25	0	0.272734537919864	0	0	0	0.41041142606833	189	0.434849353432484	0.000147183613987819	52	"B2"	0.000379603308228077
"s_Pseudoflavonifractor_sp902362925_sv_745"	"enterotype"	"Abundance"	"B1"	27	"B2"	25	0	0.273571301970389	0	0	0	0.528418297089877	189	0.352390240776501	0.000147183613987819	52	"B2"	0.000379603308228077
"s_Sellimonas_intestinalis_sv_757"	"enterotype"	"Abundance"	"B1"	27	"B2"	25	0	0.094706078829805	0	0	0	0.127898838110045	189	0.47363420268315	0.000147183613987819	52	"B2"	0.000379603308228077
"s_Pseudoscilispira_sp018369915_sv_788"	"enterotype"	"Abundance"	"B1"	27	"B2"	25	0	0.12129579570911	0	0	0	0.172177107776912	189	0.455580600123192	0.000147183613987819	52	"B2"	0.000379603308228077
"s_Pseudoscilispira_sp018369915_sv_875"	"enterotype"	"Abundance"	"B1"	27	"B2"	25	0	0.131000576326189	0	0	0	0.211995811517278	189	0.40973687756796	0.000147183613987819	52	"B2"	0.000379603308228077
"s_Blautia_A_caecimuris_sv_45"	"enterotype"	"Abundance"	"B1"	27	"B2"	25	11.14994231515	0	0	0	19.1928343024072	0	487.5	0.376068124358686	0.000208031639079133	52	"B2"	0.000531491491691203
"s_Sellimonas_intestinalis_sv_445"	"enterotype"	"Abundance"	"B1"	27	"B2"	25	0.338694932948111	0	0	0	0.506562853430368	0	487.5	0.42303380712849	0.000208031639079133	52	"B2"	0.000531491491691203
"s_Sellimonas_intestinalis_sv_528"	"enterotype"	"Abundance"	"B1"	27	"B2"	25	0.255404200148073	0	0	0	0.435655602598182	0	487.5	0.379003766196637	0.000208031639079133	52	"B2"	0.000531491491691203
"s_Muricomes_contortus_B_sv_135"	"enterotype"	"Abundance"	"B1"	27	"B2"	25	1.55643058253329	0.610023866787487	1.43641713487882	0.54423433960396	0.977061833678326	0.550622978061491	538.5	0.510682881952227	0.00023441925388184	52	"B1"	0.00059703653723031
"s_Enterococcus_B_hirae_sv_101"	"enterotype"	"Abundance"	"B1"	27	"B2"	25	1.88978015016238	0.314682923183832	0.653549153506586	0	3.48341899467296	0.95281357604706	523	0.292377658710213	0.000258902167201291	52	"B1"	0.000657337278096735
"uc_uc_k_sv_220"	"enterotype"	"Abundance"	"B1"	27	"B2"	25	0	0.780132139693236	0	0	0	1.8226483618396	202.5	0.297356281198134	0.000342281806730812	52	"B2"	0.000827773508859382
"s_Bacteroides_uniformis_sv_252"	"enterotype"	"Abundance"	"B1"	27	"B2"	25	0	1.21128755243617	0	0	0	2.58290047249515	202.5	0.322895538699546	0.000342281806730812	52	"B2"	0.000827773508859382
"s_Bacteroides_uniformis_sv_256"	"enterotype"	"Abundance"	"B1"	27	"B2"	25	0	1.19483280446542	0	0	0	2.71136089748535	202.5	0.305323372725277	0.000342281806730812	52	"B2"	0.000827773508859382
"s_Bacteroides_uniformis_sv_285"	"enterotype"	"Abundance"	"B1"	27	"B2"	25	0	1.07619131256754	0	0	0	2.27936094769028	202.5	0.324851404378486	0.000342281806730812	52	"B2"	0.000827773508859382
"s_Fusicatenibacter_saccharivorans_sv_306"	"enterotype"	"Abundance"	"B1"	27	"B2"	25	0	0.669857406344017	0	0	0	1.07586074633391	202.5	0.412306688445441	0.000342281806730812	52	"B2"	0.000827773508859382
"s_Anaerostipes_hadrus_sv_377"	"enterotype"	"Abundance"	"B1"	27	"B2"	25	0	0.448332627207627	0	0	0	0.640114995802039	202.5	0.453492135903003	0.000342281806730812	52	"B2"	0.000827773508859382
"uc_uc_k_sv_402"	"enterotype"	"Abundance"	"B1"	27	"B2"	25	0	0.52061877570754	0	0	0	0.828949029097876	202.5	0.415268197703418	0.000342281806730812	52	"B2"	0.000827773508859382
"s_Fusicatenibacter_saccharivorans_sv_408"	"enterotype"	"Abundance"	"B1"	27	"B2"	25	0	0.430478740809512	0	0	0	0.661485352148396	202.5	0.427535986316828	0.000342281806730812	52	"B2"	0.000827773508859382
"s_Extibacter_hylemonae_sv_418"	"enterotype"	"Abundance"	"B1"	27	"B2"	25	0	0.273986976447837	0	0	0	0.380173060047823	202.5	0.463783382051532	0.000342281806730812	52	"B2"	0.000827773508859382
"uc_uc_k_sv_671"	"enterotype"	"Abundance"	"B1"	27	"B2"	25	0	0.068628141465139	0	0	0	0.0983344642037296	202.5	0.45221726139597	0.000342281806730812	52	"B2"	0.000827773508859382
"s_Bifidobacterium_globosum_sv_736"	"enterotype"	"Abundance"	"B1"	27	"B2"	25	0	0.317790587294063	0	0	0	0.655450486232914	202.5	0.332613365181368	0.000342281806730812	52	"B2"	0.000827773508859382
"s_Sellimonas_intestinalis_sv_786"	"enterotype"	"Abundance"	"B1"	27	"B2"	25	0	0.08063197190327	0	0	0	0.119612145138168	202.5	0.439884519455507	0.000342281806730812	52	"B2"	0.000827773508859382
"uc_uc_k_sv_809"	"enterotype"	"Abundance"	"B1"	27	"B2"	25	0	0.0919553697905949	0	0	0	0.130793009132703	202.5	0.454854932391485	0.000342281806730812	52	"B2"	0.000827773508859382
"s_Blautia_A_ammoniilytica_sv_828"	"enterotype"	"Abundance"	"B1"	27	"B2"	25	0	0.104747170542499	0	0	0	0.150286175390468	202.5	0.451744962082775	0.000342281806730812	52	"B2"	0.000827773508859382
"s_Diplocloster_modestus_sv_835"	"enterotype"	"Abundance"	"B1"	27	"B2"	25	0	0.0762961654098272	0	0	0	0.109678818461527	202.5	0.451050534530016	0.000342281806730812	52	"B2"	0.000827773508859382
"s_Pseudoscilispira_sp018369915_sv_860"	"enterotype"	"Abundance"	"B1"	27	"B2"	25	0	0.142833342028567	0	0	0	0.20068506521093	202.5	0.459262845146399	0.000342281806730812	52	"B2"	0.000827773508859382
"s_Blautia_A_caecimuris_sv_43"	"enterotype"	"Abundance"	"B1"	27	"B2"	25	11.8024674672756	0	0	0	20.8038311614032	0	475	0.368483902272307	0.000441985564163966	52	"B2"	0.00102919495655323
"s_Barnesiella_intestinihominis_sv_92"	"enterotype"	"Abundance"	"B1"	27	"B2"	25	1.46304422611704	0	0	0	2.66622055899668	0	475	0.35801138839087	0.000441985564163966	52	"B2"	0.00102919495655323
"s_Enterocloster_bolteae_sv_277"	"enterotype"	"Abundance"	"B1"	27	"B2"	25	0.450796740154592	0	0	0	0.839271900473234	0	475	0.351402160772524	0.000441985564163966	52	"B2"	0.00102919495655323
"s_Sellimonas_intestinalis_sv_464"	"enterotype"	"Abundance"	"B1"	27	"B2"	25	0.275706823577388	0	0	0	0.417303448062472	0	475	0.418920132164012	0.000441985564163966	52	"B2"	0.00102919495655323
"s_Holdemanella_porci_sv_553"	"enterotype"	"Abundance"	"B1"	27	"B2"	25	0.184381873751222	0	0	0	0.27756898237765	0	475	0.420785044034098	0.000441985564163966	52	"B2"	0.00102919495655323
"s_Enterocloster_bolteae_sv_609"	"enterotype"	"Abundance"	"B1"	27	"B2"	25	0.236642824893859	0	0	0	0.553477181848141	0	475	0.286401338229659	0.000441985564163966	52	"B2"	0.00102919495655323
"s_Enterocloster_citroniae_sv_696"	"enterotype"	"Abundance"	"B1"	27	"B2"	25	0.178255346568626	0	0	0	0.264394799195116	0	475	0.425917398935027	0.000441985564163966	52	"B2"	0.00102919495655323
"s_Gordonibacter_urolithinfaciens_sv_713"	"enterotype"	"Abundance"	"B1"	27	"B2"	25	0.135645496897618	0	0	0	0.225436544776174	0	475	0.387479032723941	0.000441985564163966	52	"B2"	0.00102919495655323
"s_Enterocloster_citroniae_sv_859"	"enterotype"	"Abundance"	"B1"	27	"B2"	25	0.120344045310244	0	0	0	0.176262668331967	0	475	0.430305536332478	0.000441985564163966	52	"B2"	0.00102919495655323
"s_Christensenella_massiliensis_sv_869"	"enterotype"	"Abundance"	"B1"	27	"B2"	25	0.0927752425639298	0	0	0	0.136320435536999	0	475	0.429186578651736	0.000441985564163966	52	"B2"	0.00102919495655323
"s_Neobittarella_massiliensis_sv_877"	"enterotype"	"Abundance"	"B1"	27	"B2"	25	0.0927649831599748	0	0	0	0.127686950457043	0	475	0.452266728413884	0.000441985564163966	52	"B2"	0.00102919495655323
"s_Parasutterella_excrementihominis_sv_895"	"enterotype"	"Abundance"	"B1"	27	"B2"	25	0.128471640616194	0	0	0	0.188081716093793	0	475	0.430463430182787	0.000441985564163966	52	"B2"	0.00102919495655323
"s_Eggerthella_lenta_sv_1001"	"enterotype"	"Abundance"	"B1"	27	"B2"	25	0.0895539645683583	0	0	0	0.134474661611386	0	475	0.421656593116962	0.000441985564163966	52	"B2"	0.00102919495655323
"s_Muricomes_contortus_B_sv_123"	"enterotype"	"Abundance"	"B1"	27	"B2"	25	1.56555054349529	0.692190467838201	1.38782935433557	0.5630999101959	0.981049526568547	0.484531481929097	528	0.489305577821626	0.000501647349701978	52	"B1"	0.00116479370372397
"s_Enterocloster_bolteae_sv_310"	"enterotype"	"Abundance"	"B1"	27	"B2"	25	0.292873095309791	0.00610570382596084	0	0	0.488663103781586	0.0305285191298042	479	0.378746522334839	0.000683866295193582	52	"B2"	0.00158338360961014
"s_Muricomes_contortus_B_sv_76"	"enterotype"	"Abundance"	"B1"	27	"B2"	25	2.87741647174424	1.17961188407485	3.11051191327623	1.08459602385635	1.74742255456936	0.70185103544107	523	0.534132943415407	0.000703274087796131	52	"B1"	0.00162370646332534
"s_Bacteroides_intestinigallinarum_sv_74"	"enterotype"	"Abundance"	"B1"	27	"B2"	25	0	0.734159963827317	0	0	0	2.03649026226497	216	0.253796266839341	0.000775516926457296	52	"B2"	0.0016502514231402
"s_Clostridium_AQ_innocuum_sv_151"	"enterotype"	"Abundance"	"B1"	27	"B2"	25	0	0.108596634226918	0	0	0	0.176119709859328	216	0.409004160847778	0.000775516926457296	52	"B2"	0.0016502514231402
"s_Fusicatenibacter_saccharivorans_sv_174"	"enterotype"	"Abundance"	"B1"	27	"B2"	25	0	1.51619143630173	0	0	0	2.39930385842598	216	0.417380741712156	0.000775516926457296	52	"B2"	0.0016502514231402
"s_Blautia_A_wexlerae_sv_217"	"enterotype"	"Abundance"	"B1"	27	"B2"	25	0	0.733297323378783	0	0	0	1.2177442200896	216	0.401017567610113	0.000775516926457296	52	"B2"	0.0016502514231402
"uc_uc_k_sv_266"	"enterotype"	"Abundance"	"B1"	27	"B2"	25	0	0.567006443429301	0	0	0	1.29165500998317	216	0.304257066648322	0.000775516926457296	52	"B2"	0.0016502514231402
"s_Enterocloster_aldenensis_sv_363"	"enterotype"	"Abundance"	"B1"	27	"B2"	25	0	0.526529458826881	0	0	0	1.25704791539026	216	0.291550073989572	0.000775516926457296	52	"B2"	0.0016502514231402
"s_Bacteroides_uniformis_sv_381"	"enterotype"	"Abundance"	"B1"	27	"B2"	25	0	1.051396370981	0	0	0	3.22835358610882	216	0.230675022818979	0.000775516926457296	52	"B2"	0.0016502514231402
"s_Enterocloster_pacaense_sv_390"	"enterotype"	"Abundance"	"B1"	27	"B2"	25	0	0.0879909142850058	0	0	0	0.150188759978496	216	0.391877695000998	0.000775516926457296	52	"B2"	0.0016502514231402
"s_Enterococcus_B_faecium_sv_421"	"enterotype"	"Abundance"	"B1"	27	"B2"	25	0	0.952949849033873	0	0	0	1.82578653091561	216	0.354896270981649	0.000775516926457296	52	"B2"	0.0016502514231402
"s_Allobaculum_stercoricanis_sv_439"	"enterotype"	"Abundance"	"B1"	27	"B2"	25	0	0.679854210334271	0	0	0	1.14033456144742	216	0.397675345661372	0.000775516926457296	52	"B2"	0.0016502514231402
"s_Anaerostipes_hadrus_sv_500"	"enterotype"	"Abundance"	"B1"	27	"B2"	25	0	0.485710021705621	0	0	0	0.752553957901789	216	0.424664135725674	0.000775516926457296	52	"B2"	0.0016502514231402
"s_Anaerostipes_hadrus_sv_521"	"enterotype"	"Abundance"	"B1"	27	"B2"	25	0	0.6035963197369	0	0	0	0.964454068957769	216	0.414065851481799	0.000775516926457296	52	"B2"	0.0016502514231402
"s_Agathobaculum_butyriciproducens_sv_611"	"enterotype"	"Abundance"	"B1"	27	"B2"	25	0	0.379544607470412	0	0	0	0.588693920367412	216	0.424292228533485	0.000775516926457296	52	"B2"	0.0016502514231402
"s_Cuneatibacter_caecimuris_sv_627"	"enterotype"	"Abundance"	"B1"	27	"B2"	25	0	0.0793500373878563	0	0	0	0.126165817107815	216	0.415751782554025	0.000775516926457296	52	"B2"	0.0016502514231402
"s_Agathobaculum_butyriciproducens_sv_633"	"enterotype"	"Abundance"	"B1"	27	"B2"	25	0	0.377027275739176	0	0	0	0.623083029384151	216	0.402642883417692	0.000775516926457296	52	"B2"	0.0016502514231402
"s_Agathobaculum_butyriciproducens_sv_648"	"enterotype"	"Abundance"	"B1"	27	"B2"	25	0	0.369093456115634	0	0	0	0.556514082553931	216	0.434154155760155	0.000775516926457296	52	"B2"	0.0016502514231402
"s_Prevotella_sp934191715_sv_651"	"enterotype"	"Abundance"	"B1"	27	"B2"	25	0	0.143696383606012	0	0	0	0.247402005914667	216	0.389024435353694	0.000775516926457296	52	"B2"	0.0016502514231402
"s_Agathobaculum_butyriciproducens_sv_703"	"enterotype"	"Abundance"	"B1"	27	"B2"	25	0	0.325045254250355	0	0	0	0.526314001151511	216	0.409543745543425	0.000775516926457296	52	"B2"	0.0016502514231402
"s_Holdemanella_hominis_sv_727"	"enterotype"	"Abundance"	"B1"	27	"B2"	25	0	0.295471448308397	0	0	0	0.612657567511131	216	0.331050984629599	0.000775516926457296	52	"B2"	0.0016502514231402
"s_UBA11524_sp000437595_sv_753"	"enterotype"	"Abundance"	"B1"	27	"B2"	25	0	0.286065858577344	0	0	0	0.451267848994659	216	0.418458657252242	0.000775516926457296	52	"B2"	0.0016502514231402
"s_UBA11524_sp000437595_sv_783"	"enterotype"	"Abundance"	"B1"	27	"B2"	25	0	0.242015357948365	0	0	0	0.413796741140903	216	0.391311325367464	0.000775516926457296	52	"B2"	0.0016502514231402
"s_Agathobaculum_butyriciproducens_sv_789"	"enterotype"	"Abundance"	"B1"	27	"B2"	25	0	0.229556759734249	0	0	0	0.361458474069027	216	0.419092163566047	0.000775516926457296	52	"B2"	0.0016502514231402
"s_UBA11524_sp000437595_sv_793"	"enterotype"	"Abundance"	"B1"	27	"B2"	25	0	0.241173383662082	0	0	0	0.440951628927447	216	0.369574176751447	0.000775516926457296	52	"B2"	0.0016502514231402
"s_UBA11524_sp000437595_sv_797"	"enterotype"	"Abundance"	"B1"	27	"B2"	25	0	0.226783044996277	0	0	0	0.370502018891757	216	0.40651806779786	0.000775516926457296	52	"B2"	0.0016502514231402
"s_Sellimonas_intestinalis_sv_806"	"enterotype"	"Abundance"	"B1"	27	"B2"	25	0	0.0916820355531034	0	0	0	0.145153547765546	216	0.417213052637121	0.000775516926457296	52	"B2"	0.0016502514231402
"s_Holdemanella_hominis_sv_891"	"enterotype"	"Abundance"	"B1"	27	"B2"	25	0	0.154695548837104	0	0	0	0.284506663912496	216	0.367707357144678	0.000775516926457296	52	"B2"	0.0016502514231402
"s_Odoribacter_splanchnicus_sv_907"	"enterotype"	"Abundance"	"B1"	27	"B2"	25	0	0.0935904656368697	0	0	0	0.143454800051512	216	0.428405551006755	0.000775516926457296	52	"B2"	0.0016502514231402
"s_Hungatella_effluvii_sv_940"	"enterotype"	"Abundance"	"B1"	27	"B2"	25	0	0.0924357287448216	0	0	0	0.17216584560319	216	0.363712983678881	0.000775516926457296	52	"B2"	0.0016502514231402
"s_Bacteroides_stercoris_sv_957"	"enterotype"	"Abundance"	"B1"	27	"B2"	25	0	0.0641351610992428	0	0	0	0.103814219125134	216	0.409653543535212	0.000775516926457296	52	"B2"	0.0016502514231402
"uc_uc_k_sv_1076"	"enterotype"	"Abundance"	"B1"	27	"B2"	25	0	0.0711354993991034	0	0	0	0.106194760809107	216	0.437652608952876	0.000775516926457296	52	"B2"	0.0016502514231402
"s_Enterocloster_bolteae_sv_542"	"enterotype"	"Abundance"	"B1"	27	"B2"	25	0.266375817871747	0	0	0	0.56016154723272	0	462.5	0.315428248422705	0.000917236289507905	52	"B2"	0.00193665175116306
"s_Duodenibacillus_intestinigallinarum_sv_546"	"enterotype"	"Abundance"	"B1"	27	"B2"	25	0.486888808002941	0	0	0	0.840538787581452	0	462.5	0.375134065099565	0.000917236289507905	52	"B2"	0.00193665175116306
"s_Enterocloster_citroniae_sv_845"	"enterotype"	"Abundance"	"B1"	27	"B2"	25	0.129561403609111	0	0	0	0.204895184565757	0	462.5	0.403987661061847	0.000917236289507905	52	"B2"	0.00193665175116306
"s_Enterocloster_clostridioformis_sv_356"	"enterotype"	"Abundance"	"B1"	27	"B2"	25	0.0017130647791612	0.8228574990792	0	0	0.00890134570249189	1.69009205322606	210	0.333226356359924	0.00112523335587201	52	"B2"	0.00236967748071238
"s_Enterocloster_bolteae_sv_131"	"enterotype"	"Abundance"	"B1"	27	"B2"	25	0.757147780952478	1.5360115895322	0	0.690372127734375	1.96021402906885	2.4978034967673	165.5	0.173178648101711	0.00122014882901371	52	"B2"	0.00256294148362417
"uc_uc_k_sv_103"	"enterotype"	"Abundance"	"B1"	27	"B2"	25	0	0.2903139434268	0	0	0	0.4948944228236	229.5	0.392300169935642	0.00171521026416192	52	"B2"	0.00332041891993341
"s_Eubacterium_F_sp003491505_sv_164"	"enterotype"	"Abundance"	"B1"	27	"B2"	25	0	0.826107114706447	0	0	0	2.3413468003174	229.5	0.248741689728569	0.00171521026416192	52	"B2"	0.00332041891993341
"s_Eubacterium_F_sp003491505_sv_180"	"enterotype"	"Abundance"	"B1"	27	"B2"	25	0	0.809878061467383	0	0	0	2.42409784929503	229.5	0.23630264528462	0.00171521026416192	52	"B2"	0.00332041891993341
"s_Blautia_A_wexlerae_sv_182"	"enterotype"	"Abundance"	"B1"	27	"B2"	25	0	0.921859143095319	0	0	0	1.47521492474897	229.5	0.413550113605333	0.00171521026416192	52	"B2"	0.00332041891993341
"s_Blautia_A_wexlerae_sv_187"	"enterotype"	"Abundance"	"B1"	27	"B2"	25	0	0.880418929660677	0	0	0	1.46823891372246	229.5	0.399605308409169	0.00171521026416192	52	"B2"	0.00332041891993341
"s_Blautia_A_wexlerae_sv_188"	"enterotype"	"Abundance"	"B1"	27	"B2"	25	0	0.778895982447309	0	0	0	1.21641845980586	229.5	0.421921464985253	0.00171521026416192	52	"B2"	0.00332041891993341
"s_Blautia_A_wexlerae_sv_203"	"enterotype"	"Abundance"	"B1"	27	"B2"	25	0	0.708898792144112	0	0	0	1.21346639300925	229.5	0.390931738596345	0.00171521026416192	52	"B2"	0.00332041891993341
"s_Blautia_A_wexlerae_sv_241"	"enterotype"	"Abundance"	"B1"	27	"B2"	25	0	0.60683713976301	0	0	0	0.972547774737782	229.5	0.41304079764953	0.00171521026416192	52	"B2"	0.00332041891993341
"s_Mediterraneibacter_faecis_sv_344"	"enterotype"	"Abundance"	"B1"	27	"B2"	25	0	0.983864124101291	0	0	0	1.53158722411939	229.5	0.423033076797353	0.00171521026416192	52	"B2"	0.00332041891993341
"s_Dorea_D_sp000433535_sv_364"	"enterotype"	"Abundance"	"B1"	27	"B2"	25	0	0.870977254917527	0	0	0	1.61548355755099	229.5	0.365027008833853	0.00171521026416192	52	"B2"	0.00332041891993341
"s_Bacteroides_uniformis_sv_394"	"enterotype"	"Abundance"	"B1"	27	"B2"	25	0	0.968228336704622	0	0	0	3.11388960935474	229.5	0.220767111484285	0.00171521026416192	52	"B2"	0.00332041891993341
"s_Enterocloster_aldenensis_sv_441"	"enterotype"	"Abundance"	"B1"	27	"B2"	25	0	0.435106104850357	0	0	0	1.18575268990156	229.5	0.258026468641963	0.00171521026416192	52	"B2"	0.00332041891993341
"s_Mediterraneibacter_faecis_sv_476"	"enterotype"	"Abundance"	"B1"	27	"B2"	25	0	0.572930385979233	0	0	0	0.86622190241998	229.5	0.433195749306559	0.00171521026416192	52	"B2"	0.00332041891993341
"s_Anaerostipes_hadrus_sv_497"	"enterotype"	"Abundance"	"B1"	27	"B2"	25	0	0.622015968351862	0	0	0	0.998035602143623	229.5	0.41264361071522	0.00171521026416192	52	"B2"	0.00332041891993341
"s_Mediterraneibacter_faecis_sv_551"	"enterotype"	"Abundance"	"B1"	27	"B2"	25	0	0.44427697439566	0	0	0	0.742075518158743	229.5	0.399076362880481	0.00171521026416192	52	"B2"	0.00332041891993341
"s_Mediterraneibacter_faecis_sv_570"	"enterotype"	"Abundance"	"B1"	27	"B2"	25	0	0.410532020843031	0	0	0	0.640085274828615	229.5	0.422488427513288	0.00171521026416192	52	"B2"	0.00332041891993341
"uc_uc_k_sv_582"	"enterotype"	"Abundance"	"B1"	27	"B2"	25	0	0.0726627189266867	0	0	0	0.123842333540217	229.5	0.392366568088723	0.00171521026416192	52	"B2"	0.00332041891993341
"s_Agathobaculum_butyriciproducens_sv_608"	"enterotype"	"Abundance"	"B1"	27	"B2"	25	0	0.403671730014461	0	0	0	0.646423223167319	229.5	0.413315959256818	0.00171521026416192	52	"B2"	0.00332041891993341
"s_Mediterraneibacter_faecis_sv_620"	"enterotype"	"Abundance"	"B1"	27	"B2"	25	0	0.344850757067039	0	0	0	0.561129117625272	229.5	0.407880218599526	0.00171521026416192	52	"B2"	0.00332041891993341
"s_Enterocloster_aldenensis_sv_629"	"enterotype"	"Abundance"	"B1"	27	"B2"	25	0	0.435980604665347	0	0	0	0.723186626212708	229.5	0.401398074615459	0.00171521026416192	52	"B2"	0.00332041891993341
"s_Enterocloster_aldenensis_sv_707"	"enterotype"	"Abundance"	"B1"	27	"B2"	25	0	0.342313419918583	0	0	0	0.592398554522355	229.5	0.387335426494891	0.00171521026416192	52	"B2"	0.00332041891993341
"uc_uc_k_sv_716"	"enterotype"	"Abundance"	"B1"	27	"B2"	25	0	0.0579517360476454	0	0	0	0.100591002419291	229.5	0.386352170590691	0.00171521026416192	52	"B2"	0.00332041891993341
"s_Enterocloster_aldenensis_sv_752"	"enterotype"	"Abundance"	"B1"	27	"B2"	25	0	0.295737557474087	0	0	0	0.475789757938947	229.5	0.411730154316019	0.00171521026416192	52	"B2"	0.00332041891993341
"s_Sellimonas_intestinalis_sv_767"	"enterotype"	"Abundance"	"B1"	27	"B2"	25	0	0.0755882606912975	0	0	0	0.137631485350709	229.5	0.370892832450885	0.00171521026416192	52	"B2"	0.00332041891993341
"uc_uc_k_sv_798"	"enterotype"	"Abundance"	"B1"	27	"B2"	25	0	0.223753342598328	0	0	0	0.377587636532236	229.5	0.39565725804825	0.00171521026416192	52	"B2"	0.00332041891993341
"s_UBA11524_sp000437595_sv_807"	"enterotype"	"Abundance"	"B1"	27	"B2"	25	0	0.215134835930078	0	0	0	0.368438821367287	229.5	0.390771325757044	0.00171521026416192	52	"B2"	0.00332041891993341
"s_Blautia_A_ammoniilytica_sv_838"	"enterotype"	"Abundance"	"B1"	27	"B2"	25	0	0.0629726350251881	0	0	0	0.102231068406514	229.5	0.408660985959795	0.00171521026416192	52	"B2"	0.00332041891993341
"s_Sellimonas_intestinalis_sv_846"	"enterotype"	"Abundance"	"B1"	27	"B2"	25	0	0.0598050206688764	0	0	0	0.101179058303125	229.5	0.394811996560865	0.00171521026416192	52	"B2"	0.00332041891993341
"s_Blautia_A_ammoniilytica_sv_863"	"enterotype"	"Abundance"	"B1"	27	"B2"	25	0	0.0922042472035498	0	0	0	0.144958889199169	229.5	0.419626602041878	0.00171521026416192	52	"B2"	0.00332041891993341
"s_Lachnospira_sp000436535_sv_987"	"enterotype"	"Abundance"	"B1"	27	"B2"	25	0	0.0701892796422573	0	0	0	0.12016309721853	229.5	0.390888569424418	0.00171521026416192	52	"B2"	0.00332041891993341
"s_Gordonibacter_urolithinfaciens_sv_999"	"enterotype"	"Abundance"	"B1"	27	"B2"	25	0	0.0563846715664578	0	0	0	0.0963342147086106	229.5	0.391558210102258	0.00171521026416192	52	"B2"	0.00332041891993341
"uc_uc_k_sv_1006"	"enterotype"	"Abundance"	"B1"	27	"B2"	25	0	0.0701526934702186	0	0	0	0.114209980781533	229.5	0.407702364109673	0.00171521026416192	52	"B2"	0.00332041891993341
"s_Coprobacter_secundus_sv_1163"	"enterotype"	"Abundance"	"B1"	27	"B2"	25	0	0.0439609215625167	0	0	0	0.072467994537443	229.5	0.40348979628298	0.00171521026416192	52	"B2"	0.00332041891993341
"s_Allocoprobacillus_merdigallinarum_sv_153"	"enterotype"	"Abundance"	"B1"	27	"B2"	25	0.962550498155563	0	0	0	1.69540268688103	0	450	0.36871872480193	0.00186222858900906	52	"B2"	0.00354606612159436
"uc_uc_k_sv_230"	"enterotype"	"Abundance"	"B1"	27	"B2"	25	0.71592158910663	0	0	0	1.19562232775862	0	450	0.385887056000409	0.00186222858900906	52	"B2"	0.00354606612159436
"s_Escherichia_coli_sv_509"	"enterotype"	"Abundance"	"B1"	27	"B2"	25	0.13580344770992	0	0	0	0.428112476442164	0	450	0.216598772220806	0.00186222858900906	52	"B2"	0.00354606612159436
"s_Lawsonibacter_aceti_sv_695"	"enterotype"	"Abundance"	"B1"	27	"B2"	25	0.13958940619531	0	0	0	0.258499127004822	0	450	0.35304238962148	0.00186222858900906	52	"B2"	0.00354606612159436
"s_Holdemania_filiformis_sv_731"	"enterotype"	"Abundance"	"B1"	27	"B2"	25	0.133580436284714	0	0	0	0.228640412651731	0	450	0.377891352107267	0.00186222858900906	52	"B2"	0.00354606612159436
"s_Enterocloster_citroniae_sv_909"	"enterotype"	"Abundance"	"B1"	27	"B2"	25	0.118302381841851	0	0	0	0.187581375660459	0	450	0.403104167929123	0.00186222858900906	52	"B2"	0.00354606612159436
"uc_uc_k_sv_932"	"enterotype"	"Abundance"	"B1"	27	"B2"	25	0.0996316078835309	0	0	0	0.167496156416237	0	450	0.38372116023432	0.00186222858900906	52	"B2"	0.00354606612159436
"s_Thomasclavelia_ramosa_sv_171"	"enterotype"	"Abundance"	"B1"	27	"B2"	25	1.01105949350683	0.322948315225336	0.511305551597315	0	1.1570170124881	0.752319700975054	493	0.33246890786033	0.00240896222455233	52	"B1"	0.00457646669699336
"s_Dorea_D_sp000433535_sv_212"	"enterotype"	"Abundance"	"B1"	27	"B2"	25	0.00302569052549345	1.82858122126349	0	0	0.0157219491544033	3.37898958238428	224	0.365680244895069	0.00262478259763273	52	"B2"	0.0049748786443504
"uc_uc_k_sv_237"	"enterotype"	"Abundance"	"B1"	27	"B2"	25	0.73332139998828	0	0	0	1.26477711015586	0	437.5	0.375436243916062	0.00370523015860903	52	"B2"	0.00658952684037501
"uc_uc_k_sv_247"	"enterotype"	"Abundance"	"B1"	27	"B2"	25	0.666231222012957	0	0	0	1.10204685192987	0	437.5	0.389025380851346	0.00370523015860903	52	"B2"	0.00658952684037501
"s_Enterococcus_B_hirae_sv_271"	"enterotype"	"Abundance"	"B1"	27	"B2"	25	0.209846414216662	0	0	0	0.512113372764325	0	437.5	0.275424054521646	0.00370523015860903	52	"B2"	0.00658952684037501
"s_Schaedlerella_glycyrrhizinilytica_A_sv_304"	"enterotype"	"Abundance"	"B1"	27	"B2"	25	0.743963520039317	0	0	0	1.77699843324953	0	437.5	0.280927969228447	0.00370523015860903	52	"B2"	0.00658952684037501
"s_Mediterraneibacter_torques_sv_316"	"enterotype"	"Abundance"	"B1"	27	"B2"	25	0.18091900759098	0	0	0	0.304458911567122	0	437.5	0.383393265653849	0.00370523015860903	52	"B2"	0.00658952684037501
"s_Phocaeicola_massiliensis_sv_319"	"enterotype"	"Abundance"	"B1"	27	"B2"	25	0.5370311380506	0	0	0	0.96545523663857	0	437.5	0.362261165110841	0.00370523015860903	52	"B2"	0.00658952684037501
"s_Allocoprobacillus_merdigallinarum_sv_341"	"enterotype"	"Abundance"	"B1"	27	"B2"	25	0.386234789190972	0	0	0	0.687759870348564	0	437.5	0.365266189698222	0.00370523015860903	52	"B2"	0.00658952684037501
"s_Enterocloster_bolteae_sv_479"	"enterotype"	"Abundance"	"B1"	27	"B2"	25	0.205054973131601	0	0	0	0.386636067328146	0	437.5	0.347520471718053	0.00370523015860903	52	"B2"	0.00658952684037501
"s_Cryptobacteroides_sp000431015_sv_487"	"enterotype"	"Abundance"	"B1"	27	"B2"	25	0.23276020021542	0	0	0	0.455879416169668	0	437.5	0.336076099861533	0.00370523015860903	52	"B2"	0.00658952684037501
"s_Phocaeicola_vulgatus_sv_578"	"enterotype"	"Abundance"	"B1"	27	"B2"	25	0.426505871506504	0	0	0	0.736619451180571	0	437.5	0.374993364692001	0.00370523015860903	52	"B2"	0.00658952684037501
"s_Cryptobacteroides_sp000431015_sv_593"	"enterotype"	"Abundance"	"B1"	27	"B2"	25	0.0979307938731046	0	0	0	0.176126640810465	0	437.5	0.362136109586148	0.00370523015860903	52	"B2"	0.00658952684037501
"s_Enterocloster_bolteae_sv_650"	"enterotype"	"Abundance"	"B1"	27	"B2"	25	0.203078658422793	0	0	0	0.381416808894193	0	437.5	0.348712315147975	0.00370523015860903	52	"B2"	0.00658952684037501
"s_Holdemanella_porci_sv_659"	"enterotype"	"Abundance"	"B1"	27	"B2"	25	0.171960279731342	0	0	0	0.332389938579352	0	437.5	0.340010656172482	0.00370523015860903	52	"B2"	0.00658952684037501
"s_Lawsonibacter_asaccharolyticus_sv_698"	"enterotype"	"Abundance"	"B1"	27	"B2"	25	0.254471200027439	0	0	0	0.599299476963895	0	437.5	0.284593770602128	0.00370523015860903	52	"B2"	0.00658952684037501
"s_Clostridium_AQ_innocuum_sv_194"	"enterotype"	"Abundance"	"B1"	27	"B2"	25	0	0.0685847548426152	0	0	0	0.131699023241452	243	0.354202313124888	0.00371115683402716	52	"B2"	0.00658952684037501
"s_Clostridium_AQ_innocuum_sv_205"	"enterotype"	"Abundance"	"B1"	27	"B2"	25	0	0.0887568806608206	0	0	0	0.16631742597639	243	0.361811950338257	0.00371115683402716	52	"B2"	0.00658952684037501
"s_Coprobacillus_cateniformis_sv_234"	"enterotype"	"Abundance"	"B1"	27	"B2"	25	0	0.254218509927923	0	0	0	0.744247045986263	243	0.241284717377948	0.00371115683402716	52	"B2"	0.00658952684037501
"s_Blautia_A_wexlerae_sv_255"	"enterotype"	"Abundance"	"B1"	27	"B2"	25	0	0.566576820083321	0	0	0	0.964469896788861	243	0.39276854533699	0.00371115683402716	52	"B2"	0.00658952684037501
"s_Dorea_D_sp000433535_sv_366"	"enterotype"	"Abundance"	"B1"	27	"B2"	25	0	0.955319784134956	0	0	0	1.79304291387883	243	0.361302398721907	0.00371115683402716	52	"B2"	0.00658952684037501
"s_Enterocloster_aldenensis_sv_396"	"enterotype"	"Abundance"	"B1"	27	"B2"	25	0	0.43786504784691	0	0	0	1.13107061440334	243	0.271177892713737	0.00371115683402716	52	"B2"	0.00658952684037501
"s_Enterocloster_pacaense_sv_433"	"enterotype"	"Abundance"	"B1"	27	"B2"	25	0	0.0445866539726198	0	0	0	0.0792887916864275	243	0.378474704369348	0.00371115683402716	52	"B2"	0.00658952684037501
"s_Enterocloster_clostridioformis_sv_573"	"enterotype"	"Abundance"	"B1"	27	"B2"	25	0	0.321357715832654	0	0	0	0.723742360268982	243	0.307418926636904	0.00371115683402716	52	"B2"	0.00658952684037501
"s_Lactonifactor_sp009677585_sv_763"	"enterotype"	"Abundance"	"B1"	27	"B2"	25	0	0.0632195299077639	0	0	0	0.125393629794006	243	0.34429588998709	0.00371115683402716	52	"B2"	0.00658952684037501
"s_Intestinibacter_bartlettii_sv_770"	"enterotype"	"Abundance"	"B1"	27	"B2"	25	0	0.235618163894966	0	0	0	0.465601913384697	243	0.345425054353752	0.00371115683402716	52	"B2"	0.00658952684037501
"s_Anaerotruncus_colihominis_sv_894"	"enterotype"	"Abundance"	"B1"	27	"B2"	25	0	0.0770827177975514	0	0	0	0.168631641102398	243	0.315570219427311	0.00371115683402716	52	"B2"	0.00658952684037501
"s_Hungatella_effluvii_sv_942"	"enterotype"	"Abundance"	"B1"	27	"B2"	25	0	0.109136014890624	0	0	0	0.201767855634728	243	0.366053439835754	0.00371115683402716	52	"B2"	0.00658952684037501
"s_Hungatella_effluvii_sv_958"	"enterotype"	"Abundance"	"B1"	27	"B2"	25	0	0.0947409070411201	0	0	0	0.163148150411033	243	0.388958352573049	0.00371115683402716	52	"B2"	0.00658952684037501
"s_Adlercreutzia_equolifaciens_sv_970"	"enterotype"	"Abundance"	"B1"	27	"B2"	25	0	0.0771619568883319	0	0	0	0.141388783747356	243	0.368878666759011	0.00371115683402716	52	"B2"	0.00658952684037501
"s_Massiliimalia_timonensis_sv_1188"	"enterotype"	"Abundance"	"B1"	27	"B2"	25	0	0.0534420021109828	0	0	0	0.0946736343856078	243	0.379711824370635	0.00371115683402716	52	"B2"	0.00658952684037501
"s_Enterocloster_bolteae_sv_201"	"enterotype"	"Abundance"	"B1"	27	"B2"	25	0.497277253252889	0.849608338916168	0	0.385383617708801	1.41264085651403	1.41470334597342	189.5	0.124764035412601	0.0049584861850638	52	"B2"	0.00878514400179781
"s_Anaerostipes_hadrus_sv_495"	"enterotype"	"Abundance"	"B1"	27	"B2"	25	0.00708959381529503	0.603994779631142	0	0	0.0368386100793512	0.940871919563291	238	0.418445105352201	0.00595540179678856	52	"B2"	0.0105285302915026
"s_Bacteroides_uniformis_sv_130"	"enterotype"	"Abundance"	"B1"	27	"B2"	25	1.00299158750158	0	0	0	2.32975617838119	0	425	0.288214828122883	0.00723914928602561	52	"B2"	0.0124998022629468
"uc_uc_k_sv_251"	"enterotype"	"Abundance"	"B1"	27	"B2"	25	0.515700071564095	0	0	0	0.973787184052539	0	425	0.347075259617941	0.00723914928602561	52	"B2"	0.0124998022629468
"s_Allocoprobacillus_merdigallinarum_sv_253"	"enterotype"	"Abundance"	"B1"	27	"B2"	25	0.544476175707573	0	0	0	1.04783643023054	0	425	0.341328229526439	0.00723914928602561	52	"B2"	0.0124998022629468
"s_Mediterraneibacter_torques_sv_305"	"enterotype"	"Abundance"	"B1"	27	"B2"	25	0.182375857815616	0	0	0	0.380429114741957	0	425	0.317726760082541	0.00723914928602561	52	"B2"	0.0124998022629468
"s_Schaedlerella_glycyrrhizinilytica_A_sv_358"	"enterotype"	"Abundance"	"B1"	27	"B2"	25	0.599282135375826	0	0	0	1.20080691728314	0	425	0.329347581319861	0.00723914928602561	52	"B2"	0.0124998022629468
"s_Escherichia_coli_sv_374"	"enterotype"	"Abundance"	"B1"	27	"B2"	25	0.338527785648596	0	0	0	1.08083536333225	0	425	0.213992545451631	0.00723914928602561	52	"B2"	0.0124998022629468
"s_Phocaeicola_vulgatus_sv_392"	"enterotype"	"Abundance"	"B1"	27	"B2"	25	0.489862505981574	0	0	0	1.19158233960523	0	425	0.276252885034098	0.00723914928602561	52	"B2"	0.0124998022629468
"s_Schaedlerella_glycyrrhizinilytica_A_sv_400"	"enterotype"	"Abundance"	"B1"	27	"B2"	25	0.530076162289192	0	0	0	1.02544932760921	0	425	0.339764719947463	0.00723914928602561	52	"B2"	0.0124998022629468
"s_Schaedlerella_glycyrrhizinilytica_A_sv_414"	"enterotype"	"Abundance"	"B1"	27	"B2"	25	0.507637051194561	0	0	0	0.951470950148606	0	425	0.349341072631665	0.00723914928602561	52	"B2"	0.0124998022629468
"s_Enterococcus_B_hirae_sv_710"	"enterotype"	"Abundance"	"B1"	27	"B2"	25	0.314374320121068	0	0	0	0.952866909883828	0	425	0.224838395411201	0.00723914928602561	52	"B2"	0.0124998022629468
"s_Alistipes_finegoldii_sv_741"	"enterotype"	"Abundance"	"B1"	27	"B2"	25	0.234433119794685	0	0	0	0.721922400164213	0	425	0.22147961964911	0.00723914928602561	52	"B2"	0.0124998022629468
"s_Clostridium_AQ_innocuum_sv_267"	"enterotype"	"Abundance"	"B1"	27	"B2"	25	0	0.0466758960071826	0	0	0	0.0948753383274125	256.5	0.336940799642517	0.00787587097182408	52	"B2"	0.0130464122805622
"s_Allocoprobacillus_merdigallinarum_sv_379"	"enterotype"	"Abundance"	"B1"	27	"B2"	25	0	0.526902832976972	0	0	0	1.14252260709494	256.5	0.318089968888355	0.00787587097182408	52	"B2"	0.0130464122805622
"uc_uc_k_sv_471"	"enterotype"	"Abundance"	"B1"	27	"B2"	25	0	0.24867194132495	0	0	0	0.61327828836199	256.5	0.283007581118909	0.00787587097182408	52	"B2"	0.0130464122805622
"s_Blautia_A_obeum_sv_515"	"enterotype"	"Abundance"	"B1"	27	"B2"	25	0	0.149251465959994	0	0	0	0.32102670898711	256.5	0.320403134920786	0.00787587097182408	52	"B2"	0.0130464122805622
"s_Ruminococcus_E_intestinalis_sv_534"	"enterotype"	"Abundance"	"B1"	27	"B2"	25	0	0.142168422517814	0	0	0	0.369820379701069	256.5	0.269427774646228	0.00787587097182408	52	"B2"	0.0130464122805622
"s_Blautia_A_faecis_sv_624"	"enterotype"	"Abundance"	"B1"	27	"B2"	25	0	0.140052018768222	0	0	0	0.389581625182293	256.5	0.253132277233881	0.00787587097182408	52	"B2"	0.0130464122805622
"s_Anaerostipes_hadrus_sv_635"	"enterotype"	"Abundance"	"B1"	27	"B2"	25	0	0.408403645273146	0	0	0	0.82310971334068	256.5	0.339481020641126	0.00787587097182408	52	"B2"	0.0130464122805622
"s_Enterocloster_clostridioformis_sv_641"	"enterotype"	"Abundance"	"B1"	27	"B2"	25	0	0.282958081495847	0	0	0	0.672656914525984	256.5	0.292690869970694	0.00787587097182408	52	"B2"	0.0130464122805622
"uc_uc_k_sv_771"	"enterotype"	"Abundance"	"B1"	27	"B2"	25	0	0.097277724848903	0	0	0	0.204402528704051	256.5	0.327161034587042	0.00787587097182408	52	"B2"	0.0130464122805622
"uc_uc_k_sv_843"	"enterotype"	"Abundance"	"B1"	27	"B2"	25	0	0.0403042141360592	0	0	0	0.0787388161928652	256.5	0.348908017417391	0.00787587097182408	52	"B2"	0.0130464122805622
"s_Enterocloster_bolteae_sv_867"	"enterotype"	"Abundance"	"B1"	27	"B2"	25	0	0.172086158367914	0	0	0	0.402225408226829	256.5	0.29723865862894	0.00787587097182408	52	"B2"	0.0130464122805622
"s_Allobaculum_stercoricanis_sv_879"	"enterotype"	"Abundance"	"B1"	27	"B2"	25	0	0.122455468247342	0	0	0	0.290181622079998	256.5	0.293540542167458	0.00787587097182408	52	"B2"	0.0130464122805622
"s_Blautia_A_ammoniilytica_sv_900"	"enterotype"	"Abundance"	"B1"	27	"B2"	25	0	0.060473621729157	0	0	0	0.116877005996628	256.5	0.352209003106268	0.00787587097182408	52	"B2"	0.0130464122805622
"s_Butyricimonas_virosa_sv_928"	"enterotype"	"Abundance"	"B1"	27	"B2"	25	0	0.0589245457925634	0	0	0	0.118579475541081	256.5	0.339932966469959	0.00787587097182408	52	"B2"	0.0130464122805622
"s_Odoribacter_splanchnicus_sv_930"	"enterotype"	"Abundance"	"B1"	27	"B2"	25	0	0.0721228094326618	0	0	0	0.170683216665878	256.5	0.293894311615917	0.00787587097182408	52	"B2"	0.0130464122805622
"s_Butyricimonas_virosa_sv_966"	"enterotype"	"Abundance"	"B1"	27	"B2"	25	0	0.0547528835993563	0	0	0	0.113540634236682	256.5	0.331022521868102	0.00787587097182408	52	"B2"	0.0130464122805622
"s_Lentihominibacter_faecis_sv_1047"	"enterotype"	"Abundance"	"B1"	27	"B2"	25	0	0.0383107270397092	0	0	0	0.0737147589354144	256.5	0.353577446619871	0.00787587097182408	52	"B2"	0.0130464122805622
"s_Adlercreutzia_rubneri_sv_1074"	"enterotype"	"Abundance"	"B1"	27	"B2"	25	0	0.0616886747165404	0	0	0	0.130497144033385	256.5	0.325204033819679	0.00787587097182408	52	"B2"	0.0130464122805622
"s_Intestinimonas_timonensis_sv_1105"	"enterotype"	"Abundance"	"B1"	27	"B2"	25	0	0.0751604038804762	0	0	0	0.207726045897973	256.5	0.254665581176022	0.00787587097182408	52	"B2"	0.0130464122805622
"s_Prevotella_sp900313215_sv_1113"	"enterotype"	"Abundance"	"B1"	27	"B2"	25	0	0.0401490320462554	0	0	0	0.081787179401357	256.5	0.336289896347523	0.00787587097182408	52	"B2"	0.0130464122805622
"s_Megamonas_funiformis_sv_185"	"enterotype"	"Abundance"	"B1"	27	"B2"	25	2.76585120254336	0	0	0	8.73468599244712	0	412.5	0.216232730277377	0.0139215074440771	52	"B2"	0.0226467636066324
"s_Allocoprobacillus_merdigallinarum_sv_320"	"enterotype"	"Abundance"	"B1"	27	"B2"	25	0.388251128388629	0	0	0	0.758033013181539	0	412.5	0.337012308197929	0.0139215074440771	52	"B2"	0.0226467636066324
"s_Mediterraneibacter_torques_sv_348"	"enterotype"	"Abundance"	"B1"	27	"B2"	25	0.142892156907951	0	0	0	0.325435154574496	0	412.5	0.293450907680474	0.0139215074440771	52	"B2"	0.0226467636066324
"s_Schaedlerella_glycyrrhizinilytica_A_sv_415"	"enterotype"	"Abundance"	"B1"	27	"B2"	25	0.456905259173033	0	0	0	1.0333529512728	0	412.5	0.295325500333536	0.0139215074440771	52	"B2"	0.0226467636066324
"s_Megamonas_funiformis_sv_544"	"enterotype"	"Abundance"	"B1"	27	"B2"	25	0.529330457531219	0	0	0	1.71571522779498	0	412.5	0.210934275408516	0.0139215074440771	52	"B2"	0.0226467636066324
"s_Ruminococcus_C_sp000433635_sv_691"	"enterotype"	"Abundance"	"B1"	27	"B2"	25	0.187493177254083	0	0	0	0.559303138910012	0	412.5	0.22826092243838	0.0139215074440771	52	"B2"	0.0226467636066324
"s_Alistipes_finegoldii_sv_706"	"enterotype"	"Abundance"	"B1"	27	"B2"	25	0.271501303006358	0	0	0	0.891375732675006	0	412.5	0.208365700899134	0.0139215074440771	52	"B2"	0.0226467636066324
"uc_uc_k_sv_772"	"enterotype"	"Abundance"	"B1"	27	"B2"	25	0.0884170052912794	0	0	0	0.186223761061277	0	412.5	0.314984189693921	0.0139215074440771	52	"B2"	0.0226467636066324
"s_Akkermansia_muciniphila_sv_905"	"enterotype"	"Abundance"	"B1"	27	"B2"	25	0.0821585147298332	0	0	0	0.166204449557176	0	412.5	0.326558627360813	0.0139215074440771	52	"B2"	0.0226467636066324
"s_Bacteroides_uniformis_sv_58"	"enterotype"	"Abundance"	"B1"	27	"B2"	25	0	2.08504089993934	0	0	0	4.97975586089389	270	0.291449340291079	0.0164487977915996	52	"B2"	0.0241981411555121
"s_Bacteroides_uniformis_sv_61"	"enterotype"	"Abundance"	"B1"	27	"B2"	25	0	2.03028669778325	0	0	0	5.06483606816805	270	0.28004192747578	0.0164487977915996	52	"B2"	0.0241981411555121
"s_Bacteroides_intestinigallinarum_sv_72"	"enterotype"	"Abundance"	"B1"	27	"B2"	25	0	0.646874950645688	0	0	0	1.9459480664442	270	0.235186146241434	0.0164487977915996	52	"B2"	0.0241981411555121
"s_Bacteroides_intestinigallinarum_sv_83"	"enterotype"	"Abundance"	"B1"	27	"B2"	25	0	0.57654768669511	0	0	0	1.74001288859666	270	0.234468490044924	0.0164487977915996	52	"B2"	0.0241981411555121
"s_Faecalibacterium_prausnitzii_D_sv_104"	"enterotype"	"Abundance"	"B1"	27	"B2"	25	0	4.96249847487351	0	0	0	13.8183939781287	270	0.252888266887804	0.0164487977915996	52	"B2"	0.0241981411555121
"s_Fusicatenibacter_saccharivorans_sv_204"	"enterotype"	"Abundance"	"B1"	27	"B2"	25	0	2.03390071439764	0	0	0	4.23296738676455	270	0.329960253628975	0.0164487977915996	52	"B2"	0.0241981411555121
"s_Fusicatenibacter_saccharivorans_sv_279"	"enterotype"	"Abundance"	"B1"	27	"B2"	25	0	1.42636731611349	0	0	0	2.9625628961914	270	0.330554331603801	0.0164487977915996	52	"B2"	0.0241981411555121
"s_Fusicatenibacter_saccharivorans_sv_353"	"enterotype"	"Abundance"	"B1"	27	"B2"	25	0	0.970452541977957	0	0	0	1.99673019970025	270	0.333329959041639	0.0164487977915996	52	"B2"	0.0241981411555121
"s_Fusicatenibacter_saccharivorans_sv_369"	"enterotype"	"Abundance"	"B1"	27	"B2"	25	0	0.929725800785522	0	0	0	1.93089344201519	270	0.330576499781633	0.0164487977915996	52	"B2"	0.0241981411555121
"s_Blautia_A_fusiformis_sv_378"	"enterotype"	"Abundance"	"B1"	27	"B2"	25	0	1.11828571734015	0	0	0	2.46722376663165	270	0.313178899899113	0.0164487977915996	52	"B2"	0.0241981411555121
"s_Enterocloster_pacaense_sv_407"	"enterotype"	"Abundance"	"B1"	27	"B2"	25	0	0.0647086221667234	0	0	0	0.17502530263715	270	0.259837389243855	0.0164487977915996	52	"B2"	0.0241981411555121
"s_Blautia_A_faecis_sv_420"	"enterotype"	"Abundance"	"B1"	27	"B2"	25	0	0.230602883938324	0	0	0	0.707299269644967	270	0.230914315799209	0.0164487977915996	52	"B2"	0.0241981411555121
"s_Blautia_A_obeum_sv_489"	"enterotype"	"Abundance"	"B1"	27	"B2"	25	0	0.124066439726551	0	0	0	0.318200946846429	270	0.272974715791161	0.0164487977915996	52	"B2"	0.0241981411555121
"s_Ruminococcus_E_intestinalis_sv_498"	"enterotype"	"Abundance"	"B1"	27	"B2"	25	0	0.120616754197405	0	0	0	0.308743769550774	270	0.273472591919562	0.0164487977915996	52	"B2"	0.0241981411555121
"s_Ruminococcus_E_intestinalis_sv_501"	"enterotype"	"Abundance"	"B1"	27	"B2"	25	0	0.14492889216102	0	0	0	0.312798564111671	270	0.319421931672762	0.0164487977915996	52	"B2"	0.0241981411555121
"s_Blautia_A_obeum_sv_527"	"enterotype"	"Abundance"	"B1"	27	"B2"	25	0	0.119159023486444	0	0	0	0.265014745900359	270	0.310921955995204	0.0164487977915996	52	"B2"	0.0241981411555121
"s_Blautia_A_faecis_sv_543"	"enterotype"	"Abundance"	"B1"	27	"B2"	25	0	0.192681179815745	0	0	0	0.683920551281359	270	0.200925086295824	0.0164487977915996	52	"B2"	0.0241981411555121
"s_Anaerobutyricum_hallii_sv_550"	"enterotype"	"Abundance"	"B1"	27	"B2"	25	0	0.209232947585886	0	0	0	0.45763336289618	270	0.315631880801702	0.0164487977915996	52	"B2"	0.0241981411555121
"s_Blautia_A_faecis_sv_571"	"enterotype"	"Abundance"	"B1"	27	"B2"	25	0	0.143623099301572	0	0	0	0.539385936823699	270	0.190318627474766	0.0164487977915996	52	"B2"	0.0241981411555121
"s_Blautia_A_obeum_sv_575"	"enterotype"	"Abundance"	"B1"	27	"B2"	25	0	0.104107562481452	0	0	0	0.284407163507515	270	0.257440395358815	0.0164487977915996	52	"B2"	0.0241981411555121
"s_Blautia_A_fusiformis_sv_580"	"enterotype"	"Abundance"	"B1"	27	"B2"	25	0	0.501565105077774	0	0	0	1.09174518825198	270	0.317001201158136	0.0164487977915996	52	"B2"	0.0241981411555121
"s_Anaerobutyricum_hallii_sv_585"	"enterotype"	"Abundance"	"B1"	27	"B2"	25	0	0.143221993755738	0	0	0	0.314684298703482	270	0.314342558337681	0.0164487977915996	52	"B2"	0.0241981411555121
"s_Blautia_A_fusiformis_sv_603"	"enterotype"	"Abundance"	"B1"	27	"B2"	25	0	0.443885167156604	0	0	0	0.992037294905862	270	0.309559841162424	0.0164487977915996	52	"B2"	0.0241981411555121
"s_Anaerobutyricum_hallii_sv_605"	"enterotype"	"Abundance"	"B1"	27	"B2"	25	0	0.164443934751064	0	0	0	0.35191165357466	270	0.321863322482628	0.0164487977915996	52	"B2"	0.0241981411555121
"s_Ruminococcus_E_intestinalis_sv_607"	"enterotype"	"Abundance"	"B1"	27	"B2"	25	0	0.102603540466951	0	0	0	0.224345600292449	270	0.315718336887554	0.0164487977915996	52	"B2"	0.0241981411555121
"s_Blautia_A_faecis_sv_623"	"enterotype"	"Abundance"	"B1"	27	"B2"	25	0	0.100442081184306	0	0	0	0.394816394688053	270	0.18212824716674	0.0164487977915996	52	"B2"	0.0241981411555121
"s_Anaerobutyricum_hallii_sv_636"	"enterotype"	"Abundance"	"B1"	27	"B2"	25	0	0.123879598500671	0	0	0	0.286395187809762	270	0.300213381583086	0.0164487977915996	52	"B2"	0.0241981411555121
"s_Enterococcus_B_faecium_sv_647"	"enterotype"	"Abundance"	"B1"	27	"B2"	25	0	0.242622184365688	0	0	0	0.637677537776173	270	0.266862836270383	0.0164487977915996	52	"B2"	0.0241981411555121
"s_Blautia_A_fusiformis_sv_656"	"enterotype"	"Abundance"	"B1"	27	"B2"	25	0	0.399742214959465	0	0	0	0.872446416895607	270	0.316238824993693	0.0164487977915996	52	"B2"	0.0241981411555121
"s_Anaerobutyricum_hallii_sv_665"	"enterotype"	"Abundance"	"B1"	27	"B2"	25	0	0.150394981598631	0	0	0	0.317297322004869	270	0.325981365623313	0.0164487977915996	52	"B2"	0.0241981411555121
"s_Anaerobutyricum_hallii_sv_672"	"enterotype"	"Abundance"	"B1"	27	"B2"	25	0	0.10743365874159	0	0	0	0.22368641378009	270	0.329835948386569	0.0164487977915996	52	"B2"	0.0241981411555121
"s_Blautia_A_fusiformis_sv_678"	"enterotype"	"Abundance"	"B1"	27	"B2"	25	0	0.360002894031516	0	0	0	0.839918373267091	270	0.29773250933543	0.0164487977915996	52	"B2"	0.0241981411555121
"s_Enterococcus_B_faecium_sv_684"	"enterotype"	"Abundance"	"B1"	27	"B2"	25	0	0.371427556201696	0	0	0	1.23241368929345	270	0.214304597356197	0.0164487977915996	52	"B2"	0.0241981411555121
"s_Blautia_A_fusiformis_sv_686"	"enterotype"	"Abundance"	"B1"	27	"B2"	25	0	0.352934401870246	0	0	0	0.740577399574013	270	0.327561464696412	0.0164487977915996	52	"B2"	0.0241981411555121
"s_Blautia_A_fusiformis_sv_692"	"enterotype"	"Abundance"	"B1"	27	"B2"	25	0	0.34199362492072	0	0	0	0.722400925915941	270	0.32562865428359	0.0164487977915996	52	"B2"	0.0241981411555121
"s_Enterococcus_faecalis_sv_704"	"enterotype"	"Abundance"	"B1"	27	"B2"	25	0	0.18802516880403	0	0	0	0.490017797830128	270	0.268963845988818	0.0164487977915996	52	"B2"	0.0241981411555121
"s_Anaerobutyricum_hallii_sv_711"	"enterotype"	"Abundance"	"B1"	27	"B2"	25	0	0.106314512353897	0	0	0	0.234318315763348	270	0.313465912198461	0.0164487977915996	52	"B2"	0.0241981411555121
"s_Bifidobacterium_globosum_sv_738"	"enterotype"	"Abundance"	"B1"	27	"B2"	25	0	0.314451968052523	0	0	0	1.01196710390133	270	0.220628675092321	0.0164487977915996	52	"B2"	0.0241981411555121
"s_Anaerobutyricum_hallii_sv_754"	"enterotype"	"Abundance"	"B1"	27	"B2"	25	0	0.104299175259322	0	0	0	0.262553339448063	270	0.277719227227155	0.0164487977915996	52	"B2"	0.0241981411555121
"s_Bifidobacterium_globosum_sv_796"	"enterotype"	"Abundance"	"B1"	27	"B2"	25	0	0.238880904684367	0	0	0	0.573938243759381	270	0.289865107099583	0.0164487977915996	52	"B2"	0.0241981411555121
"s_Faecalimonas_phoceensis_sv_910"	"enterotype"	"Abundance"	"B1"	27	"B2"	25	0	0.135498411459585	0	0	0	0.281923499107516	270	0.330040028311671	0.0164487977915996	52	"B2"	0.0241981411555121
"s_Blautia_A_caecimuris_sv_947"	"enterotype"	"Abundance"	"B1"	27	"B2"	25	0	0.124699707632536	0	0	0	0.408599848948563	270	0.21688167020369	0.0164487977915996	52	"B2"	0.0241981411555121
"s_Blautia_A_ammoniilytica_sv_951"	"enterotype"	"Abundance"	"B1"	27	"B2"	25	0	0.0349230213274899	0	0	0	0.0789942937077875	270	0.306212719914201	0.0164487977915996	52	"B2"	0.0241981411555121
"s_Enterocloster_citroniae_sv_954"	"enterotype"	"Abundance"	"B1"	27	"B2"	25	0	0.0776333064165199	0	0	0	0.20241428171048	270	0.268850744977907	0.0164487977915996	52	"B2"	0.0241981411555121
"s_Blautia_A_faecis_sv_965"	"enterotype"	"Abundance"	"B1"	27	"B2"	25	0	0.0851689179917532	0	0	0	0.186063678689051	270	0.315963145046635	0.0164487977915996	52	"B2"	0.0241981411555121
"s_Blautia_A_faecis_sv_1018"	"enterotype"	"Abundance"	"B1"	27	"B2"	25	0	0.0756615104958124	0	0	0	0.182616965670964	270	0.288657387331912	0.0164487977915996	52	"B2"	0.0241981411555121
"s_Diplocloster_modestus_sv_1067"	"enterotype"	"Abundance"	"B1"	27	"B2"	25	0	0.0300794830477476	0	0	0	0.0626828330104199	270	0.329580105159724	0.0164487977915996	52	"B2"	0.0241981411555121
"uc_uc_k_sv_1080"	"enterotype"	"Abundance"	"B1"	27	"B2"	25	0	0.03289847315975	0	0	0	0.0733632820574986	270	0.310174106813922	0.0164487977915996	52	"B2"	0.0241981411555121
"uc_uc_k_sv_1214"	"enterotype"	"Abundance"	"B1"	27	"B2"	25	0	0.0419520420023821	0	0	0	0.0905342087892745	270	0.319454995852641	0.0164487977915996	52	"B2"	0.0241981411555121
"s_Enterocloster_sp005845215_sv_1215"	"enterotype"	"Abundance"	"B1"	27	"B2"	25	0	0.0388112776273182	0	0	0	0.0963096899193091	270	0.281406777091914	0.0164487977915996	52	"B2"	0.0241981411555121
"s_Acutalibacter_stercoravium_sv_1263"	"enterotype"	"Abundance"	"B1"	27	"B2"	25	0	0.0382330788675684	0	0	0	0.0881658267869478	270	0.3009076232709	0.0164487977915996	52	"B2"	0.0241981411555121
"s_Odoribacter_splanchnicus_sv_1265"	"enterotype"	"Abundance"	"B1"	27	"B2"	25	0	0.0347840363108399	0	0	0	0.0783147758590107	270	0.30750306688853	0.0164487977915996	52	"B2"	0.0241981411555121
"uc_uc_k_sv_1274"	"enterotype"	"Abundance"	"B1"	27	"B2"	25	0	0.0245681339535828	0	0	0	0.0536261040539207	270	0.316209186374311	0.0164487977915996	52	"B2"	0.0241981411555121
"s_Bacteroides_eggerthii_sv_86"	"enterotype"	"Abundance"	"B1"	27	"B2"	25	5.24673982421434	0	0	0	11.6596090409103	0	400	0.300081838969471	0.0264332229028528	52	"B2"	0.0382647898149645
"s_Blautia_A_sp028767025_sv_248"	"enterotype"	"Abundance"	"B1"	27	"B2"	25	1.91458186862684	0	0	0	5.04989017729296	0	400	0.256264963322547	0.0264332229028528	52	"B2"	0.0382647898149645
"s_Schaedlerella_glycyrrhizinilytica_A_sv_522"	"enterotype"	"Abundance"	"B1"	27	"B2"	25	0.27122387911756	0	0	0	0.605116061033488	0	400	0.299006364132282	0.0264332229028528	52	"B2"	0.0382647898149645
"s_Enterocloster_aldenensis_sv_602"	"enterotype"	"Abundance"	"B1"	27	"B2"	25	0.27983450865515	0	0	0	0.812329947174654	0	400	0.234216338814	0.0264332229028528	52	"B2"	0.0382647898149645
"s_Megamonas_funiformis_sv_604"	"enterotype"	"Abundance"	"B1"	27	"B2"	25	0.429548387165217	0	0	0	1.43471713015181	0	400	0.204967982510475	0.0264332229028528	52	"B2"	0.0382647898149645
"s_Holdemanella_porci_sv_649"	"enterotype"	"Abundance"	"B1"	27	"B2"	25	0.0924503752723435	0	0	0	0.218264596526673	0	400	0.283951483594619	0.0264332229028528	52	"B2"	0.0382647898149645
"s_Dysosmobacter_faecalis_sv_734"	"enterotype"	"Abundance"	"B1"	27	"B2"	25	0.0822294223674478	0	0	0	0.192074413731703	0	400	0.286742397187788	0.0264332229028528	52	"B2"	0.0382647898149645
"s_Victivallis_lenta_sv_1098"	"enterotype"	"Abundance"	"B1"	27	"B2"	25	0.0535523411228776	0	0	0	0.119102927641093	0	400	0.29986257345693	0.0264332229028528	52	"B2"	0.0382647898149645
"s_Massilioclostridium_facile_sv_1195"	"enterotype"	"Abundance"	"B1"	27	"B2"	25	0.0434762619953585	0	0	0	0.100017051000331	0	400	0.29076994223759	0.0264332229028528	52	"B2"	0.0382647898149645
"s_Anaerotruncus_colihominis_sv_613"	"enterotype"	"Abundance"	"B1"	27	"B2"	25	0.0461248635083537	0.178093162604362	0	0	0.114817799409446	0.254513436414287	239	0.323131419528206	0.0281269904958916	52	"B2"	0.0406444986775739
"s_Eubacterium_F_sp003491505_sv_173"	"enterotype"	"Abundance"	"B1"	27	"B2"	25	0.00634128196642978	0.807926619820853	0	0	0.03295026765293	2.16714346031996	266	0.259918968010069	0.0283991895717996	52	"B2"	0.0408928259735276
"s_Allocoprobacillus_merdigallinarum_sv_449"	"enterotype"	"Abundance"	"B1"	27	"B2"	25	0.00333877553745939	0.385798210516023	0	0	0.0173487865978433	0.850877626418789	266	0.310769426159444	0.0283991895717996	52	"B2"	0.0408928259735276
"s_Bacteroides_sp019412865_sv_70"	"enterotype"	"Abundance"	"B1"	27	"B2"	25	0	0.630414378393236	0	0	0	1.76766278163282	283.5	0.251251090624746	0.0339665617278992	52	"B2"	0.04590837115794
"uc_uc_k_sv_214"	"enterotype"	"Abundance"	"B1"	27	"B2"	25	0	1.5107393180222	0	0	0	4.54567257849309	283.5	0.235136223206378	0.0339665617278992	52	"B2"	0.04590837115794
"s_Faecalibacterium_longum_sv_224"	"enterotype"	"Abundance"	"B1"	27	"B2"	25	0	1.26752174631961	0	0	0	3.64045412248298	283.5	0.245661656055141	0.0339665617278992	52	"B2"	0.04590837115794
"s_Prevotella_sp934191715_sv_227"	"enterotype"	"Abundance"	"B1"	27	"B2"	25	0	1.31997056466641	0	0	0	3.74897661930098	283.5	0.24824890743242	0.0339665617278992	52	"B2"	0.04590837115794
"s_Faecalibacterium_prausnitzii_D_sv_242"	"enterotype"	"Abundance"	"B1"	27	"B2"	25	0	1.58309231234521	0	0	0	4.4388195973233	283.5	0.251257614938497	0.0339665617278992	52	"B2"	0.04590837115794
"s_Faecalibacterium_prausnitzii_D_sv_264"	"enterotype"	"Abundance"	"B1"	27	"B2"	25	0	1.63021606867873	0	0	0	4.57369002673709	283.5	0.251116746199176	0.0339665617278992	52	"B2"	0.04590837115794
"uc_uc_k_sv_324"	"enterotype"	"Abundance"	"B1"	27	"B2"	25	0	1.36425294146149	0	0	0	3.75230712065685	283.5	0.255816903666299	0.0339665617278992	52	"B2"	0.04590837115794
"s_Faecalibacterium_longum_sv_326"	"enterotype"	"Abundance"	"B1"	27	"B2"	25	0	0.568316330279852	0	0	0	1.47178241586028	283.5	0.27054083900618	0.0339665617278992	52	"B2"	0.04590837115794
"s_Enterocloster_pacaense_sv_406"	"enterotype"	"Abundance"	"B1"	27	"B2"	25	0	0.0477456728214854	0	0	0	0.155230317722264	283.5	0.218498911159959	0.0339665617278992	52	"B2"	0.04590837115794
"s_Enterocloster_pacaense_sv_467"	"enterotype"	"Abundance"	"B1"	27	"B2"	25	0	0.0416918847174896	0	0	0	0.110581355307527	283.5	0.264614377177736	0.0339665617278992	52	"B2"	0.04590837115794
"s_Blautia_A_obeum_sv_490"	"enterotype"	"Abundance"	"B1"	27	"B2"	25	0	0.146027810552143	0	0	0	0.398663853712833	283.5	0.257599049312073	0.0339665617278992	52	"B2"	0.04590837115794
"s_Ruminococcus_C_callidus_sv_491"	"enterotype"	"Abundance"	"B1"	27	"B2"	25	0	0.249618906821423	0	0	0	0.939017118009627	283.5	0.1900146839166	0.0339665617278992	52	"B2"	0.04590837115794
"uc_g_Dorea_A_sv_503"	"enterotype"	"Abundance"	"B1"	27	"B2"	25	0	0.369179382132404	0	0	0	1.22253816503469	283.5	0.214708218324995	0.0339665617278992	52	"B2"	0.04590837115794
"s_Blautia_A_obeum_sv_504"	"enterotype"	"Abundance"	"B1"	27	"B2"	25	0	0.136216841282687	0	0	0	0.407394357675858	283.5	0.236480404169748	0.0339665617278992	52	"B2"	0.04590837115794
"uc_uc_k_sv_560"	"enterotype"	"Abundance"	"B1"	27	"B2"	25	0	0.0448962558360892	0	0	0	0.106786896668737	283.5	0.292545535973272	0.0339665617278992	52	"B2"	0.04590837115794
"s_Dorea_A_longicatena_sv_590"	"enterotype"	"Abundance"	"B1"	27	"B2"	25	0	0.29498350764828	0	0	0	0.959886785718074	283.5	0.218317222921112	0.0339665617278992	52	"B2"	0.04590837115794
"s_Blautia_A_faecis_sv_639"	"enterotype"	"Abundance"	"B1"	27	"B2"	25	0	0.139352006646493	0	0	0	0.506369113475923	283.5	0.196452061196633	0.0339665617278992	52	"B2"	0.04590837115794
"s_Blautia_A_faecis_sv_679"	"enterotype"	"Abundance"	"B1"	27	"B2"	25	0	0.126534378970859	0	0	0	0.422424306961416	283.5	0.213057712341596	0.0339665617278992	52	"B2"	0.04590837115794
"s_Prevotella_rara_sv_774"	"enterotype"	"Abundance"	"B1"	27	"B2"	25	0	0.213141183622281	0	0	0	0.710212361729654	283.5	0.213441453479557	0.0339665617278992	52	"B2"	0.04590837115794
"s_Enterococcus_faecalis_sv_778"	"enterotype"	"Abundance"	"B1"	27	"B2"	25	0	0.184017247491232	0	0	0	0.504660546971322	283.5	0.256511838091142	0.0339665617278992	52	"B2"	0.04590837115794
"uc_uc_k_sv_832"	"enterotype"	"Abundance"	"B1"	27	"B2"	25	0	0.0348757531888946	0	0	0	0.0941866354151042	283.5	0.260212554143137	0.0339665617278992	52	"B2"	0.04590837115794
"s_Hominimerdicola_aceti_sv_896"	"enterotype"	"Abundance"	"B1"	27	"B2"	25	0	0.0861939872913237	0	0	0	0.257792090019883	283.5	0.236476085151089	0.0339665617278992	52	"B2"	0.04590837115794
"s_Intestinibacter_bartlettii_sv_977"	"enterotype"	"Abundance"	"B1"	27	"B2"	25	0	0.0728367399787573	0	0	0	0.187552190104064	283.5	0.271974677741569	0.0339665617278992	52	"B2"	0.04590837115794
"s_Alistipes_onderdonkii_sv_981"	"enterotype"	"Abundance"	"B1"	27	"B2"	25	0	0.08225762002714	0	0	0	0.208074123095965	283.5	0.276481137808431	0.0339665617278992	52	"B2"	0.04590837115794
"s_Blautia_A_faecis_sv_1010"	"enterotype"	"Abundance"	"B1"	27	"B2"	25	0	0.0687381413050735	0	0	0	0.175785153860172	283.5	0.273708928898851	0.0339665617278992	52	"B2"	0.04590837115794
"s_Blautia_A_caecimuris_sv_1031"	"enterotype"	"Abundance"	"B1"	27	"B2"	25	0	0.0869061536260655	0	0	0	0.261269566409759	283.5	0.235325488004734	0.0339665617278992	52	"B2"	0.04590837115794
"uc_uc_k_sv_1046"	"enterotype"	"Abundance"	"B1"	27	"B2"	25	0	0.0306180813203715	0	0	0	0.0722844716416157	283.5	0.294543571502841	0.0339665617278992	52	"B2"	0.04590837115794
"uc_uc_k_sv_1082"	"enterotype"	"Abundance"	"B1"	27	"B2"	25	0	0.0422896640841176	0	0	0	0.103472542236181	283.5	0.285072300972836	0.0339665617278992	52	"B2"	0.04590837115794
"s_Blautia_A_faecis_sv_1124"	"enterotype"	"Abundance"	"B1"	27	"B2"	25	0	0.0531317118716065	0	0	0	0.128802583098251	283.5	0.287500889618966	0.0339665617278992	52	"B2"	0.04590837115794
"s_Butyribacter_sp003529475_sv_1128"	"enterotype"	"Abundance"	"B1"	27	"B2"	25	0	0.0513340061566354	0	0	0	0.134830053859796	283.5	0.267027602390771	0.0339665617278992	52	"B2"	0.04590837115794
"s_Blautia_A_faecis_sv_1139"	"enterotype"	"Abundance"	"B1"	27	"B2"	25	0	0.0601788417097575	0	0	0	0.14122416604107	283.5	0.296155621423641	0.0339665617278992	52	"B2"	0.04590837115794
"s_Odoribacter_splanchnicus_sv_1160"	"enterotype"	"Abundance"	"B1"	27	"B2"	25	0	0.046980209242183	0	0	0	0.12684666756052	283.5	0.260269215934392	0.0339665617278992	52	"B2"	0.04590837115794
"s_Pseudoflavonifractor_A_gallinarum_sv_1162"	"enterotype"	"Abundance"	"B1"	27	"B2"	25	0	0.0593277886915309	0	0	0	0.156037086804066	283.5	0.266692460205147	0.0339665617278992	52	"B2"	0.04590837115794
"s_Blautia_A_faecis_sv_1172"	"enterotype"	"Abundance"	"B1"	27	"B2"	25	0	0.0447839920741367	0	0	0	0.114107871240509	283.5	0.27463670921142	0.0339665617278992	52	"B2"	0.04590837115794
"s_Faecalimonas_phoceensis_sv_1173"	"enterotype"	"Abundance"	"B1"	27	"B2"	25	0	0.0453194661140557	0	0	0	0.143920984589833	283.5	0.223431571686401	0.0339665617278992	52	"B2"	0.04590837115794
"s_Intestinimonas_timonensis_sv_1239"	"enterotype"	"Abundance"	"B1"	27	"B2"	25	0	0.0433524738947905	0	0	0	0.102846674962351	283.5	0.293241868754415	0.0339665617278992	52	"B2"	0.04590837115794
"s_Lachnospira_sp000436535_sv_1339"	"enterotype"	"Abundance"	"B1"	27	"B2"	25	0	0.0227752274360152	0	0	0	0.0541456197295855	283.5	0.292672973095953	0.0339665617278992	52	"B2"	0.04590837115794
"s_Phocaeicola_vulgatus_sv_338"	"enterotype"	"Abundance"	"B1"	27	"B2"	25	0.452115120080804	0.801931141306725	0	0.529862456999648	0.765438655047341	0.880318041069394	228	0.209722032131047	0.0342381001376712	52	"B2"	0.0461987609473543
"s_Allocoprobacillus_merdigallinarum_sv_216"	"enterotype"	"Abundance"	"B1"	27	"B2"	25	0.0905355775893108	0.890270146123619	0	0	0.328809431928084	1.86146311057936	263	0.293888723166266	0.0398090183450241	52	"B2"	0.0536270247127184
"s_Allocoprobacillus_merdigallinarum_sv_301"	"enterotype"	"Abundance"	"B1"	27	"B2"	25	0.0812534323475009	0.565449647992281	0	0	0.301632648335908	1.17480794328295	264	0.278316291881262	0.0425658556004769	52	"B2"	0.0572461589346348
"s_Escherichia_coli_sv_291"	"enterotype"	"Abundance"	"B1"	27	"B2"	25	0.142053588028336	0	0	0	0.56917310013981	0	387.5	0.171990583687926	0.0497707826164134	52	"B2"	0.0658493308967157
"uc_uc_k_sv_370"	"enterotype"	"Abundance"	"B1"	27	"B2"	25	0.356706753609452	0	0	0	0.953738144011657	0	387.5	0.253028906289185	0.0497707826164134	52	"B2"	0.0658493308967157
"uc_uc_k_sv_398"	"enterotype"	"Abundance"	"B1"	27	"B2"	25	0.432643290078191	0	0	0	1.11634941184278	0	387.5	0.26156230094363	0.0497707826164134	52	"B2"	0.0658493308967157
"s_Lawsonibacter_sp000177015_sv_600"	"enterotype"	"Abundance"	"B1"	27	"B2"	25	0.0563035786619641	0	0	0	0.142963630067026	0	387.5	0.265498130410977	0.0497707826164134	52	"B2"	0.0658493308967157
"s_Blautia_A_wexlerae_sv_814"	"enterotype"	"Abundance"	"B1"	27	"B2"	25	0.203820981603756	0	0	0	0.606021131544064	0	387.5	0.228970034873175	0.0497707826164134	52	"B2"	0.0658493308967157
"s_Escherichia_coli_sv_936"	"enterotype"	"Abundance"	"B1"	27	"B2"	25	0.120204672385607	0	0	0	0.3361503808818	0	387.5	0.242603046295161	0.0497707826164134	52	"B2"	0.0658493308967157
"s_Holdemania_filiformis_sv_990"	"enterotype"	"Abundance"	"B1"	27	"B2"	25	0.057601940293183	0	0	0	0.157673478715537	0	387.5	0.24752443590547	0.0497707826164134	52	"B2"	0.0658493308967157
"s_Lactonifactor_sp009677585_sv_1077"	"enterotype"	"Abundance"	"B1"	27	"B2"	25	0.0229774236592102	0	0	0	0.0573243708679775	0	387.5	0.269869655437896	0.0497707826164134	52	"B2"	0.0658493308967157
"s_Odoribacter_splanchnicus_sv_1086"	"enterotype"	"Abundance"	"B1"	27	"B2"	25	0.0473953286081694	0	0	0	0.130495979848031	0	387.5	0.246170400235177	0.0497707826164134	52	"B2"	0.0658493308967157
"s_Lactonifactor_longoviformis_sv_1246"	"enterotype"	"Abundance"	"B1"	27	"B2"	25	0.0152261187479466	0	0	0	0.0422222833904561	0	387.5	0.244531399476292	0.0497707826164134	52	"B2"	0.0658493308967157
"s_Agathobaculum_ammoniilyticum_sv_725"	"enterotype"	"Abundance"	"B1"	27	"B2"	25	0.0230842614660435	0.0749154634209991	0	0	0.0562299047734554	0.109058620057889	254	0.291491377851305	0.0573909040730114	52	"B2"	0.075808082365485
"s_Fusicatenibacter_saccharivorans_sv_342"	"enterotype"	"Abundance"	"B1"	27	"B2"	25	0.00708959381529503	1.04079229159003	0	0	0.0368386100793512	2.16537699336995	280	0.328012101525571	0.0598905376929876	52	"B2"	0.0787270777738467
"s_Anaerobutyricum_hallii_sv_548"	"enterotype"	"Abundance"	"B1"	27	"B2"	25	0.00236319793843168	0.207710050902339	0	0	0.0122795366931171	0.444872091542487	280	0.318226621692865	0.0598905376929876	52	"B2"	0.0787270777738467
"s_Dorea_A_longicatena_sv_625"	"enterotype"	"Abundance"	"B1"	27	"B2"	25	0.00302569052549345	0.249096451232779	0	0	0.0157219491544033	0.781073807341331	280	0.223486257287278	0.0598905376929876	52	"B2"	0.0787270777738467
"s_Enterococcus_B_faecium_sv_681"	"enterotype"	"Abundance"	"B1"	27	"B2"	25	0.0106261640564311	0.225954867462795	0	0	0.0552151681059027	0.618657398969426	281	0.244594572679466	0.0645173138516852	52	"B2"	0.0846724811419057
"s_Clostridium_AP_sp000509125_sv_222"	"enterotype"	"Abundance"	"B1"	27	"B2"	25	0.924459153019022	0.760659199611045	0.810965336160996	0.392699059111152	0.435244573828486	1.10482248695616	436.5	0.0994042484128262	0.0695060595417485	52	"B1"	0.0861492394370603
"s_Bacteroides_intestinigallinarum_sv_68"	"enterotype"	"Abundance"	"B1"	27	"B2"	25	0	0.639271993756446	0	0	0	1.94052819125101	297	0.233188838869963	0.0698707328440452	52	"B2"	0.0861492394370603
"s_Escherichia_coli_sv_213"	"enterotype"	"Abundance"	"B1"	27	"B2"	25	0	1.05337883623693	0	0	0	3.61338201213269	297	0.207606081136772	0.0698707328440452	52	"B2"	0.0861492394370603
"s_Escherichia_coli_sv_225"	"enterotype"	"Abundance"	"B1"	27	"B2"	25	0	1.0133752995111	0	0	0	3.67638787589487	297	0.196757753216134	0.0698707328440452	52	"B2"	0.0861492394370603
"s_Escherichia_coli_sv_281"	"enterotype"	"Abundance"	"B1"	27	"B2"	25	0	1.33923047073295	0	0	0	5.16015291761157	297	0.185673746123204	0.0698707328440452	52	"B2"	0.0861492394370603
"s_Escherichia_coli_sv_283"	"enterotype"	"Abundance"	"B1"	27	"B2"	25	0	0.781697683841403	0	0	0	2.83961762969684	297	0.196509838641543	0.0698707328440452	52	"B2"	0.0861492394370603
"s_Bifidobacterium_longum_sv_526"	"enterotype"	"Abundance"	"B1"	27	"B2"	25	0	0.0210233939896471	0	0	0	0.0618860639466691	297	0.240043687012852	0.0698707328440452	52	"B2"	0.0861492394370603
"s_Dorea_A_longicatena_sv_536"	"enterotype"	"Abundance"	"B1"	27	"B2"	25	0	0.345888396764681	0	0	0	1.11349896185385	297	0.220560249619596	0.0698707328440452	52	"B2"	0.0861492394370603
"s_Dorea_A_longicatena_sv_565"	"enterotype"	"Abundance"	"B1"	27	"B2"	25	0	0.308372412952175	0	0	0	1.05943569854527	297	0.207300174460084	0.0698707328440452	52	"B2"	0.0861492394370603
"s_Escherichia_coli_sv_566"	"enterotype"	"Abundance"	"B1"	27	"B2"	25	0	0.495412340248579	0	0	0	1.47218546994934	297	0.237916023015182	0.0698707328440452	52	"B2"	0.0861492394370603
"s_Escherichia_coli_sv_589"	"enterotype"	"Abundance"	"B1"	27	"B2"	25	0	0.447829418389343	0	0	0	1.33299038091932	297	0.237545285840223	0.0698707328440452	52	"B2"	0.0861492394370603
"s_Escherichia_coli_sv_596"	"enterotype"	"Abundance"	"B1"	27	"B2"	25	0	0.355019082702541	0	0	0	1.32758581683144	297	0.191106990908134	0.0698707328440452	52	"B2"	0.0861492394370603
"s_Escherichia_coli_sv_606"	"enterotype"	"Abundance"	"B1"	27	"B2"	25	0	0.355314740811866	0	0	0	1.37031521228985	297	0.185508811829452	0.0698707328440452	52	"B2"	0.0861492394370603
"s_Escherichia_coli_sv_628"	"enterotype"	"Abundance"	"B1"	27	"B2"	25	0	0.336145919238492	0	0	0	1.36492919359998	297	0.176496789334571	0.0698707328440452	52	"B2"	0.0861492394370603
"uc_uc_k_sv_668"	"enterotype"	"Abundance"	"B1"	27	"B2"	25	0	0.0373569711217021	0	0	0	0.139288009199892	297	0.19164523447147	0.0698707328440452	52	"B2"	0.0861492394370603
"s_Bacteroides_ovatus_sv_815"	"enterotype"	"Abundance"	"B1"	27	"B2"	25	0	0.17895457771597	0	0	0	0.601711922923964	297	0.211609213152467	0.0698707328440452	52	"B2"	0.0861492394370603
"s_Bifidobacterium_globosum_sv_854"	"enterotype"	"Abundance"	"B1"	27	"B2"	25	0	0.183604020864522	0	0	0	0.733218002818946	297	0.179363774198941	0.0698707328440452	52	"B2"	0.0861492394370603
"s_Phocaeicola_vulgatus_sv_911"	"enterotype"	"Abundance"	"B1"	27	"B2"	25	0	0.0646018767160619	0	0	0	0.188181293721774	297	0.242425620080485	0.0698707328440452	52	"B2"	0.0861492394370603
"s_Bifidobacterium_globosum_sv_919"	"enterotype"	"Abundance"	"B1"	27	"B2"	25	0	0.137435512072151	0	0	0	0.40026623233167	297	0.242468300203709	0.0698707328440452	52	"B2"	0.0861492394370603
"s_Enterocloster_asparagiformis_sv_924"	"enterotype"	"Abundance"	"B1"	27	"B2"	25	0	0.0727224161247624	0	0	0	0.21285245445818	297	0.241336766738014	0.0698707328440452	52	"B2"	0.0861492394370603
"s_Butyribacter_sp003529475_sv_939"	"enterotype"	"Abundance"	"B1"	27	"B2"	25	0	0.0568057494379907	0	0	0	0.170364551428655	297	0.235863546225108	0.0698707328440452	52	"B2"	0.0861492394370603
"s_Enterocloster_bolteae_sv_944"	"enterotype"	"Abundance"	"B1"	27	"B2"	25	0	0.0238707789383232	0	0	0	0.0661381871776976	297	0.254072645575647	0.0698707328440452	52	"B2"	0.0861492394370603
"s_Enterocloster_asparagiformis_sv_950"	"enterotype"	"Abundance"	"B1"	27	"B2"	25	0	0.0716328719207183	0	0	0	0.202284248556962	297	0.249590623123284	0.0698707328440452	52	"B2"	0.0861492394370603
"uc_uc_k_sv_984"	"enterotype"	"Abundance"	"B1"	27	"B2"	25	0	0.0341499144405163	0	0	0	0.101234726359537	297	0.238461587117778	0.0698707328440452	52	"B2"	0.0861492394370603
"uc_uc_k_sv_1015"	"enterotype"	"Abundance"	"B1"	27	"B2"	25	0	0.0237782809705615	0	0	0	0.0679387914769236	297	0.246865407188165	0.0698707328440452	52	"B2"	0.0861492394370603
"s_Blautia_A_ammoniilytica_sv_1048"	"enterotype"	"Abundance"	"B1"	27	"B2"	25	0	0.0283007794717502	0	0	0	0.0850387108634968	297	0.235438001949226	0.0698707328440452	52	"B2"	0.0861492394370603
"s_Enterocloster_asparagiformis_sv_1060"	"enterotype"	"Abundance"	"B1"	27	"B2"	25	0	0.0521211348384168	0	0	0	0.147764763527494	297	0.248673206101378	0.0698707328440452	52	"B2"	0.0861492394370603
"uc_uc_k_sv_1062"	"enterotype"	"Abundance"	"B1"	27	"B2"	25	0	0.0231387278275408	0	0	0	0.0660598314211774	297	0.247046390485744	0.0698707328440452	52	"B2"	0.0861492394370603
"s_Blautia_A_caecimuris_sv_1069"	"enterotype"	"Abundance"	"B1"	27	"B2"	25	0	0.0843645774577629	0	0	0	0.242659226408396	297	0.2453239559091	0.0698707328440452	52	"B2"	0.0861492394370603
"s_Enterocloster_asparagiformis_sv_1073"	"enterotype"	"Abundance"	"B1"	27	"B2"	25	0	0.0452710546877451	0	0	0	0.134345879821008	297	0.238221771756116	0.0698707328440452	52	"B2"	0.0861492394370603
"s_Blautia_A_caecimuris_sv_1174"	"enterotype"	"Abundance"	"B1"	27	"B2"	25	0	0.0463056427113787	0	0	0	0.130480641196326	297	0.250095646952768	0.0698707328440452	52	"B2"	0.0861492394370603
"s_Eggerthella_lenta_sv_1181"	"enterotype"	"Abundance"	"B1"	27	"B2"	25	0	0.0225480174280312	0	0	0	0.0661440841321591	297	0.240829024006399	0.0698707328440452	52	"B2"	0.0861492394370603
"s_Clostridium_AP_scindens_sv_1233"	"enterotype"	"Abundance"	"B1"	27	"B2"	25	0	0.0442692506511898	0	0	0	0.133640895019961	297	0.234407355978162	0.0698707328440452	52	"B2"	0.0861492394370603
"s_Alistipes_communis_sv_1240"	"enterotype"	"Abundance"	"B1"	27	"B2"	25	0	0.0209112880184944	0	0	0	0.0747385539601774	297	0.199599379608875	0.0698707328440452	52	"B2"	0.0861492394370603
"s_Enterocloster_citroniae_sv_1249"	"enterotype"	"Abundance"	"B1"	27	"B2"	25	0	0.0251388004804114	0	0	0	0.0695809303736785	297	0.2543132200089	0.0698707328440452	52	"B2"	0.0861492394370603
"s_Eggerthella_lenta_sv_1253"	"enterotype"	"Abundance"	"B1"	27	"B2"	25	0	0.0254100573171794	0	0	0	0.0749066539068301	297	0.239718869878202	0.0698707328440452	52	"B2"	0.0861492394370603
"uc_uc_k_sv_1267"	"enterotype"	"Abundance"	"B1"	27	"B2"	25	0	0.0149686037230906	0	0	0	0.0451476028745708	297	0.234602975408816	0.0698707328440452	52	"B2"	0.0861492394370603
"uc_uc_k_sv_1276"	"enterotype"	"Abundance"	"B1"	27	"B2"	25	0	0.0189659082077437	0	0	0	0.0726412534936892	297	0.186748115947079	0.0698707328440452	52	"B2"	0.0861492394370603
"uc_g_Lachnospira_sv_1330"	"enterotype"	"Abundance"	"B1"	27	"B2"	25	0	0.0141544280927767	0	0	0	0.0453311772282115	297	0.221648239579281	0.0698707328440452	52	"B2"	0.0861492394370603
"s_Anaerofustis_stercorihominis_A_sv_1364"	"enterotype"	"Abundance"	"B1"	27	"B2"	25	0	0.0106464552007517	0	0	0	0.0298591620048242	297	0.251197358361244	0.0698707328440452	52	"B2"	0.0861492394370603
"s_Escherichia_coli_sv_632"	"enterotype"	"Abundance"	"B1"	27	"B2"	25	0.0634095837756945	0	0	0	0.220977392333917	0	375	0.196791270679156	0.0935832236719404	52	"B2"	0.114006468299898
"s_Lawsonibacter_sp000177015_sv_660"	"enterotype"	"Abundance"	"B1"	27	"B2"	25	0.0780751729399894	0	0	0	0.248172788610718	0	375	0.214898037738308	0.0935832236719404	52	"B2"	0.114006468299898
"s_Lawsonibacter_sp000177015_sv_702"	"enterotype"	"Abundance"	"B1"	27	"B2"	25	0.0658745781358132	0	0	0	0.206406046773054	0	375	0.217856925607942	0.0935832236719404	52	"B2"	0.114006468299898
"s_Adlercreutzia_equolifaciens_sv_988"	"enterotype"	"Abundance"	"B1"	27	"B2"	25	0.0214567164847097	0	0	0	0.0646891074653035	0	375	0.225978809174796	0.0935832236719404	52	"B2"	0.114006468299898
"s_Odoribacter_splanchnicus_sv_1061"	"enterotype"	"Abundance"	"B1"	27	"B2"	25	0.0232035521433436	0	0	0	0.0797741332064044	0	375	0.199368119907469	0.0935832236719404	52	"B2"	0.114006468299898
"s_Lactonifactor_sp009677585_sv_1125"	"enterotype"	"Abundance"	"B1"	27	"B2"	25	0.0318622839464624	0	0	0	0.0993697473297377	0	375	0.218826601550656	0.0935832236719404	52	"B2"	0.114006468299898
"s_Escherichia_coli_sv_1134"	"enterotype"	"Abundance"	"B1"	27	"B2"	25	0.0575314139704012	0	0	0	0.185094124816193	0	375	0.212437059538228	0.0935832236719404	52	"B2"	0.114006468299898
"uc_uc_k_sv_1167"	"enterotype"	"Abundance"	"B1"	27	"B2"	25	0.0232232902686631	0	0	0	0.0699261884357661	0	375	0.226251121823927	0.0935832236719404	52	"B2"	0.114006468299898
"s_Ruthenibacterium_lactatiformans_sv_152"	"enterotype"	"Abundance"	"B1"	27	"B2"	25	1.76533399360577	1.13118958587095	1.4387070210116	0.925198377326733	1.62143040486734	1.21108130833338	427	0.21694754704002	0.102951887662962	52	"B1"	0.125232520067632
"s_Mediterraneibacter_torques_sv_308"	"enterotype"	"Abundance"	"B1"	27	"B2"	25	0.101392874128362	0.0131002787956005	0	0	0.298279726465382	0.0655013939780026	387	0.198555297875208	0.105767251443231	52	"B2"	0.12846543953239
"s_Escherichia_coli_sv_473"	"enterotype"	"Abundance"	"B1"	27	"B2"	25	0.150692537815329	0.0558692451576071	0	0	0.609974722855686	0.228995075456697	394	0.101785592412554	0.11978328132248	52	"B2"	0.145272878389615
"s_Faecalibacterium_longum_sv_118"	"enterotype"	"Abundance"	"B1"	27	"B2"	25	0.0118159896921584	2.88415037911901	0	0	0.0613976834655854	8.10832289345087	294	0.249666076869833	0.123675017350752	52	"B2"	0.149769894711535
"s_Enterocloster_bolteae_sv_119"	"enterotype"	"Abundance"	"B1"	27	"B2"	25	0.934551867768285	1.22987583470588	0	0.472211895701541	1.81191634125095	2.14152374123105	255.5	0.0751600005028712	0.124313432250042	52	"B2"	0.150319654723715
"s_Enterococcus_B_faecium_sv_652"	"enterotype"	"Abundance"	"B1"	27	"B2"	25	0.00992833161920331	0.0962523621971194	0	0	0.0515891243965581	0.25920593019902	295	0.230965212523019	0.132651739561043	52	"B2"	0.160164692951481
"s_Bacteroides_uniformis_sv_56"	"enterotype"	"Abundance"	"B1"	27	"B2"	25	0	0.118766228721533	0	0	0	0.413363795650706	310.5	0.204740318787402	0.145240479210131	52	"B2"	0.171056344734475
"s_Dorea_A_amylophila_sv_637"	"enterotype"	"Abundance"	"B1"	27	"B2"	25	0	0.235622371821643	0	0	0	0.8411489443698	310.5	0.199823275641841	0.145240479210131	52	"B2"	0.171056344734475
"s_Otoolea_symbiosa_sv_766"	"enterotype"	"Abundance"	"B1"	27	"B2"	25	0	0.0107911318220886	0	0	0	0.0373528389651944	310.5	0.205818233578513	0.145240479210131	52	"B2"	0.171056344734475
"s_Enterococcus_B_faecium_sv_794"	"enterotype"	"Abundance"	"B1"	27	"B2"	25	0	0.240040036751002	0	0	0	0.852822251272193	310.5	0.200743957266319	0.145240479210131	52	"B2"	0.171056344734475
"s_Allocoprobacillus_merdigallinarum_sv_1002"	"enterotype"	"Abundance"	"B1"	27	"B2"	25	0	0.102085923218954	0	0	0	0.357455303867968	310.5	0.203562673010959	0.145240479210131	52	"B2"	0.171056344734475
"s_Lactonifactor_sp009677585_sv_1005"	"enterotype"	"Abundance"	"B1"	27	"B2"	25	0	0.0296551735316439	0	0	0	0.102977780119668	310.5	0.205190433304848	0.145240479210131	52	"B2"	0.171056344734475
"uc_uc_k_sv_1025"	"enterotype"	"Abundance"	"B1"	27	"B2"	25	0	0.00966896739674722	0	0	0	0.0336499947273319	310.5	0.204755918148385	0.145240479210131	52	"B2"	0.171056344734475
"uc_uc_k_sv_1109"	"enterotype"	"Abundance"	"B1"	27	"B2"	25	0	0.0312991939677969	0	0	0	0.115724599494193	310.5	0.193201185322319	0.145240479210131	52	"B2"	0.171056344734475
"uc_uc_k_sv_1169"	"enterotype"	"Abundance"	"B1"	27	"B2"	25	0	0.0156356272413627	0	0	0	0.0547486438134515	310.5	0.203561697620244	0.145240479210131	52	"B2"	0.171056344734475
"s_Scatomonas_hejianensis_sv_1217"	"enterotype"	"Abundance"	"B1"	27	"B2"	25	0	0.0126481758380602	0	0	0	0.0437974131559278	310.5	0.205743904505373	0.145240479210131	52	"B2"	0.171056344734475
"s_Escherichia_coli_sv_1219"	"enterotype"	"Abundance"	"B1"	27	"B2"	25	0	0.0463698807601592	0	0	0	0.160798342683787	310.5	0.205460761326069	0.145240479210131	52	"B2"	0.171056344734475
"uc_uc_k_sv_1228"	"enterotype"	"Abundance"	"B1"	27	"B2"	25	0	0.021068717420853	0	0	0	0.0784363071040754	310.5	0.191927052211545	0.145240479210131	52	"B2"	0.171056344734475
"s_Butyribacter_sp003529475_sv_1250"	"enterotype"	"Abundance"	"B1"	27	"B2"	25	0	0.0413022299925205	0	0	0	0.15119757692628	310.5	0.195058529694089	0.145240479210131	52	"B2"	0.171056344734475
"s_Faecalimonas_phoceensis_sv_1291"	"enterotype"	"Abundance"	"B1"	27	"B2"	25	0	0.0175446628863201	0	0	0	0.063240795113523	310.5	0.197979130383615	0.145240479210131	52	"B2"	0.171056344734475
"s_Lachnospira_sp000436535_sv_1301"	"enterotype"	"Abundance"	"B1"	27	"B2"	25	0	0.0155773085105058	0	0	0	0.0540917390607901	310.5	0.205192482963724	0.145240479210131	52	"B2"	0.171056344734475
"s_Acutalibacter_stercoravium_sv_1315"	"enterotype"	"Abundance"	"B1"	27	"B2"	25	0	0.0121497281396969	0	0	0	0.042081658503995	310.5	0.20569598631001	0.145240479210131	52	"B2"	0.171056344734475
"uc_uc_k_sv_1362"	"enterotype"	"Abundance"	"B1"	27	"B2"	25	0	0.0195510252427114	0	0	0	0.0716506815154631	310.5	0.194851641131262	0.145240479210131	52	"B2"	0.171056344734475
"s_Odoribacter_splanchnicus_sv_799"	"enterotype"	"Abundance"	"B1"	27	"B2"	25	0.0396548076178854	0.0824010046595706	0	0	0.099050479309201	0.146558865726156	282.5	0.171133607083285	0.176333229082345	52	"B2"	0.206183343221171
"s_Allocoprobacillus_merdigallinarum_sv_485"	"enterotype"	"Abundance"	"B1"	27	"B2"	25	0.174001216155235	0	0	0	0.627471410001843	0	362.5	0.190425267941761	0.178101930831539	52	"B2"	0.206183343221171
"s_Dysosmobacter_welbionis_sv_588"	"enterotype"	"Abundance"	"B1"	27	"B2"	25	0.120153617661668	0	0	0	0.43292054616464	0	362.5	0.190581694947706	0.178101930831539	52	"B2"	0.206183343221171
"uc_uc_k_sv_655"	"enterotype"	"Abundance"	"B1"	27	"B2"	25	0.25268654882326	0	0	0	0.918389930919586	0	362.5	0.188993178937534	0.178101930831539	52	"B2"	0.206183343221171
"s_Allocoprobacillus_merdigallinarum_sv_755"	"enterotype"	"Abundance"	"B1"	27	"B2"	25	0.0503421817836761	0	0	0	0.185657074745552	0	362.5	0.18635417664126	0.178101930831539	52	"B2"	0.206183343221171
"uc_g_Escherichia_sv_764"	"enterotype"	"Abundance"	"B1"	27	"B2"	25	0.0395307198385532	0	0	0	0.144102421245094	0	362.5	0.188452310824001	0.178101930831539	52	"B2"	0.206183343221171
"s_Mediterraneibacter_hominis_sv_805"	"enterotype"	"Abundance"	"B1"	27	"B2"	25	0.0179275268044594	0	0	0	0.0674357313401886	0	362.5	0.182829952330923	0.178101930831539	52	"B2"	0.206183343221171
"uc_uc_k_sv_997"	"enterotype"	"Abundance"	"B1"	27	"B2"	25	0.0181099219411142	0	0	0	0.0809843196491211	0	362.5	0.154563788134145	0.178101930831539	52	"B2"	0.206183343221171
"s_Enterococcus_B_mundtii_sv_1037"	"enterotype"	"Abundance"	"B1"	27	"B2"	25	0.0267827863126183	0	0	0	0.0983958811813137	0	362.5	0.187041726233827	0.178101930831539	52	"B2"	0.206183343221171
"s_Akkermansia_muciniphila_sv_1149"	"enterotype"	"Abundance"	"B1"	27	"B2"	25	0.0179078343756331	0	0	0	0.064627904047911	0	362.5	0.190283714678079	0.178101930831539	52	"B2"	0.206183343221171
"s_Lactonifactor_sp009677585_sv_1184"	"enterotype"	"Abundance"	"B1"	27	"B2"	25	0.0119464609621101	0	0	0	0.0447326038250623	0	362.5	0.183638688196162	0.178101930831539	52	"B2"	0.206183343221171
"s_Anaerotardibacter_sp000435675_sv_1394"	"enterotype"	"Abundance"	"B1"	27	"B2"	25	0.0076536508692756	0	0	0	0.0277379861734141	0	362.5	0.189513260420056	0.178101930831539	52	"B2"	0.206183343221171
"s_Phascolarctobacterium_faecium_sv_9"	"enterotype"	"Abundance"	"B1"	27	"B2"	25	17.3118187294883	19.2404294483855	16.8275307253407	18.3295521743536	5.03876931211728	6.57883544064287	266	0.164631689036168	0.195219992837104	52	"B2"	0.225679849875518
"s_Escherichia_coli_sv_136"	"enterotype"	"Abundance"	"B1"	27	"B2"	25	0.00500595886519133	1.80105576975637	0	0	0.0260117252853337	6.23516887997522	308	0.205239780313817	0.250385808523079	52	"B2"	0.288634277151781
"s_Wolbachia_sp000008385_sv_1156"	"enterotype"	"Abundance"	"B1"	27	"B2"	25	0.00434637030137562	0.0197780450200997	0	0	0.0225844025714731	0.0548630329918614	308	0.184991037920303	0.250385808523079	52	"B2"	0.288634277151781
"s_Alistipes_A_hominis_sv_454"	"enterotype"	"Abundance"	"B1"	27	"B2"	25	0.192173558559178	0.114923865524799	0.0382949933883556	0	0.270223630892608	0.175255296632982	393	0.167337580415483	0.267913782211141	52	"B1"	0.308403576980339
"s_Blautia_A_fusiformis_sv_129"	"enterotype"	"Abundance"	"B1"	27	"B2"	25	0	0.00209871953645129	0	0	0	0.0104935976822565	324	0.144115338424579	0.3169522980561	52	"B2"	0.335040366946461
"s_Enterocloster_bolteae_sv_287"	"enterotype"	"Abundance"	"B1"	27	"B2"	25	0	0.0325576735132179	0	0	0	0.162788367566089	324	0.144115338424579	0.3169522980561	52	"B2"	0.335040366946461
"s_Faecalibacterium_longum_sv_296"	"enterotype"	"Abundance"	"B1"	27	"B2"	25	0	0.00209871953645129	0	0	0	0.0104935976822565	324	0.144115338424579	0.3169522980561	52	"B2"	0.335040366946461
"s_Faecalibacterium_longum_sv_332"	"enterotype"	"Abundance"	"B1"	27	"B2"	25	0	0.00419743907290259	0	0	0	0.0209871953645129	324	0.144115338424579	0.3169522980561	52	"B2"	0.335040366946461
"s_Parabacteroides_distasonis_sv_333"	"enterotype"	"Abundance"	"B1"	27	"B2"	25	0	0.0022439946234923	0	0	0	0.0112199731174615	324	0.144115338424578	0.3169522980561	52	"B2"	0.335040366946461
"s_Blautia_A_faecis_sv_349"	"enterotype"	"Abundance"	"B1"	27	"B2"	25	0	0.00718243036470058	0	0	0	0.0359121518235029	324	0.144115338424578	0.3169522980561	52	"B2"	0.335040366946461
"s_Faecalibacterium_prausnitzii_D_sv_375"	"enterotype"	"Abundance"	"B1"	27	"B2"	25	0	0.226091722389163	0	0	0	1.13045861194582	324	0.144115338424578	0.3169522980561	52	"B2"	0.335040366946461
"s_Blautia_A_faecis_sv_395"	"enterotype"	"Abundance"	"B1"	27	"B2"	25	0	0.00390237968689534	0	0	0	0.0195118984344767	324	0.144115338424578	0.3169522980561	52	"B2"	0.335040366946461
"s_Enterocloster_bolteae_sv_404"	"enterotype"	"Abundance"	"B1"	27	"B2"	25	0	0.0187216344223108	0	0	0	0.0936081721115538	324	0.144115338424579	0.3169522980561	52	"B2"	0.335040366946461
"s_Faecalibacterium_prausnitzii_D_sv_413"	"enterotype"	"Abundance"	"B1"	27	"B2"	25	0	0.195261032972459	0	0	0	0.976305164862295	324	0.144115338424578	0.3169522980561	52	"B2"	0.335040366946461
"s_Blautia_A_wexlerae_sv_430"	"enterotype"	"Abundance"	"B1"	27	"B2"	25	0	0.00209871953645129	0	0	0	0.0104935976822565	324	0.144115338424579	0.3169522980561	52	"B2"	0.335040366946461
"s_Gemmiger_formicilis_sv_438"	"enterotype"	"Abundance"	"B1"	27	"B2"	25	0	0.00276531255513933	0	0	0	0.0138265627756967	324	0.144115338424578	0.3169522980561	52	"B2"	0.335040366946461
"s_Otoolea_symbiosa_sv_461"	"enterotype"	"Abundance"	"B1"	27	"B2"	25	0	0.0108846867920792	0	0	0	0.054423433960396	324	0.144115338424579	0.3169522980561	52	"B2"	0.335040366946461
"s_Escherichia_coli_sv_465"	"enterotype"	"Abundance"	"B1"	27	"B2"	25	0	0.0180128833439507	0	0	0	0.0900644167197536	324	0.144115338424579	0.3169522980561	52	"B2"	0.335040366946461
"s_Faecalibacterium_prausnitzii_D_sv_541"	"enterotype"	"Abundance"	"B1"	27	"B2"	25	0	0.100199740604288	0	0	0	0.500998703021441	324	0.144115338424578	0.3169522980561	52	"B2"	0.335040366946461
"s_Faecalibacterium_prausnitzii_D_sv_555"	"enterotype"	"Abundance"	"B1"	27	"B2"	25	0	0.105338188840405	0	0	0	0.526690944202027	324	0.144115338424578	0.3169522980561	52	"B2"	0.335040366946461
"uc_uc_k_sv_598"	"enterotype"	"Abundance"	"B1"	27	"B2"	25	0	0.00750698382567382	0	0	0	0.0375349191283691	324	0.144115338424579	0.3169522980561	52	"B2"	0.335040366946461
"s_Blautia_A_acetigignens_sv_663"	"enterotype"	"Abundance"	"B1"	27	"B2"	25	0	0.00273433063601533	0	0	0	0.0136716531800766	324	0.144115338424579	0.3169522980561	52	"B2"	0.335040366946461
"s_Cuneatibacter_caecimuris_sv_852"	"enterotype"	"Abundance"	"B1"	27	"B2"	25	0	0.00653081207524752	0	0	0	0.0326540603762376	324	0.144115338424578	0.3169522980561	52	"B2"	0.335040366946461
"s_Cuneatibacter_caecimuris_sv_918"	"enterotype"	"Abundance"	"B1"	27	"B2"	25	0	0.0133364136665771	0	0	0	0.0666820683328854	324	0.144115338424579	0.3169522980561	52	"B2"	0.335040366946461
"s_Enterococcus_B_faecium_sv_955"	"enterotype"	"Abundance"	"B1"	27	"B2"	25	0	0.119937719101245	0	0	0	0.599688595506226	324	0.144115338424579	0.3169522980561	52	"B2"	0.335040366946461
"s_Escherichia_coli_sv_994"	"enterotype"	"Abundance"	"B1"	27	"B2"	25	0	0.10484115276494	0	0	0	0.524205763824701	324	0.144115338424579	0.3169522980561	52	"B2"	0.335040366946461
"s_Streptococcus_equinus_sv_1008"	"enterotype"	"Abundance"	"B1"	27	"B2"	25	0	0.100467842209852	0	0	0	0.502339211049258	324	0.144115338424578	0.3169522980561	52	"B2"	0.335040366946461
"uc_uc_k_sv_1016"	"enterotype"	"Abundance"	"B1"	27	"B2"	25	0	0.0990868063787851	0	0	0	0.495434031893926	324	0.144115338424578	0.3169522980561	52	"B2"	0.335040366946461
"s_Staphylococcus_epidermidis_sv_1035"	"enterotype"	"Abundance"	"B1"	27	"B2"	25	0	0.00374432688446215	0	0	0	0.0187216344223108	324	0.144115338424579	0.3169522980561	52	"B2"	0.335040366946461
"s_Allobaculum_stercoricanis_sv_1044"	"enterotype"	"Abundance"	"B1"	27	"B2"	25	0	0.0911363426039395	0	0	0	0.455681713019698	324	0.144115338424579	0.3169522980561	52	"B2"	0.335040366946461
"s_Mediterraneibacter_torques_sv_1075"	"enterotype"	"Abundance"	"B1"	27	"B2"	25	0	0.0638638591285526	0	0	0	0.319319295642763	324	0.144115338424578	0.3169522980561	52	"B2"	0.335040366946461
"uc_uc_k_sv_1110"	"enterotype"	"Abundance"	"B1"	27	"B2"	25	0	0.0737880473033507	0	0	0	0.368940236516753	324	0.144115338424578	0.3169522980561	52	"B2"	0.335040366946461
"uc_uc_k_sv_1137"	"enterotype"	"Abundance"	"B1"	27	"B2"	25	0	0.00610570382596084	0	0	0	0.0305285191298042	324	0.144115338424579	0.3169522980561	52	"B2"	0.335040366946461
"uc_uc_k_sv_1168"	"enterotype"	"Abundance"	"B1"	27	"B2"	25	0	0.00834650247161572	0	0	0	0.0417325123580786	324	0.144115338424578	0.3169522980561	52	"B2"	0.335040366946461
"uc_uc_k_sv_1180"	"enterotype"	"Abundance"	"B1"	27	"B2"	25	0	0.0551056955279634	0	0	0	0.275528477639817	324	0.144115338424578	0.3169522980561	52	"B2"	0.335040366946461
"s_Lactobacillus_gasseri_sv_1220"	"enterotype"	"Abundance"	"B1"	27	"B2"	25	0	0.0462460341250561	0	0	0	0.23123017062528	324	0.144115338424579	0.3169522980561	52	"B2"	0.335040366946461
"s_Allobaculum_stercoricanis_sv_1231"	"enterotype"	"Abundance"	"B1"	27	"B2"	25	0	0.0445084463879705	0	0	0	0.222542231939852	324	0.144115338424579	0.3169522980561	52	"B2"	0.335040366946461
"s_Alistipes_communis_sv_1268"	"enterotype"	"Abundance"	"B1"	27	"B2"	25	0	0.0122114076519217	0	0	0	0.0610570382596084	324	0.144115338424579	0.3169522980561	52	"B2"	0.335040366946461
"s_Hungatella_hathewayi_sv_1289"	"enterotype"	"Abundance"	"B1"	27	"B2"	25	0	0.0045667201004478	0	0	0	0.022833600502239	324	0.144115338424578	0.3169522980561	52	"B2"	0.335040366946461
"s_Blautia_A_faecis_sv_1298"	"enterotype"	"Abundance"	"B1"	27	"B2"	25	0	0.0305285191298042	0	0	0	0.152642595649021	324	0.144115338424578	0.3169522980561	52	"B2"	0.335040366946461
"uc_uc_k_sv_1308"	"enterotype"	"Abundance"	"B1"	27	"B2"	25	0	0.0282522295034803	0	0	0	0.141261147517401	324	0.144115338424578	0.3169522980561	52	"B2"	0.335040366946461
"s_Escherichia_coli_sv_1310"	"enterotype"	"Abundance"	"B1"	27	"B2"	25	0	0.0278380924406511	0	0	0	0.139190462203256	324	0.144115338424578	0.3169522980561	52	"B2"	0.335040366946461
"s_Clostridium_AQ_innocuum_sv_1319"	"enterotype"	"Abundance"	"B1"	27	"B2"	25	0	0.0260789810801356	0	0	0	0.130394905400678	324	0.144115338424578	0.3169522980561	52	"B2"	0.335040366946461
"s_Blautia_A_caecimuris_sv_1322"	"enterotype"	"Abundance"	"B1"	27	"B2"	25	0	0.0254413343548096	0	0	0	0.127206671774048	324	0.144115338424579	0.3169522980561	52	"B2"	0.335040366946461
"s_Escherichia_coli_sv_1323"	"enterotype"	"Abundance"	"B1"	27	"B2"	25	0	0.0254413343548096	0	0	0	0.127206671774048	324	0.144115338424579	0.3169522980561	52	"B2"	0.335040366946461
"uc_uc_k_sv_1325"	"enterotype"	"Abundance"	"B1"	27	"B2"	25	0	0.00210822992295288	0	0	0	0.0105411496147644	324	0.144115338424578	0.3169522980561	52	"B2"	0.335040366946461
"uc_uc_k_sv_1331"	"enterotype"	"Abundance"	"B1"	27	"B2"	25	0	0.0067319838704769	0	0	0	0.0336599193523845	324	0.144115338424578	0.3169522980561	52	"B2"	0.335040366946461
"s_Hungatella_effluvii_sv_1333"	"enterotype"	"Abundance"	"B1"	27	"B2"	25	0	0.023123017062528	0	0	0	0.11561508531264	324	0.144115338424579	0.3169522980561	52	"B2"	0.335040366946461
"s_Prevotella_intestinigallinarum_sv_1347"	"enterotype"	"Abundance"	"B1"	27	"B2"	25	0	0.0218068580184082	0	0	0	0.109034290092041	324	0.144115338424578	0.3169522980561	52	"B2"	0.335040366946461
"s_Bifidobacterium_globosum_sv_1361"	"enterotype"	"Abundance"	"B1"	27	"B2"	25	0	0.0196504181934008	0	0	0	0.098252090967004	324	0.144115338424578	0.3169522980561	52	"B2"	0.335040366946461
"uc_uc_k_sv_1366"	"enterotype"	"Abundance"	"B1"	27	"B2"	25	0	0.0128461205902934	0	0	0	0.0642306029514668	324	0.144115338424578	0.3169522980561	52	"B2"	0.335040366946461
"s_Bifidobacterium_longum_sv_1370"	"enterotype"	"Abundance"	"B1"	27	"B2"	25	0	0.0179348408161484	0	0	0	0.0896742040807419	324	0.144115338424578	0.3169522980561	52	"B2"	0.335040366946461
"s_Intestinibacter_bartlettii_sv_1371"	"enterotype"	"Abundance"	"B1"	27	"B2"	25	0	0.0173859873867571	0	0	0	0.0869299369337855	324	0.144115338424579	0.3169522980561	52	"B2"	0.335040366946461
"s_Holdemanella_hominis_sv_1389"	"enterotype"	"Abundance"	"B1"	27	"B2"	25	0	0.0152642595649021	0	0	0	0.0763212978245105	324	0.144115338424578	0.3169522980561	52	"B2"	0.335040366946461
"s_Mediterraneibacter_faecipullorum_sv_1390"	"enterotype"	"Abundance"	"B1"	27	"B2"	25	0	0.0152127389634125	0	0	0	0.0760636948170623	324	0.144115338424578	0.3169522980561	52	"B2"	0.335040366946461
"s_Limivivens_faecihominis_sv_1391"	"enterotype"	"Abundance"	"B1"	27	"B2"	25	0	0.0148361487959902	0	0	0	0.0741807439799508	324	0.144115338424579	0.3169522980561	52	"B2"	0.335040366946461
"uc_g_Collinsella_sv_1392"	"enterotype"	"Abundance"	"B1"	27	"B2"	25	0	0.0147576094606701	0	0	0	0.0737880473033507	324	0.144115338424579	0.3169522980561	52	"B2"	0.335040366946461
"s_Scatomonas_hejianensis_sv_1409"	"enterotype"	"Abundance"	"B1"	27	"B2"	25	0	0.0139108374526929	0	0	0	0.0695541872634643	324	0.144115338424578	0.3169522980561	52	"B2"	0.335040366946461
"s_Staphylococcus_epidermidis_sv_1410"	"enterotype"	"Abundance"	"B1"	27	"B2"	25	0	0.0136716531800766	0	0	0	0.0683582659003831	324	0.144115338424579	0.3169522980561	52	"B2"	0.335040366946461
"s_Clostridium_AP_sp000509125_sv_1414"	"enterotype"	"Abundance"	"B1"	27	"B2"	25	0	0.0133061763751449	0	0	0	0.0665308818757243	324	0.144115338424578	0.3169522980561	52	"B2"	0.335040366946461
"s_Ruminococcus_C_sp000433635_sv_1415"	"enterotype"	"Abundance"	"B1"	27	"B2"	25	0	0.013061624150495	0	0	0	0.0653081207524753	324	0.144115338424578	0.3169522980561	52	"B2"	0.335040366946461
"uc_uc_k_sv_1418"	"enterotype"	"Abundance"	"B1"	27	"B2"	25	0	0.0127166989679916	0	0	0	0.0635834948399578	324	0.144115338424578	0.3169522980561	52	"B2"	0.335040366946461
"s_Hominibacterium_faecale_sv_1432"	"enterotype"	"Abundance"	"B1"	27	"B2"	25	0	0.0108434874115993	0	0	0	0.0542174370579965	324	0.144115338424579	0.3169522980561	52	"B2"	0.335040366946461
"s_Scatomonas_hejianensis_sv_1433"	"enterotype"	"Abundance"	"B1"	27	"B2"	25	0	0.0105411496147644	0	0	0	0.0527057480738219	324	0.144115338424579	0.3169522980561	52	"B2"	0.335040366946461
"s_Clostridium_A_leptum_sv_1435"	"enterotype"	"Abundance"	"B1"	27	"B2"	25	0	0.0100023102499328	0	0	0	0.0500115512496641	324	0.144115338424579	0.3169522980561	52	"B2"	0.335040366946461
"s_Intestinibacter_bartlettii_sv_1436"	"enterotype"	"Abundance"	"B1"	27	"B2"	25	0	0.009204961703125	0	0	0	0.046024808515625	324	0.144115338424578	0.3169522980561	52	"B2"	0.335040366946461
"uc_uc_k_sv_1442"	"enterotype"	"Abundance"	"B1"	27	"B2"	25	0	0.00210822992295288	0	0	0	0.0105411496147644	324	0.144115338424578	0.3169522980561	52	"B2"	0.335040366946461
"s_Faecalibacterium_duncaniae_sv_98"	"enterotype"	"Abundance"	"B1"	27	"B2"	25	0.00141833308845762	0	0	0	0.00736987491379402	0	350	0.133440128170906	0.355611061095239	52	"B2"	0.362732183720425
"s_Blautia_A_fusiformis_sv_99"	"enterotype"	"Abundance"	"B1"	27	"B2"	25	0.00472639587686335	0	0	0	0.0245590733862342	0	350	0.133440128170906	0.355611061095239	52	"B2"	0.362732183720425
"s_Faecalibacterium_duncaniae_sv_102"	"enterotype"	"Abundance"	"B1"	27	"B2"	25	0.00708959381529503	0	0	0	0.0368386100793512	0	350	0.133440128170906	0.355611061095239	52	"B2"	0.362732183720425
"s_Blautia_A_fusiformis_sv_113"	"enterotype"	"Abundance"	"B1"	27	"B2"	25	0.00472639587686335	0	0	0	0.0245590733862342	0	350	0.133440128170906	0.355611061095239	52	"B2"	0.362732183720425
"s_Blautia_A_fusiformis_sv_133"	"enterotype"	"Abundance"	"B1"	27	"B2"	25	0.00463351697588278	0	0	0	0.0240764604598856	0	350	0.133440128170906	0.355611061095239	52	"B2"	0.362732183720425
"s_Ruminococcus_E_bromii_B_sv_181"	"enterotype"	"Abundance"	"B1"	27	"B2"	25	0.00708959381529503	0	0	0	0.0368386100793512	0	350	0.133440128170906	0.355611061095239	52	"B2"	0.362732183720425
"s_Faecalibacterium_longum_sv_289"	"enterotype"	"Abundance"	"B1"	27	"B2"	25	0.00236319793843168	0	0	0	0.0122795366931171	0	350	0.133440128170906	0.355611061095239	52	"B2"	0.362732183720425
"s_Escherichia_coli_sv_312"	"enterotype"	"Abundance"	"B1"	27	"B2"	25	0.0129700817420572	0	0	0	0.0673945216666935	0	350	0.133440128170906	0.355611061095239	52	"B2"	0.362732183720425
"s_Parabacteroides_distasonis_sv_355"	"enterotype"	"Abundance"	"B1"	27	"B2"	25	0.00667755107491878	0	0	0	0.0346975731956865	0	350	0.133440128170906	0.355611061095239	52	"B2"	0.362732183720425
"s_Blautia_A_faecis_sv_384"	"enterotype"	"Abundance"	"B1"	27	"B2"	25	0.00472639587686335	0	0	0	0.0245590733862342	0	350	0.133440128170906	0.355611061095239	52	"B2"	0.362732183720425
"s_Blautia_A_acetigignens_sv_481"	"enterotype"	"Abundance"	"B1"	27	"B2"	25	0.00250297943259567	0	0	0	0.0130058626426668	0	350	0.133440128170906	0.355611061095239	52	"B2"	0.362732183720425
"s_Dysosmobacter_welbionis_sv_499"	"enterotype"	"Abundance"	"B1"	27	"B2"	25	0.019127095301576	0	0	0	0.0993873025906248	0	350	0.133440128170906	0.355611061095239	52	"B2"	0.362732183720425
"s_Escherichia_coli_sv_505"	"enterotype"	"Abundance"	"B1"	27	"B2"	25	0.0115204144936157	0	0	0	0.0598618296815857	0	350	0.133440128170906	0.355611061095239	52	"B2"	0.362732183720425
"s_Enterococcus_B_hirae_sv_790"	"enterotype"	"Abundance"	"B1"	27	"B2"	25	0.227042331818256	0	0	0	1.1797465625344	0	350	0.133440128170906	0.355611061095239	52	"B2"	0.362732183720425
"s_Blautia_A_wexlerae_sv_853"	"enterotype"	"Abundance"	"B1"	27	"B2"	25	0.00434637030137562	0	0	0	0.0225844025714731	0	350	0.133440128170906	0.355611061095239	52	"B2"	0.362732183720425
"s_Escherichia_coli_sv_870"	"enterotype"	"Abundance"	"B1"	27	"B2"	25	0.0170199970614914	0	0	0	0.0884384989655282	0	350	0.133440128170906	0.355611061095239	52	"B2"	0.362732183720425
"s_Escherichia_coli_sv_888"	"enterotype"	"Abundance"	"B1"	27	"B2"	25	0.0148766296790036	0	0	0	0.0773012353482638	0	350	0.133440128170906	0.355611061095239	52	"B2"	0.362732183720425
"s_Enterococcus_B_hirae_sv_946"	"enterotype"	"Abundance"	"B1"	27	"B2"	25	0.11583792439707	0	0	0	0.601911511497141	0	350	0.133440128170906	0.355611061095239	52	"B2"	0.362732183720425
"s_Enterococcus_B_mundtii_B_sv_1091"	"enterotype"	"Abundance"	"B1"	27	"B2"	25	0.00443288088368836	0	0	0	0.0230339247433472	0	350	0.133440128170906	0.355611061095239	52	"B2"	0.362732183720425
"s_Escherichia_coli_sv_1120"	"enterotype"	"Abundance"	"B1"	27	"B2"	25	0.066565191560856	0	0	0	0.345882881396873	0	350	0.133440128170906	0.355611061095239	52	"B2"	0.362732183720425
"s_Victivallis_lenta_sv_1194"	"enterotype"	"Abundance"	"B1"	27	"B2"	25	0.012213020077938	0	0	0	0.0634607138665423	0	350	0.133440128170906	0.355611061095239	52	"B2"	0.362732183720425
"uc_uc_k_sv_1218"	"enterotype"	"Abundance"	"B1"	27	"B2"	25	0.00889095980885785	0	0	0	0.046198782350984	0	350	0.133440128170906	0.355611061095239	52	"B2"	0.362732183720425
"s_Parasutterella_gallistercoris_sv_1234"	"enterotype"	"Abundance"	"B1"	27	"B2"	25	0.0407353015844346	0	0	0	0.211666836017645	0	350	0.133440128170906	0.355611061095239	52	"B2"	0.362732183720425
"s_Escherichia_coli_sv_1242"	"enterotype"	"Abundance"	"B1"	27	"B2"	25	0.0393339768314149	0	0	0	0.204385339007243	0	350	0.133440128170906	0.355611061095239	52	"B2"	0.362732183720425
"s_Escherichia_coli_sv_1297"	"enterotype"	"Abundance"	"B1"	27	"B2"	25	0.028895619378788	0	0	0	0.150146042640698	0	350	0.133440128170906	0.355611061095239	52	"B2"	0.362732183720425
"s_Holdemanella_porci_sv_1352"	"enterotype"	"Abundance"	"B1"	27	"B2"	25	0.019127095301576	0	0	0	0.0993873025906248	0	350	0.133440128170906	0.355611061095239	52	"B2"	0.362732183720425
"uc_uc_k_sv_1401"	"enterotype"	"Abundance"	"B1"	27	"B2"	25	0.0133364397132868	0	0	0	0.069298173526476	0	350	0.133440128170906	0.355611061095239	52	"B2"	0.362732183720425
"s_Bacteroides_cellulosilyticus_sv_1428"	"enterotype"	"Abundance"	"B1"	27	"B2"	25	0.00288795709265018	0	0	0	0.015006265243647	0	350	0.133440128170906	0.355611061095239	52	"B2"	0.362732183720425
"s_Blautia_A_caecimuris_sv_87"	"enterotype"	"Abundance"	"B1"	27	"B2"	25	2.09032451056744	2.3049242890253	0	0	5.51287062025504	4.016909855959	298.5	0.0223091742992985	0.406178463055742	52	"B2"	0.413794309238038
"s_Blautia_A_caecimuris_sv_36"	"enterotype"	"Abundance"	"B1"	27	"B2"	25	5.39087072237473	9.13095592153139	0	0	9.14123836064754	15.8158262666909	298.5	0.14597391182527	0.432820018606484	52	"B2"	0.440384912814338
"s_Butyricicoccus_sp900604335_sv_334"	"enterotype"	"Abundance"	"B1"	27	"B2"	25	0.348165883281257	0.406915006038686	0.270321778720332	0.278216749053857	0.38169414668037	0.37422364273601	300.5	0.078154867386863	0.497513773104001	52	"B2"	0.505578210822644
"s_Escherichia_coli_sv_186"	"enterotype"	"Abundance"	"B1"	27	"B2"	25	0.0372924012176081	1.00165763114998	0	0	0.134665592456036	3.42152003645874	319	0.200847339744567	0.519280870174292	52	"B2"	0.52638545919409
"s_Bacteroides_ovatus_sv_827"	"enterotype"	"Abundance"	"B1"	27	"B2"	25	0.0139260848570992	0.168096803127506	0	0	0.0637420066326935	0.560805689260866	319	0.194947521370758	0.519280870174292	52	"B2"	0.52638545919409
"s_Bacteroides_ovatus_sv_642"	"enterotype"	"Abundance"	"B1"	27	"B2"	25	0.0898396948589555	0.302473724043041	0	0	0.329568324315871	0.933798099393603	320	0.153787291504659	0.542755592036395	52	"B2"	0.54949789752753
"s_Escherichia_coli_sv_166"	"enterotype"	"Abundance"	"B1"	27	"B2"	25	0.302012078812846	0.524842897706865	0	0	1.04252365565677	1.49641228226066	361	0.0874583287104461	0.555268571382093	52	"B2"	0.561468840789585
"s_Bacteroides_thetaiotaomicron_sv_14"	"enterotype"	"Abundance"	"B1"	27	"B2"	25	9.01451292349176	9.89504433228125	8.65520740667259	8.42133764046047	4.29625109763819	4.64247404607133	306	0.0989952962897958	0.573225308411671	52	"B1"	0.578907839350077
"s_Lawsonibacter_asaccharolyticus_sv_646"	"enterotype"	"Abundance"	"B1"	27	"B2"	25	0.247309510561057	0.0468683708090866	0	0	0.568943635346505	0.0764778545541956	322.5	0.237369573292404	0.733816178690285	52	"B2"	0.740173497070028
"s_Escherichia_coli_sv_372"	"enterotype"	"Abundance"	"B1"	27	"B2"	25	0.0344906989814271	0.0358258583884563	0	0	0.101361958660922	0.126366278076621	346	0.0059071474601172	0.774553286156446	52	"B2"	0.780297809910388
"s_Escherichia_coli_sv_66"	"enterotype"	"Abundance"	"B1"	27	"B2"	25	0.0600157845245659	2.97646952196845	0	0	0.190138959371668	8.67179876225517	330	0.237724342753922	0.817257693296996	52	"B2"	0.822302493872903
"s_Bacteroides_ovatus_sv_861"	"enterotype"	"Abundance"	"B1"	27	"B2"	25	0.0358261761469778	0.12421095075313	0	0	0.137984463479104	0.465292655276035	333.5	0.131033673221756	0.889669648334966	52	"B2"	0.894057661397038
"uc_uc_k_sv_568"	"enterotype"	"Abundance"	"B1"	27	"B2"	25	0.182822498382455	0.13749310402777	0	0.054423433960396	0.268637597286421	0.211310613517899	334	0.0937769282901552	0.952310029620053	52	"B2"	0.954935188292862
"s_Enterococcus_B_faecium_sv_429"	"enterotype"	"Abundance"	"B1"	27	"B2"	25	0.0538945857343963	0.0593179139327441	0	0	0.244575136554775	0.212852274364894	335.5	0.0119029170963153	0.952591789057788	52	"B2"	0.954935188292862
"s_Escherichia_coli_sv_801"	"enterotype"	"Abundance"	"B1"	27	"B2"	25	0.0085009312451449	0.0224659613067729	0	0	0.0441721344847222	0.112329806533865	336	0.08350131195257	0.956167006701853	52	"B2"	0.957341659044239
"uc_uc_k_sv_1309"	"enterotype"	"Abundance"	"B1"	27	"B2"	25	0.0114001359911017	0.00278216749053857	0	0	0.0592368442493484	0.0139108374526929	337	0.0988110838055429	1	52	"B2"	1
"s_Faecalibacterium_duncaniae_sv_80"	"enterotype"	"Abundance"	"B1"	27	"B2"	25	0	0	0	0	0	0	337.5	NA	NA	52	"B2"	NA
"s_Faecalibacterium_duncaniae_sv_90"	"enterotype"	"Abundance"	"B1"	27	"B2"	25	0	0	0	0	0	0	337.5	NA	NA	52	"B2"	NA
"s_Blautia_A_fusiformis_sv_94"	"enterotype"	"Abundance"	"B1"	27	"B2"	25	0	0	0	0	0	0	337.5	NA	NA	52	"B2"	NA
"s_Faecalibacterium_duncaniae_sv_95"	"enterotype"	"Abundance"	"B1"	27	"B2"	25	0	0	0	0	0	0	337.5	NA	NA	52	"B2"	NA
"s_Streptococcus_salivarius_D_sv_111"	"enterotype"	"Abundance"	"B1"	27	"B2"	25	0	0	0	0	0	0	337.5	NA	NA	52	"B2"	NA
"s_Blautia_A_fusiformis_sv_117"	"enterotype"	"Abundance"	"B1"	27	"B2"	25	0	0	0	0	0	0	337.5	NA	NA	52	"B2"	NA
"s_Faecalibacterium_duncaniae_sv_126"	"enterotype"	"Abundance"	"B1"	27	"B2"	25	0	0	0	0	0	0	337.5	NA	NA	52	"B2"	NA
"s_CAG-266_sp019117495_sv_141"	"enterotype"	"Abundance"	"B1"	27	"B2"	25	0	0	0	0	0	0	337.5	NA	NA	52	"B2"	NA
"s_Blautia_A_fusiformis_sv_142"	"enterotype"	"Abundance"	"B1"	27	"B2"	25	0	0	0	0	0	0	337.5	NA	NA	52	"B2"	NA
"s_Blautia_A_fusiformis_sv_146"	"enterotype"	"Abundance"	"B1"	27	"B2"	25	0	0	0	0	0	0	337.5	NA	NA	52	"B2"	NA
"s_Faecalibacterium_longum_sv_172"	"enterotype"	"Abundance"	"B1"	27	"B2"	25	0	0	0	0	0	0	337.5	NA	NA	52	"B2"	NA
"s_Bifidobacterium_globosum_sv_200"	"enterotype"	"Abundance"	"B1"	27	"B2"	25	0	0	0	0	0	0	337.5	NA	NA	52	"B2"	NA
"s_Parabacteroides_distasonis_sv_210"	"enterotype"	"Abundance"	"B1"	27	"B2"	25	0	0	0	0	0	0	337.5	NA	NA	52	"B2"	NA
"s_Eubacterium_G_ventriosum_sv_236"	"enterotype"	"Abundance"	"B1"	27	"B2"	25	0	0	0	0	0	0	337.5	NA	NA	52	"B2"	NA
"s_Agathobacter_faecis_sv_273"	"enterotype"	"Abundance"	"B1"	27	"B2"	25	0	0	0	0	0	0	337.5	NA	NA	52	"B2"	NA
"s_Bifidobacterium_bifidum_sv_280"	"enterotype"	"Abundance"	"B1"	27	"B2"	25	0	0	0	0	0	0	337.5	NA	NA	52	"B2"	NA
"s_Agathobacter_faecis_sv_293"	"enterotype"	"Abundance"	"B1"	27	"B2"	25	0	0	0	0	0	0	337.5	NA	NA	52	"B2"	NA
"s_Gemmiger_formicilis_sv_298"	"enterotype"	"Abundance"	"B1"	27	"B2"	25	0	0	0	0	0	0	337.5	NA	NA	52	"B2"	NA
"s_Faecalibacterium_longum_sv_302"	"enterotype"	"Abundance"	"B1"	27	"B2"	25	0	0	0	0	0	0	337.5	NA	NA	52	"B2"	NA
"s_Agathobacter_faecis_sv_309"	"enterotype"	"Abundance"	"B1"	27	"B2"	25	0	0	0	0	0	0	337.5	NA	NA	52	"B2"	NA
"s_Blautia_A_faecis_sv_315"	"enterotype"	"Abundance"	"B1"	27	"B2"	25	0	0	0	0	0	0	337.5	NA	NA	52	"B2"	NA
"s_Agathobacter_faecis_sv_317"	"enterotype"	"Abundance"	"B1"	27	"B2"	25	0	0	0	0	0	0	337.5	NA	NA	52	"B2"	NA
"s_Blautia_A_faecis_sv_330"	"enterotype"	"Abundance"	"B1"	27	"B2"	25	0	0	0	0	0	0	337.5	NA	NA	52	"B2"	NA
"s_CAG-266_sp019117495_sv_331"	"enterotype"	"Abundance"	"B1"	27	"B2"	25	0	0	0	0	0	0	337.5	NA	NA	52	"B2"	NA
"s_Blautia_A_faecis_sv_336"	"enterotype"	"Abundance"	"B1"	27	"B2"	25	0	0	0	0	0	0	337.5	NA	NA	52	"B2"	NA
"s_Parabacteroides_distasonis_sv_340"	"enterotype"	"Abundance"	"B1"	27	"B2"	25	0	0	0	0	0	0	337.5	NA	NA	52	"B2"	NA
"s_CAG-266_sp019117495_sv_346"	"enterotype"	"Abundance"	"B1"	27	"B2"	25	0	0	0	0	0	0	337.5	NA	NA	52	"B2"	NA
"s_Blautia_A_faecis_sv_347"	"enterotype"	"Abundance"	"B1"	27	"B2"	25	0	0	0	0	0	0	337.5	NA	NA	52	"B2"	NA
"s_Blautia_A_acetigignens_sv_367"	"enterotype"	"Abundance"	"B1"	27	"B2"	25	0	0	0	0	0	0	337.5	NA	NA	52	"B2"	NA
"s_Clostridium_AQ_innocuum_sv_371"	"enterotype"	"Abundance"	"B1"	27	"B2"	25	0	0	0	0	0	0	337.5	NA	NA	52	"B2"	NA
"s_Parabacteroides_distasonis_sv_373"	"enterotype"	"Abundance"	"B1"	27	"B2"	25	0	0	0	0	0	0	337.5	NA	NA	52	"B2"	NA
"s_Faecalibacillus_faecis_sv_376"	"enterotype"	"Abundance"	"B1"	27	"B2"	25	0	0	0	0	0	0	337.5	NA	NA	52	"B2"	NA
"s_Blautia_A_wexlerae_sv_382"	"enterotype"	"Abundance"	"B1"	27	"B2"	25	0	0	0	0	0	0	337.5	NA	NA	52	"B2"	NA
"s_Parabacteroides_distasonis_sv_385"	"enterotype"	"Abundance"	"B1"	27	"B2"	25	0	0	0	0	0	0	337.5	NA	NA	52	"B2"	NA
"s_Blautia_A_faecis_sv_389"	"enterotype"	"Abundance"	"B1"	27	"B2"	25	0	0	0	0	0	0	337.5	NA	NA	52	"B2"	NA
"s_Blautia_A_faecis_sv_399"	"enterotype"	"Abundance"	"B1"	27	"B2"	25	0	0	0	0	0	0	337.5	NA	NA	52	"B2"	NA
"s_Ruthenibacterium_lactatiformans_sv_411"	"enterotype"	"Abundance"	"B1"	27	"B2"	25	0	0	0	0	0	0	337.5	NA	NA	52	"B2"	NA
"s_Blautia_A_wexlerae_sv_422"	"enterotype"	"Abundance"	"B1"	27	"B2"	25	0	0	0	0	0	0	337.5	NA	NA	52	"B2"	NA
"s_Escherichia_coli_sv_431"	"enterotype"	"Abundance"	"B1"	27	"B2"	25	0	0	0	0	0	0	337.5	NA	NA	52	"B2"	NA
"s_Blautia_A_wexlerae_sv_437"	"enterotype"	"Abundance"	"B1"	27	"B2"	25	0	0	0	0	0	0	337.5	NA	NA	52	"B2"	NA
"s_Streptococcus_salivarius_D_sv_443"	"enterotype"	"Abundance"	"B1"	27	"B2"	25	0	0	0	0	0	0	337.5	NA	NA	52	"B2"	NA
"s_Lachnoclostridium_A_edouardi_sv_444"	"enterotype"	"Abundance"	"B1"	27	"B2"	25	0	0	0	0	0	0	337.5	NA	NA	52	"B2"	NA
"s_Alistipes_putredinis_sv_450"	"enterotype"	"Abundance"	"B1"	27	"B2"	25	0	0	0	0	0	0	337.5	NA	NA	52	"B2"	NA
"s_Escherichia_coli_sv_452"	"enterotype"	"Abundance"	"B1"	27	"B2"	25	0	0	0	0	0	0	337.5	NA	NA	52	"B2"	NA
"s_Alitiscatomonas_sp900066535_sv_456"	"enterotype"	"Abundance"	"B1"	27	"B2"	25	0	0	0	0	0	0	337.5	NA	NA	52	"B2"	NA
"s_Dysosmobacter_welbionis_sv_459"	"enterotype"	"Abundance"	"B1"	27	"B2"	25	0	0	0	0	0	0	337.5	NA	NA	52	"B2"	NA
"s_Eubacterium_G_ventriosum_sv_460"	"enterotype"	"Abundance"	"B1"	27	"B2"	25	0	0	0	0	0	0	337.5	NA	NA	52	"B2"	NA
"s_Blautia_A_wexlerae_sv_462"	"enterotype"	"Abundance"	"B1"	27	"B2"	25	0	0	0	0	0	0	337.5	NA	NA	52	"B2"	NA
"s_Enterocloster_bolteae_sv_468"	"enterotype"	"Abundance"	"B1"	27	"B2"	25	0	0	0	0	0	0	337.5	NA	NA	52	"B2"	NA
"s_Gemmiger_formicilis_sv_469"	"enterotype"	"Abundance"	"B1"	27	"B2"	25	0	0	0	0	0	0	337.5	NA	NA	52	"B2"	NA
"s_Hominimerdicola_aceti_sv_470"	"enterotype"	"Abundance"	"B1"	27	"B2"	25	0	0	0	0	0	0	337.5	NA	NA	52	"B2"	NA
"s_Blautia_A_faecis_sv_474"	"enterotype"	"Abundance"	"B1"	27	"B2"	25	0	0	0	0	0	0	337.5	NA	NA	52	"B2"	NA
"s_Alitiscatomonas_sp900066535_sv_478"	"enterotype"	"Abundance"	"B1"	27	"B2"	25	0	0	0	0	0	0	337.5	NA	NA	52	"B2"	NA
"s_Alitiscatomonas_sp900066535_sv_480"	"enterotype"	"Abundance"	"B1"	27	"B2"	25	0	0	0	0	0	0	337.5	NA	NA	52	"B2"	NA
"s_Escherichia_coli_sv_483"	"enterotype"	"Abundance"	"B1"	27	"B2"	25	0	0	0	0	0	0	337.5	NA	NA	52	"B2"	NA
"s_Thomasclavelia_ramosa_sv_493"	"enterotype"	"Abundance"	"B1"	27	"B2"	25	0	0	0	0	0	0	337.5	NA	NA	52	"B2"	NA
"s_Fusicatenibacter_saccharivorans_sv_496"	"enterotype"	"Abundance"	"B1"	27	"B2"	25	0	0	0	0	0	0	337.5	NA	NA	52	"B2"	NA
"s_Enterococcus_B_lactis_sv_502"	"enterotype"	"Abundance"	"B1"	27	"B2"	25	0	0	0	0	0	0	337.5	NA	NA	52	"B2"	NA
"s_Blautia_A_wexlerae_sv_506"	"enterotype"	"Abundance"	"B1"	27	"B2"	25	0	0	0	0	0	0	337.5	NA	NA	52	"B2"	NA
"s_Blautia_A_acetigignens_sv_507"	"enterotype"	"Abundance"	"B1"	27	"B2"	25	0	0	0	0	0	0	337.5	NA	NA	52	"B2"	NA
"uc_uc_k_sv_508"	"enterotype"	"Abundance"	"B1"	27	"B2"	25	0	0	0	0	0	0	337.5	NA	NA	52	"B2"	NA
"s_Blautia_A_faecis_sv_510"	"enterotype"	"Abundance"	"B1"	27	"B2"	25	0	0	0	0	0	0	337.5	NA	NA	52	"B2"	NA
"uc_uc_k_sv_511"	"enterotype"	"Abundance"	"B1"	27	"B2"	25	0	0	0	0	0	0	337.5	NA	NA	52	"B2"	NA
"s_Roseburia_hominis_sv_513"	"enterotype"	"Abundance"	"B1"	27	"B2"	25	0	0	0	0	0	0	337.5	NA	NA	52	"B2"	NA
"s_Alitiscatomonas_sp900066535_sv_514"	"enterotype"	"Abundance"	"B1"	27	"B2"	25	0	0	0	0	0	0	337.5	NA	NA	52	"B2"	NA
"s_Blautia_A_faecis_sv_516"	"enterotype"	"Abundance"	"B1"	27	"B2"	25	0	0	0	0	0	0	337.5	NA	NA	52	"B2"	NA
"s_Clostridium_AQ_innocuum_sv_517"	"enterotype"	"Abundance"	"B1"	27	"B2"	25	0	0	0	0	0	0	337.5	NA	NA	52	"B2"	NA
"s_Bifidobacterium_adolescentis_sv_518"	"enterotype"	"Abundance"	"B1"	27	"B2"	25	0	0	0	0	0	0	337.5	NA	NA	52	"B2"	NA
"uc_g_Collinsella_sv_519"	"enterotype"	"Abundance"	"B1"	27	"B2"	25	0	0	0	0	0	0	337.5	NA	NA	52	"B2"	NA
"s_Anaerobutyricum_hallii_sv_520"	"enterotype"	"Abundance"	"B1"	27	"B2"	25	0	0	0	0	0	0	337.5	NA	NA	52	"B2"	NA
"s_Hominilimicola_fabiformis_sv_523"	"enterotype"	"Abundance"	"B1"	27	"B2"	25	0	0	0	0	0	0	337.5	NA	NA	52	"B2"	NA
"s_Gemmiger_formicilis_sv_524"	"enterotype"	"Abundance"	"B1"	27	"B2"	25	0	0	0	0	0	0	337.5	NA	NA	52	"B2"	NA
"s_Blautia_A_wexlerae_sv_525"	"enterotype"	"Abundance"	"B1"	27	"B2"	25	0	0	0	0	0	0	337.5	NA	NA	52	"B2"	NA
"s_Blautia_A_faecis_sv_529"	"enterotype"	"Abundance"	"B1"	27	"B2"	25	0	0	0	0	0	0	337.5	NA	NA	52	"B2"	NA
"s_Fusicatenibacter_saccharivorans_sv_530"	"enterotype"	"Abundance"	"B1"	27	"B2"	25	0	0	0	0	0	0	337.5	NA	NA	52	"B2"	NA
"s_Blautia_A_faecis_sv_531"	"enterotype"	"Abundance"	"B1"	27	"B2"	25	0	0	0	0	0	0	337.5	NA	NA	52	"B2"	NA
"s_Blautia_A_acetigignens_sv_532"	"enterotype"	"Abundance"	"B1"	27	"B2"	25	0	0	0	0	0	0	337.5	NA	NA	52	"B2"	NA
"s_Hominilimicola_fabiformis_sv_533"	"enterotype"	"Abundance"	"B1"	27	"B2"	25	0	0	0	0	0	0	337.5	NA	NA	52	"B2"	NA
"s_Anaerobutyricum_hallii_sv_535"	"enterotype"	"Abundance"	"B1"	27	"B2"	25	0	0	0	0	0	0	337.5	NA	NA	52	"B2"	NA
"s_Blautia_A_acetigignens_sv_537"	"enterotype"	"Abundance"	"B1"	27	"B2"	25	0	0	0	0	0	0	337.5	NA	NA	52	"B2"	NA
"s_Roseburia_hominis_sv_538"	"enterotype"	"Abundance"	"B1"	27	"B2"	25	0	0	0	0	0	0	337.5	NA	NA	52	"B2"	NA
"s_Gemmiger_qucibialis_sv_539"	"enterotype"	"Abundance"	"B1"	27	"B2"	25	0	0	0	0	0	0	337.5	NA	NA	52	"B2"	NA
"s_Blautia_A_acetigignens_sv_549"	"enterotype"	"Abundance"	"B1"	27	"B2"	25	0	0	0	0	0	0	337.5	NA	NA	52	"B2"	NA
"s_Bifidobacterium_adolescentis_sv_554"	"enterotype"	"Abundance"	"B1"	27	"B2"	25	0	0	0	0	0	0	337.5	NA	NA	52	"B2"	NA
"s_Hominilimicola_fabiformis_sv_556"	"enterotype"	"Abundance"	"B1"	27	"B2"	25	0	0	0	0	0	0	337.5	NA	NA	52	"B2"	NA
"s_Alitiscatomonas_sp900066535_sv_557"	"enterotype"	"Abundance"	"B1"	27	"B2"	25	0	0	0	0	0	0	337.5	NA	NA	52	"B2"	NA
"s_Roseburia_hominis_sv_559"	"enterotype"	"Abundance"	"B1"	27	"B2"	25	0	0	0	0	0	0	337.5	NA	NA	52	"B2"	NA
"s_Clostridium_AQ_innocuum_sv_562"	"enterotype"	"Abundance"	"B1"	27	"B2"	25	0	0	0	0	0	0	337.5	NA	NA	52	"B2"	NA
"s_Bifidobacterium_adolescentis_sv_564"	"enterotype"	"Abundance"	"B1"	27	"B2"	25	0	0	0	0	0	0	337.5	NA	NA	52	"B2"	NA
"s_Enterobacter_hoffmannii_sv_567"	"enterotype"	"Abundance"	"B1"	27	"B2"	25	0	0	0	0	0	0	337.5	NA	NA	52	"B2"	NA
"s_Alitiscatomonas_sp900066535_sv_572"	"enterotype"	"Abundance"	"B1"	27	"B2"	25	0	0	0	0	0	0	337.5	NA	NA	52	"B2"	NA
"s_Fusicatenibacter_saccharivorans_sv_577"	"enterotype"	"Abundance"	"B1"	27	"B2"	25	0	0	0	0	0	0	337.5	NA	NA	52	"B2"	NA
"uc_g_Streptococcus_sv_583"	"enterotype"	"Abundance"	"B1"	27	"B2"	25	0	0	0	0	0	0	337.5	NA	NA	52	"B2"	NA
"s_Roseburia_hominis_sv_584"	"enterotype"	"Abundance"	"B1"	27	"B2"	25	0	0	0	0	0	0	337.5	NA	NA	52	"B2"	NA
"s_Lachnoclostridium_A_edouardi_sv_586"	"enterotype"	"Abundance"	"B1"	27	"B2"	25	0	0	0	0	0	0	337.5	NA	NA	52	"B2"	NA
"s_Anaerobutyricum_hallii_sv_587"	"enterotype"	"Abundance"	"B1"	27	"B2"	25	0	0	0	0	0	0	337.5	NA	NA	52	"B2"	NA
"s_Agathobaculum_butyriciproducens_sv_591"	"enterotype"	"Abundance"	"B1"	27	"B2"	25	0	0	0	0	0	0	337.5	NA	NA	52	"B2"	NA
"s_Alitiscatomonas_sp900066535_sv_592"	"enterotype"	"Abundance"	"B1"	27	"B2"	25	0	0	0	0	0	0	337.5	NA	NA	52	"B2"	NA
"s_Fusicatenibacter_saccharivorans_sv_594"	"enterotype"	"Abundance"	"B1"	27	"B2"	25	0	0	0	0	0	0	337.5	NA	NA	52	"B2"	NA
"s_Blautia_A_faecis_sv_595"	"enterotype"	"Abundance"	"B1"	27	"B2"	25	0	0	0	0	0	0	337.5	NA	NA	52	"B2"	NA
"s_Anaerobutyricum_hallii_sv_599"	"enterotype"	"Abundance"	"B1"	27	"B2"	25	0	0	0	0	0	0	337.5	NA	NA	52	"B2"	NA
"s_Anaerobutyricum_hallii_sv_601"	"enterotype"	"Abundance"	"B1"	27	"B2"	25	0	0	0	0	0	0	337.5	NA	NA	52	"B2"	NA
"s_Alitiscatomonas_sp900066535_sv_615"	"enterotype"	"Abundance"	"B1"	27	"B2"	25	0	0	0	0	0	0	337.5	NA	NA	52	"B2"	NA
"s_Roseburia_inulinivorans_sv_617"	"enterotype"	"Abundance"	"B1"	27	"B2"	25	0	0	0	0	0	0	337.5	NA	NA	52	"B2"	NA
"s_Anaerobutyricum_hallii_sv_618"	"enterotype"	"Abundance"	"B1"	27	"B2"	25	0	0	0	0	0	0	337.5	NA	NA	52	"B2"	NA
"s_Enterococcus_B_faecium_sv_619"	"enterotype"	"Abundance"	"B1"	27	"B2"	25	0	0	0	0	0	0	337.5	NA	NA	52	"B2"	NA
"s_Alitiscatomonas_sp900066535_sv_621"	"enterotype"	"Abundance"	"B1"	27	"B2"	25	0	0	0	0	0	0	337.5	NA	NA	52	"B2"	NA
"s_Anaerobutyricum_hallii_sv_622"	"enterotype"	"Abundance"	"B1"	27	"B2"	25	0	0	0	0	0	0	337.5	NA	NA	52	"B2"	NA
"s_Agathobaculum_butyriciproducens_sv_626"	"enterotype"	"Abundance"	"B1"	27	"B2"	25	0	0	0	0	0	0	337.5	NA	NA	52	"B2"	NA
"s_Gemmiger_formicilis_sv_631"	"enterotype"	"Abundance"	"B1"	27	"B2"	25	0	0	0	0	0	0	337.5	NA	NA	52	"B2"	NA
"s_Hominiventricola_filiformis_sv_634"	"enterotype"	"Abundance"	"B1"	27	"B2"	25	0	0	0	0	0	0	337.5	NA	NA	52	"B2"	NA
"uc_g_Collinsella_sv_638"	"enterotype"	"Abundance"	"B1"	27	"B2"	25	0	0	0	0	0	0	337.5	NA	NA	52	"B2"	NA
"s_Dysosmobacter_sp900115635_sv_640"	"enterotype"	"Abundance"	"B1"	27	"B2"	25	0	0	0	0	0	0	337.5	NA	NA	52	"B2"	NA
"s_Agathobacter_rectalis_sv_643"	"enterotype"	"Abundance"	"B1"	27	"B2"	25	0	0	0	0	0	0	337.5	NA	NA	52	"B2"	NA
"s_Agathobacter_rectalis_sv_644"	"enterotype"	"Abundance"	"B1"	27	"B2"	25	0	0	0	0	0	0	337.5	NA	NA	52	"B2"	NA
"s_Agathobacter_rectalis_sv_645"	"enterotype"	"Abundance"	"B1"	27	"B2"	25	0	0	0	0	0	0	337.5	NA	NA	52	"B2"	NA
"s_Roseburia_inulinivorans_sv_653"	"enterotype"	"Abundance"	"B1"	27	"B2"	25	0	0	0	0	0	0	337.5	NA	NA	52	"B2"	NA
"s_Lachnoclostridium_A_edouardi_sv_654"	"enterotype"	"Abundance"	"B1"	27	"B2"	25	0	0	0	0	0	0	337.5	NA	NA	52	"B2"	NA
"s_Dorea_A_longicatena_sv_657"	"enterotype"	"Abundance"	"B1"	27	"B2"	25	0	0	0	0	0	0	337.5	NA	NA	52	"B2"	NA
"s_Alitiscatomonas_sp900066535_sv_658"	"enterotype"	"Abundance"	"B1"	27	"B2"	25	0	0	0	0	0	0	337.5	NA	NA	52	"B2"	NA
"s_Agathobaculum_butyriciproducens_sv_661"	"enterotype"	"Abundance"	"B1"	27	"B2"	25	0	0	0	0	0	0	337.5	NA	NA	52	"B2"	NA
"s_Anaerobutyricum_hallii_sv_662"	"enterotype"	"Abundance"	"B1"	27	"B2"	25	0	0	0	0	0	0	337.5	NA	NA	52	"B2"	NA
"s_Anaerotignum_faecicola_sv_664"	"enterotype"	"Abundance"	"B1"	27	"B2"	25	0	0	0	0	0	0	337.5	NA	NA	52	"B2"	NA
"s_Dorea_A_longicatena_sv_667"	"enterotype"	"Abundance"	"B1"	27	"B2"	25	0	0	0	0	0	0	337.5	NA	NA	52	"B2"	NA
"uc_uc_k_sv_669"	"enterotype"	"Abundance"	"B1"	27	"B2"	25	0	0	0	0	0	0	337.5	NA	NA	52	"B2"	NA
"s_Escherichia_coli_sv_670"	"enterotype"	"Abundance"	"B1"	27	"B2"	25	0	0	0	0	0	0	337.5	NA	NA	52	"B2"	NA
"s_Agathobacter_rectalis_sv_673"	"enterotype"	"Abundance"	"B1"	27	"B2"	25	0	0	0	0	0	0	337.5	NA	NA	52	"B2"	NA
"s_Agathobacter_rectalis_sv_676"	"enterotype"	"Abundance"	"B1"	27	"B2"	25	0	0	0	0	0	0	337.5	NA	NA	52	"B2"	NA
"s_Agathobaculum_butyriciproducens_sv_683"	"enterotype"	"Abundance"	"B1"	27	"B2"	25	0	0	0	0	0	0	337.5	NA	NA	52	"B2"	NA
"uc_g_Collinsella_sv_687"	"enterotype"	"Abundance"	"B1"	27	"B2"	25	0	0	0	0	0	0	337.5	NA	NA	52	"B2"	NA
"s_Clostridium_AQ_innocuum_sv_688"	"enterotype"	"Abundance"	"B1"	27	"B2"	25	0	0	0	0	0	0	337.5	NA	NA	52	"B2"	NA
"s_Fusicatenibacter_saccharivorans_sv_689"	"enterotype"	"Abundance"	"B1"	27	"B2"	25	0	0	0	0	0	0	337.5	NA	NA	52	"B2"	NA
"s_Alitiscatomonas_sp900066055_sv_690"	"enterotype"	"Abundance"	"B1"	27	"B2"	25	0	0	0	0	0	0	337.5	NA	NA	52	"B2"	NA
"s_Choladousia_sp902363665_sv_693"	"enterotype"	"Abundance"	"B1"	27	"B2"	25	0	0	0	0	0	0	337.5	NA	NA	52	"B2"	NA
"s_Escherichia_coli_sv_694"	"enterotype"	"Abundance"	"B1"	27	"B2"	25	0	0	0	0	0	0	337.5	NA	NA	52	"B2"	NA
"s_Lachnoclostridium_B_faecipullorum_sv_697"	"enterotype"	"Abundance"	"B1"	27	"B2"	25	0	0	0	0	0	0	337.5	NA	NA	52	"B2"	NA
"s_Hominiventricola_filiformis_sv_699"	"enterotype"	"Abundance"	"B1"	27	"B2"	25	0	0	0	0	0	0	337.5	NA	NA	52	"B2"	NA
"s_Anaerobutyricum_hallii_sv_700"	"enterotype"	"Abundance"	"B1"	27	"B2"	25	0	0	0	0	0	0	337.5	NA	NA	52	"B2"	NA
"s_Bifidobacterium_adolescentis_sv_701"	"enterotype"	"Abundance"	"B1"	27	"B2"	25	0	0	0	0	0	0	337.5	NA	NA	52	"B2"	NA
"s_Alitiscatomonas_sp900066535_sv_708"	"enterotype"	"Abundance"	"B1"	27	"B2"	25	0	0	0	0	0	0	337.5	NA	NA	52	"B2"	NA
"s_Hominiventricola_filiformis_sv_712"	"enterotype"	"Abundance"	"B1"	27	"B2"	25	0	0	0	0	0	0	337.5	NA	NA	52	"B2"	NA
"s_Roseburia_inulinivorans_sv_714"	"enterotype"	"Abundance"	"B1"	27	"B2"	25	0	0	0	0	0	0	337.5	NA	NA	52	"B2"	NA
"s_Faecalibacterium_longum_sv_715"	"enterotype"	"Abundance"	"B1"	27	"B2"	25	0	0	0	0	0	0	337.5	NA	NA	52	"B2"	NA
"s_Choladousia_sp902363665_sv_717"	"enterotype"	"Abundance"	"B1"	27	"B2"	25	0	0	0	0	0	0	337.5	NA	NA	52	"B2"	NA
"s_Roseburia_inulinivorans_sv_719"	"enterotype"	"Abundance"	"B1"	27	"B2"	25	0	0	0	0	0	0	337.5	NA	NA	52	"B2"	NA
"s_Escherichia_coli_sv_721"	"enterotype"	"Abundance"	"B1"	27	"B2"	25	0	0	0	0	0	0	337.5	NA	NA	52	"B2"	NA
"s_Anaerotignum_faecicola_sv_722"	"enterotype"	"Abundance"	"B1"	27	"B2"	25	0	0	0	0	0	0	337.5	NA	NA	52	"B2"	NA
"s_Roseburia_inulinivorans_sv_723"	"enterotype"	"Abundance"	"B1"	27	"B2"	25	0	0	0	0	0	0	337.5	NA	NA	52	"B2"	NA
"s_Fusicatenibacter_saccharivorans_sv_724"	"enterotype"	"Abundance"	"B1"	27	"B2"	25	0	0	0	0	0	0	337.5	NA	NA	52	"B2"	NA
"s_Anaerostipes_hadrus_sv_726"	"enterotype"	"Abundance"	"B1"	27	"B2"	25	0	0	0	0	0	0	337.5	NA	NA	52	"B2"	NA
"s_Faecalibacterium_duncaniae_sv_728"	"enterotype"	"Abundance"	"B1"	27	"B2"	25	0	0	0	0	0	0	337.5	NA	NA	52	"B2"	NA
"s_Alitiscatomonas_sp900066535_sv_729"	"enterotype"	"Abundance"	"B1"	27	"B2"	25	0	0	0	0	0	0	337.5	NA	NA	52	"B2"	NA
"s_Alitiscatomonas_sp900066535_sv_730"	"enterotype"	"Abundance"	"B1"	27	"B2"	25	0	0	0	0	0	0	337.5	NA	NA	52	"B2"	NA
"s_Agathobaculum_butyriciproducens_sv_733"	"enterotype"	"Abundance"	"B1"	27	"B2"	25	0	0	0	0	0	0	337.5	NA	NA	52	"B2"	NA
"s_Hominilimicola_fabiformis_sv_737"	"enterotype"	"Abundance"	"B1"	27	"B2"	25	0	0	0	0	0	0	337.5	NA	NA	52	"B2"	NA
"s_Dorea_A_longicatena_sv_739"	"enterotype"	"Abundance"	"B1"	27	"B2"	25	0	0	0	0	0	0	337.5	NA	NA	52	"B2"	NA
"s_Anaerostipes_hadrus_sv_740"	"enterotype"	"Abundance"	"B1"	27	"B2"	25	0	0	0	0	0	0	337.5	NA	NA	52	"B2"	NA
"s_Roseburia_inulinivorans_sv_742"	"enterotype"	"Abundance"	"B1"	27	"B2"	25	0	0	0	0	0	0	337.5	NA	NA	52	"B2"	NA
"s_Alitiscatomonas_sp900066535_sv_743"	"enterotype"	"Abundance"	"B1"	27	"B2"	25	0	0	0	0	0	0	337.5	NA	NA	52	"B2"	NA
"s_Hominiventricola_filiformis_sv_744"	"enterotype"	"Abundance"	"B1"	27	"B2"	25	0	0	0	0	0	0	337.5	NA	NA	52	"B2"	NA
"s_Oxalobacter_aliiformigenes_sv_746"	"enterotype"	"Abundance"	"B1"	27	"B2"	25	0	0	0	0	0	0	337.5	NA	NA	52	"B2"	NA
"s_Hominiventricola_sp018223365_sv_747"	"enterotype"	"Abundance"	"B1"	27	"B2"	25	0	0	0	0	0	0	337.5	NA	NA	52	"B2"	NA
"s_Dorea_A_longicatena_sv_748"	"enterotype"	"Abundance"	"B1"	27	"B2"	25	0	0	0	0	0	0	337.5	NA	NA	52	"B2"	NA
"s_Dorea_A_longicatena_sv_749"	"enterotype"	"Abundance"	"B1"	27	"B2"	25	0	0	0	0	0	0	337.5	NA	NA	52	"B2"	NA
"s_Hominilimicola_fabiformis_sv_750"	"enterotype"	"Abundance"	"B1"	27	"B2"	25	0	0	0	0	0	0	337.5	NA	NA	52	"B2"	NA
"s_Choladousia_sp902363665_sv_751"	"enterotype"	"Abundance"	"B1"	27	"B2"	25	0	0	0	0	0	0	337.5	NA	NA	52	"B2"	NA
"s_Roseburia_hominis_sv_756"	"enterotype"	"Abundance"	"B1"	27	"B2"	25	0	0	0	0	0	0	337.5	NA	NA	52	"B2"	NA
"s_Dorea_formicigenerans_sv_758"	"enterotype"	"Abundance"	"B1"	27	"B2"	25	0	0	0	0	0	0	337.5	NA	NA	52	"B2"	NA
"s_Gallintestinimicrobium_propionicum_sv_759"	"enterotype"	"Abundance"	"B1"	27	"B2"	25	0	0	0	0	0	0	337.5	NA	NA	52	"B2"	NA
"s_Gemmiger_qucibialis_sv_760"	"enterotype"	"Abundance"	"B1"	27	"B2"	25	0	0	0	0	0	0	337.5	NA	NA	52	"B2"	NA
"s_Acetatifactor_acetigignens_sv_762"	"enterotype"	"Abundance"	"B1"	27	"B2"	25	0	0	0	0	0	0	337.5	NA	NA	52	"B2"	NA
"s_Alitiscatomonas_sp900066535_sv_765"	"enterotype"	"Abundance"	"B1"	27	"B2"	25	0	0	0	0	0	0	337.5	NA	NA	52	"B2"	NA
"s_Anthropogastromicrobium_aceti_sv_768"	"enterotype"	"Abundance"	"B1"	27	"B2"	25	0	0	0	0	0	0	337.5	NA	NA	52	"B2"	NA
"s_Alitiscatomonas_sp900066055_sv_769"	"enterotype"	"Abundance"	"B1"	27	"B2"	25	0	0	0	0	0	0	337.5	NA	NA	52	"B2"	NA
"s_Gemmiger_qucibialis_sv_773"	"enterotype"	"Abundance"	"B1"	27	"B2"	25	0	0	0	0	0	0	337.5	NA	NA	52	"B2"	NA
"s_Gemmiger_formicilis_sv_775"	"enterotype"	"Abundance"	"B1"	27	"B2"	25	0	0	0	0	0	0	337.5	NA	NA	52	"B2"	NA
"uc_uc_k_sv_776"	"enterotype"	"Abundance"	"B1"	27	"B2"	25	0	0	0	0	0	0	337.5	NA	NA	52	"B2"	NA
"s_Hominiventricola_filiformis_sv_779"	"enterotype"	"Abundance"	"B1"	27	"B2"	25	0	0	0	0	0	0	337.5	NA	NA	52	"B2"	NA
"s_Gemmiger_formicilis_sv_780"	"enterotype"	"Abundance"	"B1"	27	"B2"	25	0	0	0	0	0	0	337.5	NA	NA	52	"B2"	NA
"s_Gemmiger_formicilis_sv_781"	"enterotype"	"Abundance"	"B1"	27	"B2"	25	0	0	0	0	0	0	337.5	NA	NA	52	"B2"	NA
"s_Eubacterium_I_ramulus_sv_782"	"enterotype"	"Abundance"	"B1"	27	"B2"	25	0	0	0	0	0	0	337.5	NA	NA	52	"B2"	NA
"s_Gemmiger_formicilis_sv_784"	"enterotype"	"Abundance"	"B1"	27	"B2"	25	0	0	0	0	0	0	337.5	NA	NA	52	"B2"	NA
"s_Collinsella_aerofaciens_AO_sv_785"	"enterotype"	"Abundance"	"B1"	27	"B2"	25	0	0	0	0	0	0	337.5	NA	NA	52	"B2"	NA
"s_Alitiscatomonas_sp900066535_sv_787"	"enterotype"	"Abundance"	"B1"	27	"B2"	25	0	0	0	0	0	0	337.5	NA	NA	52	"B2"	NA
"s_Anaerostipes_hadrus_sv_791"	"enterotype"	"Abundance"	"B1"	27	"B2"	25	0	0	0	0	0	0	337.5	NA	NA	52	"B2"	NA
"s_Gemmiger_formicilis_sv_800"	"enterotype"	"Abundance"	"B1"	27	"B2"	25	0	0	0	0	0	0	337.5	NA	NA	52	"B2"	NA
"s_Gemmiger_formicilis_sv_804"	"enterotype"	"Abundance"	"B1"	27	"B2"	25	0	0	0	0	0	0	337.5	NA	NA	52	"B2"	NA
"s_Dorea_formicigenerans_sv_808"	"enterotype"	"Abundance"	"B1"	27	"B2"	25	0	0	0	0	0	0	337.5	NA	NA	52	"B2"	NA
"s_Enterocloster_sp001517625_sv_810"	"enterotype"	"Abundance"	"B1"	27	"B2"	25	0	0	0	0	0	0	337.5	NA	NA	52	"B2"	NA
"s_Bifidobacterium_adolescentis_sv_811"	"enterotype"	"Abundance"	"B1"	27	"B2"	25	0	0	0	0	0	0	337.5	NA	NA	52	"B2"	NA
"s_Alitiscatomonas_sp900066535_sv_812"	"enterotype"	"Abundance"	"B1"	27	"B2"	25	0	0	0	0	0	0	337.5	NA	NA	52	"B2"	NA
"s_Choladousia_sp902363665_sv_813"	"enterotype"	"Abundance"	"B1"	27	"B2"	25	0	0	0	0	0	0	337.5	NA	NA	52	"B2"	NA
"s_Gemmiger_sp900540595_sv_816"	"enterotype"	"Abundance"	"B1"	27	"B2"	25	0	0	0	0	0	0	337.5	NA	NA	52	"B2"	NA
"s_Dorea_A_longicatena_sv_817"	"enterotype"	"Abundance"	"B1"	27	"B2"	25	0	0	0	0	0	0	337.5	NA	NA	52	"B2"	NA
"s_Dialister_invisus_sv_818"	"enterotype"	"Abundance"	"B1"	27	"B2"	25	0	0	0	0	0	0	337.5	NA	NA	52	"B2"	NA
"s_Choladousia_sp902363665_sv_819"	"enterotype"	"Abundance"	"B1"	27	"B2"	25	0	0	0	0	0	0	337.5	NA	NA	52	"B2"	NA
"s_Alitiscatomonas_sp900066535_sv_820"	"enterotype"	"Abundance"	"B1"	27	"B2"	25	0	0	0	0	0	0	337.5	NA	NA	52	"B2"	NA
"s_Anaerostipes_hadrus_sv_821"	"enterotype"	"Abundance"	"B1"	27	"B2"	25	0	0	0	0	0	0	337.5	NA	NA	52	"B2"	NA
"s_Blautia_A_faecis_sv_822"	"enterotype"	"Abundance"	"B1"	27	"B2"	25	0	0	0	0	0	0	337.5	NA	NA	52	"B2"	NA
"s_Gallintestinimicrobium_propionicum_sv_823"	"enterotype"	"Abundance"	"B1"	27	"B2"	25	0	0	0	0	0	0	337.5	NA	NA	52	"B2"	NA
"s_Blautia_A_wexlerae_sv_824"	"enterotype"	"Abundance"	"B1"	27	"B2"	25	0	0	0	0	0	0	337.5	NA	NA	52	"B2"	NA
"s_Lachnoclostridium_B_faecipullorum_sv_826"	"enterotype"	"Abundance"	"B1"	27	"B2"	25	0	0	0	0	0	0	337.5	NA	NA	52	"B2"	NA
"s_Blautia_A_fusiformis_sv_829"	"enterotype"	"Abundance"	"B1"	27	"B2"	25	0	0	0	0	0	0	337.5	NA	NA	52	"B2"	NA
"s_Romboutsia_timonensis_sv_830"	"enterotype"	"Abundance"	"B1"	27	"B2"	25	0	0	0	0	0	0	337.5	NA	NA	52	"B2"	NA
"s_Acetatifactor_acetigignens_sv_831"	"enterotype"	"Abundance"	"B1"	27	"B2"	25	0	0	0	0	0	0	337.5	NA	NA	52	"B2"	NA
"uc_uc_k_sv_833"	"enterotype"	"Abundance"	"B1"	27	"B2"	25	0	0	0	0	0	0	337.5	NA	NA	52	"B2"	NA
"s_CAG-302_sp001916775_sv_834"	"enterotype"	"Abundance"	"B1"	27	"B2"	25	0	0	0	0	0	0	337.5	NA	NA	52	"B2"	NA
"uc_uc_k_sv_836"	"enterotype"	"Abundance"	"B1"	27	"B2"	25	0	0	0	0	0	0	337.5	NA	NA	52	"B2"	NA
"s_Blautia_A_sp900066335_sv_837"	"enterotype"	"Abundance"	"B1"	27	"B2"	25	0	0	0	0	0	0	337.5	NA	NA	52	"B2"	NA
"s_Gemmiger_qucibialis_sv_839"	"enterotype"	"Abundance"	"B1"	27	"B2"	25	0	0	0	0	0	0	337.5	NA	NA	52	"B2"	NA
"s_Faecalibacterium_duncaniae_sv_840"	"enterotype"	"Abundance"	"B1"	27	"B2"	25	0	0	0	0	0	0	337.5	NA	NA	52	"B2"	NA
"s_Gallintestinimicrobium_propionicum_sv_841"	"enterotype"	"Abundance"	"B1"	27	"B2"	25	0	0	0	0	0	0	337.5	NA	NA	52	"B2"	NA
"s_Fusicatenibacter_saccharivorans_sv_842"	"enterotype"	"Abundance"	"B1"	27	"B2"	25	0	0	0	0	0	0	337.5	NA	NA	52	"B2"	NA
"uc_uc_k_sv_844"	"enterotype"	"Abundance"	"B1"	27	"B2"	25	0	0	0	0	0	0	337.5	NA	NA	52	"B2"	NA
"s_Dorea_D_hominis_sv_847"	"enterotype"	"Abundance"	"B1"	27	"B2"	25	0	0	0	0	0	0	337.5	NA	NA	52	"B2"	NA
"s_Acetatifactor_intestinalis_sv_849"	"enterotype"	"Abundance"	"B1"	27	"B2"	25	0	0	0	0	0	0	337.5	NA	NA	52	"B2"	NA
"s_Lachnoclostridium_B_faecipullorum_sv_850"	"enterotype"	"Abundance"	"B1"	27	"B2"	25	0	0	0	0	0	0	337.5	NA	NA	52	"B2"	NA
"s_Sarcina_perfringens_sv_851"	"enterotype"	"Abundance"	"B1"	27	"B2"	25	0	0	0	0	0	0	337.5	NA	NA	52	"B2"	NA
"uc_uc_k_sv_855"	"enterotype"	"Abundance"	"B1"	27	"B2"	25	0	0	0	0	0	0	337.5	NA	NA	52	"B2"	NA
"s_Mediterraneibacter_lactaris_sv_856"	"enterotype"	"Abundance"	"B1"	27	"B2"	25	0	0	0	0	0	0	337.5	NA	NA	52	"B2"	NA
"s_Anthropogastromicrobium_aceti_sv_857"	"enterotype"	"Abundance"	"B1"	27	"B2"	25	0	0	0	0	0	0	337.5	NA	NA	52	"B2"	NA
"s_Streptococcus_mutans_sv_858"	"enterotype"	"Abundance"	"B1"	27	"B2"	25	0	0	0	0	0	0	337.5	NA	NA	52	"B2"	NA
"s_Blautia_A_wexlerae_sv_862"	"enterotype"	"Abundance"	"B1"	27	"B2"	25	0	0	0	0	0	0	337.5	NA	NA	52	"B2"	NA
"s_Blautia_A_faecis_sv_864"	"enterotype"	"Abundance"	"B1"	27	"B2"	25	0	0	0	0	0	0	337.5	NA	NA	52	"B2"	NA
"s_Blautia_A_faecis_sv_865"	"enterotype"	"Abundance"	"B1"	27	"B2"	25	0	0	0	0	0	0	337.5	NA	NA	52	"B2"	NA
"s_Blautia_A_wexlerae_sv_866"	"enterotype"	"Abundance"	"B1"	27	"B2"	25	0	0	0	0	0	0	337.5	NA	NA	52	"B2"	NA
"s_Streptococcus_parasanguinis_sv_868"	"enterotype"	"Abundance"	"B1"	27	"B2"	25	0	0	0	0	0	0	337.5	NA	NA	52	"B2"	NA
"uc_uc_k_sv_871"	"enterotype"	"Abundance"	"B1"	27	"B2"	25	0	0	0	0	0	0	337.5	NA	NA	52	"B2"	NA
"s_Faecalibacterium_duncaniae_sv_872"	"enterotype"	"Abundance"	"B1"	27	"B2"	25	0	0	0	0	0	0	337.5	NA	NA	52	"B2"	NA
"s_Blautia_A_faecis_sv_873"	"enterotype"	"Abundance"	"B1"	27	"B2"	25	0	0	0	0	0	0	337.5	NA	NA	52	"B2"	NA
"s_Blautia_A_faecis_sv_874"	"enterotype"	"Abundance"	"B1"	27	"B2"	25	0	0	0	0	0	0	337.5	NA	NA	52	"B2"	NA
"s_Enterococcus_D_casseliflavus_sv_876"	"enterotype"	"Abundance"	"B1"	27	"B2"	25	0	0	0	0	0	0	337.5	NA	NA	52	"B2"	NA
"s_Streptococcus_parasanguinis_R_sv_878"	"enterotype"	"Abundance"	"B1"	27	"B2"	25	0	0	0	0	0	0	337.5	NA	NA	52	"B2"	NA
"s_Faecalibacterium_longum_sv_880"	"enterotype"	"Abundance"	"B1"	27	"B2"	25	0	0	0	0	0	0	337.5	NA	NA	52	"B2"	NA
"s_Acetatifactor_acetigignens_sv_881"	"enterotype"	"Abundance"	"B1"	27	"B2"	25	0	0	0	0	0	0	337.5	NA	NA	52	"B2"	NA
"s_Dorea_D_hominis_sv_882"	"enterotype"	"Abundance"	"B1"	27	"B2"	25	0	0	0	0	0	0	337.5	NA	NA	52	"B2"	NA
"s_Blautia_A_faecis_sv_883"	"enterotype"	"Abundance"	"B1"	27	"B2"	25	0	0	0	0	0	0	337.5	NA	NA	52	"B2"	NA
"s_Blautia_A_faecis_sv_884"	"enterotype"	"Abundance"	"B1"	27	"B2"	25	0	0	0	0	0	0	337.5	NA	NA	52	"B2"	NA
"s_Choladousia_sp902363665_sv_887"	"enterotype"	"Abundance"	"B1"	27	"B2"	25	0	0	0	0	0	0	337.5	NA	NA	52	"B2"	NA
"uc_uc_k_sv_889"	"enterotype"	"Abundance"	"B1"	27	"B2"	25	0	0	0	0	0	0	337.5	NA	NA	52	"B2"	NA
"s_CAG-302_sp001916775_sv_890"	"enterotype"	"Abundance"	"B1"	27	"B2"	25	0	0	0	0	0	0	337.5	NA	NA	52	"B2"	NA
"s_Mediterraneibacter_faecis_sv_892"	"enterotype"	"Abundance"	"B1"	27	"B2"	25	0	0	0	0	0	0	337.5	NA	NA	52	"B2"	NA
"s_Bifidobacterium_longum_sv_893"	"enterotype"	"Abundance"	"B1"	27	"B2"	25	0	0	0	0	0	0	337.5	NA	NA	52	"B2"	NA
"s_Roseburia_hominis_sv_897"	"enterotype"	"Abundance"	"B1"	27	"B2"	25	0	0	0	0	0	0	337.5	NA	NA	52	"B2"	NA
"s_Blautia_A_wexlerae_sv_898"	"enterotype"	"Abundance"	"B1"	27	"B2"	25	0	0	0	0	0	0	337.5	NA	NA	52	"B2"	NA
"s_Escherichia_coli_sv_899"	"enterotype"	"Abundance"	"B1"	27	"B2"	25	0	0	0	0	0	0	337.5	NA	NA	52	"B2"	NA
"s_Bariatricus_comes_sv_901"	"enterotype"	"Abundance"	"B1"	27	"B2"	25	0	0	0	0	0	0	337.5	NA	NA	52	"B2"	NA
"s_Negativibacillus_massiliensis_sv_902"	"enterotype"	"Abundance"	"B1"	27	"B2"	25	0	0	0	0	0	0	337.5	NA	NA	52	"B2"	NA
"s_CAG-302_sp001916775_sv_903"	"enterotype"	"Abundance"	"B1"	27	"B2"	25	0	0	0	0	0	0	337.5	NA	NA	52	"B2"	NA
"s_Faecalibacterium_sp900539945_sv_904"	"enterotype"	"Abundance"	"B1"	27	"B2"	25	0	0	0	0	0	0	337.5	NA	NA	52	"B2"	NA
"s_Dialister_invisus_sv_906"	"enterotype"	"Abundance"	"B1"	27	"B2"	25	0	0	0	0	0	0	337.5	NA	NA	52	"B2"	NA
"uc_uc_k_sv_908"	"enterotype"	"Abundance"	"B1"	27	"B2"	25	0	0	0	0	0	0	337.5	NA	NA	52	"B2"	NA
"s_Anaerostipes_hadrus_sv_912"	"enterotype"	"Abundance"	"B1"	27	"B2"	25	0	0	0	0	0	0	337.5	NA	NA	52	"B2"	NA
"s_Limivivens_faecihominis_sv_913"	"enterotype"	"Abundance"	"B1"	27	"B2"	25	0	0	0	0	0	0	337.5	NA	NA	52	"B2"	NA
"s_Gallintestinimicrobium_propionicum_sv_914"	"enterotype"	"Abundance"	"B1"	27	"B2"	25	0	0	0	0	0	0	337.5	NA	NA	52	"B2"	NA
"s_Blautia_A_fusiformis_sv_915"	"enterotype"	"Abundance"	"B1"	27	"B2"	25	0	0	0	0	0	0	337.5	NA	NA	52	"B2"	NA
"s_Blautia_A_wexlerae_sv_916"	"enterotype"	"Abundance"	"B1"	27	"B2"	25	0	0	0	0	0	0	337.5	NA	NA	52	"B2"	NA
"s_Bariatricus_comes_sv_917"	"enterotype"	"Abundance"	"B1"	27	"B2"	25	0	0	0	0	0	0	337.5	NA	NA	52	"B2"	NA
"s_Anaerostipes_hadrus_sv_920"	"enterotype"	"Abundance"	"B1"	27	"B2"	25	0	0	0	0	0	0	337.5	NA	NA	52	"B2"	NA
"s_Oliverpabstia_faecicola_sv_921"	"enterotype"	"Abundance"	"B1"	27	"B2"	25	0	0	0	0	0	0	337.5	NA	NA	52	"B2"	NA
"s_Agathobaculum_hominis_sv_922"	"enterotype"	"Abundance"	"B1"	27	"B2"	25	0	0	0	0	0	0	337.5	NA	NA	52	"B2"	NA
"s_Gemmiger_qucibialis_sv_923"	"enterotype"	"Abundance"	"B1"	27	"B2"	25	0	0	0	0	0	0	337.5	NA	NA	52	"B2"	NA
"s_Fusicatenibacter_saccharivorans_sv_925"	"enterotype"	"Abundance"	"B1"	27	"B2"	25	0	0	0	0	0	0	337.5	NA	NA	52	"B2"	NA
"s_Blautia_A_acetigignens_sv_926"	"enterotype"	"Abundance"	"B1"	27	"B2"	25	0	0	0	0	0	0	337.5	NA	NA	52	"B2"	NA
"s_Faecalibacterium_prausnitzii_J_sv_927"	"enterotype"	"Abundance"	"B1"	27	"B2"	25	0	0	0	0	0	0	337.5	NA	NA	52	"B2"	NA
"s_Anaerostipes_hadrus_sv_929"	"enterotype"	"Abundance"	"B1"	27	"B2"	25	0	0	0	0	0	0	337.5	NA	NA	52	"B2"	NA
"s_Streptococcus_sp902363395_sv_931"	"enterotype"	"Abundance"	"B1"	27	"B2"	25	0	0	0	0	0	0	337.5	NA	NA	52	"B2"	NA
"s_Bariatricus_comes_sv_933"	"enterotype"	"Abundance"	"B1"	27	"B2"	25	0	0	0	0	0	0	337.5	NA	NA	52	"B2"	NA
"s_Faecalibacterium_prausnitzii_D_sv_934"	"enterotype"	"Abundance"	"B1"	27	"B2"	25	0	0	0	0	0	0	337.5	NA	NA	52	"B2"	NA
"s_Limivivens_faecihominis_sv_935"	"enterotype"	"Abundance"	"B1"	27	"B2"	25	0	0	0	0	0	0	337.5	NA	NA	52	"B2"	NA
"uc_uc_k_sv_937"	"enterotype"	"Abundance"	"B1"	27	"B2"	25	0	0	0	0	0	0	337.5	NA	NA	52	"B2"	NA
"s_Blautia_A_sp900066335_sv_938"	"enterotype"	"Abundance"	"B1"	27	"B2"	25	0	0	0	0	0	0	337.5	NA	NA	52	"B2"	NA
"uc_uc_k_sv_941"	"enterotype"	"Abundance"	"B1"	27	"B2"	25	0	0	0	0	0	0	337.5	NA	NA	52	"B2"	NA
"s_Enterocloster_sp001517625_sv_943"	"enterotype"	"Abundance"	"B1"	27	"B2"	25	0	0	0	0	0	0	337.5	NA	NA	52	"B2"	NA
"s_Anthropogastromicrobium_aceti_sv_945"	"enterotype"	"Abundance"	"B1"	27	"B2"	25	0	0	0	0	0	0	337.5	NA	NA	52	"B2"	NA
"s_Blautia_A_sp900066205_sv_948"	"enterotype"	"Abundance"	"B1"	27	"B2"	25	0	0	0	0	0	0	337.5	NA	NA	52	"B2"	NA
"s_Ruminococcus_E_bromii_B_sv_949"	"enterotype"	"Abundance"	"B1"	27	"B2"	25	0	0	0	0	0	0	337.5	NA	NA	52	"B2"	NA
"s_Fusicatenibacter_saccharivorans_sv_952"	"enterotype"	"Abundance"	"B1"	27	"B2"	25	0	0	0	0	0	0	337.5	NA	NA	52	"B2"	NA
"s_Faecalibacterium_prausnitzii_D_sv_953"	"enterotype"	"Abundance"	"B1"	27	"B2"	25	0	0	0	0	0	0	337.5	NA	NA	52	"B2"	NA
"uc_uc_k_sv_956"	"enterotype"	"Abundance"	"B1"	27	"B2"	25	0	0	0	0	0	0	337.5	NA	NA	52	"B2"	NA
"s_Blautia_A_wexlerae_sv_959"	"enterotype"	"Abundance"	"B1"	27	"B2"	25	0	0	0	0	0	0	337.5	NA	NA	52	"B2"	NA
"s_Roseburia_hominis_sv_960"	"enterotype"	"Abundance"	"B1"	27	"B2"	25	0	0	0	0	0	0	337.5	NA	NA	52	"B2"	NA
"s_Blautia_A_difficilis_sv_961"	"enterotype"	"Abundance"	"B1"	27	"B2"	25	0	0	0	0	0	0	337.5	NA	NA	52	"B2"	NA
"s_Mediterraneibacter_faecis_sv_962"	"enterotype"	"Abundance"	"B1"	27	"B2"	25	0	0	0	0	0	0	337.5	NA	NA	52	"B2"	NA
"s_Lachnoclostridium_B_ammoniilytica_sv_963"	"enterotype"	"Abundance"	"B1"	27	"B2"	25	0	0	0	0	0	0	337.5	NA	NA	52	"B2"	NA
"s_Fusicatenibacter_saccharivorans_sv_964"	"enterotype"	"Abundance"	"B1"	27	"B2"	25	0	0	0	0	0	0	337.5	NA	NA	52	"B2"	NA
"s_Bariatricus_comes_sv_967"	"enterotype"	"Abundance"	"B1"	27	"B2"	25	0	0	0	0	0	0	337.5	NA	NA	52	"B2"	NA
"s_Clostridium_lentum_sv_968"	"enterotype"	"Abundance"	"B1"	27	"B2"	25	0	0	0	0	0	0	337.5	NA	NA	52	"B2"	NA
"s_Dysosmobacter_sp900115635_sv_969"	"enterotype"	"Abundance"	"B1"	27	"B2"	25	0	0	0	0	0	0	337.5	NA	NA	52	"B2"	NA
"s_Dialister_invisus_sv_971"	"enterotype"	"Abundance"	"B1"	27	"B2"	25	0	0	0	0	0	0	337.5	NA	NA	52	"B2"	NA
"s_Blautia_A_fusiformis_sv_972"	"enterotype"	"Abundance"	"B1"	27	"B2"	25	0	0	0	0	0	0	337.5	NA	NA	52	"B2"	NA
"s_Fusicatenibacter_saccharivorans_sv_973"	"enterotype"	"Abundance"	"B1"	27	"B2"	25	0	0	0	0	0	0	337.5	NA	NA	52	"B2"	NA
"s_Bariatricus_comes_sv_974"	"enterotype"	"Abundance"	"B1"	27	"B2"	25	0	0	0	0	0	0	337.5	NA	NA	52	"B2"	NA
"s_Blautia_A_wexlerae_sv_975"	"enterotype"	"Abundance"	"B1"	27	"B2"	25	0	0	0	0	0	0	337.5	NA	NA	52	"B2"	NA
"s_Phocaeicola_vulgatus_sv_976"	"enterotype"	"Abundance"	"B1"	27	"B2"	25	0	0	0	0	0	0	337.5	NA	NA	52	"B2"	NA
"s_Adlercreutzia_equolifaciens_sv_978"	"enterotype"	"Abundance"	"B1"	27	"B2"	25	0	0	0	0	0	0	337.5	NA	NA	52	"B2"	NA
"s_Coprococcus_aceti_sv_979"	"enterotype"	"Abundance"	"B1"	27	"B2"	25	0	0	0	0	0	0	337.5	NA	NA	52	"B2"	NA
"s_Blautia_A_fusiformis_sv_980"	"enterotype"	"Abundance"	"B1"	27	"B2"	25	0	0	0	0	0	0	337.5	NA	NA	52	"B2"	NA
"s_Faecalibacterium_duncaniae_sv_982"	"enterotype"	"Abundance"	"B1"	27	"B2"	25	0	0	0	0	0	0	337.5	NA	NA	52	"B2"	NA
"s_Coprococcus_aceti_sv_983"	"enterotype"	"Abundance"	"B1"	27	"B2"	25	0	0	0	0	0	0	337.5	NA	NA	52	"B2"	NA
"s_Dorea_D_hominis_sv_985"	"enterotype"	"Abundance"	"B1"	27	"B2"	25	0	0	0	0	0	0	337.5	NA	NA	52	"B2"	NA
"s_Hominiventricola_sp003480725_sv_986"	"enterotype"	"Abundance"	"B1"	27	"B2"	25	0	0	0	0	0	0	337.5	NA	NA	52	"B2"	NA
"s_CAG-302_sp001916775_sv_989"	"enterotype"	"Abundance"	"B1"	27	"B2"	25	0	0	0	0	0	0	337.5	NA	NA	52	"B2"	NA
"s_Blautia_A_fusiformis_sv_991"	"enterotype"	"Abundance"	"B1"	27	"B2"	25	0	0	0	0	0	0	337.5	NA	NA	52	"B2"	NA
"s_Thomasclavelia_spiroformis_sv_992"	"enterotype"	"Abundance"	"B1"	27	"B2"	25	0	0	0	0	0	0	337.5	NA	NA	52	"B2"	NA
"s_Dorea_formicigenerans_sv_993"	"enterotype"	"Abundance"	"B1"	27	"B2"	25	0	0	0	0	0	0	337.5	NA	NA	52	"B2"	NA
"s_CAG-302_sp001916775_sv_995"	"enterotype"	"Abundance"	"B1"	27	"B2"	25	0	0	0	0	0	0	337.5	NA	NA	52	"B2"	NA
"s_CAG-302_sp001916775_sv_996"	"enterotype"	"Abundance"	"B1"	27	"B2"	25	0	0	0	0	0	0	337.5	NA	NA	52	"B2"	NA
"s_Agathobacter_rectalis_sv_998"	"enterotype"	"Abundance"	"B1"	27	"B2"	25	0	0	0	0	0	0	337.5	NA	NA	52	"B2"	NA
"s_Coprococcus_aceti_sv_1000"	"enterotype"	"Abundance"	"B1"	27	"B2"	25	0	0	0	0	0	0	337.5	NA	NA	52	"B2"	NA
"s_Bariatricus_comes_sv_1003"	"enterotype"	"Abundance"	"B1"	27	"B2"	25	0	0	0	0	0	0	337.5	NA	NA	52	"B2"	NA
"s_Acetatifactor_intestinalis_sv_1004"	"enterotype"	"Abundance"	"B1"	27	"B2"	25	0	0	0	0	0	0	337.5	NA	NA	52	"B2"	NA
"uc_uc_k_sv_1007"	"enterotype"	"Abundance"	"B1"	27	"B2"	25	0	0	0	0	0	0	337.5	NA	NA	52	"B2"	NA
"s_Roseburia_inulinivorans_sv_1009"	"enterotype"	"Abundance"	"B1"	27	"B2"	25	0	0	0	0	0	0	337.5	NA	NA	52	"B2"	NA
"s_Blautia_A_obeum_sv_1011"	"enterotype"	"Abundance"	"B1"	27	"B2"	25	0	0	0	0	0	0	337.5	NA	NA	52	"B2"	NA
"uc_uc_k_sv_1012"	"enterotype"	"Abundance"	"B1"	27	"B2"	25	0	0	0	0	0	0	337.5	NA	NA	52	"B2"	NA
"s_Intestinibacter_bartlettii_sv_1013"	"enterotype"	"Abundance"	"B1"	27	"B2"	25	0	0	0	0	0	0	337.5	NA	NA	52	"B2"	NA
"s_Phocaeicola_vulgatus_sv_1014"	"enterotype"	"Abundance"	"B1"	27	"B2"	25	0	0	0	0	0	0	337.5	NA	NA	52	"B2"	NA
"s_Fusicatenibacter_saccharivorans_sv_1017"	"enterotype"	"Abundance"	"B1"	27	"B2"	25	0	0	0	0	0	0	337.5	NA	NA	52	"B2"	NA
"uc_uc_k_sv_1019"	"enterotype"	"Abundance"	"B1"	27	"B2"	25	0	0	0	0	0	0	337.5	NA	NA	52	"B2"	NA
"s_Anthropogastromicrobium_aceti_sv_1020"	"enterotype"	"Abundance"	"B1"	27	"B2"	25	0	0	0	0	0	0	337.5	NA	NA	52	"B2"	NA
"uc_g_Streptococcus_sv_1021"	"enterotype"	"Abundance"	"B1"	27	"B2"	25	0	0	0	0	0	0	337.5	NA	NA	52	"B2"	NA
"s_Dorea_D_hominis_sv_1022"	"enterotype"	"Abundance"	"B1"	27	"B2"	25	0	0	0	0	0	0	337.5	NA	NA	52	"B2"	NA
"s_Faecalibacillus_faecis_sv_1023"	"enterotype"	"Abundance"	"B1"	27	"B2"	25	0	0	0	0	0	0	337.5	NA	NA	52	"B2"	NA
"s_Blautia_A_sp900066335_sv_1024"	"enterotype"	"Abundance"	"B1"	27	"B2"	25	0	0	0	0	0	0	337.5	NA	NA	52	"B2"	NA
"s_Hominimerdicola_aceti_sv_1026"	"enterotype"	"Abundance"	"B1"	27	"B2"	25	0	0	0	0	0	0	337.5	NA	NA	52	"B2"	NA
"s_Clostridium_saudiense_sv_1027"	"enterotype"	"Abundance"	"B1"	27	"B2"	25	0	0	0	0	0	0	337.5	NA	NA	52	"B2"	NA
"s_CAG-302_sp001916775_sv_1028"	"enterotype"	"Abundance"	"B1"	27	"B2"	25	0	0	0	0	0	0	337.5	NA	NA	52	"B2"	NA
"s_Mediterraneibacter_faecis_sv_1029"	"enterotype"	"Abundance"	"B1"	27	"B2"	25	0	0	0	0	0	0	337.5	NA	NA	52	"B2"	NA
"s_Ruminococcus_B_gnavus_sv_1030"	"enterotype"	"Abundance"	"B1"	27	"B2"	25	0	0	0	0	0	0	337.5	NA	NA	52	"B2"	NA
"s_Roseburia_B_zhanii_sv_1032"	"enterotype"	"Abundance"	"B1"	27	"B2"	25	0	0	0	0	0	0	337.5	NA	NA	52	"B2"	NA
"uc_uc_k_sv_1033"	"enterotype"	"Abundance"	"B1"	27	"B2"	25	0	0	0	0	0	0	337.5	NA	NA	52	"B2"	NA
"s_Blautia_A_intestinalis_sv_1034"	"enterotype"	"Abundance"	"B1"	27	"B2"	25	0	0	0	0	0	0	337.5	NA	NA	52	"B2"	NA
"s_Lactiplantibacillus_plantarum_sv_1036"	"enterotype"	"Abundance"	"B1"	27	"B2"	25	0	0	0	0	0	0	337.5	NA	NA	52	"B2"	NA
"s_Alistipes_A_hominis_sv_1038"	"enterotype"	"Abundance"	"B1"	27	"B2"	25	0	0	0	0	0	0	337.5	NA	NA	52	"B2"	NA
"s_Faecalibacterium_sp900539945_sv_1039"	"enterotype"	"Abundance"	"B1"	27	"B2"	25	0	0	0	0	0	0	337.5	NA	NA	52	"B2"	NA
"s_Blautia_A_sp900066335_sv_1040"	"enterotype"	"Abundance"	"B1"	27	"B2"	25	0	0	0	0	0	0	337.5	NA	NA	52	"B2"	NA
"s_Faecalibacterium_prausnitzii_D_sv_1041"	"enterotype"	"Abundance"	"B1"	27	"B2"	25	0	0	0	0	0	0	337.5	NA	NA	52	"B2"	NA
"s_CAG-302_sp934162325_sv_1042"	"enterotype"	"Abundance"	"B1"	27	"B2"	25	0	0	0	0	0	0	337.5	NA	NA	52	"B2"	NA
"s_Agathobaculum_sp900544475_sv_1043"	"enterotype"	"Abundance"	"B1"	27	"B2"	25	0	0	0	0	0	0	337.5	NA	NA	52	"B2"	NA
"s_Dorea_D_hominis_sv_1045"	"enterotype"	"Abundance"	"B1"	27	"B2"	25	0	0	0	0	0	0	337.5	NA	NA	52	"B2"	NA
"s_Faecalibacterium_sp900539945_sv_1049"	"enterotype"	"Abundance"	"B1"	27	"B2"	25	0	0	0	0	0	0	337.5	NA	NA	52	"B2"	NA
"s_Acetatifactor_acetigignens_sv_1050"	"enterotype"	"Abundance"	"B1"	27	"B2"	25	0	0	0	0	0	0	337.5	NA	NA	52	"B2"	NA
"s_Blautia_A_obeum_sv_1051"	"enterotype"	"Abundance"	"B1"	27	"B2"	25	0	0	0	0	0	0	337.5	NA	NA	52	"B2"	NA
"s_Choladousia_sp902363665_sv_1052"	"enterotype"	"Abundance"	"B1"	27	"B2"	25	0	0	0	0	0	0	337.5	NA	NA	52	"B2"	NA
"s_Gallintestinimicrobium_propionicum_sv_1053"	"enterotype"	"Abundance"	"B1"	27	"B2"	25	0	0	0	0	0	0	337.5	NA	NA	52	"B2"	NA
"s_Gallintestinimicrobium_propionicum_sv_1054"	"enterotype"	"Abundance"	"B1"	27	"B2"	25	0	0	0	0	0	0	337.5	NA	NA	52	"B2"	NA
"s_Blautia_A_sp900120195_sv_1055"	"enterotype"	"Abundance"	"B1"	27	"B2"	25	0	0	0	0	0	0	337.5	NA	NA	52	"B2"	NA
"s_Hominimerdicola_aceti_sv_1056"	"enterotype"	"Abundance"	"B1"	27	"B2"	25	0	0	0	0	0	0	337.5	NA	NA	52	"B2"	NA
"s_Romboutsia_timonensis_sv_1057"	"enterotype"	"Abundance"	"B1"	27	"B2"	25	0	0	0	0	0	0	337.5	NA	NA	52	"B2"	NA
"s_CAG-302_sp001916775_sv_1058"	"enterotype"	"Abundance"	"B1"	27	"B2"	25	0	0	0	0	0	0	337.5	NA	NA	52	"B2"	NA
"s_Turicibacter_bilis_sv_1059"	"enterotype"	"Abundance"	"B1"	27	"B2"	25	0	0	0	0	0	0	337.5	NA	NA	52	"B2"	NA
"s_Wujia_chipingensis_sv_1063"	"enterotype"	"Abundance"	"B1"	27	"B2"	25	0	0	0	0	0	0	337.5	NA	NA	52	"B2"	NA
"s_Faecalibacterium_prausnitzii_D_sv_1064"	"enterotype"	"Abundance"	"B1"	27	"B2"	25	0	0	0	0	0	0	337.5	NA	NA	52	"B2"	NA
"s_Blautia_A_intestinalis_sv_1065"	"enterotype"	"Abundance"	"B1"	27	"B2"	25	0	0	0	0	0	0	337.5	NA	NA	52	"B2"	NA
"s_Lachnoclostridium_B_ammoniilytica_sv_1066"	"enterotype"	"Abundance"	"B1"	27	"B2"	25	0	0	0	0	0	0	337.5	NA	NA	52	"B2"	NA
"s_Otoolea_symbiosa_sv_1068"	"enterotype"	"Abundance"	"B1"	27	"B2"	25	0	0	0	0	0	0	337.5	NA	NA	52	"B2"	NA
"s_Alitiscatomonas_sp900066055_sv_1070"	"enterotype"	"Abundance"	"B1"	27	"B2"	25	0	0	0	0	0	0	337.5	NA	NA	52	"B2"	NA
"s_Mediterraneibacter_lactaris_sv_1071"	"enterotype"	"Abundance"	"B1"	27	"B2"	25	0	0	0	0	0	0	337.5	NA	NA	52	"B2"	NA
"s_Roseburia_inulinivorans_sv_1072"	"enterotype"	"Abundance"	"B1"	27	"B2"	25	0	0	0	0	0	0	337.5	NA	NA	52	"B2"	NA
"s_Blautia_A_sp900066205_sv_1078"	"enterotype"	"Abundance"	"B1"	27	"B2"	25	0	0	0	0	0	0	337.5	NA	NA	52	"B2"	NA
"s_Dorea_formicigenerans_sv_1079"	"enterotype"	"Abundance"	"B1"	27	"B2"	25	0	0	0	0	0	0	337.5	NA	NA	52	"B2"	NA
"s_Dysosmobacter_sp900115635_sv_1081"	"enterotype"	"Abundance"	"B1"	27	"B2"	25	0	0	0	0	0	0	337.5	NA	NA	52	"B2"	NA
"s_Fusicatenibacter_saccharivorans_sv_1083"	"enterotype"	"Abundance"	"B1"	27	"B2"	25	0	0	0	0	0	0	337.5	NA	NA	52	"B2"	NA
"s_Anaerostipes_hadrus_sv_1084"	"enterotype"	"Abundance"	"B1"	27	"B2"	25	0	0	0	0	0	0	337.5	NA	NA	52	"B2"	NA
"s_CAG-302_sp001916775_sv_1085"	"enterotype"	"Abundance"	"B1"	27	"B2"	25	0	0	0	0	0	0	337.5	NA	NA	52	"B2"	NA
"s_Agathobaculum_butyriciproducens_sv_1087"	"enterotype"	"Abundance"	"B1"	27	"B2"	25	0	0	0	0	0	0	337.5	NA	NA	52	"B2"	NA
"s_Blautia_A_fusiformis_sv_1088"	"enterotype"	"Abundance"	"B1"	27	"B2"	25	0	0	0	0	0	0	337.5	NA	NA	52	"B2"	NA
"s_Mediterraneibacter_lactaris_sv_1089"	"enterotype"	"Abundance"	"B1"	27	"B2"	25	0	0	0	0	0	0	337.5	NA	NA	52	"B2"	NA
"s_Blautia_A_sp900066335_sv_1090"	"enterotype"	"Abundance"	"B1"	27	"B2"	25	0	0	0	0	0	0	337.5	NA	NA	52	"B2"	NA
"s_Anthropogastromicrobium_aceti_sv_1092"	"enterotype"	"Abundance"	"B1"	27	"B2"	25	0	0	0	0	0	0	337.5	NA	NA	52	"B2"	NA
"s_Allocoprobacillus_merdigallinarum_sv_1093"	"enterotype"	"Abundance"	"B1"	27	"B2"	25	0	0	0	0	0	0	337.5	NA	NA	52	"B2"	NA
"s_Negativibacillus_massiliensis_sv_1094"	"enterotype"	"Abundance"	"B1"	27	"B2"	25	0	0	0	0	0	0	337.5	NA	NA	52	"B2"	NA
"s_Enterobacter_hoffmannii_sv_1095"	"enterotype"	"Abundance"	"B1"	27	"B2"	25	0	0	0	0	0	0	337.5	NA	NA	52	"B2"	NA
"s_Blautia_A_acetigignens_sv_1096"	"enterotype"	"Abundance"	"B1"	27	"B2"	25	0	0	0	0	0	0	337.5	NA	NA	52	"B2"	NA
"s_Bifidobacterium_longum_sv_1097"	"enterotype"	"Abundance"	"B1"	27	"B2"	25	0	0	0	0	0	0	337.5	NA	NA	52	"B2"	NA
"s_Choladousia_sp902363665_sv_1099"	"enterotype"	"Abundance"	"B1"	27	"B2"	25	0	0	0	0	0	0	337.5	NA	NA	52	"B2"	NA
"s_Faecalibacterium_prausnitzii_sv_1100"	"enterotype"	"Abundance"	"B1"	27	"B2"	25	0	0	0	0	0	0	337.5	NA	NA	52	"B2"	NA
"s_Anthropogastromicrobium_aceti_sv_1101"	"enterotype"	"Abundance"	"B1"	27	"B2"	25	0	0	0	0	0	0	337.5	NA	NA	52	"B2"	NA
"s_Roseburia_inulinivorans_sv_1102"	"enterotype"	"Abundance"	"B1"	27	"B2"	25	0	0	0	0	0	0	337.5	NA	NA	52	"B2"	NA
"s_Cryptobacteroides_sp004554455_sv_1103"	"enterotype"	"Abundance"	"B1"	27	"B2"	25	0	0	0	0	0	0	337.5	NA	NA	52	"B2"	NA
"s_Roseburia_intestinalis_sv_1104"	"enterotype"	"Abundance"	"B1"	27	"B2"	25	0	0	0	0	0	0	337.5	NA	NA	52	"B2"	NA
"s_Brotaphodocola_sp003478505_sv_1106"	"enterotype"	"Abundance"	"B1"	27	"B2"	25	0	0	0	0	0	0	337.5	NA	NA	52	"B2"	NA
"s_Choladousia_sp902363665_sv_1107"	"enterotype"	"Abundance"	"B1"	27	"B2"	25	0	0	0	0	0	0	337.5	NA	NA	52	"B2"	NA
"s_Anaerotardibacter_sp000436075_sv_1108"	"enterotype"	"Abundance"	"B1"	27	"B2"	25	0	0	0	0	0	0	337.5	NA	NA	52	"B2"	NA
"s_Roseburia_inulinivorans_sv_1111"	"enterotype"	"Abundance"	"B1"	27	"B2"	25	0	0	0	0	0	0	337.5	NA	NA	52	"B2"	NA
"s_Mediterraneibacter_lactaris_sv_1112"	"enterotype"	"Abundance"	"B1"	27	"B2"	25	0	0	0	0	0	0	337.5	NA	NA	52	"B2"	NA
"s_Ruminococcus_E_bromii_B_sv_1114"	"enterotype"	"Abundance"	"B1"	27	"B2"	25	0	0	0	0	0	0	337.5	NA	NA	52	"B2"	NA
"s_Faecalibacterium_sp900539945_sv_1115"	"enterotype"	"Abundance"	"B1"	27	"B2"	25	0	0	0	0	0	0	337.5	NA	NA	52	"B2"	NA
"s_Romboutsia_timonensis_sv_1116"	"enterotype"	"Abundance"	"B1"	27	"B2"	25	0	0	0	0	0	0	337.5	NA	NA	52	"B2"	NA
"s_Blautia_A_wexlerae_sv_1117"	"enterotype"	"Abundance"	"B1"	27	"B2"	25	0	0	0	0	0	0	337.5	NA	NA	52	"B2"	NA
"s_Hominiventricola_sp003480725_sv_1118"	"enterotype"	"Abundance"	"B1"	27	"B2"	25	0	0	0	0	0	0	337.5	NA	NA	52	"B2"	NA
"s_Dysosmobacter_sp900115635_sv_1119"	"enterotype"	"Abundance"	"B1"	27	"B2"	25	0	0	0	0	0	0	337.5	NA	NA	52	"B2"	NA
"s_Ruminococcus_E_bromii_B_sv_1121"	"enterotype"	"Abundance"	"B1"	27	"B2"	25	0	0	0	0	0	0	337.5	NA	NA	52	"B2"	NA
"s_Roseburia_inulinivorans_sv_1122"	"enterotype"	"Abundance"	"B1"	27	"B2"	25	0	0	0	0	0	0	337.5	NA	NA	52	"B2"	NA
"s_Faecalibacterium_longum_sv_1123"	"enterotype"	"Abundance"	"B1"	27	"B2"	25	0	0	0	0	0	0	337.5	NA	NA	52	"B2"	NA
"s_Blautia_A_sp900066335_sv_1126"	"enterotype"	"Abundance"	"B1"	27	"B2"	25	0	0	0	0	0	0	337.5	NA	NA	52	"B2"	NA
"s_Mediterraneibacter_faecis_sv_1127"	"enterotype"	"Abundance"	"B1"	27	"B2"	25	0	0	0	0	0	0	337.5	NA	NA	52	"B2"	NA
"s_Escherichia_coli_sv_1129"	"enterotype"	"Abundance"	"B1"	27	"B2"	25	0	0	0	0	0	0	337.5	NA	NA	52	"B2"	NA
"s_Faecalibacterium_sp900539945_sv_1130"	"enterotype"	"Abundance"	"B1"	27	"B2"	25	0	0	0	0	0	0	337.5	NA	NA	52	"B2"	NA
"s_Agathobacter_rectalis_sv_1131"	"enterotype"	"Abundance"	"B1"	27	"B2"	25	0	0	0	0	0	0	337.5	NA	NA	52	"B2"	NA
"s_Lentihominibacter_faecis_sv_1132"	"enterotype"	"Abundance"	"B1"	27	"B2"	25	0	0	0	0	0	0	337.5	NA	NA	52	"B2"	NA
"s_Coprococcus_aceti_sv_1133"	"enterotype"	"Abundance"	"B1"	27	"B2"	25	0	0	0	0	0	0	337.5	NA	NA	52	"B2"	NA
"s_Dysosmobacter_sp018228705_sv_1135"	"enterotype"	"Abundance"	"B1"	27	"B2"	25	0	0	0	0	0	0	337.5	NA	NA	52	"B2"	NA
"s_Agathobaculum_hominis_sv_1136"	"enterotype"	"Abundance"	"B1"	27	"B2"	25	0	0	0	0	0	0	337.5	NA	NA	52	"B2"	NA
"s_Clostridium_AQ_innocuum_sv_1138"	"enterotype"	"Abundance"	"B1"	27	"B2"	25	0	0	0	0	0	0	337.5	NA	NA	52	"B2"	NA
"s_Anthropogastromicrobium_aceti_sv_1140"	"enterotype"	"Abundance"	"B1"	27	"B2"	25	0	0	0	0	0	0	337.5	NA	NA	52	"B2"	NA
"s_Dorea_formicigenerans_sv_1141"	"enterotype"	"Abundance"	"B1"	27	"B2"	25	0	0	0	0	0	0	337.5	NA	NA	52	"B2"	NA
"s_Fusicatenibacter_saccharivorans_sv_1142"	"enterotype"	"Abundance"	"B1"	27	"B2"	25	0	0	0	0	0	0	337.5	NA	NA	52	"B2"	NA
"s_Anthropogastromicrobium_aceti_sv_1143"	"enterotype"	"Abundance"	"B1"	27	"B2"	25	0	0	0	0	0	0	337.5	NA	NA	52	"B2"	NA
"s_Blautia_A_intestinalis_sv_1144"	"enterotype"	"Abundance"	"B1"	27	"B2"	25	0	0	0	0	0	0	337.5	NA	NA	52	"B2"	NA
"s_Enterococcus_B_lactis_sv_1145"	"enterotype"	"Abundance"	"B1"	27	"B2"	25	0	0	0	0	0	0	337.5	NA	NA	52	"B2"	NA
"s_Escherichia_coli_sv_1146"	"enterotype"	"Abundance"	"B1"	27	"B2"	25	0	0	0	0	0	0	337.5	NA	NA	52	"B2"	NA
"s_Gallintestinimicrobium_propionicum_sv_1147"	"enterotype"	"Abundance"	"B1"	27	"B2"	25	0	0	0	0	0	0	337.5	NA	NA	52	"B2"	NA
"s_Coprococcus_aceti_sv_1148"	"enterotype"	"Abundance"	"B1"	27	"B2"	25	0	0	0	0	0	0	337.5	NA	NA	52	"B2"	NA
"s_Brotaphodocola_sp003478505_sv_1150"	"enterotype"	"Abundance"	"B1"	27	"B2"	25	0	0	0	0	0	0	337.5	NA	NA	52	"B2"	NA
"s_Blautia_A_obeum_sv_1151"	"enterotype"	"Abundance"	"B1"	27	"B2"	25	0	0	0	0	0	0	337.5	NA	NA	52	"B2"	NA
"s_Blautia_A_wexlerae_sv_1152"	"enterotype"	"Abundance"	"B1"	27	"B2"	25	0	0	0	0	0	0	337.5	NA	NA	52	"B2"	NA
"s_Dorea_formicigenerans_sv_1153"	"enterotype"	"Abundance"	"B1"	27	"B2"	25	0	0	0	0	0	0	337.5	NA	NA	52	"B2"	NA
"s_Enterocloster_sp900541315_sv_1154"	"enterotype"	"Abundance"	"B1"	27	"B2"	25	0	0	0	0	0	0	337.5	NA	NA	52	"B2"	NA
"s_Blautia_A_wexlerae_sv_1155"	"enterotype"	"Abundance"	"B1"	27	"B2"	25	0	0	0	0	0	0	337.5	NA	NA	52	"B2"	NA
"s_Eubacterium_I_ramulus_sv_1157"	"enterotype"	"Abundance"	"B1"	27	"B2"	25	0	0	0	0	0	0	337.5	NA	NA	52	"B2"	NA
"s_Enterococcus_B_lactis_sv_1158"	"enterotype"	"Abundance"	"B1"	27	"B2"	25	0	0	0	0	0	0	337.5	NA	NA	52	"B2"	NA
"s_Choladousia_sp902363665_sv_1159"	"enterotype"	"Abundance"	"B1"	27	"B2"	25	0	0	0	0	0	0	337.5	NA	NA	52	"B2"	NA
"s_Streptococcus_thermophilus_sv_1161"	"enterotype"	"Abundance"	"B1"	27	"B2"	25	0	0	0	0	0	0	337.5	NA	NA	52	"B2"	NA
"s_Blautia_A_sp900066335_sv_1164"	"enterotype"	"Abundance"	"B1"	27	"B2"	25	0	0	0	0	0	0	337.5	NA	NA	52	"B2"	NA
"s_Romboutsia_timonensis_sv_1165"	"enterotype"	"Abundance"	"B1"	27	"B2"	25	0	0	0	0	0	0	337.5	NA	NA	52	"B2"	NA
"s_Anaerobutyricum_soehngenii_sv_1166"	"enterotype"	"Abundance"	"B1"	27	"B2"	25	0	0	0	0	0	0	337.5	NA	NA	52	"B2"	NA
"uc_uc_k_sv_1170"	"enterotype"	"Abundance"	"B1"	27	"B2"	25	0	0	0	0	0	0	337.5	NA	NA	52	"B2"	NA
"s_Butyribacter_sp003529475_sv_1171"	"enterotype"	"Abundance"	"B1"	27	"B2"	25	0	0	0	0	0	0	337.5	NA	NA	52	"B2"	NA
"s_Fusicatenibacter_saccharivorans_sv_1175"	"enterotype"	"Abundance"	"B1"	27	"B2"	25	0	0	0	0	0	0	337.5	NA	NA	52	"B2"	NA
"s_Gemmiger_qucibialis_sv_1176"	"enterotype"	"Abundance"	"B1"	27	"B2"	25	0	0	0	0	0	0	337.5	NA	NA	52	"B2"	NA
"s_Anaerotignum_faecicola_sv_1177"	"enterotype"	"Abundance"	"B1"	27	"B2"	25	0	0	0	0	0	0	337.5	NA	NA	52	"B2"	NA
"s_Acetatifactor_intestinalis_sv_1178"	"enterotype"	"Abundance"	"B1"	27	"B2"	25	0	0	0	0	0	0	337.5	NA	NA	52	"B2"	NA
"s_Gemmiger_formicilis_sv_1179"	"enterotype"	"Abundance"	"B1"	27	"B2"	25	0	0	0	0	0	0	337.5	NA	NA	52	"B2"	NA
"s_Oliverpabstia_faecicola_sv_1182"	"enterotype"	"Abundance"	"B1"	27	"B2"	25	0	0	0	0	0	0	337.5	NA	NA	52	"B2"	NA
"s_Alloscardovia_omnicolens_sv_1183"	"enterotype"	"Abundance"	"B1"	27	"B2"	25	0	0	0	0	0	0	337.5	NA	NA	52	"B2"	NA
"uc_uc_k_sv_1185"	"enterotype"	"Abundance"	"B1"	27	"B2"	25	0	0	0	0	0	0	337.5	NA	NA	52	"B2"	NA
"s_Hominiventricola_sp003480725_sv_1186"	"enterotype"	"Abundance"	"B1"	27	"B2"	25	0	0	0	0	0	0	337.5	NA	NA	52	"B2"	NA
"uc_uc_k_sv_1187"	"enterotype"	"Abundance"	"B1"	27	"B2"	25	0	0	0	0	0	0	337.5	NA	NA	52	"B2"	NA
"s_Mediterraneibacter_torques_sv_1189"	"enterotype"	"Abundance"	"B1"	27	"B2"	25	0	0	0	0	0	0	337.5	NA	NA	52	"B2"	NA
"s_Eubacterium_I_ramulus_sv_1190"	"enterotype"	"Abundance"	"B1"	27	"B2"	25	0	0	0	0	0	0	337.5	NA	NA	52	"B2"	NA
"s_Fusicatenibacter_saccharivorans_sv_1191"	"enterotype"	"Abundance"	"B1"	27	"B2"	25	0	0	0	0	0	0	337.5	NA	NA	52	"B2"	NA
"s_Acetatifactor_intestinalis_sv_1192"	"enterotype"	"Abundance"	"B1"	27	"B2"	25	0	0	0	0	0	0	337.5	NA	NA	52	"B2"	NA
"s_Roseburia_B_zhanii_sv_1193"	"enterotype"	"Abundance"	"B1"	27	"B2"	25	0	0	0	0	0	0	337.5	NA	NA	52	"B2"	NA
"s_Escherichia_coli_sv_1196"	"enterotype"	"Abundance"	"B1"	27	"B2"	25	0	0	0	0	0	0	337.5	NA	NA	52	"B2"	NA
"s_Gallintestinimicrobium_propionicum_sv_1197"	"enterotype"	"Abundance"	"B1"	27	"B2"	25	0	0	0	0	0	0	337.5	NA	NA	52	"B2"	NA
"s_Blautia_A_wexlerae_sv_1198"	"enterotype"	"Abundance"	"B1"	27	"B2"	25	0	0	0	0	0	0	337.5	NA	NA	52	"B2"	NA
"s_Ruminococcus_E_bromii_B_sv_1199"	"enterotype"	"Abundance"	"B1"	27	"B2"	25	0	0	0	0	0	0	337.5	NA	NA	52	"B2"	NA
"s_Intestinibacter_sp900540355_sv_1200"	"enterotype"	"Abundance"	"B1"	27	"B2"	25	0	0	0	0	0	0	337.5	NA	NA	52	"B2"	NA
"s_Romboutsia_timonensis_sv_1201"	"enterotype"	"Abundance"	"B1"	27	"B2"	25	0	0	0	0	0	0	337.5	NA	NA	52	"B2"	NA
"s_Agathobacter_rectalis_sv_1202"	"enterotype"	"Abundance"	"B1"	27	"B2"	25	0	0	0	0	0	0	337.5	NA	NA	52	"B2"	NA
"s_Choladousia_sp902363665_sv_1203"	"enterotype"	"Abundance"	"B1"	27	"B2"	25	0	0	0	0	0	0	337.5	NA	NA	52	"B2"	NA
"uc_uc_k_sv_1204"	"enterotype"	"Abundance"	"B1"	27	"B2"	25	0	0	0	0	0	0	337.5	NA	NA	52	"B2"	NA
"uc_uc_k_sv_1205"	"enterotype"	"Abundance"	"B1"	27	"B2"	25	0	0	0	0	0	0	337.5	NA	NA	52	"B2"	NA
"s_Blautia_A_obeum_sv_1206"	"enterotype"	"Abundance"	"B1"	27	"B2"	25	0	0	0	0	0	0	337.5	NA	NA	52	"B2"	NA
"uc_uc_k_sv_1207"	"enterotype"	"Abundance"	"B1"	27	"B2"	25	0	0	0	0	0	0	337.5	NA	NA	52	"B2"	NA
"s_Turicibacter_sanguinis_sv_1208"	"enterotype"	"Abundance"	"B1"	27	"B2"	25	0	0	0	0	0	0	337.5	NA	NA	52	"B2"	NA
"s_Coprococcus_A_catus_A_sv_1209"	"enterotype"	"Abundance"	"B1"	27	"B2"	25	0	0	0	0	0	0	337.5	NA	NA	52	"B2"	NA
"s_Roseburia_intestinalis_sv_1210"	"enterotype"	"Abundance"	"B1"	27	"B2"	25	0	0	0	0	0	0	337.5	NA	NA	52	"B2"	NA
"s_Blautia_A_wexlerae_sv_1211"	"enterotype"	"Abundance"	"B1"	27	"B2"	25	0	0	0	0	0	0	337.5	NA	NA	52	"B2"	NA
"s_Choladousia_sp902363665_sv_1212"	"enterotype"	"Abundance"	"B1"	27	"B2"	25	0	0	0	0	0	0	337.5	NA	NA	52	"B2"	NA
"uc_uc_k_sv_1213"	"enterotype"	"Abundance"	"B1"	27	"B2"	25	0	0	0	0	0	0	337.5	NA	NA	52	"B2"	NA
"s_Enterobacter_hoffmannii_sv_1216"	"enterotype"	"Abundance"	"B1"	27	"B2"	25	0	0	0	0	0	0	337.5	NA	NA	52	"B2"	NA
"uc_uc_k_sv_1221"	"enterotype"	"Abundance"	"B1"	27	"B2"	25	0	0	0	0	0	0	337.5	NA	NA	52	"B2"	NA
"s_Terrisporobacter_sp022782605_sv_1222"	"enterotype"	"Abundance"	"B1"	27	"B2"	25	0	0	0	0	0	0	337.5	NA	NA	52	"B2"	NA
"s_Romboutsia_timonensis_sv_1223"	"enterotype"	"Abundance"	"B1"	27	"B2"	25	0	0	0	0	0	0	337.5	NA	NA	52	"B2"	NA
"s_Roseburia_inulinivorans_sv_1224"	"enterotype"	"Abundance"	"B1"	27	"B2"	25	0	0	0	0	0	0	337.5	NA	NA	52	"B2"	NA
"s_Mediterraneibacter_lactaris_sv_1225"	"enterotype"	"Abundance"	"B1"	27	"B2"	25	0	0	0	0	0	0	337.5	NA	NA	52	"B2"	NA
"s_Streptococcus_sp905221415_sv_1226"	"enterotype"	"Abundance"	"B1"	27	"B2"	25	0	0	0	0	0	0	337.5	NA	NA	52	"B2"	NA
"s_Oliverpabstia_faecicola_sv_1227"	"enterotype"	"Abundance"	"B1"	27	"B2"	25	0	0	0	0	0	0	337.5	NA	NA	52	"B2"	NA
"s_Enterocloster_bolteae_sv_1229"	"enterotype"	"Abundance"	"B1"	27	"B2"	25	0	0	0	0	0	0	337.5	NA	NA	52	"B2"	NA
"s_Blautia_A_wexlerae_sv_1230"	"enterotype"	"Abundance"	"B1"	27	"B2"	25	0	0	0	0	0	0	337.5	NA	NA	52	"B2"	NA
"s_Anaerotignum_faecicola_sv_1232"	"enterotype"	"Abundance"	"B1"	27	"B2"	25	0	0	0	0	0	0	337.5	NA	NA	52	"B2"	NA
"s_Eubacterium_I_ramulus_sv_1235"	"enterotype"	"Abundance"	"B1"	27	"B2"	25	0	0	0	0	0	0	337.5	NA	NA	52	"B2"	NA
"s_Wujia_chipingensis_sv_1236"	"enterotype"	"Abundance"	"B1"	27	"B2"	25	0	0	0	0	0	0	337.5	NA	NA	52	"B2"	NA
"s_Dorea_formicigenerans_sv_1237"	"enterotype"	"Abundance"	"B1"	27	"B2"	25	0	0	0	0	0	0	337.5	NA	NA	52	"B2"	NA
"uc_g_Oliverpabstia_sv_1238"	"enterotype"	"Abundance"	"B1"	27	"B2"	25	0	0	0	0	0	0	337.5	NA	NA	52	"B2"	NA
"s_Ruminococcus_C_sp000433635_sv_1241"	"enterotype"	"Abundance"	"B1"	27	"B2"	25	0	0	0	0	0	0	337.5	NA	NA	52	"B2"	NA
"s_Bariatricus_comes_sv_1243"	"enterotype"	"Abundance"	"B1"	27	"B2"	25	0	0	0	0	0	0	337.5	NA	NA	52	"B2"	NA
"s_Faecalibacterium_prausnitzii_D_sv_1244"	"enterotype"	"Abundance"	"B1"	27	"B2"	25	0	0	0	0	0	0	337.5	NA	NA	52	"B2"	NA
"s_Alistipes_shahii_sv_1245"	"enterotype"	"Abundance"	"B1"	27	"B2"	25	0	0	0	0	0	0	337.5	NA	NA	52	"B2"	NA
"s_Blautia_A_wexlerae_sv_1247"	"enterotype"	"Abundance"	"B1"	27	"B2"	25	0	0	0	0	0	0	337.5	NA	NA	52	"B2"	NA
"s_Anthropogastromicrobium_aceti_sv_1248"	"enterotype"	"Abundance"	"B1"	27	"B2"	25	0	0	0	0	0	0	337.5	NA	NA	52	"B2"	NA
"s_Phocaeicola_vulgatus_sv_1251"	"enterotype"	"Abundance"	"B1"	27	"B2"	25	0	0	0	0	0	0	337.5	NA	NA	52	"B2"	NA
"s_Turicibacter_sp002311155_sv_1252"	"enterotype"	"Abundance"	"B1"	27	"B2"	25	0	0	0	0	0	0	337.5	NA	NA	52	"B2"	NA
"s_CAG-103_sp934589185_sv_1254"	"enterotype"	"Abundance"	"B1"	27	"B2"	25	0	0	0	0	0	0	337.5	NA	NA	52	"B2"	NA
"s_Streptococcus_oralis_sv_1255"	"enterotype"	"Abundance"	"B1"	27	"B2"	25	0	0	0	0	0	0	337.5	NA	NA	52	"B2"	NA
"s_Anthropogastromicrobium_aceti_sv_1256"	"enterotype"	"Abundance"	"B1"	27	"B2"	25	0	0	0	0	0	0	337.5	NA	NA	52	"B2"	NA
"s_Phocaeicola_vulgatus_sv_1257"	"enterotype"	"Abundance"	"B1"	27	"B2"	25	0	0	0	0	0	0	337.5	NA	NA	52	"B2"	NA
"s_Blautia_A_ammoniilytica_sv_1258"	"enterotype"	"Abundance"	"B1"	27	"B2"	25	0	0	0	0	0	0	337.5	NA	NA	52	"B2"	NA
"s_Roseburia_intestinalis_sv_1259"	"enterotype"	"Abundance"	"B1"	27	"B2"	25	0	0	0	0	0	0	337.5	NA	NA	52	"B2"	NA
"s_Clostridium_lentum_sv_1260"	"enterotype"	"Abundance"	"B1"	27	"B2"	25	0	0	0	0	0	0	337.5	NA	NA	52	"B2"	NA
"s_Wujia_chipingensis_sv_1261"	"enterotype"	"Abundance"	"B1"	27	"B2"	25	0	0	0	0	0	0	337.5	NA	NA	52	"B2"	NA
"s_Roseburia_B_zhanii_sv_1262"	"enterotype"	"Abundance"	"B1"	27	"B2"	25	0	0	0	0	0	0	337.5	NA	NA	52	"B2"	NA
"s_Enterococcus_D_casseliflavus_sv_1264"	"enterotype"	"Abundance"	"B1"	27	"B2"	25	0	0	0	0	0	0	337.5	NA	NA	52	"B2"	NA
"s_Streptococcus_salivarius_D_sv_1266"	"enterotype"	"Abundance"	"B1"	27	"B2"	25	0	0	0	0	0	0	337.5	NA	NA	52	"B2"	NA
"s_Acetatifactor_intestinalis_sv_1269"	"enterotype"	"Abundance"	"B1"	27	"B2"	25	0	0	0	0	0	0	337.5	NA	NA	52	"B2"	NA
"s_Bariatricus_comes_sv_1270"	"enterotype"	"Abundance"	"B1"	27	"B2"	25	0	0	0	0	0	0	337.5	NA	NA	52	"B2"	NA
"s_Blautia_A_fusiformis_sv_1271"	"enterotype"	"Abundance"	"B1"	27	"B2"	25	0	0	0	0	0	0	337.5	NA	NA	52	"B2"	NA
"s_Blautia_A_wexlerae_sv_1272"	"enterotype"	"Abundance"	"B1"	27	"B2"	25	0	0	0	0	0	0	337.5	NA	NA	52	"B2"	NA
"uc_uc_k_sv_1273"	"enterotype"	"Abundance"	"B1"	27	"B2"	25	0	0	0	0	0	0	337.5	NA	NA	52	"B2"	NA
"s_Fusicatenibacter_saccharivorans_sv_1275"	"enterotype"	"Abundance"	"B1"	27	"B2"	25	0	0	0	0	0	0	337.5	NA	NA	52	"B2"	NA
"s_Gallintestinimicrobium_propionicum_sv_1277"	"enterotype"	"Abundance"	"B1"	27	"B2"	25	0	0	0	0	0	0	337.5	NA	NA	52	"B2"	NA
"s_Streptococcus_thermophilus_sv_1278"	"enterotype"	"Abundance"	"B1"	27	"B2"	25	0	0	0	0	0	0	337.5	NA	NA	52	"B2"	NA
"s_Blautia_A_sp900548245_sv_1279"	"enterotype"	"Abundance"	"B1"	27	"B2"	25	0	0	0	0	0	0	337.5	NA	NA	52	"B2"	NA
"s_Dorea_formicigenerans_sv_1280"	"enterotype"	"Abundance"	"B1"	27	"B2"	25	0	0	0	0	0	0	337.5	NA	NA	52	"B2"	NA
"uc_uc_k_sv_1281"	"enterotype"	"Abundance"	"B1"	27	"B2"	25	0	0	0	0	0	0	337.5	NA	NA	52	"B2"	NA
"s_Lactonifactor_sp009677585_sv_1282"	"enterotype"	"Abundance"	"B1"	27	"B2"	25	0	0	0	0	0	0	337.5	NA	NA	52	"B2"	NA
"s_Clostridium_AQ_innocuum_sv_1283"	"enterotype"	"Abundance"	"B1"	27	"B2"	25	0	0	0	0	0	0	337.5	NA	NA	52	"B2"	NA
"s_Choladousia_sp902363665_sv_1284"	"enterotype"	"Abundance"	"B1"	27	"B2"	25	0	0	0	0	0	0	337.5	NA	NA	52	"B2"	NA
"s_Blautia_A_sp900066205_sv_1285"	"enterotype"	"Abundance"	"B1"	27	"B2"	25	0	0	0	0	0	0	337.5	NA	NA	52	"B2"	NA
"s_Roseburia_intestinalis_sv_1286"	"enterotype"	"Abundance"	"B1"	27	"B2"	25	0	0	0	0	0	0	337.5	NA	NA	52	"B2"	NA
"s_Blautia_A_wexlerae_sv_1287"	"enterotype"	"Abundance"	"B1"	27	"B2"	25	0	0	0	0	0	0	337.5	NA	NA	52	"B2"	NA
"s_Anaerobutyricum_soehngenii_sv_1288"	"enterotype"	"Abundance"	"B1"	27	"B2"	25	0	0	0	0	0	0	337.5	NA	NA	52	"B2"	NA
"s_Schaedlerella_glycyrrhizinilytica_A_sv_1290"	"enterotype"	"Abundance"	"B1"	27	"B2"	25	0	0	0	0	0	0	337.5	NA	NA	52	"B2"	NA
"s_Ruminococcus_C_sp000433635_sv_1292"	"enterotype"	"Abundance"	"B1"	27	"B2"	25	0	0	0	0	0	0	337.5	NA	NA	52	"B2"	NA
"s_Streptococcus_sanguinis_K_sv_1293"	"enterotype"	"Abundance"	"B1"	27	"B2"	25	0	0	0	0	0	0	337.5	NA	NA	52	"B2"	NA
"s_Slackia_piriformis_sv_1294"	"enterotype"	"Abundance"	"B1"	27	"B2"	25	0	0	0	0	0	0	337.5	NA	NA	52	"B2"	NA
"s_Ruminococcus_C_sp000433635_sv_1295"	"enterotype"	"Abundance"	"B1"	27	"B2"	25	0	0	0	0	0	0	337.5	NA	NA	52	"B2"	NA
"uc_uc_k_sv_1296"	"enterotype"	"Abundance"	"B1"	27	"B2"	25	0	0	0	0	0	0	337.5	NA	NA	52	"B2"	NA
"s_Gemmiger_formicilis_sv_1299"	"enterotype"	"Abundance"	"B1"	27	"B2"	25	0	0	0	0	0	0	337.5	NA	NA	52	"B2"	NA
"s_Sarcina_perfringens_sv_1300"	"enterotype"	"Abundance"	"B1"	27	"B2"	25	0	0	0	0	0	0	337.5	NA	NA	52	"B2"	NA
"s_Agathobacter_rectalis_sv_1302"	"enterotype"	"Abundance"	"B1"	27	"B2"	25	0	0	0	0	0	0	337.5	NA	NA	52	"B2"	NA
"s_Anaerostipes_hadrus_sv_1303"	"enterotype"	"Abundance"	"B1"	27	"B2"	25	0	0	0	0	0	0	337.5	NA	NA	52	"B2"	NA
"s_Anaerostipes_hadrus_sv_1304"	"enterotype"	"Abundance"	"B1"	27	"B2"	25	0	0	0	0	0	0	337.5	NA	NA	52	"B2"	NA
"s_Pauljensenia_variabilis_sv_1305"	"enterotype"	"Abundance"	"B1"	27	"B2"	25	0	0	0	0	0	0	337.5	NA	NA	52	"B2"	NA
"s_Megasphaera_massiliensis_sv_1306"	"enterotype"	"Abundance"	"B1"	27	"B2"	25	0	0	0	0	0	0	337.5	NA	NA	52	"B2"	NA
"s_Anaerotignum_faecicola_sv_1307"	"enterotype"	"Abundance"	"B1"	27	"B2"	25	0	0	0	0	0	0	337.5	NA	NA	52	"B2"	NA
"s_Blautia_A_wexlerae_sv_1311"	"enterotype"	"Abundance"	"B1"	27	"B2"	25	0	0	0	0	0	0	337.5	NA	NA	52	"B2"	NA
"s_Mediterraneibacter_faecipullorum_sv_1312"	"enterotype"	"Abundance"	"B1"	27	"B2"	25	0	0	0	0	0	0	337.5	NA	NA	52	"B2"	NA
"s_Roseburia_inulinivorans_sv_1313"	"enterotype"	"Abundance"	"B1"	27	"B2"	25	0	0	0	0	0	0	337.5	NA	NA	52	"B2"	NA
"s_Escherichia_coli_sv_1314"	"enterotype"	"Abundance"	"B1"	27	"B2"	25	0	0	0	0	0	0	337.5	NA	NA	52	"B2"	NA
"uc_uc_k_sv_1316"	"enterotype"	"Abundance"	"B1"	27	"B2"	25	0	0	0	0	0	0	337.5	NA	NA	52	"B2"	NA
"s_Blautia_A_difficilis_sv_1317"	"enterotype"	"Abundance"	"B1"	27	"B2"	25	0	0	0	0	0	0	337.5	NA	NA	52	"B2"	NA
"s_Adlercreutzia_rubneri_sv_1318"	"enterotype"	"Abundance"	"B1"	27	"B2"	25	0	0	0	0	0	0	337.5	NA	NA	52	"B2"	NA
"s_Mycobacterium_tuberculosis_sv_1320"	"enterotype"	"Abundance"	"B1"	27	"B2"	25	0	0	0	0	0	0	337.5	NA	NA	52	"B2"	NA
"s_Streptococcus_massiliensis_sv_1321"	"enterotype"	"Abundance"	"B1"	27	"B2"	25	0	0	0	0	0	0	337.5	NA	NA	52	"B2"	NA
"s_Enterocloster_sp900541315_sv_1324"	"enterotype"	"Abundance"	"B1"	27	"B2"	25	0	0	0	0	0	0	337.5	NA	NA	52	"B2"	NA
"s_Enterococcus_B_lactis_sv_1326"	"enterotype"	"Abundance"	"B1"	27	"B2"	25	0	0	0	0	0	0	337.5	NA	NA	52	"B2"	NA
"s_Dialister_hominis_sv_1327"	"enterotype"	"Abundance"	"B1"	27	"B2"	25	0	0	0	0	0	0	337.5	NA	NA	52	"B2"	NA
"s_Roseburia_rectibacter_sv_1328"	"enterotype"	"Abundance"	"B1"	27	"B2"	25	0	0	0	0	0	0	337.5	NA	NA	52	"B2"	NA
"s_Coprococcus_A_catus_A_sv_1329"	"enterotype"	"Abundance"	"B1"	27	"B2"	25	0	0	0	0	0	0	337.5	NA	NA	52	"B2"	NA
"s_Clostridium_cuniculi_sv_1332"	"enterotype"	"Abundance"	"B1"	27	"B2"	25	0	0	0	0	0	0	337.5	NA	NA	52	"B2"	NA
"s_Streptococcus_sp900550895_sv_1334"	"enterotype"	"Abundance"	"B1"	27	"B2"	25	0	0	0	0	0	0	337.5	NA	NA	52	"B2"	NA
"uc_uc_k_sv_1335"	"enterotype"	"Abundance"	"B1"	27	"B2"	25	0	0	0	0	0	0	337.5	NA	NA	52	"B2"	NA
"s_Collinsella_sp008014645_sv_1336"	"enterotype"	"Abundance"	"B1"	27	"B2"	25	0	0	0	0	0	0	337.5	NA	NA	52	"B2"	NA
"s_Gemella_haemolysans_D_sv_1337"	"enterotype"	"Abundance"	"B1"	27	"B2"	25	0	0	0	0	0	0	337.5	NA	NA	52	"B2"	NA
"s_Harryflintia_acetispora_sv_1338"	"enterotype"	"Abundance"	"B1"	27	"B2"	25	0	0	0	0	0	0	337.5	NA	NA	52	"B2"	NA
"s_Lawsonibacter_sp000177015_sv_1340"	"enterotype"	"Abundance"	"B1"	27	"B2"	25	0	0	0	0	0	0	337.5	NA	NA	52	"B2"	NA
"s_Bariatricus_comes_sv_1341"	"enterotype"	"Abundance"	"B1"	27	"B2"	25	0	0	0	0	0	0	337.5	NA	NA	52	"B2"	NA
"s_Blautia_A_fusiformis_sv_1342"	"enterotype"	"Abundance"	"B1"	27	"B2"	25	0	0	0	0	0	0	337.5	NA	NA	52	"B2"	NA
"s_Gemmiger_formicilis_sv_1343"	"enterotype"	"Abundance"	"B1"	27	"B2"	25	0	0	0	0	0	0	337.5	NA	NA	52	"B2"	NA
"s_Agathobacter_rectalis_sv_1344"	"enterotype"	"Abundance"	"B1"	27	"B2"	25	0	0	0	0	0	0	337.5	NA	NA	52	"B2"	NA
"s_Blautia_A_luti_sv_1345"	"enterotype"	"Abundance"	"B1"	27	"B2"	25	0	0	0	0	0	0	337.5	NA	NA	52	"B2"	NA
"s_Blautia_A_sp900066205_sv_1346"	"enterotype"	"Abundance"	"B1"	27	"B2"	25	0	0	0	0	0	0	337.5	NA	NA	52	"B2"	NA
"uc_uc_k_sv_1348"	"enterotype"	"Abundance"	"B1"	27	"B2"	25	0	0	0	0	0	0	337.5	NA	NA	52	"B2"	NA
"s_Faecalibacterium_duncaniae_sv_1349"	"enterotype"	"Abundance"	"B1"	27	"B2"	25	0	0	0	0	0	0	337.5	NA	NA	52	"B2"	NA
"s_Lachnoclostridium_B_ammoniilytica_sv_1350"	"enterotype"	"Abundance"	"B1"	27	"B2"	25	0	0	0	0	0	0	337.5	NA	NA	52	"B2"	NA
"s_Anaerobutyricum_hallii_sv_1351"	"enterotype"	"Abundance"	"B1"	27	"B2"	25	0	0	0	0	0	0	337.5	NA	NA	52	"B2"	NA
"s_Butyribacter_sp003529475_sv_1353"	"enterotype"	"Abundance"	"B1"	27	"B2"	25	0	0	0	0	0	0	337.5	NA	NA	52	"B2"	NA
"s_Streptococcus_parasanguinis_F_sv_1354"	"enterotype"	"Abundance"	"B1"	27	"B2"	25	0	0	0	0	0	0	337.5	NA	NA	52	"B2"	NA
"s_Blautia_A_wexlerae_sv_1355"	"enterotype"	"Abundance"	"B1"	27	"B2"	25	0	0	0	0	0	0	337.5	NA	NA	52	"B2"	NA
"s_Streptococcus_sp000187445_sv_1356"	"enterotype"	"Abundance"	"B1"	27	"B2"	25	0	0	0	0	0	0	337.5	NA	NA	52	"B2"	NA
"s_CAG-177_sp003514385_sv_1357"	"enterotype"	"Abundance"	"B1"	27	"B2"	25	0	0	0	0	0	0	337.5	NA	NA	52	"B2"	NA
"s_Absicoccus_porci_sv_1358"	"enterotype"	"Abundance"	"B1"	27	"B2"	25	0	0	0	0	0	0	337.5	NA	NA	52	"B2"	NA
"s_Faecalibacterium_prausnitzii_D_sv_1359"	"enterotype"	"Abundance"	"B1"	27	"B2"	25	0	0	0	0	0	0	337.5	NA	NA	52	"B2"	NA
"s_Streptococcus_agalactiae_sv_1360"	"enterotype"	"Abundance"	"B1"	27	"B2"	25	0	0	0	0	0	0	337.5	NA	NA	52	"B2"	NA
"uc_g_Streptococcus_sv_1363"	"enterotype"	"Abundance"	"B1"	27	"B2"	25	0	0	0	0	0	0	337.5	NA	NA	52	"B2"	NA
"s_Blautia_A_faecis_sv_1365"	"enterotype"	"Abundance"	"B1"	27	"B2"	25	0	0	0	0	0	0	337.5	NA	NA	52	"B2"	NA
"uc_uc_k_sv_1367"	"enterotype"	"Abundance"	"B1"	27	"B2"	25	0	0	0	0	0	0	337.5	NA	NA	52	"B2"	NA
"s_Acetatifactor_acetigignens_sv_1368"	"enterotype"	"Abundance"	"B1"	27	"B2"	25	0	0	0	0	0	0	337.5	NA	NA	52	"B2"	NA
"s_Hominisplanchenecus_faecis_sv_1369"	"enterotype"	"Abundance"	"B1"	27	"B2"	25	0	0	0	0	0	0	337.5	NA	NA	52	"B2"	NA
"s_Pauljensenia_sp001064145_sv_1372"	"enterotype"	"Abundance"	"B1"	27	"B2"	25	0	0	0	0	0	0	337.5	NA	NA	52	"B2"	NA
"s_Blautia_A_faecis_sv_1373"	"enterotype"	"Abundance"	"B1"	27	"B2"	25	0	0	0	0	0	0	337.5	NA	NA	52	"B2"	NA
"s_Intestinibacter_bartlettii_sv_1374"	"enterotype"	"Abundance"	"B1"	27	"B2"	25	0	0	0	0	0	0	337.5	NA	NA	52	"B2"	NA
"s_Blautia_A_wexlerae_sv_1375"	"enterotype"	"Abundance"	"B1"	27	"B2"	25	0	0	0	0	0	0	337.5	NA	NA	52	"B2"	NA
"s_Coprococcus_A_catus_A_sv_1376"	"enterotype"	"Abundance"	"B1"	27	"B2"	25	0	0	0	0	0	0	337.5	NA	NA	52	"B2"	NA
"s_Choladousia_sp902363665_sv_1377"	"enterotype"	"Abundance"	"B1"	27	"B2"	25	0	0	0	0	0	0	337.5	NA	NA	52	"B2"	NA
"s_Limivivens_faecihominis_sv_1378"	"enterotype"	"Abundance"	"B1"	27	"B2"	25	0	0	0	0	0	0	337.5	NA	NA	52	"B2"	NA
"uc_uc_k_sv_1379"	"enterotype"	"Abundance"	"B1"	27	"B2"	25	0	0	0	0	0	0	337.5	NA	NA	52	"B2"	NA
"s_Blautia_A_fusiformis_sv_1380"	"enterotype"	"Abundance"	"B1"	27	"B2"	25	0	0	0	0	0	0	337.5	NA	NA	52	"B2"	NA
"s_Anaerobutyricum_soehngenii_sv_1381"	"enterotype"	"Abundance"	"B1"	27	"B2"	25	0	0	0	0	0	0	337.5	NA	NA	52	"B2"	NA
"s_Anaerotardibacter_sp000436075_sv_1382"	"enterotype"	"Abundance"	"B1"	27	"B2"	25	0	0	0	0	0	0	337.5	NA	NA	52	"B2"	NA
"s_Blautia_A_faecis_sv_1383"	"enterotype"	"Abundance"	"B1"	27	"B2"	25	0	0	0	0	0	0	337.5	NA	NA	52	"B2"	NA
"s_Eisenbergiella_tayi_sv_1384"	"enterotype"	"Abundance"	"B1"	27	"B2"	25	0	0	0	0	0	0	337.5	NA	NA	52	"B2"	NA
"s_Escherichia_coli_sv_1385"	"enterotype"	"Abundance"	"B1"	27	"B2"	25	0	0	0	0	0	0	337.5	NA	NA	52	"B2"	NA
"s_Dorea_D_hominis_sv_1386"	"enterotype"	"Abundance"	"B1"	27	"B2"	25	0	0	0	0	0	0	337.5	NA	NA	52	"B2"	NA
"s_Merdimorpha_sp002314265_sv_1387"	"enterotype"	"Abundance"	"B1"	27	"B2"	25	0	0	0	0	0	0	337.5	NA	NA	52	"B2"	NA
"s_Blautia_A_obeum_sv_1388"	"enterotype"	"Abundance"	"B1"	27	"B2"	25	0	0	0	0	0	0	337.5	NA	NA	52	"B2"	NA
"uc_uc_k_sv_1393"	"enterotype"	"Abundance"	"B1"	27	"B2"	25	0	0	0	0	0	0	337.5	NA	NA	52	"B2"	NA
"s_Anaerosalibacter_bizertensis_sv_1395"	"enterotype"	"Abundance"	"B1"	27	"B2"	25	0	0	0	0	0	0	337.5	NA	NA	52	"B2"	NA
"s_Anaerobutyricum_soehngenii_sv_1396"	"enterotype"	"Abundance"	"B1"	27	"B2"	25	0	0	0	0	0	0	337.5	NA	NA	52	"B2"	NA
"s_Blautia_A_faecis_sv_1397"	"enterotype"	"Abundance"	"B1"	27	"B2"	25	0	0	0	0	0	0	337.5	NA	NA	52	"B2"	NA
"s_Blautia_A_fusiformis_sv_1398"	"enterotype"	"Abundance"	"B1"	27	"B2"	25	0	0	0	0	0	0	337.5	NA	NA	52	"B2"	NA
"s_Butyribacter_sp003529475_sv_1399"	"enterotype"	"Abundance"	"B1"	27	"B2"	25	0	0	0	0	0	0	337.5	NA	NA	52	"B2"	NA
"s_Adlercreutzia_equolifaciens_sv_1400"	"enterotype"	"Abundance"	"B1"	27	"B2"	25	0	0	0	0	0	0	337.5	NA	NA	52	"B2"	NA
"s_Gallintestinimicrobium_propionicum_sv_1402"	"enterotype"	"Abundance"	"B1"	27	"B2"	25	0	0	0	0	0	0	337.5	NA	NA	52	"B2"	NA
"s_Streptococcus_hominis_sv_1403"	"enterotype"	"Abundance"	"B1"	27	"B2"	25	0	0	0	0	0	0	337.5	NA	NA	52	"B2"	NA
"s_Gemella_sanguinis_sv_1404"	"enterotype"	"Abundance"	"B1"	27	"B2"	25	0	0	0	0	0	0	337.5	NA	NA	52	"B2"	NA
"s_Lactobacillus_gasseri_sv_1405"	"enterotype"	"Abundance"	"B1"	27	"B2"	25	0	0	0	0	0	0	337.5	NA	NA	52	"B2"	NA
"s_Escherichia_coli_sv_1406"	"enterotype"	"Abundance"	"B1"	27	"B2"	25	0	0	0	0	0	0	337.5	NA	NA	52	"B2"	NA
"s_Enterococcus_B_mundtii_sv_1407"	"enterotype"	"Abundance"	"B1"	27	"B2"	25	0	0	0	0	0	0	337.5	NA	NA	52	"B2"	NA
"s_Pseudoflavonifractor_sp902362925_sv_1408"	"enterotype"	"Abundance"	"B1"	27	"B2"	25	0	0	0	0	0	0	337.5	NA	NA	52	"B2"	NA
"s_Anthropogastromicrobium_aceti_sv_1411"	"enterotype"	"Abundance"	"B1"	27	"B2"	25	0	0	0	0	0	0	337.5	NA	NA	52	"B2"	NA
"s_Dysosmobacter_sp900115635_sv_1412"	"enterotype"	"Abundance"	"B1"	27	"B2"	25	0	0	0	0	0	0	337.5	NA	NA	52	"B2"	NA
"s_Anaerotignum_faecicola_sv_1413"	"enterotype"	"Abundance"	"B1"	27	"B2"	25	0	0	0	0	0	0	337.5	NA	NA	52	"B2"	NA
"s_Clostridium_cuniculi_sv_1416"	"enterotype"	"Abundance"	"B1"	27	"B2"	25	0	0	0	0	0	0	337.5	NA	NA	52	"B2"	NA
"s_Gemmiger_formicilis_sv_1417"	"enterotype"	"Abundance"	"B1"	27	"B2"	25	0	0	0	0	0	0	337.5	NA	NA	52	"B2"	NA
"uc_uc_k_sv_1419"	"enterotype"	"Abundance"	"B1"	27	"B2"	25	0	0	0	0	0	0	337.5	NA	NA	52	"B2"	NA
"s_Blautia_A_faecis_sv_1420"	"enterotype"	"Abundance"	"B1"	27	"B2"	25	0	0	0	0	0	0	337.5	NA	NA	52	"B2"	NA
"uc_uc_k_sv_1421"	"enterotype"	"Abundance"	"B1"	27	"B2"	25	0	0	0	0	0	0	337.5	NA	NA	52	"B2"	NA
"s_Clostridium_saudiense_sv_1422"	"enterotype"	"Abundance"	"B1"	27	"B2"	25	0	0	0	0	0	0	337.5	NA	NA	52	"B2"	NA
"s_Blautia_A_difficilis_sv_1423"	"enterotype"	"Abundance"	"B1"	27	"B2"	25	0	0	0	0	0	0	337.5	NA	NA	52	"B2"	NA
"s_Blautia_A_acetigignens_sv_1424"	"enterotype"	"Abundance"	"B1"	27	"B2"	25	0	0	0	0	0	0	337.5	NA	NA	52	"B2"	NA
"uc_uc_k_sv_1425"	"enterotype"	"Abundance"	"B1"	27	"B2"	25	0	0	0	0	0	0	337.5	NA	NA	52	"B2"	NA
"uc_uc_k_sv_1426"	"enterotype"	"Abundance"	"B1"	27	"B2"	25	0	0	0	0	0	0	337.5	NA	NA	52	"B2"	NA
"s_Eisenbergiella_tayi_sv_1427"	"enterotype"	"Abundance"	"B1"	27	"B2"	25	0	0	0	0	0	0	337.5	NA	NA	52	"B2"	NA
"s_Blautia_A_faecis_sv_1429"	"enterotype"	"Abundance"	"B1"	27	"B2"	25	0	0	0	0	0	0	337.5	NA	NA	52	"B2"	NA
"s_Anaerotignum_faecicola_sv_1430"	"enterotype"	"Abundance"	"B1"	27	"B2"	25	0	0	0	0	0	0	337.5	NA	NA	52	"B2"	NA
"s_Avimicrobium_caecorum_sv_1431"	"enterotype"	"Abundance"	"B1"	27	"B2"	25	0	0	0	0	0	0	337.5	NA	NA	52	"B2"	NA
"s_Solibaculum_mannosilyticum_sv_1434"	"enterotype"	"Abundance"	"B1"	27	"B2"	25	0	0	0	0	0	0	337.5	NA	NA	52	"B2"	NA
"s_Blautia_A_faecis_sv_1437"	"enterotype"	"Abundance"	"B1"	27	"B2"	25	0	0	0	0	0	0	337.5	NA	NA	52	"B2"	NA
"s_Scatomonas_hejianensis_sv_1438"	"enterotype"	"Abundance"	"B1"	27	"B2"	25	0	0	0	0	0	0	337.5	NA	NA	52	"B2"	NA
"s_Escherichia_coli_sv_1439"	"enterotype"	"Abundance"	"B1"	27	"B2"	25	0	0	0	0	0	0	337.5	NA	NA	52	"B2"	NA
"s_Blautia_A_wexlerae_sv_1440"	"enterotype"	"Abundance"	"B1"	27	"B2"	25	0	0	0	0	0	0	337.5	NA	NA	52	"B2"	NA
"s_Blautia_A_faecis_sv_1441"	"enterotype"	"Abundance"	"B1"	27	"B2"	25	0	0	0	0	0	0	337.5	NA	NA	52	"B2"	NA
"s_Phocaeicola_massiliensis_sv_1443"	"enterotype"	"Abundance"	"B1"	27	"B2"	25	0	0	0	0	0	0	337.5	NA	NA	52	"B2"	NA
"s_Agathobaculum_hominis_sv_1444"	"enterotype"	"Abundance"	"B1"	27	"B2"	25	0	0	0	0	0	0	337.5	NA	NA	52	"B2"	NA
"s_Parabacteroides_distasonis_sv_1445"	"enterotype"	"Abundance"	"B1"	27	"B2"	25	0	0	0	0	0	0	337.5	NA	NA	52	"B2"	NA
"s_Dorea_D_sp000433535_sv_1446"	"enterotype"	"Abundance"	"B1"	27	"B2"	25	0	0	0	0	0	0	337.5	NA	NA	52	"B2"	NA
"s_Bacillus_spizizenii_sv_1447"	"enterotype"	"Abundance"	"B1"	27	"B2"	25	0	0	0	0	0	0	337.5	NA	NA	52	"B2"	NA
"s_Ruminococcus_E_bromii_B_sv_1448"	"enterotype"	"Abundance"	"B1"	27	"B2"	25	0	0	0	0	0	0	337.5	NA	NA	52	"B2"	NA
"s_Anaerobutyricum_hallii_sv_1449"	"enterotype"	"Abundance"	"B1"	27	"B2"	25	0	0	0	0	0	0	337.5	NA	NA	52	"B2"	NA
"s_Bacteroides_faecis_sv_1450"	"enterotype"	"Abundance"	"B1"	27	"B2"	25	0	0	0	0	0	0	337.5	NA	NA	52	"B2"	NA
"s_Otoolea_fessa_sv_1451"	"enterotype"	"Abundance"	"B1"	27	"B2"	25	0	0	0	0	0	0	337.5	NA	NA	52	"B2"	NA
"s_Blautia_A_hydrogenotrophica_sv_1452"	"enterotype"	"Abundance"	"B1"	27	"B2"	25	0	0	0	0	0	0	337.5	NA	NA	52	"B2"	NA
"s_Bacteroides_caccae_sv_1453"	"enterotype"	"Abundance"	"B1"	27	"B2"	25	0	0	0	0	0	0	337.5	NA	NA	52	"B2"	NA
"s_Pseudomonas_E_cremoris_sv_1454"	"enterotype"	"Abundance"	"B1"	27	"B2"	25	0	0	0	0	0	0	337.5	NA	NA	52	"B2"	NA
"s_Streptococcus_thermophilus_sv_1455"	"enterotype"	"Abundance"	"B1"	27	"B2"	25	0	0	0	0	0	0	337.5	NA	NA	52	"B2"	NA
"s_Limosilactobacillus_fermentum_sv_1456"	"enterotype"	"Abundance"	"B1"	27	"B2"	25	0	0	0	0	0	0	337.5	NA	NA	52	"B2"	NA
"s_Peptostreptococcus_stomatis_sv_1457"	"enterotype"	"Abundance"	"B1"	27	"B2"	25	0	0	0	0	0	0	337.5	NA	NA	52	"B2"	NA
"s_Lentihominibacter_butyrica_sv_1458"	"enterotype"	"Abundance"	"B1"	27	"B2"	25	0	0	0	0	0	0	337.5	NA	NA	52	"B2"	NA
"s_Methylobacterium_sp022829465_sv_1459"	"enterotype"	"Abundance"	"B1"	27	"B2"	25	0	0	0	0	0	0	337.5	NA	NA	52	"B2"	NA
"s_Bradyrhizobium_sp003020075_sv_1460"	"enterotype"	"Abundance"	"B1"	27	"B2"	25	0	0	0	0	0	0	337.5	NA	NA	52	"B2"	NA
"s_Enterocloster_sp000431375_sv_1461"	"enterotype"	"Abundance"	"B1"	27	"B2"	25	0	0	0	0	0	0	337.5	NA	NA	52	"B2"	NA
"s_Veillonella_hominis_sv_1462"	"enterotype"	"Abundance"	"B1"	27	"B2"	25	0	0	0	0	0	0	337.5	NA	NA	52	"B2"	NA
"s_Phocaeicola_vulgatus_sv_1463"	"enterotype"	"Abundance"	"B1"	27	"B2"	25	0	0	0	0	0	0	337.5	NA	NA	52	"B2"	NA
"s_Bacteroides_cellulosilyticus_sv_1464"	"enterotype"	"Abundance"	"B1"	27	"B2"	25	0	0	0	0	0	0	337.5	NA	NA	52	"B2"	NA
"s_Otoolea_fessa_sv_1465"	"enterotype"	"Abundance"	"B1"	27	"B2"	25	0	0	0	0	0	0	337.5	NA	NA	52	"B2"	NA
"s_Escherichia_coli_sv_1466"	"enterotype"	"Abundance"	"B1"	27	"B2"	25	0	0	0	0	0	0	337.5	NA	NA	52	"B2"	NA
"s_Gemmiger_qucibialis_sv_1467"	"enterotype"	"Abundance"	"B1"	27	"B2"	25	0	0	0	0	0	0	337.5	NA	NA	52	"B2"	NA
"s_Blautia_A_wexlerae_sv_1468"	"enterotype"	"Abundance"	"B1"	27	"B2"	25	0	0	0	0	0	0	337.5	NA	NA	52	"B2"	NA
"s_Ruminococcus_E_bromii_B_sv_1469"	"enterotype"	"Abundance"	"B1"	27	"B2"	25	0	0	0	0	0	0	337.5	NA	NA	52	"B2"	NA
"s_Blautia_A_wexlerae_sv_1470"	"enterotype"	"Abundance"	"B1"	27	"B2"	25	0	0	0	0	0	0	337.5	NA	NA	52	"B2"	NA
"s_Salmonella_enterica_sv_1471"	"enterotype"	"Abundance"	"B1"	27	"B2"	25	0	0	0	0	0	0	337.5	NA	NA	52	"B2"	NA
"s_Escherichia_coli_sv_1472"	"enterotype"	"Abundance"	"B1"	27	"B2"	25	0	0	0	0	0	0	337.5	NA	NA	52	"B2"	NA
"s_Enterocloster_aldenensis_sv_1473"	"enterotype"	"Abundance"	"B1"	27	"B2"	25	0	0	0	0	0	0	337.5	NA	NA	52	"B2"	NA
"s_Bacteroides_xylanisolvens_sv_1474"	"enterotype"	"Abundance"	"B1"	27	"B2"	25	0	0	0	0	0	0	337.5	NA	NA	52	"B2"	NA
"s_CAG-349_sp003539515_sv_1475"	"enterotype"	"Abundance"	"B1"	27	"B2"	25	0	0	0	0	0	0	337.5	NA	NA	52	"B2"	NA
"s_Blautia_A_faecis_sv_1476"	"enterotype"	"Abundance"	"B1"	27	"B2"	25	0	0	0	0	0	0	337.5	NA	NA	52	"B2"	NA
"s_Veillonella_parvula_A_sv_1477"	"enterotype"	"Abundance"	"B1"	27	"B2"	25	0	0	0	0	0	0	337.5	NA	NA	52	"B2"	NA
"s_Phocaeicola_vulgatus_sv_1478"	"enterotype"	"Abundance"	"B1"	27	"B2"	25	0	0	0	0	0	0	337.5	NA	NA	52	"B2"	NA
"s_Klebsiella_ornithinolytica_sv_1479"	"enterotype"	"Abundance"	"B1"	27	"B2"	25	0	0	0	0	0	0	337.5	NA	NA	52	"B2"	NA
"s_Avimicrobium_caecorum_sv_1480"	"enterotype"	"Abundance"	"B1"	27	"B2"	25	0	0	0	0	0	0	337.5	NA	NA	52	"B2"	NA
"s_Alitiscatomonas_sp900066785_sv_1481"	"enterotype"	"Abundance"	"B1"	27	"B2"	25	0	0	0	0	0	0	337.5	NA	NA	52	"B2"	NA
"s_Blautia_A_wexlerae_sv_1482"	"enterotype"	"Abundance"	"B1"	27	"B2"	25	0	0	0	0	0	0	337.5	NA	NA	52	"B2"	NA
"s_Blautia_A_faecis_sv_1483"	"enterotype"	"Abundance"	"B1"	27	"B2"	25	0	0	0	0	0	0	337.5	NA	NA	52	"B2"	NA
"s_Escherichia_coli_sv_1484"	"enterotype"	"Abundance"	"B1"	27	"B2"	25	0	0	0	0	0	0	337.5	NA	NA	52	"B2"	NA
"s_Eubacterium_callanderi_sv_1485"	"enterotype"	"Abundance"	"B1"	27	"B2"	25	0	0	0	0	0	0	337.5	NA	NA	52	"B2"	NA
"s_Escherichia_coli_sv_1486"	"enterotype"	"Abundance"	"B1"	27	"B2"	25	0	0	0	0	0	0	337.5	NA	NA	52	"B2"	NA
"s_Bacteroides_uniformis_sv_1487"	"enterotype"	"Abundance"	"B1"	27	"B2"	25	0	0	0	0	0	0	337.5	NA	NA	52	"B2"	NA
"s_UBA11452_sp003526375_sv_1488"	"enterotype"	"Abundance"	"B1"	27	"B2"	25	0	0	0	0	0	0	337.5	NA	NA	52	"B2"	NA
"s_Sutterella_wadsworthensis_sv_1489"	"enterotype"	"Abundance"	"B1"	27	"B2"	25	0	0	0	0	0	0	337.5	NA	NA	52	"B2"	NA
"s_Bacillus_spizizenii_sv_1490"	"enterotype"	"Abundance"	"B1"	27	"B2"	25	0	0	0	0	0	0	337.5	NA	NA	52	"B2"	NA
"s_Enterocloster_sp000431375_sv_1491"	"enterotype"	"Abundance"	"B1"	27	"B2"	25	0	0	0	0	0	0	337.5	NA	NA	52	"B2"	NA
"s_Bacteroides_xylanisolvens_sv_1492"	"enterotype"	"Abundance"	"B1"	27	"B2"	25	0	0	0	0	0	0	337.5	NA	NA	52	"B2"	NA
"s_Gemmiger_formicilis_sv_1493"	"enterotype"	"Abundance"	"B1"	27	"B2"	25	0	0	0	0	0	0	337.5	NA	NA	52	"B2"	NA
"s_Bacteroides_uniformis_sv_1494"	"enterotype"	"Abundance"	"B1"	27	"B2"	25	0	0	0	0	0	0	337.5	NA	NA	52	"B2"	NA
"s_Staphylococcus_equorum_A_sv_1495"	"enterotype"	"Abundance"	"B1"	27	"B2"	25	0	0	0	0	0	0	337.5	NA	NA	52	"B2"	NA
"s_Staphylococcus_equorum_sv_1496"	"enterotype"	"Abundance"	"B1"	27	"B2"	25	0	0	0	0	0	0	337.5	NA	NA	52	"B2"	NA
"s_Agathobaculum_butyriciproducens_sv_1497"	"enterotype"	"Abundance"	"B1"	27	"B2"	25	0	0	0	0	0	0	337.5	NA	NA	52	"B2"	NA
"s_Mediterraneibacter_torques_sv_1498"	"enterotype"	"Abundance"	"B1"	27	"B2"	25	0	0	0	0	0	0	337.5	NA	NA	52	"B2"	NA
"s_Bacillus_spizizenii_sv_1499"	"enterotype"	"Abundance"	"B1"	27	"B2"	25	0	0	0	0	0	0	337.5	NA	NA	52	"B2"	NA
"s_Bacillus_spizizenii_sv_1500"	"enterotype"	"Abundance"	"B1"	27	"B2"	25	0	0	0	0	0	0	337.5	NA	NA	52	"B2"	NA
"s_Staphylococcus_epidermidis_sv_1501"	"enterotype"	"Abundance"	"B1"	27	"B2"	25	0	0	0	0	0	0	337.5	NA	NA	52	"B2"	NA
"s_Enterocloster_sp000431375_sv_1502"	"enterotype"	"Abundance"	"B1"	27	"B2"	25	0	0	0	0	0	0	337.5	NA	NA	52	"B2"	NA
"s_Limosilactobacillus_fermentum_sv_1503"	"enterotype"	"Abundance"	"B1"	27	"B2"	25	0	0	0	0	0	0	337.5	NA	NA	52	"B2"	NA
"s_Limosilactobacillus_fermentum_sv_1504"	"enterotype"	"Abundance"	"B1"	27	"B2"	25	0	0	0	0	0	0	337.5	NA	NA	52	"B2"	NA
"s_Negativibacillus_massiliensis_sv_1505"	"enterotype"	"Abundance"	"B1"	27	"B2"	25	0	0	0	0	0	0	337.5	NA	NA	52	"B2"	NA
"s_Sellimonas_intestinalis_sv_1506"	"enterotype"	"Abundance"	"B1"	27	"B2"	25	0	0	0	0	0	0	337.5	NA	NA	52	"B2"	NA
"s_Bacillus_spizizenii_sv_1507"	"enterotype"	"Abundance"	"B1"	27	"B2"	25	0	0	0	0	0	0	337.5	NA	NA	52	"B2"	NA
"uc_uc_k_sv_1508"	"enterotype"	"Abundance"	"B1"	27	"B2"	25	0	0	0	0	0	0	337.5	NA	NA	52	"B2"	NA
"s_Staphylococcus_aureus_sv_1509"	"enterotype"	"Abundance"	"B1"	27	"B2"	25	0	0	0	0	0	0	337.5	NA	NA	52	"B2"	NA
"s_Limosilactobacillus_fermentum_sv_1510"	"enterotype"	"Abundance"	"B1"	27	"B2"	25	0	0	0	0	0	0	337.5	NA	NA	52	"B2"	NA
"s_Blautia_A_faecis_sv_1511"	"enterotype"	"Abundance"	"B1"	27	"B2"	25	0	0	0	0	0	0	337.5	NA	NA	52	"B2"	NA
"s_Avimicrobium_caecorum_sv_1512"	"enterotype"	"Abundance"	"B1"	27	"B2"	25	0	0	0	0	0	0	337.5	NA	NA	52	"B2"	NA
"uc_uc_k_sv_1513"	"enterotype"	"Abundance"	"B1"	27	"B2"	25	0	0	0	0	0	0	337.5	NA	NA	52	"B2"	NA
"s_Salmonella_enterica_sv_1514"	"enterotype"	"Abundance"	"B1"	27	"B2"	25	0	0	0	0	0	0	337.5	NA	NA	52	"B2"	NA
"s_Blautia_A_sp905206915_sv_1515"	"enterotype"	"Abundance"	"B1"	27	"B2"	25	0	0	0	0	0	0	337.5	NA	NA	52	"B2"	NA
"s_Gemmiger_formicilis_sv_1516"	"enterotype"	"Abundance"	"B1"	27	"B2"	25	0	0	0	0	0	0	337.5	NA	NA	52	"B2"	NA
"s_Listeria_monocytogenes_B_sv_1517"	"enterotype"	"Abundance"	"B1"	27	"B2"	25	0	0	0	0	0	0	337.5	NA	NA	52	"B2"	NA
"s_Sarcina_perfringens_sv_1518"	"enterotype"	"Abundance"	"B1"	27	"B2"	25	0	0	0	0	0	0	337.5	NA	NA	52	"B2"	NA
"s_Escherichia_coli_sv_1519"	"enterotype"	"Abundance"	"B1"	27	"B2"	25	0	0	0	0	0	0	337.5	NA	NA	52	"B2"	NA
"s_Sphingomonas_sp000797515_sv_1520"	"enterotype"	"Abundance"	"B1"	27	"B2"	25	0	0	0	0	0	0	337.5	NA	NA	52	"B2"	NA
"s_Eisenbergiella_porci_sv_1521"	"enterotype"	"Abundance"	"B1"	27	"B2"	25	0	0	0	0	0	0	337.5	NA	NA	52	"B2"	NA
"s_Brotaphodocola_sp003478505_sv_1522"	"enterotype"	"Abundance"	"B1"	27	"B2"	25	0	0	0	0	0	0	337.5	NA	NA	52	"B2"	NA
"s_CAG-307_sp900547045_sv_1523"	"enterotype"	"Abundance"	"B1"	27	"B2"	25	0	0	0	0	0	0	337.5	NA	NA	52	"B2"	NA
"s_Parabacteroides_distasonis_sv_1524"	"enterotype"	"Abundance"	"B1"	27	"B2"	25	0	0	0	0	0	0	337.5	NA	NA	52	"B2"	NA
"s_Parabacteroides_merdae_sv_1525"	"enterotype"	"Abundance"	"B1"	27	"B2"	25	0	0	0	0	0	0	337.5	NA	NA	52	"B2"	NA
"s_Blautia_A_wexlerae_sv_1526"	"enterotype"	"Abundance"	"B1"	27	"B2"	25	0	0	0	0	0	0	337.5	NA	NA	52	"B2"	NA
"s_Listeria_monocytogenes_B_sv_1527"	"enterotype"	"Abundance"	"B1"	27	"B2"	25	0	0	0	0	0	0	337.5	NA	NA	52	"B2"	NA
"s_Phocaeicola_vulgatus_sv_1528"	"enterotype"	"Abundance"	"B1"	27	"B2"	25	0	0	0	0	0	0	337.5	NA	NA	52	"B2"	NA
"s_CAG-345_sp000433315_sv_1529"	"enterotype"	"Abundance"	"B1"	27	"B2"	25	0	0	0	0	0	0	337.5	NA	NA	52	"B2"	NA
"s_Clostridium_AQ_innocuum_sv_1530"	"enterotype"	"Abundance"	"B1"	27	"B2"	25	0	0	0	0	0	0	337.5	NA	NA	52	"B2"	NA
"s_Bacteroides_uniformis_sv_1531"	"enterotype"	"Abundance"	"B1"	27	"B2"	25	0	0	0	0	0	0	337.5	NA	NA	52	"B2"	NA
"s_Agathobaculum_butyriciproducens_sv_1532"	"enterotype"	"Abundance"	"B1"	27	"B2"	25	0	0	0	0	0	0	337.5	NA	NA	52	"B2"	NA
"s_Alitiscatomonas_sp900066785_sv_1533"	"enterotype"	"Abundance"	"B1"	27	"B2"	25	0	0	0	0	0	0	337.5	NA	NA	52	"B2"	NA
"s_Lentihominibacter_faecis_sv_1534"	"enterotype"	"Abundance"	"B1"	27	"B2"	25	0	0	0	0	0	0	337.5	NA	NA	52	"B2"	NA
"s_Clostridium_paraputrificum_sv_1535"	"enterotype"	"Abundance"	"B1"	27	"B2"	25	0	0	0	0	0	0	337.5	NA	NA	52	"B2"	NA
"s_Bacteroides_faecis_sv_1536"	"enterotype"	"Abundance"	"B1"	27	"B2"	25	0	0	0	0	0	0	337.5	NA	NA	52	"B2"	NA
"s_Enterocloster_sp000431375_sv_1537"	"enterotype"	"Abundance"	"B1"	27	"B2"	25	0	0	0	0	0	0	337.5	NA	NA	52	"B2"	NA
"s_Sutterella_wadsworthensis_sv_1538"	"enterotype"	"Abundance"	"B1"	27	"B2"	25	0	0	0	0	0	0	337.5	NA	NA	52	"B2"	NA
"s_Friedmanniella_luteola_sv_1539"	"enterotype"	"Abundance"	"B1"	27	"B2"	25	0	0	0	0	0	0	337.5	NA	NA	52	"B2"	NA
"s_Ruminococcus_E_bromii_B_sv_1540"	"enterotype"	"Abundance"	"B1"	27	"B2"	25	0	0	0	0	0	0	337.5	NA	NA	52	"B2"	NA
"s_Gemmiger_formicilis_sv_1541"	"enterotype"	"Abundance"	"B1"	27	"B2"	25	0	0	0	0	0	0	337.5	NA	NA	52	"B2"	NA
"s_Pseudomonas_aeruginosa_sv_1542"	"enterotype"	"Abundance"	"B1"	27	"B2"	25	0	0	0	0	0	0	337.5	NA	NA	52	"B2"	NA
"s_Streptococcus_thermophilus_sv_1543"	"enterotype"	"Abundance"	"B1"	27	"B2"	25	0	0	0	0	0	0	337.5	NA	NA	52	"B2"	NA
"s_Parabacteroides_distasonis_sv_1544"	"enterotype"	"Abundance"	"B1"	27	"B2"	25	0	0	0	0	0	0	337.5	NA	NA	52	"B2"	NA
"s_Escherichia_coli_sv_1545"	"enterotype"	"Abundance"	"B1"	27	"B2"	25	0	0	0	0	0	0	337.5	NA	NA	52	"B2"	NA
"s_Bacillus_spizizenii_sv_1546"	"enterotype"	"Abundance"	"B1"	27	"B2"	25	0	0	0	0	0	0	337.5	NA	NA	52	"B2"	NA
"s_Lachnoclostridium_B_faecipullorum_sv_1547"	"enterotype"	"Abundance"	"B1"	27	"B2"	25	0	0	0	0	0	0	337.5	NA	NA	52	"B2"	NA
"s_Bacteroides_xylanisolvens_sv_1548"	"enterotype"	"Abundance"	"B1"	27	"B2"	25	0	0	0	0	0	0	337.5	NA	NA	52	"B2"	NA
"uc_uc_k_sv_1549"	"enterotype"	"Abundance"	"B1"	27	"B2"	25	0	0	0	0	0	0	337.5	NA	NA	52	"B2"	NA
"s_Blautia_A_wexlerae_sv_1550"	"enterotype"	"Abundance"	"B1"	27	"B2"	25	0	0	0	0	0	0	337.5	NA	NA	52	"B2"	NA
"s_Massiliimalia_timonensis_sv_1551"	"enterotype"	"Abundance"	"B1"	27	"B2"	25	0	0	0	0	0	0	337.5	NA	NA	52	"B2"	NA
"s_Desulfovibrio_piger_A_sv_1552"	"enterotype"	"Abundance"	"B1"	27	"B2"	25	0	0	0	0	0	0	337.5	NA	NA	52	"B2"	NA
"s_Gemmiger_formicilis_sv_1553"	"enterotype"	"Abundance"	"B1"	27	"B2"	25	0	0	0	0	0	0	337.5	NA	NA	52	"B2"	NA
"s_Sutterella_wadsworthensis_A_sv_1554"	"enterotype"	"Abundance"	"B1"	27	"B2"	25	0	0	0	0	0	0	337.5	NA	NA	52	"B2"	NA
"s_Gemmiger_qucibialis_sv_1555"	"enterotype"	"Abundance"	"B1"	27	"B2"	25	0	0	0	0	0	0	337.5	NA	NA	52	"B2"	NA
"s_Collinsella_stercoripullorum_sv_1556"	"enterotype"	"Abundance"	"B1"	27	"B2"	25	0	0	0	0	0	0	337.5	NA	NA	52	"B2"	NA
"uc_uc_k_sv_1557"	"enterotype"	"Abundance"	"B1"	27	"B2"	25	0	0	0	0	0	0	337.5	NA	NA	52	"B2"	NA
"s_Agathobaculum_butyriciproducens_sv_1558"	"enterotype"	"Abundance"	"B1"	27	"B2"	25	0	0	0	0	0	0	337.5	NA	NA	52	"B2"	NA
"s_Pelomonas_aquatica_sv_1559"	"enterotype"	"Abundance"	"B1"	27	"B2"	25	0	0	0	0	0	0	337.5	NA	NA	52	"B2"	NA
"s_Bacteroides_xylanisolvens_sv_1560"	"enterotype"	"Abundance"	"B1"	27	"B2"	25	0	0	0	0	0	0	337.5	NA	NA	52	"B2"	NA
"s_Barnesiella_intestinihominis_sv_1561"	"enterotype"	"Abundance"	"B1"	27	"B2"	25	0	0	0	0	0	0	337.5	NA	NA	52	"B2"	NA
"s_Protoclostridium_sp910587025_sv_1562"	"enterotype"	"Abundance"	"B1"	27	"B2"	25	0	0	0	0	0	0	337.5	NA	NA	52	"B2"	NA
"uc_uc_k_sv_1563"	"enterotype"	"Abundance"	"B1"	27	"B2"	25	0	0	0	0	0	0	337.5	NA	NA	52	"B2"	NA
"s_Blautia_A_faecis_sv_1564"	"enterotype"	"Abundance"	"B1"	27	"B2"	25	0	0	0	0	0	0	337.5	NA	NA	52	"B2"	NA
"s_Ureibacillus_sp005491425_sv_1565"	"enterotype"	"Abundance"	"B1"	27	"B2"	25	0	0	0	0	0	0	337.5	NA	NA	52	"B2"	NA
"s_Parabacteroides_distasonis_sv_1566"	"enterotype"	"Abundance"	"B1"	27	"B2"	25	0	0	0	0	0	0	337.5	NA	NA	52	"B2"	NA
"s_Limosilactobacillus_fermentum_sv_1567"	"enterotype"	"Abundance"	"B1"	27	"B2"	25	0	0	0	0	0	0	337.5	NA	NA	52	"B2"	NA
"s_Butyricimonas_paravirosa_sv_1568"	"enterotype"	"Abundance"	"B1"	27	"B2"	25	0	0	0	0	0	0	337.5	NA	NA	52	"B2"	NA
"s_Odoribacter_splanchnicus_sv_1569"	"enterotype"	"Abundance"	"B1"	27	"B2"	25	0	0	0	0	0	0	337.5	NA	NA	52	"B2"	NA
"s_Bifidobacterium_pseudocatenulatum_sv_1570"	"enterotype"	"Abundance"	"B1"	27	"B2"	25	0	0	0	0	0	0	337.5	NA	NA	52	"B2"	NA
"s_Bacteroides_uniformis_sv_1571"	"enterotype"	"Abundance"	"B1"	27	"B2"	25	0	0	0	0	0	0	337.5	NA	NA	52	"B2"	NA
"s_Listeria_monocytogenes_sv_1572"	"enterotype"	"Abundance"	"B1"	27	"B2"	25	0	0	0	0	0	0	337.5	NA	NA	52	"B2"	NA
"s_Duodenibacillus_intestinigallinarum_sv_1573"	"enterotype"	"Abundance"	"B1"	27	"B2"	25	0	0	0	0	0	0	337.5	NA	NA	52	"B2"	NA
"s_Marmoricola_sp001424755_sv_1574"	"enterotype"	"Abundance"	"B1"	27	"B2"	25	0	0	0	0	0	0	337.5	NA	NA	52	"B2"	NA
"s_Enterocloster_sp000431375_sv_1575"	"enterotype"	"Abundance"	"B1"	27	"B2"	25	0	0	0	0	0	0	337.5	NA	NA	52	"B2"	NA
"s_Parabacteroides_goldsteinii_sv_1576"	"enterotype"	"Abundance"	"B1"	27	"B2"	25	0	0	0	0	0	0	337.5	NA	NA	52	"B2"	NA
"s_Lautropia_mirabilis_sv_1577"	"enterotype"	"Abundance"	"B1"	27	"B2"	25	0	0	0	0	0	0	337.5	NA	NA	52	"B2"	NA
"s_Flavonifractor_plautii_sv_1578"	"enterotype"	"Abundance"	"B1"	27	"B2"	25	0	0	0	0	0	0	337.5	NA	NA	52	"B2"	NA
"s_Absicoccus_sp000434355_sv_1579"	"enterotype"	"Abundance"	"B1"	27	"B2"	25	0	0	0	0	0	0	337.5	NA	NA	52	"B2"	NA
"s_Bacteroides_uniformis_sv_1580"	"enterotype"	"Abundance"	"B1"	27	"B2"	25	0	0	0	0	0	0	337.5	NA	NA	52	"B2"	NA
"s_JABXKX01_sp022496765_sv_1581"	"enterotype"	"Abundance"	"B1"	27	"B2"	25	0	0	0	0	0	0	337.5	NA	NA	52	"B2"	NA
"s_Blautia_A_wexlerae_sv_1582"	"enterotype"	"Abundance"	"B1"	27	"B2"	25	0	0	0	0	0	0	337.5	NA	NA	52	"B2"	NA
"s_Bacteroides_uniformis_sv_1583"	"enterotype"	"Abundance"	"B1"	27	"B2"	25	0	0	0	0	0	0	337.5	NA	NA	52	"B2"	NA
"s_Barnesiella_intestinihominis_sv_1584"	"enterotype"	"Abundance"	"B1"	27	"B2"	25	0	0	0	0	0	0	337.5	NA	NA	52	"B2"	NA
"s_Parabacteroides_distasonis_sv_1585"	"enterotype"	"Abundance"	"B1"	27	"B2"	25	0	0	0	0	0	0	337.5	NA	NA	52	"B2"	NA
"s_Staphylococcus_aureus_sv_1586"	"enterotype"	"Abundance"	"B1"	27	"B2"	25	0	0	0	0	0	0	337.5	NA	NA	52	"B2"	NA
"s_Staphylococcus_aureus_sv_1587"	"enterotype"	"Abundance"	"B1"	27	"B2"	25	0	0	0	0	0	0	337.5	NA	NA	52	"B2"	NA
"s_Lawsonibacter_sp000177015_sv_1588"	"enterotype"	"Abundance"	"B1"	27	"B2"	25	0	0	0	0	0	0	337.5	NA	NA	52	"B2"	NA
"s_Phocaeicola_vulgatus_sv_1589"	"enterotype"	"Abundance"	"B1"	27	"B2"	25	0	0	0	0	0	0	337.5	NA	NA	52	"B2"	NA
"uc_g_Collinsella_sv_1590"	"enterotype"	"Abundance"	"B1"	27	"B2"	25	0	0	0	0	0	0	337.5	NA	NA	52	"B2"	NA
"s_Bacteroides_faecis_sv_1591"	"enterotype"	"Abundance"	"B1"	27	"B2"	25	0	0	0	0	0	0	337.5	NA	NA	52	"B2"	NA
"s_Clostridium_paraputrificum_sv_1592"	"enterotype"	"Abundance"	"B1"	27	"B2"	25	0	0	0	0	0	0	337.5	NA	NA	52	"B2"	NA
"s_Gemmiger_qucibialis_sv_1593"	"enterotype"	"Abundance"	"B1"	27	"B2"	25	0	0	0	0	0	0	337.5	NA	NA	52	"B2"	NA
"s_Agathobaculum_butyriciproducens_sv_1594"	"enterotype"	"Abundance"	"B1"	27	"B2"	25	0	0	0	0	0	0	337.5	NA	NA	52	"B2"	NA
"s_Dysosmobacter_welbionis_sv_1595"	"enterotype"	"Abundance"	"B1"	27	"B2"	25	0	0	0	0	0	0	337.5	NA	NA	52	"B2"	NA
"s_Blautia_A_faecis_sv_1596"	"enterotype"	"Abundance"	"B1"	27	"B2"	25	0	0	0	0	0	0	337.5	NA	NA	52	"B2"	NA
"s_Lawsonibacter_asaccharolyticus_sv_1597"	"enterotype"	"Abundance"	"B1"	27	"B2"	25	0	0	0	0	0	0	337.5	NA	NA	52	"B2"	NA
"s_Bacteroides_uniformis_sv_1598"	"enterotype"	"Abundance"	"B1"	27	"B2"	25	0	0	0	0	0	0	337.5	NA	NA	52	"B2"	NA
"s_Enterocloster_sp000431375_sv_1599"	"enterotype"	"Abundance"	"B1"	27	"B2"	25	0	0	0	0	0	0	337.5	NA	NA	52	"B2"	NA
"s_Phocaeicola_vulgatus_sv_1600"	"enterotype"	"Abundance"	"B1"	27	"B2"	25	0	0	0	0	0	0	337.5	NA	NA	52	"B2"	NA
"s_Peptostreptococcus_stomatis_sv_1601"	"enterotype"	"Abundance"	"B1"	27	"B2"	25	0	0	0	0	0	0	337.5	NA	NA	52	"B2"	NA
"s_Macrococcus_B_bohemicus_sv_1602"	"enterotype"	"Abundance"	"B1"	27	"B2"	25	0	0	0	0	0	0	337.5	NA	NA	52	"B2"	NA
"s_Gemmiger_sp900540595_sv_1603"	"enterotype"	"Abundance"	"B1"	27	"B2"	25	0	0	0	0	0	0	337.5	NA	NA	52	"B2"	NA
"s_Otoolea_fessa_sv_1604"	"enterotype"	"Abundance"	"B1"	27	"B2"	25	0	0	0	0	0	0	337.5	NA	NA	52	"B2"	NA
"s_Blautia_A_faecis_sv_1605"	"enterotype"	"Abundance"	"B1"	27	"B2"	25	0	0	0	0	0	0	337.5	NA	NA	52	"B2"	NA
"s_Otoolea_fessa_sv_1606"	"enterotype"	"Abundance"	"B1"	27	"B2"	25	0	0	0	0	0	0	337.5	NA	NA	52	"B2"	NA
"s_Ruminococcus_B_gnavus_sv_1607"	"enterotype"	"Abundance"	"B1"	27	"B2"	25	0	0	0	0	0	0	337.5	NA	NA	52	"B2"	NA
"s_Ruminococcus_B_gnavus_sv_1608"	"enterotype"	"Abundance"	"B1"	27	"B2"	25	0	0	0	0	0	0	337.5	NA	NA	52	"B2"	NA
"s_Instestinimonas_A_celer_sv_1609"	"enterotype"	"Abundance"	"B1"	27	"B2"	25	0	0	0	0	0	0	337.5	NA	NA	52	"B2"	NA
"s_Enterocloster_sp000431375_sv_1610"	"enterotype"	"Abundance"	"B1"	27	"B2"	25	0	0	0	0	0	0	337.5	NA	NA	52	"B2"	NA
"s_Bacteroides_eggerthii_sv_1611"	"enterotype"	"Abundance"	"B1"	27	"B2"	25	0	0	0	0	0	0	337.5	NA	NA	52	"B2"	NA
"uc_uc_k_sv_1612"	"enterotype"	"Abundance"	"B1"	27	"B2"	25	0	0	0	0	0	0	337.5	NA	NA	52	"B2"	NA
"s_Otoolea_fessa_sv_1613"	"enterotype"	"Abundance"	"B1"	27	"B2"	25	0	0	0	0	0	0	337.5	NA	NA	52	"B2"	NA
"s_Intestinimonas_butyriciproducens_sv_1614"	"enterotype"	"Abundance"	"B1"	27	"B2"	25	0	0	0	0	0	0	337.5	NA	NA	52	"B2"	NA
