"OTU"	"Discrete"	"Continuous"	"Level1"	"N_level1"	"Level2"	"N_level2"	"mean.level1"	"mean.level2"	"median.level1"	"median.level2"	"sd.level1"	"sd.level2"	"statistic"	"EffectSize_r"	"p.value"	"N"	"Dominant"	"q.value"
"s_Bacteroides_thetaiotaomicron_sv_32"	"enterotype"	"Abundance"	"B1"	27	"B2"	30	10.6023264999983	0	10.7138907602319	0	4.38954895976663	0	810	0.864812746437891	2.66670517404672e-12	57	"B1"	2.50670286360392e-10
"s_Phocaeicola_vulgatus_sv_47"	"enterotype"	"Abundance"	"B1"	27	"B2"	30	8.14606750137882	0	8.55981388534968	0	5.44008671883578	0	810	0.735531388431844	2.66670517404672e-12	57	"B1"	2.50670286360392e-10
"s_Parabacteroides_distasonis_sv_48"	"enterotype"	"Abundance"	"B1"	27	"B2"	30	7.37624407791112	0	6.95082631291553	0	2.21989407641211	0	810	0.918038144623398	2.66670517404672e-12	57	"B1"	2.50670286360392e-10
"s_Parabacteroides_distasonis_sv_52"	"enterotype"	"Abundance"	"B1"	27	"B2"	30	6.88106130508361	0	6.33808758216855	0	2.32756592290244	0	810	0.901326256521613	2.66670517404672e-12	57	"B1"	2.50670286360392e-10
"s_Phocaeicola_vulgatus_sv_55"	"enterotype"	"Abundance"	"B1"	27	"B2"	30	6.63575258359303	0	6.27073154149348	0	4.43346160000285	0	810	0.735383011065901	2.66670517404672e-12	57	"B1"	2.50670286360392e-10
"s_Clostridium_AQ_innocuum_sv_63"	"enterotype"	"Abundance"	"B1"	27	"B2"	30	3.81467917787428	0	2.95402249274143	0	2.70460442295997	0	810	0.715381779497447	2.66670517404672e-12	57	"B1"	2.50670286360392e-10
"s_Parabacteroides_distasonis_sv_78"	"enterotype"	"Abundance"	"B1"	27	"B2"	30	3.82168055882628	0	3.7498031915175	0	1.21902518602395	0	810	0.910092354295989	2.66670517404672e-12	57	"B1"	2.50670286360392e-10
"s_Phocaeicola_vulgatus_sv_79"	"enterotype"	"Abundance"	"B1"	27	"B2"	30	3.90704837964984	0	4.06234836354868	0	2.21126101916334	0	810	0.787038765928681	2.66670517404672e-12	57	"B1"	2.50670286360392e-10
"s_Parabacteroides_distasonis_sv_85"	"enterotype"	"Abundance"	"B1"	27	"B2"	30	3.17749558774315	0	3.19095836917758	0	1.11979007620612	0	810	0.894733147243606	2.66670517404672e-12	57	"B1"	2.50670286360392e-10
"s_Parabacteroides_distasonis_sv_88"	"enterotype"	"Abundance"	"B1"	27	"B2"	30	3.15797330943387	0	3.05381481568274	0	1.18625266392244	0	810	0.883664576974233	2.66670517404672e-12	57	"B1"	2.50670286360392e-10
"s_Parasutterella_excrementihominis_sv_106"	"enterotype"	"Abundance"	"B1"	27	"B2"	30	3.82081525523689	0	2.61554306269651	0	3.02725289142835	0	810	0.676214105840647	2.66670517404672e-12	57	"B1"	2.50670286360392e-10
"s_Parasutterella_excrementihominis_sv_209"	"enterotype"	"Abundance"	"B1"	27	"B2"	30	1.64116681467832	0	1.46583111152771	0	1.14073103163154	0	810	0.72214217626458	2.66670517404672e-12	57	"B1"	2.50670286360392e-10
"s_Phocaeicola_vulgatus_sv_22"	"enterotype"	"Abundance"	"B1"	27	"B2"	30	11.6775260023895	0.0424987849420962	5.20265667612375	0	14.770750094061	0.23277543179347	809	0.498750705918764	4.51319158035001e-12	57	"B1"	3.91606161741139e-10
"s_Bacteroides_thetaiotaomicron_sv_38"	"enterotype"	"Abundance"	"B1"	27	"B2"	30	9.36620255338553	0.0948211113029032	9.36672174151782	0	3.76673191417228	0.408119711710985	808	0.867347164174617	7.32108295161934e-12	57	"B1"	3.94013760078906e-10
"s_Bacteroides_cellulosilyticus_sv_2"	"enterotype"	"Abundance"	"B1"	27	"B2"	30	0	64.9217724138802	0	60.8519672930052	0	29.381411357353	0	0.832380675732055	8.0339685122472e-12	57	"B2"	3.94013760078906e-10
"s_Bacteroides_cellulosilyticus_sv_6"	"enterotype"	"Abundance"	"B1"	27	"B2"	30	0	33.8908445637228	0	31.5020146473834	0	15.5837520738513	0	0.828443648173449	8.0339685122472e-12	57	"B2"	3.94013760078906e-10
"s_Bacteroides_cellulosilyticus_sv_7"	"enterotype"	"Abundance"	"B1"	27	"B2"	30	0	28.2340565069189	0	26.3631998844891	0	12.2829081334576	0	0.841858812378114	8.0339685122472e-12	57	"B2"	3.94013760078906e-10
"s_Parabacteroides_distasonis_sv_15"	"enterotype"	"Abundance"	"B1"	27	"B2"	30	0	16.6064421783222	0	15.9965855554138	0	8.17491246715318	0	0.810779776206543	8.0339685122472e-12	57	"B2"	3.94013760078906e-10
"s_Bacteroides_thetaiotaomicron_sv_41"	"enterotype"	"Abundance"	"B1"	27	"B2"	30	0	7.70096759628891	0	6.99571100496685	0	6.48498655998234	0	0.633615425996939	8.0339685122472e-12	57	"B2"	3.94013760078906e-10
"s_Parabacteroides_distasonis_sv_65"	"enterotype"	"Abundance"	"B1"	27	"B2"	30	0	4.40361185128288	0	4.32916363302948	0	2.22416556768419	0	0.803802071503063	8.0339685122472e-12	57	"B2"	3.94013760078906e-10
"s_Parabacteroides_distasonis_sv_75"	"enterotype"	"Abundance"	"B1"	27	"B2"	30	0	3.83804437943184	0	3.46387249485818	0	2.11055105042224	0	0.779448415962594	8.0339685122472e-12	57	"B2"	3.94013760078906e-10
"s_Parabacteroides_distasonis_sv_77"	"enterotype"	"Abundance"	"B1"	27	"B2"	30	0	3.73536117228865	0	3.4817915272824	0	1.99210255736252	0	0.788441828845107	8.0339685122472e-12	57	"B2"	3.94013760078906e-10
"s_Bacteroides_fragilis_sv_125"	"enterotype"	"Abundance"	"B1"	27	"B2"	30	0	2.53617931525267	0	1.77886568340458	0	2.18058420658513	0	0.62580786068903	8.0339685122472e-12	57	"B2"	3.94013760078906e-10
"uc_uc_k_sv_286"	"enterotype"	"Abundance"	"B1"	27	"B2"	30	1.14619009018769	0	0.885071296546814	0	0.862141783931973	0	795	0.694796079945902	1.08246867873341e-11	57	"B1"	5.08760279004704e-10
"s_Clostridium_AQ_innocuum_sv_145"	"enterotype"	"Abundance"	"B1"	27	"B2"	30	1.4798227923632	0.00283916291514558	1.2376443831895	0	1.08689973492117	0.0155507357305736	794.5	0.702452405380392	1.74099032473598e-11	57	"B1"	7.85534834520872e-10
"s_Bacteroides_fragilis_sv_67"	"enterotype"	"Abundance"	"B1"	27	"B2"	30	0	5.05450302786809	0	3.27547296697015	0	4.25394886339536	13.5	0.633831087641517	2.82350876796076e-11	57	"B2"	1.02739286782572e-09
"s_Muricomes_contortus_B_sv_76"	"enterotype"	"Abundance"	"B1"	27	"B2"	30	0	3.22840158177585	0	2.36893789997541	0	2.61328124891973	13.5	0.648353542978705	2.82350876796076e-11	57	"B2"	1.02739286782572e-09
"s_Muricomes_contortus_B_sv_123"	"enterotype"	"Abundance"	"B1"	27	"B2"	30	0	1.97107090613978	0	1.48480410107826	0	1.60467619847455	13.5	0.646227990852692	2.82350876796076e-11	57	"B2"	1.02739286782572e-09
"s_Bacteroides_fragilis_sv_127"	"enterotype"	"Abundance"	"B1"	27	"B2"	30	0	2.53620287783888	0	1.53212932100929	0	2.1718164964536	13.5	0.627327002338831	2.82350876796076e-11	57	"B2"	1.02739286782572e-09
"s_Muricomes_contortus_B_sv_135"	"enterotype"	"Abundance"	"B1"	27	"B2"	30	0	1.83191376170281	0	1.28913069808167	0	1.57035661179654	13.5	0.626933749100266	2.82350876796076e-11	57	"B2"	1.02739286782572e-09
"s_Bacteroides_fragilis_sv_162"	"enterotype"	"Abundance"	"B1"	27	"B2"	30	0	1.96663581015784	0	1.30660218148865	0	1.54883051796242	13.5	0.658492215310684	2.82350876796076e-11	57	"B2"	1.02739286782572e-09
"s_Phocaeicola_vulgatus_sv_82"	"enterotype"	"Abundance"	"B1"	27	"B2"	30	3.63756896350721	0	3.61859886603859	0	2.67793290094037	0	780	0.70235169738715	4.1988705470725e-11	57	"B1"	1.24640157292047e-09
"s_Parabacteroides_merdae_sv_143"	"enterotype"	"Abundance"	"B1"	27	"B2"	30	2.04037985661332	0	1.7327021364653	0	1.57822816918905	0	780	0.684856266244204	4.1988705470725e-11	57	"B1"	1.24640157292047e-09
"s_Bacteroides_intestinalis_sv_218"	"enterotype"	"Abundance"	"B1"	27	"B2"	30	1.60071178537408	0	0.956656224489796	0	1.77780875272739	0	780	0.549232493142884	4.1988705470725e-11	57	"B1"	1.24640157292047e-09
"s_Parasutterella_gallistercoris_sv_219"	"enterotype"	"Abundance"	"B1"	27	"B2"	30	1.41729361144611	0	0.928694575189873	0	1.50310640164954	0	780	0.566820281116907	4.1988705470725e-11	57	"B1"	1.24640157292047e-09
"s_Bacteroides_intestinalis_sv_263"	"enterotype"	"Abundance"	"B1"	27	"B2"	30	1.23010931341958	0	0.862359248390597	0	1.12642026994304	0	780	0.622641042429058	4.1988705470725e-11	57	"B1"	1.24640157292047e-09
"s_Butyricimonas_paravirosa_sv_419"	"enterotype"	"Abundance"	"B1"	27	"B2"	30	0.502303501828076	0	0.496670432593532	0	0.274782266534233	0	780	0.796777390380235	4.1988705470725e-11	57	"B1"	1.24640157292047e-09
"s_Butyricimonas_paravirosa_sv_435"	"enterotype"	"Abundance"	"B1"	27	"B2"	30	0.517104866198694	0	0.425717513651599	0	0.40668779016313	0	780	0.678882117930051	4.1988705470725e-11	57	"B1"	1.24640157292047e-09
"s_Flavonifractor_plautii_sv_124"	"enterotype"	"Abundance"	"B1"	27	"B2"	30	0.0053100161144769	2.60858503491604	0	2.59956158222012	0.0275916530978504	1.64725762636667	15	0.735264513589393	4.56816670208024e-11	57	"B2"	1.32125436921705e-09
"s_Bacteroides_uniformis_sv_4"	"enterotype"	"Abundance"	"B1"	27	"B2"	30	42.5045763264795	0.524433093089086	19.3983892666371	0	47.3058094506659	1.68185373130602	790.5	0.54344830352053	5.62554508498763e-11	57	"B1"	1.58640371396651e-09
"s_Akkermansia_sp004167605_sv_3"	"enterotype"	"Abundance"	"B1"	27	"B2"	30	0	68.1196495886637	0	57.7203119026971	0	54.1728540677494	27	0.65490422001327	9.53175614977378e-11	57	"B2"	2.62239535047435e-09
"s_Bacteroides_caccae_sv_18"	"enterotype"	"Abundance"	"B1"	27	"B2"	30	7.20338868544309	0	5.25256148297431	0	7.43147168782108	0	765	0.577354213848415	1.55865122412257e-10	57	"B1"	3.58807873634746e-09
"s_Eisenbergiella_tayi_sv_91"	"enterotype"	"Abundance"	"B1"	27	"B2"	30	2.04746182726275	0	1.39999325274775	0	2.14287395670492	0	765	0.571870355292706	1.55865122412257e-10	57	"B1"	3.58807873634746e-09
"s_Bacteroides_intestinalis_sv_221"	"enterotype"	"Abundance"	"B1"	27	"B2"	30	1.51612669293648	0	0.954017955154592	0	1.47911203677224	0	765	0.598648247750105	1.55865122412257e-10	57	"B1"	3.58807873634746e-09
"s_Bacteroides_uniformis_sv_294"	"enterotype"	"Abundance"	"B1"	27	"B2"	30	0.961680544019582	0	0.722924735100054	0	0.729584306944397	0	765	0.69176076265445	1.55865122412257e-10	57	"B1"	3.58807873634746e-09
"uc_uc_k_sv_299"	"enterotype"	"Abundance"	"B1"	27	"B2"	30	1.07807588241773	0	0.907605881005636	0	0.860049911073232	0	765	0.673728983133193	1.55865122412257e-10	57	"B1"	3.58807873634746e-09
"uc_uc_k_sv_401"	"enterotype"	"Abundance"	"B1"	27	"B2"	30	0.527473204398082	0	0.478328112244898	0	0.347064331399079	0	765	0.740414560048189	1.55865122412257e-10	57	"B1"	3.58807873634746e-09
"s_Butyricimonas_paravirosa_sv_423"	"enterotype"	"Abundance"	"B1"	27	"B2"	30	0.48745875477191	0	0.43077187270143	0	0.370241629861616	0	765	0.691349929981254	1.55865122412257e-10	57	"B1"	3.58807873634746e-09
"s_Butyricimonas_paravirosa_sv_425"	"enterotype"	"Abundance"	"B1"	27	"B2"	30	0.471682270316776	0	0.488610370509238	0	0.286243509160187	0	765	0.766132568324659	1.55865122412257e-10	57	"B1"	3.58807873634746e-09
"s_Clostridium_AQ_innocuum_sv_138"	"enterotype"	"Abundance"	"B1"	27	"B2"	30	1.64588317138333	0.00681858743714517	1.1274757651827	0	1.3226789543936	0.0373469414964575	763.5	0.669398483154418	2.85906243360987e-10	57	"B1"	6.45004485022386e-09
"s_Phocaeicola_dorei_sv_17"	"enterotype"	"Abundance"	"B1"	27	"B2"	30	0	23.6276833809253	0	14.8722963984983	0	23.9954986015366	40.5	0.562524849929541	3.09456204268974e-10	57	"B2"	6.58616223425288e-09
"s_Phocaeicola_dorei_sv_100"	"enterotype"	"Abundance"	"B1"	27	"B2"	30	0	3.89667663863114	0	2.55722210390079	0	3.82771539817316	40.5	0.575228845956743	3.09456204268974e-10	57	"B2"	6.58616223425288e-09
"s_Phocaeicola_dorei_sv_128"	"enterotype"	"Abundance"	"B1"	27	"B2"	30	0	3.11535488623377	0	2.31334081172194	0	3.04050031936136	40.5	0.577695122747831	3.09456204268974e-10	57	"B2"	6.58616223425288e-09
"s_Flavonifractor_plautii_sv_192"	"enterotype"	"Abundance"	"B1"	27	"B2"	30	1.68199219421719	0.0496127889256456	1.89410851842342	0	1.0278702236652	0.136519998803393	770	0.751481878583262	5.4899713507935e-10	57	"B1"	1.02532136371906e-08
"s_Eisenbergiella_tayi_sv_81"	"enterotype"	"Abundance"	"B1"	27	"B2"	30	2.48341963984284	0	1.77121259309599	0	2.30885740607904	0	750	0.616913394640125	5.5447343250765e-10	57	"B1"	1.02532136371906e-08
"s_Eisenbergiella_tayi_sv_84"	"enterotype"	"Abundance"	"B1"	27	"B2"	30	2.45859101477094	0	1.89410851842342	0	2.39599554710705	0	750	0.599056140595891	5.5447343250765e-10	57	"B1"	1.02532136371906e-08
"s_Parasutterella_gallistercoris_sv_226"	"enterotype"	"Abundance"	"B1"	27	"B2"	30	1.37378465063682	0	0.963899646800072	0	1.29520326052244	0	750	0.611623396502015	5.5447343250765e-10	57	"B1"	1.02532136371906e-08
"s_Parasutterella_gallistercoris_sv_269"	"enterotype"	"Abundance"	"B1"	27	"B2"	30	1.18262335412185	0	0.775389370862574	0	1.12098606801081	0	750	0.609586764646334	5.5447343250765e-10	57	"B1"	1.02532136371906e-08
"s_Desulfovibrio_sp900556755_sv_412"	"enterotype"	"Abundance"	"B1"	27	"B2"	30	0.567758009506159	0	0.386157017384196	0	0.574350006733842	0	750	0.584839868356833	5.5447343250765e-10	57	"B1"	1.02532136371906e-08
"s_Butyricimonas_paravirosa_sv_455"	"enterotype"	"Abundance"	"B1"	27	"B2"	30	0.395007726859442	0	0.384126520131427	0	0.269914304502455	0	750	0.727893945738398	5.5447343250765e-10	57	"B1"	1.02532136371906e-08
"s_Bacteroides_uniformis_sv_494"	"enterotype"	"Abundance"	"B1"	27	"B2"	30	0.446421702225179	0	0.464347287594937	0	0.285483489886184	0	750	0.7496480508952	5.5447343250765e-10	57	"B1"	1.02532136371906e-08
"s_Flavonifractor_plautii_sv_239"	"enterotype"	"Abundance"	"B1"	27	"B2"	30	0	1.20377017135975	0	1.27255057622293	0	0.73172140295774	54	0.74840608436428	9.67348959489242e-10	57	"B2"	1.75995101016752e-08
"s_Bacteroides_eggerthii_sv_1"	"enterotype"	"Abundance"	"B1"	27	"B2"	30	75.7392592079065	0	73.6856308075151	0	55.0135307822347	0	735	0.707037903278914	1.89294025266685e-09	57	"B1"	3.23520697728516e-08
"uc_uc_k_sv_69"	"enterotype"	"Abundance"	"B1"	27	"B2"	30	4.29362305553016	0	3.63042352402254	0	3.30271924891825	0	735	0.686840798120347	1.89294025266685e-09	57	"B1"	3.23520697728516e-08
"s_Bilophila_wadsworthia_sv_116"	"enterotype"	"Abundance"	"B1"	27	"B2"	30	2.44883227688794	0	2.38197555623254	0	2.03605869011269	0	735	0.658628603488326	1.89294025266685e-09	57	"B1"	3.23520697728516e-08
"s_Bacteroides_intestinalis_sv_240"	"enterotype"	"Abundance"	"B1"	27	"B2"	30	1.40075642914435	0	0.86154374540286	0	1.42489171247763	0	735	0.582727708109616	1.89294025266685e-09	57	"B1"	3.23520697728516e-08
"s_Alistipes_shahii_sv_189"	"enterotype"	"Abundance"	"B1"	27	"B2"	30	0	1.17240445378331	0	0.881851023963652	0	1.15058816990726	67.5	0.575582695646572	2.91498660942603e-09	57	"B2"	4.90761924691426e-08
"s_Bacteroides_ovatus_sv_25"	"enterotype"	"Abundance"	"B1"	27	"B2"	30	19.944142695163	0	25.0412814885985	0	15.3305755741739	0	720	0.687091219573691	6.21039485884921e-09	57	"B1"	1.00076077154027e-07
"s_Enterocloster_aldenensis_sv_42"	"enterotype"	"Abundance"	"B1"	27	"B2"	30	7.64014376489705	0	1.24365309183673	0	14.0222470101335	0	720	0.370346070729362	6.21039485884921e-09	57	"B1"	1.00076077154027e-07
"s_Sellimonas_intestinalis_sv_448"	"enterotype"	"Abundance"	"B1"	27	"B2"	30	0.517685476451816	0	0.346915620056215	0	0.583866135076557	0	720	0.543386329319675	6.21039485884921e-09	57	"B1"	1.00076077154027e-07
"s_Bacteroides_thetaiotaomicron_sv_10"	"enterotype"	"Abundance"	"B1"	27	"B2"	30	19.8999548762896	4.83161120795533	19.9090936784669	4.25131615096121	8.15495743304141	3.74294225518521	767	0.768893802316539	7.56354571383133e-09	57	"B1"	1.20164500918334e-07
"s_Clostridium_AQ_innocuum_sv_223"	"enterotype"	"Abundance"	"B1"	27	"B2"	30	0	1.06839798686784	0	0.67479073237268	0	1.27889872668132	81	0.500363799018154	8.47748090583238e-09	57	"B2"	1.30994499476424e-07
"s_Alistipes_finegoldii_sv_357"	"enterotype"	"Abundance"	"B1"	27	"B2"	30	0	0.665723847813836	0	0.590496526340043	0	0.669569501794505	81	0.56621952560814	8.47748090583238e-09	57	"B2"	1.30994499476424e-07
"s_Clostridium_AQ_innocuum_sv_97"	"enterotype"	"Abundance"	"B1"	27	"B2"	30	2.33682974514165	0.40744808803494	1.85661151396856	0	1.86222520686837	1.21192403379908	740	0.529082184278822	1.92097823363796e-08	57	"B1"	2.76465727510278e-07
"s_Bacteroides_xylanisolvens_sv_29"	"enterotype"	"Abundance"	"B1"	27	"B2"	30	18.0377052652576	0	23.0868400065615	0	13.9159299397171	0	705	0.685785179903953	1.96074984049842e-08	57	"B1"	2.76465727510278e-07
"s_Blautia_A_caecimuris_sv_45"	"enterotype"	"Abundance"	"B1"	27	"B2"	30	5.5753048462839	0	4.46446343092893	0	5.22211417144191	0	705	0.614100256921738	1.96074984049842e-08	57	"B1"	2.76465727510278e-07
"uc_uc_k_sv_237"	"enterotype"	"Abundance"	"B1"	27	"B2"	30	1.27084983512571	0	1.22442553192408	0	1.0277942432053	0	705	0.668760671820571	1.96074984049842e-08	57	"B1"	2.76465727510278e-07
"s_Mediterraneibacter_torques_sv_316"	"enterotype"	"Abundance"	"B1"	27	"B2"	30	1.22670326320703	0	1.14030831257507	0	1.21398009019	0	705	0.593210379591329	1.96074984049842e-08	57	"B1"	2.76465727510278e-07
"uc_uc_k_sv_380"	"enterotype"	"Abundance"	"B1"	27	"B2"	30	0.465815192386145	0	0.410899713985204	0	0.399650525998508	0	705	0.647024006515427	1.96074984049842e-08	57	"B1"	2.76465727510278e-07
"s_Bittarella_massiliensis_sv_488"	"enterotype"	"Abundance"	"B1"	27	"B2"	30	0.326625993690714	0	0.272936971162457	0	0.316909800344223	0	705	0.600732222753471	1.96074984049842e-08	57	"B1"	2.76465727510278e-07
"s_Bacteroides_fragilis_sv_165"	"enterotype"	"Abundance"	"B1"	27	"B2"	30	0	1.95243136761447	0	1.30653227604098	0	1.79237607209659	94.5	0.601011592227144	2.38219074770209e-08	57	"B2"	3.27696483342434e-07
"s_Clostridium_AQ_innocuum_sv_238"	"enterotype"	"Abundance"	"B1"	27	"B2"	30	0	1.03433656972914	0	0.584855245867858	0	1.27002296085644	94.5	0.490909490581885	2.38219074770209e-08	57	"B2"	3.27696483342434e-07
"s_Bacteroides_ovatus_sv_5"	"enterotype"	"Abundance"	"B1"	27	"B2"	30	57.6204886053149	0	75.4552234048214	0	44.6382953560067	0	690	0.684302365335068	5.96531528427613e-08	57	"B1"	7.15837834113135e-07
"s_Enterocloster_aldenensis_sv_35"	"enterotype"	"Abundance"	"B1"	27	"B2"	30	8.77406378439598	0	0.780482108361265	0	16.3915617570599	0	690	0.364723249482454	5.96531528427613e-08	57	"B1"	7.15837834113135e-07
"s_Enterocloster_aldenensis_sv_40"	"enterotype"	"Abundance"	"B1"	27	"B2"	30	7.63227842698062	0	0.956656224489796	0	14.1300943988431	0	690	0.367583509824315	5.96531528427613e-08	57	"B1"	7.15837834113135e-07
"s_Blautia_A_caecimuris_sv_89"	"enterotype"	"Abundance"	"B1"	27	"B2"	30	2.14820608094249	0	1.84084859952351	0	2.08039837542805	0	690	0.601444835669607	5.96531528427613e-08	57	"B1"	7.15837834113135e-07
"s_Bacteroides_nordii_sv_148"	"enterotype"	"Abundance"	"B1"	27	"B2"	30	1.71926851922745	0	1.23269914195561	0	1.61467139382667	0	690	0.613087062780171	5.96531528427613e-08	57	"B1"	7.15837834113135e-07
"uc_uc_k_sv_230"	"enterotype"	"Abundance"	"B1"	27	"B2"	30	1.36549718412356	0	1.56938758418413	0	1.06462411497588	0	690	0.682010975443754	5.96531528427613e-08	57	"B1"	7.15837834113135e-07
"s_Otoolea_symbiosa_sv_268"	"enterotype"	"Abundance"	"B1"	27	"B2"	30	0.905704384601057	0	0.928694575189873	0	0.76897538143487	0	690	0.650900569580881	5.96531528427613e-08	57	"B1"	7.15837834113135e-07
"s_Enterocloster_bolteae_sv_277"	"enterotype"	"Abundance"	"B1"	27	"B2"	30	1.24956261413596	0	0.516926247241716	0	1.60366153209652	0	690	0.494759838486156	5.96531528427613e-08	57	"B1"	7.15837834113135e-07
"s_Otoolea_symbiosa_sv_288"	"enterotype"	"Abundance"	"B1"	27	"B2"	30	0.88275542480511	0	0.977220741018477	0	0.724278480861232	0	690	0.663501364145902	5.96531528427613e-08	57	"B1"	7.15837834113135e-07
"s_Mediterraneibacter_torques_sv_305"	"enterotype"	"Abundance"	"B1"	27	"B2"	30	1.31075089645149	0	1.48951146319636	0	1.07788265378346	0	690	0.662669550419809	5.96531528427613e-08	57	"B1"	7.15837834113135e-07
"s_Mediterraneibacter_torques_sv_308"	"enterotype"	"Abundance"	"B1"	27	"B2"	30	1.3407747197572	0	1.28406160620376	0	1.2482263247521	0	690	0.616399448434604	5.96531528427613e-08	57	"B1"	7.15837834113135e-07
"s_Mediterraneibacter_torques_sv_348"	"enterotype"	"Abundance"	"B1"	27	"B2"	30	1.08988173558596	0	1.05232184693878	0	0.938524872467141	0	690	0.645655608366451	5.96531528427613e-08	57	"B1"	7.15837834113135e-07
"s_Barnesiella_intestinihominis_sv_175"	"enterotype"	"Abundance"	"B1"	27	"B2"	30	0	1.29189367785114	0	1.11366978949016	0	1.27974174783653	108	0.572022260905563	6.47534780995653e-08	57	"B2"	7.53009518518656e-07
"s_Clostridium_AQ_innocuum_sv_261"	"enterotype"	"Abundance"	"B1"	27	"B2"	30	0	0.914629440369016	0	0.480801687027977	0	1.31443287189509	108	0.434049074772514	6.47534780995653e-08	57	"B2"	7.53009518518656e-07
"s_Alistipes_finegoldii_sv_387"	"enterotype"	"Abundance"	"B1"	27	"B2"	30	0	0.562342813788337	0	0.360605763714418	0	0.691689958832885	108	0.490260757611582	6.47534780995653e-08	57	"B2"	7.53009518518656e-07
"uc_g_Dialister_sv_16"	"enterotype"	"Abundance"	"B1"	27	"B2"	30	1.64419109738702	18.1698966436421	0.997769773503185	14.6528956089905	1.82019225332351	19.3082999217012	76	0.507932682329407	1.28223542737565e-07	57	"B2"	1.47587914497932e-06
"s_Clostridium_AQ_innocuum_sv_215"	"enterotype"	"Abundance"	"B1"	27	"B2"	30	0	1.08704392786964	0	0.68370154229762	0	1.4188931732593	121.5	0.46845465732567	1.70458468881629e-07	57	"B2"	1.63251744190196e-06
"s_Hungatella_hathewayi_sv_31"	"enterotype"	"Abundance"	"B1"	27	"B2"	30	7.7277427316062	0	2.17190112856002	0	12.8950956087566	0	675	0.40149974247065	1.75119335523171e-07	57	"B1"	1.63251744190196e-06
"s_Hungatella_hathewayi_sv_33"	"enterotype"	"Abundance"	"B1"	27	"B2"	30	7.26920881452119	0	1.91316489363138	0	12.0191737679083	0	675	0.40458605379837	1.75119335523171e-07	57	"B1"	1.63251744190196e-06
"s_Blautia_A_caecimuris_sv_43"	"enterotype"	"Abundance"	"B1"	27	"B2"	30	5.25556999204481	0	4.87894674489796	0	4.93042890374135	0	675	0.61350152645061	1.75119335523171e-07	57	"B1"	1.63251744190196e-06
"s_Enterocloster_clostridioformis_sv_44"	"enterotype"	"Abundance"	"B1"	27	"B2"	30	5.839785401015	0	6.06077078128175	0	5.2329282395589	0	675	0.630790265358666	1.75119335523171e-07	57	"B1"	1.63251744190196e-06
"s_Enterocloster_clostridioformis_sv_49"	"enterotype"	"Abundance"	"B1"	27	"B2"	30	5.29240296972898	0	4.78620635876113	0	4.96629425563972	0	675	0.613401597715036	1.75119335523171e-07	57	"B1"	1.63251744190196e-06
"s_Bacteroides_uniformis_sv_59"	"enterotype"	"Abundance"	"B1"	27	"B2"	30	7.55085596592165	0	4.96670432593532	0	7.98183716824402	0	675	0.568070382595189	1.75119335523171e-07	57	"B1"	1.63251744190196e-06
"s_Barnesiella_intestinihominis_sv_92"	"enterotype"	"Abundance"	"B1"	27	"B2"	30	4.7136893576548	0	5.08310809787688	0	3.76677476639549	0	675	0.673115890443317	1.75119335523171e-07	57	"B1"	1.63251744190196e-06
"s_Blautia_A_fusiformis_sv_94"	"enterotype"	"Abundance"	"B1"	27	"B2"	30	5.89360932870582	0	5.63850277793852	0	5.36159034547545	0	675	0.625108373086786	1.75119335523171e-07	57	"B1"	1.63251744190196e-06
"s_Blautia_A_fusiformis_sv_99"	"enterotype"	"Abundance"	"B1"	27	"B2"	30	5.42781438915399	0	5.80224814979721	0	4.97404234887225	0	675	0.622356562149057	1.75119335523171e-07	57	"B1"	1.63251744190196e-06
"s_Blautia_A_fusiformis_sv_113"	"enterotype"	"Abundance"	"B1"	27	"B2"	30	4.55438000256612	0	4.96670432593532	0	3.94780360384872	0	675	0.643205798747887	1.75119335523171e-07	57	"B1"	1.63251744190196e-06
"s_Bacteroides_uniformis_sv_115"	"enterotype"	"Abundance"	"B1"	27	"B2"	30	3.45229664448342	0	2.05763464931606	0	3.65422060656067	0	675	0.567560942691822	1.75119335523171e-07	57	"B1"	1.63251744190196e-06
"s_Blautia_A_fusiformis_sv_129"	"enterotype"	"Abundance"	"B1"	27	"B2"	30	4.17767298001616	0	4.2253917214457	0	3.75599184872564	0	675	0.629543374159171	1.75119335523171e-07	57	"B1"	1.63251744190196e-06
"s_Bacteroides_uniformis_sv_130"	"enterotype"	"Abundance"	"B1"	27	"B2"	30	3.25414844853045	0	1.91572881143219	0	3.47109107710757	0	675	0.56462566671251	1.75119335523171e-07	57	"B1"	1.63251744190196e-06
"s_Blautia_A_fusiformis_sv_133"	"enterotype"	"Abundance"	"B1"	27	"B2"	30	4.11561486770172	0	4.16137063475713	0	3.73048929415568	0	675	0.626478600492535	1.75119335523171e-07	57	"B1"	1.63251744190196e-06
"s_Blautia_A_fusiformis_sv_142"	"enterotype"	"Abundance"	"B1"	27	"B2"	30	3.91120252512153	0	4.24546091515371	0	3.49357842959603	0	675	0.631989105434851	1.75119335523171e-07	57	"B1"	1.63251744190196e-06
"s_Blautia_A_fusiformis_sv_146"	"enterotype"	"Abundance"	"B1"	27	"B2"	30	3.72982635182227	0	3.75533114302796	0	3.38504364213639	0	675	0.626006788369498	1.75119335523171e-07	57	"B1"	1.63251744190196e-06
"uc_uc_k_sv_247"	"enterotype"	"Abundance"	"B1"	27	"B2"	30	1.26157540191909	0	1.54631282359975	0	1.06370143439899	0	675	0.65347178573063	1.75119335523171e-07	57	"B1"	1.63251744190196e-06
"uc_uc_k_sv_251"	"enterotype"	"Abundance"	"B1"	27	"B2"	30	1.37821727281823	0	1.32727291189779	0	1.18879334576762	0	675	0.645037312761835	1.75119335523171e-07	57	"B1"	1.63251744190196e-06
"s_Schaedlerella_glycyrrhizinilytica_A_sv_304"	"enterotype"	"Abundance"	"B1"	27	"B2"	30	0.742492616497569	0	0.544162038136579	0	0.88023429677161	0	675	0.524487613969579	1.75119335523171e-07	57	"B1"	1.63251744190196e-06
"s_Alistipes_shahii_sv_337"	"enterotype"	"Abundance"	"B1"	27	"B2"	30	0.90247787160253	0	0.780482108361265	0	0.790558304418023	0	675	0.639281374273906	1.75119335523171e-07	57	"B1"	1.63251744190196e-06
"s_Sellimonas_intestinalis_sv_464"	"enterotype"	"Abundance"	"B1"	27	"B2"	30	0.456216094986899	0	0.466424604117068	0	0.431377985695008	0	675	0.610517278595132	1.75119335523171e-07	57	"B1"	1.63251744190196e-06
"s_Hominilimicola_fabiformis_sv_533"	"enterotype"	"Abundance"	"B1"	27	"B2"	30	0.465575644302525	0	0.478328112244898	0	0.389041263954431	0	675	0.656785743692811	1.75119335523171e-07	57	"B1"	1.63251744190196e-06
"s_Extibacter_hylemonae_sv_428"	"enterotype"	"Abundance"	"B1"	27	"B2"	30	0	0.552364312390128	0	0.271513285536399	0	0.655523101671503	135	0.50357850993419	4.3504061645119e-07	57	"B2"	3.91807981963203e-06
"s_Coprobacter_fastidiosus_sv_110"	"enterotype"	"Abundance"	"B1"	27	"B2"	30	2.29388385329539	0.00565878170970404	2.72936971162457	0	2.06202178795666	0.0309944239040256	670.5	0.628627280219732	4.45630474196687e-07	57	"B1"	3.91807981963203e-06
"s_Blautia_A_fusiformis_sv_117"	"enterotype"	"Abundance"	"B1"	27	"B2"	30	4.45699077900523	0.00172795072226644	5.22801002264677	0	3.86854482559095	0.00946437588842675	670.5	0.642563073067726	4.45630474196687e-07	57	"B1"	3.91807981963203e-06
"s_Hungatella_hathewayi_sv_12"	"enterotype"	"Abundance"	"B1"	27	"B2"	30	16.8792780292002	0	4.36201595747954	0	28.0678110609197	0	660	0.402673294363294	4.96706927488813e-07	57	"B1"	3.91807981963203e-06
"s_Phocaeicola_massiliensis_sv_19"	"enterotype"	"Abundance"	"B1"	27	"B2"	30	11.2993651053423	0	7.46191855102041	0	13.1177658334261	0	660	0.532413169168486	4.96706927488813e-07	57	"B1"	3.91807981963203e-06
"s_Faecalibacterium_duncaniae_sv_90"	"enterotype"	"Abundance"	"B1"	27	"B2"	30	6.11183871475632	0	6.37542371598117	0	5.64386831001404	0	660	0.619472179822295	4.96706927488813e-07	57	"B1"	3.91807981963203e-06
"s_Faecalibacterium_duncaniae_sv_95"	"enterotype"	"Abundance"	"B1"	27	"B2"	30	5.77954493984827	0	6.74729752760051	0	5.0214755793615	0	660	0.642338360561169	4.96706927488813e-07	57	"B1"	3.91807981963203e-06
"s_Clostridium_AP_sp000509125_sv_323"	"enterotype"	"Abundance"	"B1"	27	"B2"	30	0.330331241204228	0	0.32179751448683	0	0.345509988256776	0	660	0.572107411643782	4.96706927488813e-07	57	"B1"	3.91807981963203e-06
"s_Bacteroides_nordii_sv_391"	"enterotype"	"Abundance"	"B1"	27	"B2"	30	0.433407230164629	0	0.344617498161144	0	0.471989722522273	0	660	0.556717777759788	4.96706927488813e-07	57	"B1"	3.91807981963203e-06
"s_Lachnoclostridium_A_edouardi_sv_444"	"enterotype"	"Abundance"	"B1"	27	"B2"	30	0.798868351249247	0	0.410899713985204	0	1.10550844635324	0	660	0.467054951770441	4.96706927488813e-07	57	"B1"	3.91807981963203e-06
"s_Alitiscatomonas_sp900066535_sv_456"	"enterotype"	"Abundance"	"B1"	27	"B2"	30	0.75725882345639	0	0.926500503967243	0	0.709484197857902	0	660	0.61399514739179	4.96706927488813e-07	57	"B1"	3.91807981963203e-06
"s_Holdemania_filiformis_sv_458"	"enterotype"	"Abundance"	"B1"	27	"B2"	30	0.383916301279992	0	0.441803663885642	0	0.340016097189496	0	660	0.635179043152593	4.96706927488813e-07	57	"B1"	3.91807981963203e-06
"s_Alitiscatomonas_sp900066535_sv_478"	"enterotype"	"Abundance"	"B1"	27	"B2"	30	0.682332322424653	0	0.570154156287534	0	0.701902727367673	0	660	0.5784582655465	4.96706927488813e-07	57	"B1"	3.91807981963203e-06
"s_Sellimonas_intestinalis_sv_486"	"enterotype"	"Abundance"	"B1"	27	"B2"	30	0.385419987855737	0	0.301218639625023	0	0.433814900631036	0	660	0.544153982856696	4.96706927488813e-07	57	"B1"	3.91807981963203e-06
"s_Blautia_A_acetigignens_sv_507"	"enterotype"	"Abundance"	"B1"	27	"B2"	30	0.613598534705425	0	0.354764594709666	0	0.80052255918472	0	660	0.488670024476537	4.96706927488813e-07	57	"B1"	3.91807981963203e-06
"s_Alitiscatomonas_sp900066535_sv_514"	"enterotype"	"Abundance"	"B1"	27	"B2"	30	0.608953795887853	0	0.359537249737053	0	0.612148745879075	0	660	0.587245372748249	4.96706927488813e-07	57	"B1"	3.91807981963203e-06
"s_Hominilimicola_fabiformis_sv_556"	"enterotype"	"Abundance"	"B1"	27	"B2"	30	0.422924609992137	0	0.564987106729655	0	0.372343781993675	0	660	0.637402842696938	4.96706927488813e-07	57	"B1"	3.91807981963203e-06
"uc_uc_k_sv_579"	"enterotype"	"Abundance"	"B1"	27	"B2"	30	0.180659931677248	0	0.192063260065714	0	0.177419545258695	0	660	0.596130939445754	4.96706927488813e-07	57	"B1"	3.91807981963203e-06
"s_Lachnoclostridium_A_edouardi_sv_586"	"enterotype"	"Abundance"	"B1"	27	"B2"	30	0.453944782645225	0	0.32179751448683	0	0.575714124856665	0	660	0.499172238729219	4.96706927488813e-07	57	"B1"	3.91807981963203e-06
"s_Lawsonibacter_sp000177015_sv_600"	"enterotype"	"Abundance"	"B1"	27	"B2"	30	0.376323308417317	0	0.256812321240752	0	0.406961366324461	0	660	0.559389626073459	4.96706927488813e-07	57	"B1"	3.91807981963203e-06
"s_Anaerotignum_faecicola_sv_664"	"enterotype"	"Abundance"	"B1"	27	"B2"	30	0.379730661279444	0	0.341171213953072	0	0.378514621447861	0	660	0.59046135614469	4.96706927488813e-07	57	"B1"	3.91807981963203e-06
"uc_uc_k_sv_669"	"enterotype"	"Abundance"	"B1"	27	"B2"	30	0.367723329573764	0	0.272936971162457	0	0.425084578976074	0	660	0.534028677482289	4.96706927488813e-07	57	"B1"	3.91807981963203e-06
"s_Alistipes_putredinis_sv_73"	"enterotype"	"Abundance"	"B1"	27	"B2"	30	3.63055731678655	0.00807730603539783	3.44396240816327	0	3.2321637399728	0.0310190813426995	666	0.632378141012997	1.03847171105791e-06	57	"B1"	8.13469506995359e-06
"s_Clostridium_AQ_innocuum_sv_282"	"enterotype"	"Abundance"	"B1"	27	"B2"	30	0	0.863292938494374	0	0.417028771393393	0	1.13223672217559	148.5	0.466716559930897	1.07765242738375e-06	57	"B2"	8.26933291216918e-06
"s_Extibacter_hylemonae_sv_410"	"enterotype"	"Abundance"	"B1"	27	"B2"	30	0	0.598917719964299	0	0.234736507398223	0	0.774623040250602	148.5	0.471793233886864	1.07765242738375e-06	57	"B2"	8.26933291216918e-06
"s_Bittarella_massiliensis_sv_417"	"enterotype"	"Abundance"	"B1"	27	"B2"	30	0	0.252492098504534	0	0.155124111651495	0	0.302193022361315	148.5	0.500420852220022	1.07765242738375e-06	57	"B2"	8.26933291216918e-06
"s_Faecalibacterium_duncaniae_sv_80"	"enterotype"	"Abundance"	"B1"	27	"B2"	30	7.06904778630395	0.00227286247904839	7.83168463025059	0	6.88111109295616	0.0124489804988192	655	0.599372729064789	1.32278903563297e-06	57	"B1"	9.43246847047083e-06
"s_Hungatella_hathewayi_sv_27"	"enterotype"	"Abundance"	"B1"	27	"B2"	30	8.6567536090727	0	2.11157054165558	0	14.5922641993163	0	645	0.39811150831978	1.36302514245279e-06	57	"B1"	9.43246847047083e-06
"s_Enterocloster_aldenensis_sv_39"	"enterotype"	"Abundance"	"B1"	27	"B2"	30	8.12758186901755	0	1.2376443831895	0	16.3689522016474	0	645	0.341559228419783	1.36302514245279e-06	57	"B1"	9.43246847047083e-06
"s_Faecalibacterium_duncaniae_sv_98"	"enterotype"	"Abundance"	"B1"	27	"B2"	30	5.51068610594343	0	6.09338927734895	0	5.63265939747543	0	645	0.580893753014358	1.36302514245279e-06	57	"B1"	9.43246847047083e-06
"s_Allocoprobacillus_merdigallinarum_sv_153"	"enterotype"	"Abundance"	"B1"	27	"B2"	30	2.61377845166299	0	0.59701794119349	0	3.40936406851382	0	645	0.488742127595146	1.36302514245279e-06	57	"B1"	9.43246847047083e-06
"s_Faecalibacterium_longum_sv_172"	"enterotype"	"Abundance"	"B1"	27	"B2"	30	3.14574549983283	0	0.901033040563124	0	5.74431974077002	0	645	0.371963374302353	1.36302514245279e-06	57	"B1"	9.43246847047083e-06
"s_Faecalibacterium_longum_sv_296"	"enterotype"	"Abundance"	"B1"	27	"B2"	30	1.56051929767147	0	0.386157017384196	0	3.03641692320448	0	645	0.352047331769688	1.36302514245279e-06	57	"B1"	9.43246847047083e-06
"s_Faecalibacterium_longum_sv_332"	"enterotype"	"Abundance"	"B1"	27	"B2"	30	1.32082419859342	0	0.366457777881929	0	2.43423151840134	0	645	0.36902642259508	1.36302514245279e-06	57	"B1"	9.43246847047083e-06
"uc_uc_k_sv_370"	"enterotype"	"Abundance"	"B1"	27	"B2"	30	0.74446790305935	0	0.614511004683419	0	0.889639275972423	0	645	0.521479418340031	1.36302514245279e-06	57	"B1"	9.43246847047083e-06
"s_Clostridium_AP_sp000509125_sv_386"	"enterotype"	"Abundance"	"B1"	27	"B2"	30	0.2892346127449	0	0.192063260065714	0	0.352138900406648	0	645	0.514460747112339	1.36302514245279e-06	57	"B1"	9.43246847047083e-06
"s_Schaedlerella_glycyrrhizinilytica_A_sv_415"	"enterotype"	"Abundance"	"B1"	27	"B2"	30	0.450886925880836	0	0.301652934522225	0	0.584647377064774	0	645	0.490939907565987	1.36302514245279e-06	57	"B1"	9.43246847047083e-06
"s_Sellimonas_intestinalis_sv_445"	"enterotype"	"Abundance"	"B1"	27	"B2"	30	0.459769962961999	0	0.368706602810051	0	0.521704646568624	0	645	0.541079415912385	1.36302514245279e-06	57	"B1"	9.43246847047083e-06
"s_Alitiscatomonas_sp900066535_sv_480"	"enterotype"	"Abundance"	"B1"	27	"B2"	30	0.66940808594701	0	0.567623351535465	0	0.710186437387597	0	645	0.566687191159725	1.36302514245279e-06	57	"B1"	9.43246847047083e-06
"s_UBA7173_sp001689485_sv_581"	"enterotype"	"Abundance"	"B1"	27	"B2"	30	0.224846901558834	0	0.229579787235765	0	0.230680853901166	0	645	0.579473852047396	1.36302514245279e-06	57	"B1"	9.43246847047083e-06
"s_Dysosmobacter_welbionis_sv_588"	"enterotype"	"Abundance"	"B1"	27	"B2"	30	0.332521255020794	0	0.427615617215651	0	0.311150143038411	0	645	0.614472380224129	1.36302514245279e-06	57	"B1"	9.43246847047083e-06
"s_Anaerotignum_faecicola_sv_722"	"enterotype"	"Abundance"	"B1"	27	"B2"	30	0.305483988411286	0	0.301218639625023	0	0.30458398500363	0	645	0.590363454417669	1.36302514245279e-06	57	"B1"	9.43246847047083e-06
"s_Bacteroides_xylanisolvens_sv_24"	"enterotype"	"Abundance"	"B1"	27	"B2"	30	0	6.46230032356439	0	2.43136773697644	0	8.54657729793817	162	0.463688053654686	2.59383899256948e-06	57	"B2"	1.72108846095198e-05
"s_Bacteroides_xylanisolvens_sv_46"	"enterotype"	"Abundance"	"B1"	27	"B2"	30	0	3.87914844476509	0	1.32475524572149	0	5.27237392425292	162	0.453840126788828	2.59383899256948e-06	57	"B2"	1.72108846095198e-05
"s_Bacteroides_uniformis_sv_58"	"enterotype"	"Abundance"	"B1"	27	"B2"	30	0	7.48331002238747	0	2.10543348433363	0	10.2378936782055	162	0.451491543007535	2.59383899256948e-06	57	"B2"	1.72108846095198e-05
"s_Bacteroides_intestinigallinarum_sv_74"	"enterotype"	"Abundance"	"B1"	27	"B2"	30	0	6.44854371412931	0	1.48986564108186	0	7.68268535843718	162	0.502126208183174	2.59383899256948e-06	57	"B2"	1.72108846095198e-05
"s_Otoolea_symbiosa_sv_178"	"enterotype"	"Abundance"	"B1"	27	"B2"	30	0	1.0781686218884	0	0.6108580691525	0	1.9726616274773	162	0.354186944335994	2.59383899256948e-06	57	"B2"	1.72108846095198e-05
"s_Clostridium_AQ_innocuum_sv_205"	"enterotype"	"Abundance"	"B1"	27	"B2"	30	0	2.05172153807037	0	0.208963377538524	0	3.32052987990569	162	0.393489510089105	2.59383899256948e-06	57	"B2"	1.72108846095198e-05
"s_Extibacter_hylemonae_sv_409"	"enterotype"	"Abundance"	"B1"	27	"B2"	30	0	0.628037803029462	0	0.190005833982762	0	0.821447157015775	162	0.467708301691254	2.59383899256948e-06	57	"B2"	1.72108846095198e-05
"s_Faecalibacterium_duncaniae_sv_102"	"enterotype"	"Abundance"	"B1"	27	"B2"	30	5.16394098518289	0	5.36942223449561	0	5.29393266980297	0	630	0.579761475046141	3.62339307984656e-06	57	"B1"	2.2334357344628e-05
"s_Duodenibacillus_intestinigallinarum_sv_154"	"enterotype"	"Abundance"	"B1"	27	"B2"	30	0.371468437162008	0	0.286996867346939	0	0.483935668207265	0	630	0.489201208390776	3.62339307984656e-06	57	"B1"	2.2334357344628e-05
"s_Phocaeicola_vulgatus_sv_168"	"enterotype"	"Abundance"	"B1"	27	"B2"	30	1.6209576112861	0	0.244305185254619	0	2.97311977271921	0	630	0.370548122593006	3.62339307984656e-06	57	"B1"	2.2334357344628e-05
"s_Ruminococcus_E_bromii_B_sv_181"	"enterotype"	"Abundance"	"B1"	27	"B2"	30	1.78813756649942	0	0.294535775923762	0	3.30316669062618	0	630	0.368285699190822	3.62339307984656e-06	57	"B1"	2.2334357344628e-05
"s_Faecalibacterium_longum_sv_289"	"enterotype"	"Abundance"	"B1"	27	"B2"	30	1.59106422256263	0	0.603080621782002	0	2.73370784009136	0	630	0.391764580903244	3.62339307984656e-06	57	"B1"	2.2334357344628e-05
"s_Allocoprobacillus_merdigallinarum_sv_320"	"enterotype"	"Abundance"	"B1"	27	"B2"	30	0.994252435723049	0	0.39801196079566	0	1.18737314574639	0	630	0.521720331181347	3.62339307984656e-06	57	"B1"	2.2334357344628e-05
"s_Bacteroides_nordii_sv_352"	"enterotype"	"Abundance"	"B1"	27	"B2"	30	0.441686020100434	0	0.301218639625023	0	0.489532985685997	0	630	0.550024419841698	3.62339307984656e-06	57	"B1"	2.2334357344628e-05
"s_Blautia_A_acetigignens_sv_367"	"enterotype"	"Abundance"	"B1"	27	"B2"	30	1.11339415186552	0	0.368169719904702	0	1.42988622626704	0	630	0.494505079005961	3.62339307984656e-06	57	"B1"	2.2334357344628e-05
"uc_uc_k_sv_398"	"enterotype"	"Abundance"	"B1"	27	"B2"	30	0.564492423894032	0	0.488610370509238	0	0.600283147620142	0	630	0.565794288437723	3.62339307984656e-06	57	"B1"	2.2334357344628e-05
"s_Schaedlerella_glycyrrhizinilytica_A_sv_400"	"enterotype"	"Abundance"	"B1"	27	"B2"	30	0.45204265013715	0	0.36198352142667	0	0.568901923982776	0	630	0.502045190981263	3.62339307984656e-06	57	"B1"	2.2334357344628e-05
"s_Schaedlerella_glycyrrhizinilytica_A_sv_414"	"enterotype"	"Abundance"	"B1"	27	"B2"	30	0.419631152280686	0	0.272936971162457	0	0.542014736066569	0	630	0.492376409143297	3.62339307984656e-06	57	"B1"	2.2334357344628e-05
"s_Alistipes_timonensis_sv_442"	"enterotype"	"Abundance"	"B1"	27	"B2"	30	0.480668300800909	0	0.183228888940964	0	0.919357771820901	0	630	0.35735495001819	3.62339307984656e-06	57	"B1"	2.2334357344628e-05
"s_Blautia_A_acetigignens_sv_549"	"enterotype"	"Abundance"	"B1"	27	"B2"	30	0.524048381470797	0	0.331676633996383	0	0.671506044412733	0	630	0.495338313146424	3.62339307984656e-06	57	"B1"	2.2334357344628e-05
"s_Faecalibacterium_duncaniae_sv_126"	"enterotype"	"Abundance"	"B1"	27	"B2"	30	4.12619816429956	0.0031662270146113	5.12809988687783	0	4.10096255805827	0.0173421395808485	639.5	0.591280131801946	3.78944636411137e-06	57	"B1"	2.31053810741493e-05
"s_Sellimonas_intestinalis_sv_528"	"enterotype"	"Abundance"	"B1"	27	"B2"	30	0.312184978069969	0.00178551640504988	0.256084346754285	0	0.359870286453462	0.00977967611841351	639.5	0.532763826974663	3.78944636411137e-06	57	"B1"	2.31053810741493e-05
"s_Bacteroides_uniformis_sv_56"	"enterotype"	"Abundance"	"B1"	27	"B2"	30	0	10.9136477086274	0	4.90368442185146	0	16.2383930142776	175.5	0.42195944686214	6.0729150177275e-06	57	"B2"	3.54935136787389e-05
"s_Bacteroides_uniformis_sv_61"	"enterotype"	"Abundance"	"B1"	27	"B2"	30	0	7.15464217077232	0	3.02923942871187	0	9.34315469101445	175.5	0.468284599629773	6.0729150177275e-06	57	"B2"	3.54935136787389e-05
"s_Bacteroides_intestinigallinarum_sv_83"	"enterotype"	"Abundance"	"B1"	27	"B2"	30	0	5.82393818754991	0	1.30734850228116	0	6.92308322099172	175.5	0.502958908951686	6.0729150177275e-06	57	"B2"	3.54935136787389e-05
"s_Clostridium_AQ_innocuum_sv_151"	"enterotype"	"Abundance"	"B1"	27	"B2"	30	0	3.24198213675868	0	0.282610292788434	0	5.2595125256251	175.5	0.392691731497578	6.0729150177275e-06	57	"B2"	3.54935136787389e-05
"s_Otoolea_symbiosa_sv_170"	"enterotype"	"Abundance"	"B1"	27	"B2"	30	0	1.14880607837972	0	0.480343474513385	0	2.1865061513943	175.5	0.342144014556083	6.0729150177275e-06	57	"B2"	3.54935136787389e-05
"s_Eisenbergiella_tayi_sv_322"	"enterotype"	"Abundance"	"B1"	27	"B2"	30	0	0.532114893563245	0	0.185092960376827	0	0.644169557960964	175.5	0.49616981576719	6.0729150177275e-06	57	"B2"	3.54935136787389e-05
"s_Extibacter_hylemonae_sv_418"	"enterotype"	"Abundance"	"B1"	27	"B2"	30	0	0.592446120588456	0	0.267770418424145	0	0.807711784348112	175.5	0.452735879466787	6.0729150177275e-06	57	"B2"	3.54935136787389e-05
"s_Oxalobacter_aliiformigenes_sv_746"	"enterotype"	"Abundance"	"B1"	27	"B2"	30	0	0.246164792998855	0	0.217365344117051	0	0.311876444795346	175.5	0.479351540788427	6.0729150177275e-06	57	"B2"	3.54935136787389e-05
"s_Eisenbergiella_tayi_sv_295"	"enterotype"	"Abundance"	"B1"	27	"B2"	30	0.00505438835486032	0.609360708791549	0	0.210322064276146	0.0262633722954077	0.739179701535407	170	0.492113853548211	7.92063737814772e-06	57	"B2"	4.60540152708795e-05
"s_Bacteroides_ovatus_sv_21"	"enterotype"	"Abundance"	"B1"	27	"B2"	30	14.4098418106546	0	0.354764594709666	0	22.0427291825	0	615	0.43130673184866	9.34343494096428e-06	57	"B1"	5.0670166410614e-05
"s_Bacteroides_ovatus_sv_23"	"enterotype"	"Abundance"	"B1"	27	"B2"	30	13.9745047048614	0	0.441803663885642	0	21.3893808230343	0	615	0.431100950964163	9.34343494096428e-06	57	"B1"	5.0670166410614e-05
"s_CAG-266_sp019117495_sv_141"	"enterotype"	"Abundance"	"B1"	27	"B2"	30	3.99432831080135	0	0.310949736078045	0	4.94806861362609	0	615	0.50795653709022	9.34343494096428e-06	57	"B1"	5.0670166410614e-05
"s_Dielma_fastidiosa_sv_245"	"enterotype"	"Abundance"	"B1"	27	"B2"	30	0.661401070473634	0	0.0682342427906144	0	1.78841466826457	0	615	0.261407038720281	9.34343494096428e-06	57	"B1"	5.0670166410614e-05
"s_Allocoprobacillus_merdigallinarum_sv_253"	"enterotype"	"Abundance"	"B1"	27	"B2"	30	1.33983110701689	0	0.39801196079566	0	1.79924170087081	0	615	0.478024249693839	9.34343494096428e-06	57	"B1"	5.0670166410614e-05
"s_Faecalibacterium_longum_sv_302"	"enterotype"	"Abundance"	"B1"	27	"B2"	30	1.49037214442493	0	0.257438011589464	0	2.9028217699837	0	615	0.351740433464998	9.34343494096428e-06	57	"B1"	5.0670166410614e-05
"s_Clostridium_AP_sp000509125_sv_362"	"enterotype"	"Abundance"	"B1"	27	"B2"	30	0.283037232685659	0	0.183228888940964	0	0.320618481914928	0	615	0.541725924216	9.34343494096428e-06	57	"B1"	5.0670166410614e-05
"s_Cryptobacteroides_sp000431015_sv_388"	"enterotype"	"Abundance"	"B1"	27	"B2"	30	0.644115225165584	0	0.358426087727191	0	0.772990767332645	0	615	0.519879760912408	9.34343494096428e-06	57	"B1"	5.0670166410614e-05
"uc_uc_k_sv_511"	"enterotype"	"Abundance"	"B1"	27	"B2"	30	0.617600862966981	0	0.12066117380889	0	0.878534558025707	0	615	0.457092381155157	9.34343494096428e-06	57	"B1"	5.0670166410614e-05
"s_Lawsonibacter_sp000177015_sv_660"	"enterotype"	"Abundance"	"B1"	27	"B2"	30	0.303317993279684	0	0.15305319149051	0	0.330044655006327	0	615	0.557035314732989	9.34343494096428e-06	57	"B1"	5.0670166410614e-05
"s_Choladousia_sp902363665_sv_693"	"enterotype"	"Abundance"	"B1"	27	"B2"	30	0.325508717100373	0	0.213807808607825	0	0.393642393684543	0	615	0.516993413979056	9.34343494096428e-06	57	"B1"	5.0670166410614e-05
"s_Lawsonibacter_aceti_sv_695"	"enterotype"	"Abundance"	"B1"	27	"B2"	30	0.192825664060345	0	0.12215259262731	0	0.265527397477523	0	615	0.468848812815718	9.34343494096428e-06	57	"B1"	5.0670166410614e-05
"s_Acetatifactor_acetigignens_sv_762"	"enterotype"	"Abundance"	"B1"	27	"B2"	30	0.254106145263158	0	0.076526595745255	0	0.403214139021033	0	615	0.418597857365506	9.34343494096428e-06	57	"B1"	5.0670166410614e-05
"uc_uc_k_sv_772"	"enterotype"	"Abundance"	"B1"	27	"B2"	30	0.153509374361746	0	0.128719005794732	0	0.163921351655791	0	615	0.564211172193047	9.34343494096428e-06	57	"B1"	5.0670166410614e-05
"s_Flavonifractor_plautii_sv_307"	"enterotype"	"Abundance"	"B1"	27	"B2"	30	0.485201982022849	0.00226210857160059	0.15305319149051	0	0.989497226701704	0.0123900789219143	624	0.336390108967863	1.04909132474658e-05	57	"B1"	5.63511911578162e-05
"s_Cryptobacteroides_sp000431015_sv_593"	"enterotype"	"Abundance"	"B1"	27	"B2"	30	0.340927612040569	0.00409981107972102	0.272936971162457	0	0.416775975670304	0.0224555900987281	624	0.507779948108868	1.04909132474658e-05	57	"B1"	5.63511911578162e-05
"s_Eisenbergiella_tayi_sv_96"	"enterotype"	"Abundance"	"B1"	27	"B2"	30	1.66833350988073	0.327866533477336	1.42538539071884	0	1.52122532713468	0.459562219100596	671	0.522678246893196	1.34118763041315e-05	57	"B1"	6.84996317734564e-05
"s_Bacteroides_uniformis_sv_34"	"enterotype"	"Abundance"	"B1"	27	"B2"	30	0	10.3770088865597	0	1.85767986641363	0	14.9181179333088	189	0.433929037368168	1.38456702520816e-05	57	"B2"	6.84996317734564e-05
"s_Bacteroides_rodentium_sv_60"	"enterotype"	"Abundance"	"B1"	27	"B2"	30	0	5.08024654049051	0	0.773489611995492	0	7.47535653405714	189	0.425808280913355	1.38456702520816e-05	57	"B2"	6.84996317734564e-05
"s_Bacteroides_uniformis_sv_62"	"enterotype"	"Abundance"	"B1"	27	"B2"	30	0	4.93044402678886	0	0.849899095654522	0	7.19018023854025	189	0.428927295346749	1.38456702520816e-05	57	"B2"	6.84996317734564e-05
"s_Bacteroides_intestinigallinarum_sv_68"	"enterotype"	"Abundance"	"B1"	27	"B2"	30	0	6.89615616761375	0	1.60197419133406	0	8.36527883507421	189	0.495417796906654	1.38456702520816e-05	57	"B2"	6.84996317734564e-05
"s_Bacteroides_sp019412865_sv_70"	"enterotype"	"Abundance"	"B1"	27	"B2"	30	0	6.83007052570427	0	1.47576900828243	0	8.19029218318437	189	0.499701916011038	1.38456702520816e-05	57	"B2"	6.84996317734564e-05
"s_Tidjanibacter_inops_sv_122"	"enterotype"	"Abundance"	"B1"	27	"B2"	30	0	2.14809874375974	0	0.0832707643391467	0	2.43873047147977	189	0.520217215695274	1.38456702520816e-05	57	"B2"	6.84996317734564e-05
"s_Escherichia_coli_sv_136"	"enterotype"	"Abundance"	"B1"	27	"B2"	30	0	2.20668690433533	0	0.57290460391208	0	3.64733974578985	189	0.386547426351874	1.38456702520816e-05	57	"B2"	6.84996317734564e-05
"s_Thomasclavelia_sp000508865_sv_149"	"enterotype"	"Abundance"	"B1"	27	"B2"	30	0	1.30002811050252	0	0.0554644657230039	0	1.50838841429572	189	0.512031155249767	1.38456702520816e-05	57	"B2"	6.84996317734564e-05
"s_Coprobacter_fastidiosus_sv_157"	"enterotype"	"Abundance"	"B1"	27	"B2"	30	0	1.22813179211839	0	0.090650721852892	0	1.69534373391029	189	0.448287182324828	1.38456702520816e-05	57	"B2"	6.84996317734564e-05
"s_Blautia_celeris_sv_169"	"enterotype"	"Abundance"	"B1"	27	"B2"	30	0	1.35977224894171	0	0.161290898335198	0	1.88355651136976	189	0.447056642287046	1.38456702520816e-05	57	"B2"	6.84996317734564e-05
"s_Blautia_celeris_sv_179"	"enterotype"	"Abundance"	"B1"	27	"B2"	30	0	1.31978064377617	0	0.152808016024806	0	2.05365096073873	189	0.406646795724894	1.38456702520816e-05	57	"B2"	6.84996317734564e-05
"s_Blautia_celeris_sv_184"	"enterotype"	"Abundance"	"B1"	27	"B2"	30	0	1.24178412803566	0	0.1798685360839	0	1.7601140670356	189	0.438908662060895	1.38456702520816e-05	57	"B2"	6.84996317734564e-05
"s_Clostridium_AQ_innocuum_sv_194"	"enterotype"	"Abundance"	"B1"	27	"B2"	30	0	2.25959426535199	0	0.152541623663793	0	3.67318694576395	189	0.392023040949662	1.38456702520816e-05	57	"B2"	6.84996317734564e-05
"s_Escherichia_coli_sv_225"	"enterotype"	"Abundance"	"B1"	27	"B2"	30	0	1.07025729491654	0	0.186126584903233	0	1.73725803887137	189	0.392507852681016	1.38456702520816e-05	57	"B2"	6.84996317734564e-05
"s_Fournierella_sp900543285_sv_235"	"enterotype"	"Abundance"	"B1"	27	"B2"	30	0	0.537356694747325	0	0.053792627132395	0	0.654738433137132	189	0.493765535673761	1.38456702520816e-05	57	"B2"	6.84996317734564e-05
"s_Eisenbergiella_tayi_sv_343"	"enterotype"	"Abundance"	"B1"	27	"B2"	30	0	0.492163521772738	0	0.101988189908389	0	0.625372580277582	189	0.478275748800935	1.38456702520816e-05	57	"B2"	6.84996317734564e-05
"s_Caecibacter_massiliensis_sv_574"	"enterotype"	"Abundance"	"B1"	27	"B2"	30	0	0.170274330388883	0	0.031161037721126	0	0.252890226465938	189	0.422588366545363	1.38456702520816e-05	57	"B2"	6.84996317734564e-05
"s_Bacteroides_ovatus_sv_28"	"enterotype"	"Abundance"	"B1"	27	"B2"	30	12.0107137062961	0	0	0	18.6209892026656	0	600	0.426628626768109	2.34020570536416e-05	57	"B2"	0.000107306993319137
"s_Eubacterium_G_ventriosum_sv_236"	"enterotype"	"Abundance"	"B1"	27	"B2"	30	1.89869043191648	0	0	0	2.27575526083108	0	600	0.520347832475662	2.34020570536416e-05	57	"B2"	0.000107306993319137
"s_CAG-266_sp019117495_sv_331"	"enterotype"	"Abundance"	"B1"	27	"B2"	30	1.31662196522861	0	0	0	1.58451623049287	0	600	0.518817154086412	2.34020570536416e-05	57	"B2"	0.000107306993319137
"s_Allocoprobacillus_merdigallinarum_sv_341"	"enterotype"	"Abundance"	"B1"	27	"B2"	30	0.878029983947305	0	0	0	1.12031652806211	0	600	0.496919779384799	2.34020570536416e-05	57	"B2"	0.000107306993319137
"s_CAG-266_sp019117495_sv_346"	"enterotype"	"Abundance"	"B1"	27	"B2"	30	1.21977147203555	0	0	0	1.5119354172169	0	600	0.507729890218057	2.34020570536416e-05	57	"B2"	0.000107306993319137
"s_Schaedlerella_glycyrrhizinilytica_A_sv_358"	"enterotype"	"Abundance"	"B1"	27	"B2"	30	0.540899507719693	0	0	0	0.813014876381967	0	600	0.43746786528548	2.34020570536416e-05	57	"B2"	0.000107306993319137
"s_Alistipes_onderdonkii_sv_383"	"enterotype"	"Abundance"	"B1"	27	"B2"	30	0.277592785151108	0	0	0	0.712466480791728	0	600	0.274353430460512	2.34020570536416e-05	57	"B2"	0.000107306993319137
"s_Blautia_A_faecis_sv_389"	"enterotype"	"Abundance"	"B1"	27	"B2"	30	1.02084420905021	0	0	0	2.15821320764945	0	600	0.32718159960464	2.34020570536416e-05	57	"B2"	0.000107306993319137
"s_Blautia_A_wexlerae_sv_437"	"enterotype"	"Abundance"	"B1"	27	"B2"	30	0.678269164347	0	0	0	1.24991833551533	0	600	0.369053723658949	2.34020570536416e-05	57	"B2"	0.000107306993319137
"s_Alistipes_putredinis_sv_450"	"enterotype"	"Abundance"	"B1"	27	"B2"	30	0.788136736909095	0	0	0	0.983864810970897	0	600	0.50507672882882	2.34020570536416e-05	57	"B2"	0.000107306993319137
"s_Eubacterium_G_ventriosum_sv_460"	"enterotype"	"Abundance"	"B1"	27	"B2"	30	0.710605768261708	0	0	0	0.845155155065831	0	600	0.523269226790936	2.34020570536416e-05	57	"B2"	0.000107306993319137
"s_Enterocloster_bolteae_sv_479"	"enterotype"	"Abundance"	"B1"	27	"B2"	30	0.468276316878849	0	0	0	0.731258567287869	0	600	0.424123674487188	2.34020570536416e-05	57	"B2"	0.000107306993319137
"s_Blautia_A_acetigignens_sv_481"	"enterotype"	"Abundance"	"B1"	27	"B2"	30	0.664111575811974	0	0	0	0.959645604477657	0	600	0.451458072035127	2.34020570536416e-05	57	"B2"	0.000107306993319137
"s_Blautia_A_acetigignens_sv_532"	"enterotype"	"Abundance"	"B1"	27	"B2"	30	0.564959108027707	0	0	0	0.852489292565828	0	600	0.436098227746666	2.34020570536416e-05	57	"B2"	0.000107306993319137
"s_Anaerobutyricum_hallii_sv_535"	"enterotype"	"Abundance"	"B1"	27	"B2"	30	0.276284572941589	0	0	0	0.352805200807631	0	600	0.496622607746699	2.34020570536416e-05	57	"B2"	0.000107306993319137
"s_Blautia_A_acetigignens_sv_537"	"enterotype"	"Abundance"	"B1"	27	"B2"	30	0.542703694073051	0	0	0	0.762080833836275	0	600	0.461754195975578	2.34020570536416e-05	57	"B2"	0.000107306993319137
"s_Lachnoclostridium_A_edouardi_sv_654"	"enterotype"	"Abundance"	"B1"	27	"B2"	30	0.384568216187495	0	0	0	0.582984313766443	0	600	0.434470907085563	2.34020570536416e-05	57	"B2"	0.000107306993319137
"s_Lawsonibacter_sp000177015_sv_702"	"enterotype"	"Abundance"	"B1"	27	"B2"	30	0.259597087600569	0	0	0	0.316709319506808	0	600	0.513684330109064	2.34020570536416e-05	57	"B2"	0.000107306993319137
"s_Dysosmobacter_faecalis_sv_734"	"enterotype"	"Abundance"	"B1"	27	"B2"	30	0.207373639547442	0.00452170169412299	0.154087392744451	0	0.227025084969557	0.0172079076806464	618	0.545106867549228	2.69423445844435e-05	57	"B1"	0.000123040342879564
"s_Enterocloster_aldenensis_sv_51"	"enterotype"	"Abundance"	"B1"	27	"B2"	30	6.49877159906995	0.0126649080584452	0.421706095475032	0	12.1665481048893	0.069368558323394	608.5	0.363438442337276	2.81047925382075e-05	57	"B1"	0.000127831475738298
"s_Barnesiella_intestinihominis_sv_64"	"enterotype"	"Abundance"	"B1"	27	"B2"	30	0	2.5879517779885	0	0.00111592403658865	0	3.02711391221671	202.5	0.50899784767256	3.07727480918181e-05	57	"B2"	0.000134541317238647
"s_Blautia_celeris_sv_190"	"enterotype"	"Abundance"	"B1"	27	"B2"	30	0	1.1661899826513	0	4.93771697605596e-05	0	1.65052116194092	202.5	0.439431167327799	3.07727480918181e-05	57	"B2"	0.000134541317238647
"s_Bifidobacterium_bifidum_sv_196"	"enterotype"	"Abundance"	"B1"	27	"B2"	30	0	1.07409174445645	0	0.000997418829163304	0	1.4310148587901	202.5	0.461024510125388	3.07727480918181e-05	57	"B2"	0.000134541317238647
"s_Bacteroides_finegoldii_sv_198"	"enterotype"	"Abundance"	"B1"	27	"B2"	30	0	0.677651726446091	0	0.000138256075329567	0	1.02208808258179	202.5	0.417273705558928	3.07727480918181e-05	57	"B2"	0.000134541317238647
"s_Coprobacter_fastidiosus_sv_207"	"enterotype"	"Abundance"	"B1"	27	"B2"	30	0	0.832613198610789	0	0.000661654074791499	0	1.19333418371712	202.5	0.434998312196637	3.07727480918181e-05	57	"B2"	0.000134541317238647
"s_Escherichia_coli_sv_213"	"enterotype"	"Abundance"	"B1"	27	"B2"	30	0	1.14447958329976	0	0.136371748742903	0	1.79429849709786	202.5	0.404111466351043	3.07727480918181e-05	57	"B2"	0.000134541317238647
"s_Blautia_A_wexlerae_sv_217"	"enterotype"	"Abundance"	"B1"	27	"B2"	30	0	0.987738771102087	0	0.000424643659940812	0	1.49264140600235	202.5	0.416616591448601	3.07727480918181e-05	57	"B2"	0.000134541317238647
"s_Fournierella_sp900543285_sv_339"	"enterotype"	"Abundance"	"B1"	27	"B2"	30	0	0.344995331598598	0	0.000128380641377455	0	0.461906232963048	202.5	0.45924759715306	3.07727480918181e-05	57	"B2"	0.000134541317238647
"s_Enterocloster_aldenensis_sv_363"	"enterotype"	"Abundance"	"B1"	27	"B2"	30	0	0.572397368650433	0	0.0677247604444444	0	1.02806231897839	202.5	0.359942191462776	3.07727480918181e-05	57	"B2"	0.000134541317238647
"uc_uc_k_sv_405"	"enterotype"	"Abundance"	"B1"	27	"B2"	30	0	0.748710071642256	0	0.000740657546408394	0	1.13504842272276	202.5	0.415521677091407	3.07727480918181e-05	57	"B2"	0.000134541317238647
"s_Bacteroides_intestinigallinarum_sv_72"	"enterotype"	"Abundance"	"B1"	27	"B2"	30	0.0089249967296303	6.59459412950743	0	1.40630213319137	0.0463756433793172	7.92526248197053	196	0.498375576984717	3.80747026165004e-05	57	"B2"	0.000165823415256419
"s_Parabacteroides_merdae_sv_108"	"enterotype"	"Abundance"	"B1"	27	"B2"	30	0.00321218166718718	1.35701643052598	0	0.142825855845833	0.0166909855521285	1.63467574003095	197	0.497110843624277	4.14745669874904e-05	57	"B2"	0.000179935813699574
"s_Bacteroides_uniformis_sv_233"	"enterotype"	"Abundance"	"B1"	27	"B2"	30	0.00446249836481515	0.17458369900684	0	0.0283248765114461	0.0231878216896586	0.221720885085248	199	0.4672285150048	4.91571848042507e-05	57	"B2"	0.000212449442372394
"s_Coprobacillus_cateniformis_sv_234"	"enterotype"	"Abundance"	"B1"	27	"B2"	30	0.00611182411451607	1.62564096290648	0	0.0892237295103585	0.0317579696797995	4.4443793900692	200	0.244986587669054	5.34868374700696e-05	57	"B2"	0.000230279208649765
"s_Christensenella_hongkongensis_sv_275"	"enterotype"	"Abundance"	"B1"	27	"B2"	30	1.57302547623345	0	0	0	3.41065821177044	0	585	0.319881986561436	5.70092732421753e-05	57	"B2"	0.000232994421076717
"s_Blautia_A_faecis_sv_315"	"enterotype"	"Abundance"	"B1"	27	"B2"	30	1.41156872248663	0	0	0	3.08713556553106	0	585	0.317414119466028	5.70092732421753e-05	57	"B2"	0.000232994421076717
"s_Blautia_A_faecis_sv_336"	"enterotype"	"Abundance"	"B1"	27	"B2"	30	1.3003516112822	0	0	0	2.75940949979835	0	585	0.326095175288907	5.70092732421753e-05	57	"B2"	0.000232994421076717
"s_Blautia_A_faecis_sv_349"	"enterotype"	"Abundance"	"B1"	27	"B2"	30	1.19799058752262	0	0	0	2.77940781356085	0	585	0.300937217053442	5.70092732421753e-05	57	"B2"	0.000232994421076717
"s_Blautia_A_wexlerae_sv_422"	"enterotype"	"Abundance"	"B1"	27	"B2"	30	0.756631451117878	0	0	0	1.37865748726164	0	585	0.37265774727483	5.70092732421753e-05	57	"B2"	0.000232994421076717
"s_Holdemanella_porci_sv_451"	"enterotype"	"Abundance"	"B1"	27	"B2"	30	0.2864946989609	0	0	0	0.457444161429928	0	585	0.416461969688062	5.70092732421753e-05	57	"B2"	0.000232994421076717
"s_Blautia_A_wexlerae_sv_506"	"enterotype"	"Abundance"	"B1"	27	"B2"	30	0.513414283783311	0	0	0	0.905879686551684	0	585	0.38304479384692	5.70092732421753e-05	57	"B2"	0.000232994421076717
"s_Roseburia_hominis_sv_513"	"enterotype"	"Abundance"	"B1"	27	"B2"	30	0.598065785979593	0	0	0	0.919542715369064	0	585	0.429524014480325	5.70092732421753e-05	57	"B2"	0.000232994421076717
"s_Roseburia_hominis_sv_538"	"enterotype"	"Abundance"	"B1"	27	"B2"	30	0.541232580030656	0	0	0	0.898665384009923	0	585	0.40316940581132	5.70092732421753e-05	57	"B2"	0.000232994421076717
"s_Roseburia_hominis_sv_584"	"enterotype"	"Abundance"	"B1"	27	"B2"	30	0.460074879543766	0	0	0	0.712983770299137	0	585	0.426774953846534	5.70092732421753e-05	57	"B2"	0.000232994421076717
"s_Anaerobutyricum_hallii_sv_599"	"enterotype"	"Abundance"	"B1"	27	"B2"	30	0.217131672644438	0	0	0	0.302850296604573	0	585	0.464199089350384	5.70092732421753e-05	57	"B2"	0.000232994421076717
"s_Blautia_A_acetigignens_sv_663"	"enterotype"	"Abundance"	"B1"	27	"B2"	30	0.378310176742194	0	0	0	0.524135346412939	0	585	0.466629536004353	5.70092732421753e-05	57	"B2"	0.000232994421076717
"uc_uc_k_sv_685"	"enterotype"	"Abundance"	"B1"	27	"B2"	30	0.208327560249429	0	0	0	0.318747601098644	0	585	0.431231021710692	5.70092732421753e-05	57	"B2"	0.000232994421076717
"s_Choladousia_sp902363665_sv_751"	"enterotype"	"Abundance"	"B1"	27	"B2"	30	0.274225499611712	0	0	0	0.436969629870655	0	585	0.417155675819733	5.70092732421753e-05	57	"B2"	0.000232994421076717
"uc_uc_k_sv_103"	"enterotype"	"Abundance"	"B1"	27	"B2"	30	0	4.44416261181489	0	0	0	7.67272198616306	216	0.372436865184175	6.67467303170708e-05	57	"B2"	0.000244449064278104
"uc_uc_k_sv_105"	"enterotype"	"Abundance"	"B1"	27	"B2"	30	0	4.28434608517281	0	0	0	7.17553665385672	216	0.382235360269202	6.67467303170708e-05	57	"B2"	0.000244449064278104
"uc_uc_k_sv_109"	"enterotype"	"Abundance"	"B1"	27	"B2"	30	0	3.97474276239683	0	0	0	6.62618794657435	216	0.383747111272038	6.67467303170708e-05	57	"B2"	0.000244449064278104
"s_Hominimerdicola_aceti_sv_140"	"enterotype"	"Abundance"	"B1"	27	"B2"	30	0	1.6235573675385	0	0	0	3.18099111266678	216	0.333488292686336	6.67467303170708e-05	57	"B2"	0.000244449064278104
"s_Anaerostipes_hadrus_sv_167"	"enterotype"	"Abundance"	"B1"	27	"B2"	30	0	1.69067713560526	0	0	0	2.47140670668323	216	0.428101115466988	6.67467303170708e-05	57	"B2"	0.000244449064278104
"s_Eubacterium_F_sp003491505_sv_173"	"enterotype"	"Abundance"	"B1"	27	"B2"	30	0	2.15575510793712	0	0	0	3.10518200555059	216	0.433246207511405	6.67467303170708e-05	57	"B2"	0.000244449064278104
"s_Eubacterium_F_sp003491505_sv_180"	"enterotype"	"Abundance"	"B1"	27	"B2"	30	0	1.9642230751252	0	0	0	2.82107070777797	216	0.434267262685277	6.67467303170708e-05	57	"B2"	0.000244449064278104
"s_Blautia_A_wexlerae_sv_182"	"enterotype"	"Abundance"	"B1"	27	"B2"	30	0	1.28297440797935	0	0	0	1.95138705423928	216	0.414398980361621	6.67467303170708e-05	57	"B2"	0.000244449064278104
"s_Blautia_A_wexlerae_sv_187"	"enterotype"	"Abundance"	"B1"	27	"B2"	30	0	1.14918519885426	0	0	0	1.67813769949453	216	0.428458801167483	6.67467303170708e-05	57	"B2"	0.000244449064278104
"s_Blautia_A_wexlerae_sv_188"	"enterotype"	"Abundance"	"B1"	27	"B2"	30	0	1.2697865620636	0	0	0	1.99750879798286	216	0.402970933235118	6.67467303170708e-05	57	"B2"	0.000244449064278104
"s_Sutterella_wadsworthensis_sv_193"	"enterotype"	"Abundance"	"B1"	27	"B2"	30	0	0.817542129437358	0	0	0	1.08433508789391	216	0.462647472653407	6.67467303170708e-05	57	"B2"	0.000244449064278104
"s_Blautia_celeris_sv_199"	"enterotype"	"Abundance"	"B1"	27	"B2"	30	0	1.1431628214279	0	0	0	1.67566600372165	216	0.42714281751631	6.67467303170708e-05	57	"B2"	0.000244449064278104
"s_Blautia_A_wexlerae_sv_241"	"enterotype"	"Abundance"	"B1"	27	"B2"	30	0	0.839733422666135	0	0	0	1.26109412372411	216	0.41875800434176	6.67467303170708e-05	57	"B2"	0.000244449064278104
"s_Anaerostipes_hadrus_sv_250"	"enterotype"	"Abundance"	"B1"	27	"B2"	30	0	0.785270397642553	0	0	0	1.13238039079342	216	0.432854524304933	6.67467303170708e-05	57	"B2"	0.000244449064278104
"s_Blautia_A_wexlerae_sv_255"	"enterotype"	"Abundance"	"B1"	27	"B2"	30	0	0.779675029471796	0	0	0	1.15638252437417	216	0.423062214214564	6.67467303170708e-05	57	"B2"	0.000244449064278104
"s_Anaerostipes_hadrus_sv_260"	"enterotype"	"Abundance"	"B1"	27	"B2"	30	0	1.00631582300084	0	0	0	1.42784867446153	216	0.438540556934975	6.67467303170708e-05	57	"B2"	0.000244449064278104
"s_Clostridium_AQ_innocuum_sv_267"	"enterotype"	"Abundance"	"B1"	27	"B2"	30	0	1.53471078165943	0	0	0	3.04208422284146	216	0.330062745662975	6.67467303170708e-05	57	"B2"	0.000244449064278104
"s_Escherichia_coli_sv_283"	"enterotype"	"Abundance"	"B1"	27	"B2"	30	0	0.84371495277497	0	0	0	1.52157031940522	216	0.358667034123555	6.67467303170708e-05	57	"B2"	0.000244449064278104
"s_Anaerostipes_hadrus_sv_292"	"enterotype"	"Abundance"	"B1"	27	"B2"	30	0	0.671984125584239	0	0	0	1.0050808696994	216	0.420156677846562	6.67467303170708e-05	57	"B2"	0.000244449064278104
"s_Prevotella_intestinigallinarum_sv_303"	"enterotype"	"Abundance"	"B1"	27	"B2"	30	0	0.402314027265084	0	0	0	0.822833395432897	216	0.320967770915046	6.67467303170708e-05	57	"B2"	0.000244449064278104
"s_Fusicatenibacter_saccharivorans_sv_306"	"enterotype"	"Abundance"	"B1"	27	"B2"	30	0	0.76418255702077	0	0	0	1.28294455059267	216	0.381455973233212	6.67467303170708e-05	57	"B2"	0.000244449064278104
"s_Sutterella_wadsworthensis_sv_335"	"enterotype"	"Abundance"	"B1"	27	"B2"	30	0	0.404164995607205	0	0	0	0.561776372578409	216	0.44583381516914	6.67467303170708e-05	57	"B2"	0.000244449064278104
"s_Butyricimonas_paravirosa_sv_359"	"enterotype"	"Abundance"	"B1"	27	"B2"	30	0	0.190156464332865	0	0	0	0.278126233009307	216	0.427902826531666	6.67467303170708e-05	57	"B2"	0.000244449064278104
"s_Enterocloster_aldenensis_sv_361"	"enterotype"	"Abundance"	"B1"	27	"B2"	30	0	0.591486511037228	0	0	0	1.01357773248497	216	0.374833620887559	6.67467303170708e-05	57	"B2"	0.000244449064278104
"s_Anaerostipes_hadrus_sv_377"	"enterotype"	"Abundance"	"B1"	27	"B2"	30	0	0.565387149865695	0	0	0	0.896923653776507	216	0.40014876626857	6.67467303170708e-05	57	"B2"	0.000244449064278104
"s_Allocoprobacillus_merdigallinarum_sv_379"	"enterotype"	"Abundance"	"B1"	27	"B2"	30	0	0.527899533884375	0	0	0	0.815917377830008	216	0.408932281647522	6.67467303170708e-05	57	"B2"	0.000244449064278104
"s_Enterocloster_aldenensis_sv_396"	"enterotype"	"Abundance"	"B1"	27	"B2"	30	0	0.543132815936464	0	0	0	0.965881051208831	216	0.363048339635153	6.67467303170708e-05	57	"B2"	0.000244449064278104
"s_Anaerostipes_hadrus_sv_403"	"enterotype"	"Abundance"	"B1"	27	"B2"	30	0	0.544353984700396	0	0	0	0.743493882195601	216	0.452085663349519	6.67467303170708e-05	57	"B2"	0.000244449064278104
"s_Sutterella_wadsworthensis_sv_432"	"enterotype"	"Abundance"	"B1"	27	"B2"	30	0	0.303960201623925	0	0	0	0.401745607366002	216	0.463913826810753	6.67467303170708e-05	57	"B2"	0.000244449064278104
"s_Enterocloster_lavalensis_sv_457"	"enterotype"	"Abundance"	"B1"	27	"B2"	30	0	0.292660204286056	0	0	0	0.449947975739201	216	0.410728744509481	6.67467303170708e-05	57	"B2"	0.000244449064278104
"s_Holdemania_filiformis_sv_563"	"enterotype"	"Abundance"	"B1"	27	"B2"	30	0	0.183335114806133	0	0	0	0.249482207150477	216	0.453407343213919	6.67467303170708e-05	57	"B2"	0.000244449064278104
"s_Cuneatibacter_caecimuris_sv_627"	"enterotype"	"Abundance"	"B1"	27	"B2"	30	0	0.300661776222123	0	0	0	0.435982388199399	216	0.430906788307156	6.67467303170708e-05	57	"B2"	0.000244449064278104
"s_Anaerostipes_caccae_sv_20"	"enterotype"	"Abundance"	"B1"	27	"B2"	30	7.74040532270453	1.94721790040168	5.91239751663561	1.22449450595815	6.27729943726695	2.6877773344039	648	0.523313902553011	9.17941578578176e-05	57	"B1"	0.000335093236451839
"uc_uc_k_sv_93"	"enterotype"	"Abundance"	"B1"	27	"B2"	30	0.00452417009730776	5.00823540659566	0	0.00208371656389561	0.0235082774118626	8.54847387305563	211	0.375806660811687	9.51691558276554e-05	57	"B2"	0.000345179446217348
"s_Bacteroides_finegoldii_sv_159"	"enterotype"	"Abundance"	"B1"	27	"B2"	30	0.0027271831104052	1.00166639070029	0	0.000128380641377455	0.0141708591262966	1.5600793362153	211	0.405402875755619	9.51691558276554e-05	57	"B2"	0.000345179446217348
"s_Phocaeicola_vulgatus_sv_177"	"enterotype"	"Abundance"	"B1"	27	"B2"	30	1.76761114013403	0	0	0	3.15914318325263	0	570	0.378873161063183	0.000135265609089087	57	"B2"	0.000463767802591154
"s_Enterocloster_aldenensis_sv_270"	"enterotype"	"Abundance"	"B1"	27	"B2"	30	0.444446473745008	0	0	0	0.799599247493814	0	570	0.376738955332732	0.000135265609089087	57	"B2"	0.000463767802591154
"s_Blautia_A_wexlerae_sv_382"	"enterotype"	"Abundance"	"B1"	27	"B2"	30	0.896795400351724	0	0	0	1.75937583448617	0	570	0.349522850583728	0.000135265609089087	57	"B2"	0.000463767802591154
"s_Blautia_A_faecis_sv_395"	"enterotype"	"Abundance"	"B1"	27	"B2"	30	0.983470997037405	0	0	0	1.97042264010469	0	570	0.34312938864604	0.000135265609089087	57	"B2"	0.000463767802591154
"s_Alistipes_onderdonkii_sv_416"	"enterotype"	"Abundance"	"B1"	27	"B2"	30	0.235292513106545	0	0	0	0.553877842718141	0	570	0.296990572637796	0.000135265609089087	57	"B2"	0.000463767802591154
"s_Blautia_A_wexlerae_sv_430"	"enterotype"	"Abundance"	"B1"	27	"B2"	30	0.718140031295697	0	0	0	1.39400789845841	0	570	0.35278185005088	0.000135265609089087	57	"B2"	0.000463767802591154
"s_Schaedlerella_glycyrrhizinilytica_A_sv_522"	"enterotype"	"Abundance"	"B1"	27	"B2"	30	0.327919424503536	0	0	0	0.661011843942401	0	570	0.341294152065091	0.000135265609089087	57	"B2"	0.000463767802591154
"s_Roseburia_hominis_sv_559"	"enterotype"	"Abundance"	"B1"	27	"B2"	30	0.477982548015912	0	0	0	0.725142345421702	0	570	0.434206068230651	0.000135265609089087	57	"B2"	0.000463767802591154
"s_Anaerobutyricum_hallii_sv_618"	"enterotype"	"Abundance"	"B1"	27	"B2"	30	0.172849342888437	0	0	0	0.25892481166444	0	570	0.438665850511545	0.000135265609089087	57	"B2"	0.000463767802591154
"s_Anaerobutyricum_hallii_sv_622"	"enterotype"	"Abundance"	"B1"	27	"B2"	30	0.155415458501709	0	0	0	0.210890520579014	0	570	0.474209491825054	0.000135265609089087	57	"B2"	0.000463767802591154
"s_Anaerobutyricum_hallii_sv_662"	"enterotype"	"Abundance"	"B1"	27	"B2"	30	0.16980047038836	0	0	0	0.247672747051633	0	570	0.448111311151484	0.000135265609089087	57	"B2"	0.000463767802591154
"uc_uc_k_sv_675"	"enterotype"	"Abundance"	"B1"	27	"B2"	30	0.104729877357676	0	0	0	0.153883767979912	0	570	0.445502132933963	0.000135265609089087	57	"B2"	0.000463767802591154
"s_Anaerobutyricum_hallii_sv_700"	"enterotype"	"Abundance"	"B1"	27	"B2"	30	0.140213995322366	0	0	0	0.191334652706992	0	570	0.472157362524818	0.000135265609089087	57	"B2"	0.000463767802591154
"s_Gordonibacter_urolithinfaciens_sv_713"	"enterotype"	"Abundance"	"B1"	27	"B2"	30	0.17325515594793	0	0	0	0.297056476166601	0	570	0.392458778951278	0.000135265609089087	57	"B2"	0.000463767802591154
"s_Holdemania_filiformis_sv_731"	"enterotype"	"Abundance"	"B1"	27	"B2"	30	0.163084038458404	0	0	0	0.228959412373003	0	570	0.461830135409582	0.000135265609089087	57	"B2"	0.000463767802591154
"s_Anthropogastromicrobium_aceti_sv_768"	"enterotype"	"Abundance"	"B1"	27	"B2"	30	0.25002432409554	0	0	0	0.389294460737657	0	570	0.425139761868435	0.000135265609089087	57	"B2"	0.000463767802591154
"s_Escherichia_coli_sv_801"	"enterotype"	"Abundance"	"B1"	27	"B2"	30	0.180272467651654	0	0	0	0.281002384871338	0	570	0.424752715225554	0.000135265609089087	57	"B2"	0.000463767802591154
"s_Mediterraneibacter_hominis_sv_805"	"enterotype"	"Abundance"	"B1"	27	"B2"	30	0.182723649033069	0	0	0	0.278630379765553	0	570	0.432412406306958	0.000135265609089087	57	"B2"	0.000463767802591154
"uc_uc_k_sv_107"	"enterotype"	"Abundance"	"B1"	27	"B2"	30	0	4.24428628546197	0	0	0	7.12069005442391	229.5	0.381675515584223	0.000141445061437432	57	"B2"	0.000465160435281117
"s_Hungatella_effluvii_sv_132"	"enterotype"	"Abundance"	"B1"	27	"B2"	30	0	1.06669362097964	0	0	0	3.12597205519844	229.5	0.230286105797753	0.000141445061437432	57	"B2"	0.000465160435281117
"s_Lawsonibacter_sp000177015_sv_158"	"enterotype"	"Abundance"	"B1"	27	"B2"	30	0	0.398016925510287	0	0	0	0.8010902945435	229.5	0.325602036814991	0.000141445061437432	57	"B2"	0.000465160435281117
"s_Fusicatenibacter_saccharivorans_sv_174"	"enterotype"	"Abundance"	"B1"	27	"B2"	30	0	1.51356335681839	0	0	0	2.46058626202117	229.5	0.392003683563809	0.000141445061437432	57	"B2"	0.000465160435281117
"s_Prevotella_intestinigallinarum_sv_228"	"enterotype"	"Abundance"	"B1"	27	"B2"	30	0	0.601094489238129	0	0	0	1.24033923465891	229.5	0.318427854639965	0.000141445061437432	57	"B2"	0.000465160435281117
"s_Prevotella_rara_sv_229"	"enterotype"	"Abundance"	"B1"	27	"B2"	30	0	0.726912596716034	0	0	0	1.2289794242068	229.5	0.379177049816754	0.000141445061437432	57	"B2"	0.000465160435281117
"s_Hominimerdicola_aceti_sv_246"	"enterotype"	"Abundance"	"B1"	27	"B2"	30	0	0.837792864490403	0	0	0	1.61851000432291	229.5	0.337672447227868	0.000141445061437432	57	"B2"	0.000465160435281117
"s_Sutterella_wadsworthensis_sv_365"	"enterotype"	"Abundance"	"B1"	27	"B2"	30	0	0.346009089302523	0	0	0	0.481816746604671	229.5	0.445187452022117	0.000141445061437432	57	"B2"	0.000465160435281117
"s_Enterocloster_aldenensis_sv_368"	"enterotype"	"Abundance"	"B1"	27	"B2"	30	0	0.544649558602447	0	0	0	0.936778619807747	229.5	0.37364580717854	0.000141445061437432	57	"B2"	0.000465160435281117
"s_Allocoprobacillus_merdigallinarum_sv_449"	"enterotype"	"Abundance"	"B1"	27	"B2"	30	0	0.37826576686144	0	0	0	0.608419751709682	229.5	0.39554042027847	0.000141445061437432	57	"B2"	0.000465160435281117
"s_Enterocloster_lavalensis_sv_477"	"enterotype"	"Abundance"	"B1"	27	"B2"	30	0	0.257870225570133	0	0	0	0.427151812871254	229.5	0.385834248424947	0.000141445061437432	57	"B2"	0.000465160435281117
"uc_uc_k_sv_558"	"enterotype"	"Abundance"	"B1"	27	"B2"	30	0	0.145525605464048	0	0	0	0.210479300345559	229.5	0.431809134151505	0.000141445061437432	57	"B2"	0.000465160435281117
"s_Sellimonas_intestinalis_sv_767"	"enterotype"	"Abundance"	"B1"	27	"B2"	30	0	0.163848826906195	0	0	0	0.232193059415206	229.5	0.438980821129994	0.000141445061437432	57	"B2"	0.000465160435281117
"uc_uc_k_sv_809"	"enterotype"	"Abundance"	"B1"	27	"B2"	30	0	0.10846900923257	0	0	0	0.144846731659784	229.5	0.460192735086161	0.000141445061437432	57	"B2"	0.000465160435281117
"s_Enterocloster_clostridioformis_sv_11"	"enterotype"	"Abundance"	"B1"	27	"B2"	30	15.121537463496	2.80684576975465	13.4367851890041	0	14.2090408323494	9.38184547641527	617	0.46112930396161	0.000166583950207134	57	"B1"	0.000546240394865254
"s_Eubacterium_F_sp003491505_sv_164"	"enterotype"	"Abundance"	"B1"	27	"B2"	30	0.00319090276075133	2.26285043872642	0	0	0.0165804171108993	3.19807896214138	225	0.439431479295782	0.000212686838956275	57	"B2"	0.000693383683071324
"s_Blautia_A_wexlerae_sv_203"	"enterotype"	"Abundance"	"B1"	27	"B2"	30	0.00265500805723845	1.06158467438748	0	0	0.0137958265489252	1.53680968375396	225	0.430602730751556	0.000212686838956275	57	"B2"	0.000693383683071324
"s_Blautia_A_caecimuris_sv_87"	"enterotype"	"Abundance"	"B1"	27	"B2"	30	1.55795786155746	0.695885177898756	1.064293784129	0	1.59116082191431	1.90876756836834	614.5	0.238734483749399	0.000231799850886975	57	"B1"	0.000753516518157082
"s_Hungatella_effluvii_sv_120"	"enterotype"	"Abundance"	"B1"	27	"B2"	30	0	1.10742907588938	0	0	0	3.56897662499148	243	0.210389589940182	0.000293180000236546	57	"B2"	0.000916085984118625
"s_Hungatella_effluvii_sv_147"	"enterotype"	"Abundance"	"B1"	27	"B2"	30	0	0.870170932501774	0	0	0	2.51255496715149	243	0.233533881764386	0.000293180000236546	57	"B2"	0.000916085984118625
"uc_uc_k_sv_244"	"enterotype"	"Abundance"	"B1"	27	"B2"	30	0	0.715932243749441	0	0	0	1.46460356000573	243	0.320900675352695	0.000293180000236546	57	"B2"	0.000916085984118625
"uc_uc_k_sv_257"	"enterotype"	"Abundance"	"B1"	27	"B2"	30	0	1.16896327905021	0	0	0	1.99891154820311	243	0.375514152129089	0.000293180000236546	57	"B2"	0.000916085984118625
"s_Bacteroides_stercoris_sv_276"	"enterotype"	"Abundance"	"B1"	27	"B2"	30	0	0.772652013377036	0	0	0	1.42441723891117	243	0.35185374274776	0.000293180000236546	57	"B2"	0.000916085984118625
"s_Escherichia_coli_sv_281"	"enterotype"	"Abundance"	"B1"	27	"B2"	30	0	0.386658559579964	0	0	0	0.725712023775638	243	0.346373246999992	0.000293180000236546	57	"B2"	0.000916085984118625
"s_Prevotella_rara_sv_354"	"enterotype"	"Abundance"	"B1"	27	"B2"	30	0	0.430659572387565	0	0	0	0.770102419409198	243	0.361316411923538	0.000293180000236546	57	"B2"	0.000916085984118625
"s_Parabacteroides_distasonis_sv_355"	"enterotype"	"Abundance"	"B1"	27	"B2"	30	0	1.05427281268064	0	0	0	2.19085632132653	243	0.316418627826788	0.000293180000236546	57	"B2"	0.000916085984118625
"s_Parabacteroides_distasonis_sv_385"	"enterotype"	"Abundance"	"B1"	27	"B2"	30	0	0.95061335871718	0	0	0	2.00271651868889	243	0.312540843830206	0.000293180000236546	57	"B2"	0.000916085984118625
"s_Fusicatenibacter_saccharivorans_sv_408"	"enterotype"	"Abundance"	"B1"	27	"B2"	30	0	0.501141678159326	0	0	0	0.796730794171952	243	0.399423044439816	0.000293180000236546	57	"B2"	0.000916085984118625
"s_Eubacterium_R_sp000436835_sv_427"	"enterotype"	"Abundance"	"B1"	27	"B2"	30	0	0.267613045436174	0	0	0	0.415514197249355	243	0.407384107036319	0.000293180000236546	57	"B2"	0.000916085984118625
"uc_uc_k_sv_475"	"enterotype"	"Abundance"	"B1"	27	"B2"	30	0	0.398907306282448	0	0	0	0.804707606319003	243	0.324942958840233	0.000293180000236546	57	"B2"	0.000916085984118625
"s_Avimicrobium_caecorum_sv_512"	"enterotype"	"Abundance"	"B1"	27	"B2"	30	0	0.141231581802134	0	0	0	0.200491422672122	243	0.438365083399054	0.000293180000236546	57	"B2"	0.000916085984118625
"s_Sellimonas_intestinalis_sv_846"	"enterotype"	"Abundance"	"B1"	27	"B2"	30	0	0.108311115362091	0	0	0	0.157900974120995	243	0.429041256194867	0.000293180000236546	57	"B2"	0.000916085984118625
"s_Bacteroides_ovatus_sv_8"	"enterotype"	"Abundance"	"B1"	27	"B2"	30	29.7108022267183	0	0	0	45.9688383513353	0	555	0.427337088449261	0.000313051910391205	57	"B2"	0.000926830852811755
"s_Blautia_A_faecis_sv_347"	"enterotype"	"Abundance"	"B1"	27	"B2"	30	1.22155398753446	0	0	0	2.61920464269648	0	555	0.323091626077096	0.000313051910391205	57	"B2"	0.000926830852811755
"s_Escherichia_coli_sv_374"	"enterotype"	"Abundance"	"B1"	27	"B2"	30	0.749339270916971	0	0	0	1.44974980227098	0	555	0.353805538303927	0.000313051910391205	57	"B2"	0.000926830852811755
"s_Blautia_A_faecis_sv_384"	"enterotype"	"Abundance"	"B1"	27	"B2"	30	1.04249732858734	0	0	0	2.2221068075668	0	555	0.324801717518365	0.000313051910391205	57	"B2"	0.000926830852811755
"s_Flavonifractor_plautii_sv_453"	"enterotype"	"Abundance"	"B1"	27	"B2"	30	0.216681302326253	0	0	0	0.402512580819199	0	555	0.366513561860262	0.000313051910391205	57	"B2"	0.000926830852811755
"s_Cryptobacteroides_sp000431015_sv_487"	"enterotype"	"Abundance"	"B1"	27	"B2"	30	0.375113689506432	0	0	0	0.569126852316243	0	555	0.434177842568302	0.000313051910391205	57	"B2"	0.000926830852811755
"s_Anaerobutyricum_hallii_sv_520"	"enterotype"	"Abundance"	"B1"	27	"B2"	30	0.263504138713322	0	0	0	0.387049516968002	0	555	0.445619301745128	0.000313051910391205	57	"B2"	0.000926830852811755
"s_Blautia_A_wexlerae_sv_525"	"enterotype"	"Abundance"	"B1"	27	"B2"	30	0.46171273668489	0	0	0	0.862647845821216	0	555	0.364692652565619	0.000313051910391205	57	"B2"	0.000926830852811755
"s_Fusicatenibacter_saccharivorans_sv_530"	"enterotype"	"Abundance"	"B1"	27	"B2"	30	0.528890263287829	0	0	0	0.958020451861487	0	555	0.37454917065102	0.000313051910391205	57	"B2"	0.000926830852811755
"s_Fusicatenibacter_saccharivorans_sv_594"	"enterotype"	"Abundance"	"B1"	27	"B2"	30	0.420137516532251	0	0	0	0.713877706499364	0	555	0.395453312559249	0.000313051910391205	57	"B2"	0.000926830852811755
"s_Coprobacter_secundus_sv_674"	"enterotype"	"Abundance"	"B1"	27	"B2"	30	0.133788483925839	0	0	0	0.223395515990742	0	555	0.401280452859001	0.000313051910391205	57	"B2"	0.000926830852811755
"s_Fusicatenibacter_saccharivorans_sv_689"	"enterotype"	"Abundance"	"B1"	27	"B2"	30	0.337597901543762	0	0	0	0.542147810123443	0	555	0.414493302992523	0.000313051910391205	57	"B2"	0.000926830852811755
"s_Oxalobacter_aliiformigenes_sv_705"	"enterotype"	"Abundance"	"B1"	27	"B2"	30	0.125795837480418	0	0	0	0.211221967351083	0	555	0.399415797459008	0.000313051910391205	57	"B2"	0.000926830852811755
"s_Alitiscatomonas_sp900066535_sv_730"	"enterotype"	"Abundance"	"B1"	27	"B2"	30	0.296741180789803	0	0	0	0.499836777802763	0	555	0.398355449207798	0.000313051910391205	57	"B2"	0.000926830852811755
"s_Alitiscatomonas_sp900066535_sv_743"	"enterotype"	"Abundance"	"B1"	27	"B2"	30	0.284162738319808	0	0	0	0.436331080543268	0	555	0.429985181135236	0.000313051910391205	57	"B2"	0.000926830852811755
"uc_g_Escherichia_sv_764"	"enterotype"	"Abundance"	"B1"	27	"B2"	30	0.218357324910126	0	0	0	0.399864606004711	0	555	0.371058874527237	0.000313051910391205	57	"B2"	0.000926830852811755
"s_Choladousia_sp902363665_sv_813"	"enterotype"	"Abundance"	"B1"	27	"B2"	30	0.203857359417754	0	0	0	0.363836798462261	0	555	0.379322043453005	0.000313051910391205	57	"B2"	0.000926830852811755
"s_Anthropogastromicrobium_aceti_sv_857"	"enterotype"	"Abundance"	"B1"	27	"B2"	30	0.168011050847974	0	0	0	0.248932568799258	0	555	0.442542426610327	0.000313051910391205	57	"B2"	0.000926830852811755
"s_Choladousia_sp902363665_sv_887"	"enterotype"	"Abundance"	"B1"	27	"B2"	30	0.144803176417651	0	0	0	0.256385916496676	0	555	0.38191034635889	0.000313051910391205	57	"B2"	0.000926830852811755
"s_Roseburia_inulinivorans_sv_1072"	"enterotype"	"Abundance"	"B1"	27	"B2"	30	0.0667200136515669	0	0	0	0.0993035282822556	0	555	0.44094097489385	0.000313051910391205	57	"B2"	0.000926830852811755
"s_Enterocloster_citroniae_sv_696"	"enterotype"	"Abundance"	"B1"	27	"B2"	30	0.146310170567883	0.00586641197118891	0	0	0.215803338549058	0.0321316616823851	560	0.425488222855978	0.000531624440520717	57	"B2"	0.00156982295525489
"s_Enterocloster_clostridioformis_sv_161"	"enterotype"	"Abundance"	"B1"	27	"B2"	30	0	2.21706874374676	0	0	0	7.07025851589059	256.5	0.212514143422458	0.000595091543439825	57	"B2"	0.00161361360817337
"s_Parabacteroides_sp003473295_sv_183"	"enterotype"	"Abundance"	"B1"	27	"B2"	30	0	0.406983789497228	0	0	0	0.713117894755805	256.5	0.367725372188985	0.000595091543439825	57	"B2"	0.00161361360817337
"uc_uc_k_sv_195"	"enterotype"	"Abundance"	"B1"	27	"B2"	30	0	1.63335148244999	0	0	0	2.78208354215629	256.5	0.376776116741228	0.000595091543439825	57	"B2"	0.00161361360817337
"uc_uc_k_sv_197"	"enterotype"	"Abundance"	"B1"	27	"B2"	30	0	1.58522068712177	0	0	0	2.68761662443325	256.5	0.378272073308199	0.000595091543439825	57	"B2"	0.00161361360817337
"uc_uc_k_sv_202"	"enterotype"	"Abundance"	"B1"	27	"B2"	30	0	1.55133991331955	0	0	0	2.60249594923991	256.5	0.381701202853403	0.000595091543439825	57	"B2"	0.00161361360817337
"uc_uc_k_sv_211"	"enterotype"	"Abundance"	"B1"	27	"B2"	30	0	1.43947574683051	0	0	0	2.4443893204691	256.5	0.377760003347328	0.000595091543439825	57	"B2"	0.00161361360817337
"uc_uc_k_sv_231"	"enterotype"	"Abundance"	"B1"	27	"B2"	30	0	1.27649273346459	0	0	0	2.19915485599996	256.5	0.373116366351204	0.000595091543439825	57	"B2"	0.00161361360817337
"uc_uc_k_sv_232"	"enterotype"	"Abundance"	"B1"	27	"B2"	30	0	1.27177340016585	0	0	0	2.1613981579466	256.5	0.37749314512619	0.000595091543439825	57	"B2"	0.00161361360817337
"s_Bacteroides_stercoris_sv_243"	"enterotype"	"Abundance"	"B1"	27	"B2"	30	0	0.907313107679647	0	0	0	1.68937200237274	256.5	0.348807945563098	0.000595091543439825	57	"B2"	0.00161361360817337
"s_Phocaeicola_plebeius_A_sv_272"	"enterotype"	"Abundance"	"B1"	27	"B2"	30	0	0.56050735388186	0	0	0	1.15533252081088	256.5	0.31873836180059	0.000595091543439825	57	"B2"	0.00161361360817337
"s_Bacteroides_stercoris_sv_278"	"enterotype"	"Abundance"	"B1"	27	"B2"	30	0	0.794783563362136	0	0	0	1.47023150247009	256.5	0.350804372728431	0.000595091543439825	57	"B2"	0.00161361360817337
"s_Agathobacter_faecis_sv_293"	"enterotype"	"Abundance"	"B1"	27	"B2"	30	0	1.41682538011821	0	0	0	2.68338428354412	256.5	0.343629621107568	0.000595091543439825	57	"B2"	0.00161361360817337
"s_Parabacteroides_distasonis_sv_333"	"enterotype"	"Abundance"	"B1"	27	"B2"	30	0	1.18668730083346	0	0	0	2.40698960190553	256.5	0.32336200867217	0.000595091543439825	57	"B2"	0.00161361360817337
"s_Parabacteroides_distasonis_sv_340"	"enterotype"	"Abundance"	"B1"	27	"B2"	30	0	1.14046855960903	0	0	0	2.43451456558112	256.5	0.308855026903303	0.000595091543439825	57	"B2"	0.00161361360817337
"s_Parabacteroides_distasonis_sv_373"	"enterotype"	"Abundance"	"B1"	27	"B2"	30	0	0.985917017845702	0	0	0	2.04858652595404	256.5	0.316449343913596	0.000595091543439825	57	"B2"	0.00161361360817337
"uc_uc_k_sv_402"	"enterotype"	"Abundance"	"B1"	27	"B2"	30	0	0.452903667649191	0	0	0	0.714143758155821	256.5	0.40217998245052	0.000595091543439825	57	"B2"	0.00161361360817337
"uc_uc_k_sv_424"	"enterotype"	"Abundance"	"B1"	27	"B2"	30	0	0.534032558710831	0	0	0	1.14996604921417	256.5	0.30643007324447	0.000595091543439825	57	"B2"	0.00161361360817337
"uc_uc_k_sv_434"	"enterotype"	"Abundance"	"B1"	27	"B2"	30	0	0.493146263275959	0	0	0	1.01406596114565	256.5	0.319420129269386	0.000595091543439825	57	"B2"	0.00161361360817337
"uc_uc_k_sv_436"	"enterotype"	"Abundance"	"B1"	27	"B2"	30	0	0.493720102967258	0	0	0	0.956280930547253	256.5	0.336899254171701	0.000595091543439825	57	"B2"	0.00161361360817337
"s_Clostridium_AP_sp000509125_sv_440"	"enterotype"	"Abundance"	"B1"	27	"B2"	30	0	0.152641273733427	0	0	0	0.234693807728803	256.5	0.410704446504368	0.000595091543439825	57	"B2"	0.00161361360817337
"s_Enterocloster_aldenensis_sv_441"	"enterotype"	"Abundance"	"B1"	27	"B2"	30	0	0.366723339940555	0	0	0	0.68976717006174	256.5	0.345724443622542	0.000595091543439825	57	"B2"	0.00161361360817337
"s_Clostridium_AP_sp000509125_sv_463"	"enterotype"	"Abundance"	"B1"	27	"B2"	30	0	0.147011008027733	0	0	0	0.210561874755451	256.5	0.435231985887753	0.000595091543439825	57	"B2"	0.00161361360817337
"s_Enterocloster_asparagiformis_sv_472"	"enterotype"	"Abundance"	"B1"	27	"B2"	30	0	0.295095490814461	0	0	0	0.494364350687067	256.5	0.382149405554552	0.000595091543439825	57	"B2"	0.00161361360817337
"s_UBA7173_sp001689485_sv_614"	"enterotype"	"Abundance"	"B1"	27	"B2"	30	0	0.115791863201496	0	0	0	0.243181934871055	256.5	0.31342472141014	0.000595091543439825	57	"B2"	0.00161361360817337
"uc_uc_k_sv_616"	"enterotype"	"Abundance"	"B1"	27	"B2"	30	0	0.164137484568122	0	0	0	0.26797435110926	256.5	0.390598536920703	0.000595091543439825	57	"B2"	0.00161361360817337
"s_Prevotella_sp934191715_sv_651"	"enterotype"	"Abundance"	"B1"	27	"B2"	30	0	0.220363360525912	0	0	0	0.342712877870277	256.5	0.406828921115911	0.000595091543439825	57	"B2"	0.00161361360817337
"s_UBA7173_sp001689485_sv_709"	"enterotype"	"Abundance"	"B1"	27	"B2"	30	0	0.114986183608304	0	0	0	0.208217008963513	256.5	0.357395185107741	0.000595091543439825	57	"B2"	0.00161361360817337
"uc_uc_k_sv_718"	"enterotype"	"Abundance"	"B1"	27	"B2"	30	0	0.0960955426733443	0	0	0	0.153769612005303	256.5	0.397257185733872	0.000595091543439825	57	"B2"	0.00161361360817337
"s_Sellimonas_intestinalis_sv_757"	"enterotype"	"Abundance"	"B1"	27	"B2"	30	0	0.159657010534106	0	0	0	0.265285600373378	256.5	0.384821525783661	0.000595091543439825	57	"B2"	0.00161361360817337
"uc_uc_k_sv_771"	"enterotype"	"Abundance"	"B1"	27	"B2"	30	0	0.137354323351021	0	0	0	0.203396625054499	256.5	0.423609313232077	0.000595091543439825	57	"B2"	0.00161361360817337
"s_Sellimonas_intestinalis_sv_786"	"enterotype"	"Abundance"	"B1"	27	"B2"	30	0	0.140399168169799	0	0	0	0.2200740798736	256.5	0.404175307673496	0.000595091543439825	57	"B2"	0.00161361360817337
"uc_uc_k_sv_843"	"enterotype"	"Abundance"	"B1"	27	"B2"	30	0	0.12663537376172	0	0	0	0.206363537023991	256.5	0.391212335908941	0.000595091543439825	57	"B2"	0.00161361360817337
"s_Cuneatibacter_caecimuris_sv_852"	"enterotype"	"Abundance"	"B1"	27	"B2"	30	0	0.150241171540234	0	0	0	0.250148559526013	256.5	0.384157146991231	0.000595091543439825	57	"B2"	0.00161361360817337
"uc_uc_k_sv_1025"	"enterotype"	"Abundance"	"B1"	27	"B2"	30	0	0.072306074559839	0	0	0	0.12725393295831	256.5	0.366330925264534	0.000595091543439825	57	"B2"	0.00161361360817337
"s_Blautia_A_wexlerae_sv_462"	"enterotype"	"Abundance"	"B1"	27	"B2"	30	0.576127888988371	0	0	0	1.07676045826926	0	540	0.364592094163456	0.000707809556715205	57	"B2"	0.0018654420092868
"s_Clostridium_AQ_innocuum_sv_547"	"enterotype"	"Abundance"	"B1"	27	"B2"	30	0.274220618713091	0	0	0	0.467317020121694	0	540	0.39447472796694	0.000707809556715205	57	"B2"	0.0018654420092868
"s_Holdemanella_porci_sv_553"	"enterotype"	"Abundance"	"B1"	27	"B2"	30	0.202830100592267	0	0	0	0.315830536354983	0	540	0.425119192734447	0.000707809556715205	57	"B2"	0.0018654420092868
"s_Anaerobutyricum_hallii_sv_587"	"enterotype"	"Abundance"	"B1"	27	"B2"	30	0.196855399556899	0	0	0	0.391082614958981	0	540	0.345693060398177	0.000707809556715205	57	"B2"	0.0018654420092868
"s_Enterocloster_aldenensis_sv_602"	"enterotype"	"Abundance"	"B1"	27	"B2"	30	0.151649303969905	0	0	0	0.318818971116578	0	540	0.3288166439645	0.000707809556715205	57	"B2"	0.0018654420092868
"s_Fusicatenibacter_saccharivorans_sv_724"	"enterotype"	"Abundance"	"B1"	27	"B2"	30	0.284358138363088	0	0	0	0.502006319347662	0	540	0.382864044832644	0.000707809556715205	57	"B2"	0.0018654420092868
"s_Choladousia_sp902363665_sv_819"	"enterotype"	"Abundance"	"B1"	27	"B2"	30	0.195621262976345	0	0	0	0.399939669072281	0	540	0.337062981495371	0.000707809556715205	57	"B2"	0.0018654420092868
"s_Dorea_D_hominis_sv_847"	"enterotype"	"Abundance"	"B1"	27	"B2"	30	0.114942999048021	0	0	0	0.191720664036274	0	540	0.401643120359285	0.000707809556715205	57	"B2"	0.0018654420092868
"s_Gallintestinimicrobium_propionicum_sv_914"	"enterotype"	"Abundance"	"B1"	27	"B2"	30	0.131930121017144	0	0	0	0.299809551225651	0	540	0.30663950771613	0.000707809556715205	57	"B2"	0.0018654420092868
"s_Hominiventricola_sp003480725_sv_986"	"enterotype"	"Abundance"	"B1"	27	"B2"	30	0.0991024747692495	0	0	0	0.169416887340538	0	540	0.393435399036838	0.000707809556715205	57	"B2"	0.0018654420092868
"s_Roseburia_inulinivorans_sv_1009"	"enterotype"	"Abundance"	"B1"	27	"B2"	30	0.0930025447157995	0	0	0	0.159885356386228	0	540	0.39157472643282	0.000707809556715205	57	"B2"	0.0018654420092868
"s_Ruminococcus_B_gnavus_sv_1030"	"enterotype"	"Abundance"	"B1"	27	"B2"	30	0.087004925129141	0	0	0	0.142355812583651	0	540	0.408132554677375	0.000707809556715205	57	"B2"	0.0018654420092868
"s_Hungatella_effluvii_sv_139"	"enterotype"	"Abundance"	"B1"	27	"B2"	30	0	1.02087263717959	0	0	0	3.31030664387475	270	0.209158205873991	0.00118435091559326	57	"B2"	0.00280661309409495
"s_Bacteroides_stercoris_sv_156"	"enterotype"	"Abundance"	"B1"	27	"B2"	30	0	1.67122466551011	0	0	0	3.1960108543029	270	0.340710143142399	0.00118435091559326	57	"B2"	0.00280661309409495
"s_Dorea_D_sp000433535_sv_212"	"enterotype"	"Abundance"	"B1"	27	"B2"	30	0	0.501640227074701	0	0	0	0.907588464761896	270	0.357662968735982	0.00118435091559326	57	"B2"	0.00280661309409495
"uc_uc_k_sv_220"	"enterotype"	"Abundance"	"B1"	27	"B2"	30	0	1.33362530568088	0	0	0	6.10142693196033	270	0.149913269180563	0.00118435091559326	57	"B2"	0.00280661309409495
"s_Phocaeicola_plebeius_A_sv_258"	"enterotype"	"Abundance"	"B1"	27	"B2"	30	0	0.625607291211705	0	0	0	1.35480166847317	270	0.304865545574878	0.00118435091559326	57	"B2"	0.00280661309409495
"s_Phocaeicola_plebeius_A_sv_259"	"enterotype"	"Abundance"	"B1"	27	"B2"	30	0	0.609709475527846	0	0	0	1.3543839791063	270	0.297909637582507	0.00118435091559326	57	"B2"	0.00280661309409495
"s_Alitiscatomonas_sp900541255_sv_274"	"enterotype"	"Abundance"	"B1"	27	"B2"	30	0	0.797707392228274	0	0	0	1.29789287227946	270	0.391731724814572	0.00118435091559326	57	"B2"	0.00280661309409495
"s_Alitiscatomonas_sp900541255_sv_290"	"enterotype"	"Abundance"	"B1"	27	"B2"	30	0	0.706262509351399	0	0	0	1.16777526176592	270	0.386428486438456	0.00118435091559326	57	"B2"	0.00280661309409495
"s_Gemmiger_formicilis_sv_298"	"enterotype"	"Abundance"	"B1"	27	"B2"	30	0	1.34548370731832	0	0	0	2.35420359275743	270	0.368177285364182	0.00118435091559326	57	"B2"	0.00280661309409495
"s_Phocaeicola_plebeius_A_sv_313"	"enterotype"	"Abundance"	"B1"	27	"B2"	30	0	0.479265877263591	0	0	0	1.05343155782924	270	0.300784215725009	0.00118435091559326	57	"B2"	0.00280661309409495
"s_Alitiscatomonas_sp900541255_sv_314"	"enterotype"	"Abundance"	"B1"	27	"B2"	30	0	0.653835224795529	0	0	0	1.11132452505117	270	0.377457814076556	0.00118435091559326	57	"B2"	0.00280661309409495
"s_Agathobacter_faecis_sv_317"	"enterotype"	"Abundance"	"B1"	27	"B2"	30	0	1.26565171497428	0	0	0	2.33501051154916	270	0.351626254718362	0.00118435091559326	57	"B2"	0.00280661309409495
"s_Alitiscatomonas_sp900541255_sv_329"	"enterotype"	"Abundance"	"B1"	27	"B2"	30	0	0.632467931638351	0	0	0	1.04232930938871	270	0.38750593728683	0.00118435091559326	57	"B2"	0.00280661309409495
"s_Ruthenibacterium_lactatiformans_sv_411"	"enterotype"	"Abundance"	"B1"	27	"B2"	30	0	0.845642077122286	0	0	0	1.42392397307417	270	0.380491941164719	0.00118435091559326	57	"B2"	0.00280661309409495
"s_Enterocloster_pacaense_sv_433"	"enterotype"	"Abundance"	"B1"	27	"B2"	30	0	0.739248341739787	0	0	0	2.12170628614758	270	0.234865885665916	0.00118435091559326	57	"B2"	0.00280661309409495
"s_Gemmiger_formicilis_sv_438"	"enterotype"	"Abundance"	"B1"	27	"B2"	30	0	0.730456936001935	0	0	0	1.31489469746128	270	0.359241480459877	0.00118435091559326	57	"B2"	0.00280661309409495
"s_Dysosmobacter_welbionis_sv_459"	"enterotype"	"Abundance"	"B1"	27	"B2"	30	0	0.668233970736608	0	0	0	1.31938372643533	270	0.331214410006763	0.00118435091559326	57	"B2"	0.00280661309409495
"s_Gemmiger_formicilis_sv_469"	"enterotype"	"Abundance"	"B1"	27	"B2"	30	0	0.631011909914942	0	0	0	1.1463566740952	270	0.356385518817847	0.00118435091559326	57	"B2"	0.00280661309409495
"s_Ruminococcus_E_intestinalis_sv_498"	"enterotype"	"Abundance"	"B1"	27	"B2"	30	0	0.350775299811928	0	0	0	0.601029690776327	270	0.374867123794413	0.00118435091559326	57	"B2"	0.00280661309409495
"s_Ruminococcus_E_intestinalis_sv_501"	"enterotype"	"Abundance"	"B1"	27	"B2"	30	0	0.320957027996319	0	0	0	0.564368319331228	270	0.366608250998096	0.00118435091559326	57	"B2"	0.00280661309409495
"s_Blautia_A_obeum_sv_504"	"enterotype"	"Abundance"	"B1"	27	"B2"	30	0	0.422954399156571	0	0	0	0.745860104335563	270	0.365699578011882	0.00118435091559326	57	"B2"	0.00280661309409495
"s_Blautia_A_obeum_sv_515"	"enterotype"	"Abundance"	"B1"	27	"B2"	30	0	0.372576189455449	0	0	0	0.738391685922774	270	0.330112068286853	0.00118435091559326	57	"B2"	0.00280661309409495
"s_Gemmiger_formicilis_sv_524"	"enterotype"	"Abundance"	"B1"	27	"B2"	30	0	0.50397410886126	0	0	0	0.92091866581961	270	0.354580407547514	0.00118435091559326	57	"B2"	0.00280661309409495
"s_Blautia_A_obeum_sv_527"	"enterotype"	"Abundance"	"B1"	27	"B2"	30	0	0.377253578585575	0	0	0	0.694177355600604	270	0.3524320209826	0.00118435091559326	57	"B2"	0.00280661309409495
"s_Ruminococcus_E_intestinalis_sv_534"	"enterotype"	"Abundance"	"B1"	27	"B2"	30	0	0.29966621912752	0	0	0	0.529407821770233	270	0.365126137384247	0.00118435091559326	57	"B2"	0.00280661309409495
"s_Enterocloster_lavalensis_sv_545"	"enterotype"	"Abundance"	"B1"	27	"B2"	30	0	0.170314838053264	0	0	0	0.29350175470163	270	0.373027332536395	0.00118435091559326	57	"B2"	0.00280661309409495
"s_Alitiscatomonas_sp900066535_sv_557"	"enterotype"	"Abundance"	"B1"	27	"B2"	30	0	0.45320265684655	0	0	0	0.839313250890255	270	0.350454893398094	0.00118435091559326	57	"B2"	0.00280661309409495
"uc_uc_k_sv_560"	"enterotype"	"Abundance"	"B1"	27	"B2"	30	0	0.413345038244479	0	0	0	0.852924865930298	270	0.318427649522437	0.00118435091559326	57	"B2"	0.00280661309409495
"s_Alitiscatomonas_sp900066535_sv_572"	"enterotype"	"Abundance"	"B1"	27	"B2"	30	0	0.42651202945147	0	0	0	0.791660399054524	270	0.349766246941934	0.00118435091559326	57	"B2"	0.00280661309409495
"s_Alitiscatomonas_sp900066535_sv_592"	"enterotype"	"Abundance"	"B1"	27	"B2"	30	0	0.399219241333829	0	0	0	0.721112995416834	270	0.358168046186354	0.00118435091559326	57	"B2"	0.00280661309409495
"s_Ruminococcus_E_intestinalis_sv_607"	"enterotype"	"Abundance"	"B1"	27	"B2"	30	0	0.235382927093507	0	0	0	0.423087407626596	270	0.359702417136065	0.00118435091559326	57	"B2"	0.00280661309409495
"s_Butyricimonas_paravirosa_sv_610"	"enterotype"	"Abundance"	"B1"	27	"B2"	30	0	0.0798640370770446	0	0	0	0.168984768375193	270	0.311323792784688	0.00118435091559326	57	"B2"	0.00280661309409495
"s_Alitiscatomonas_sp900066535_sv_615"	"enterotype"	"Abundance"	"B1"	27	"B2"	30	0	0.375206353891316	0	0	0	0.707609386159176	270	0.344914442821544	0.00118435091559326	57	"B2"	0.00280661309409495
"s_Escherichia_coli_sv_628"	"enterotype"	"Abundance"	"B1"	27	"B2"	30	0	0.0850361904021332	0	0	0	0.140571349877414	270	0.386504019519821	0.00118435091559326	57	"B2"	0.00280661309409495
"s_Hominiventricola_filiformis_sv_634"	"enterotype"	"Abundance"	"B1"	27	"B2"	30	0	0.359048592794382	0	0	0	0.591948766885027	270	0.387381642894185	0.00118435091559326	57	"B2"	0.00280661309409495
"s_Alitiscatomonas_sp900066535_sv_658"	"enterotype"	"Abundance"	"B1"	27	"B2"	30	0	0.345030464182947	0	0	0	0.666766519775513	270	0.337577879460097	0.00118435091559326	57	"B2"	0.00280661309409495
"uc_uc_k_sv_671"	"enterotype"	"Abundance"	"B1"	27	"B2"	30	0	0.267359469171591	0	0	0	0.671403066325215	270	0.266149351784115	0.00118435091559326	57	"B2"	0.00280661309409495
"s_Lachnoclostridium_B_faecipullorum_sv_697"	"enterotype"	"Abundance"	"B1"	27	"B2"	30	0	0.296346693340413	0	0	0	0.535964941185787	270	0.35777781813623	0.00118435091559326	57	"B2"	0.00280661309409495
"s_Hominiventricola_filiformis_sv_699"	"enterotype"	"Abundance"	"B1"	27	"B2"	30	0	0.294705092366696	0	0	0	0.515527274397833	270	0.368251515557852	0.00118435091559326	57	"B2"	0.00280661309409495
"s_Hominiventricola_filiformis_sv_712"	"enterotype"	"Abundance"	"B1"	27	"B2"	30	0	0.282397614894056	0	0	0	0.48401849277982	270	0.374768006330537	0.00118435091559326	57	"B2"	0.00280661309409495
"s_Hominiventricola_filiformis_sv_744"	"enterotype"	"Abundance"	"B1"	27	"B2"	30	0	0.255679081859597	0	0	0	0.422482377979051	270	0.386639581825324	0.00118435091559326	57	"B2"	0.00280661309409495
"s_Roseburia_hominis_sv_756"	"enterotype"	"Abundance"	"B1"	27	"B2"	30	0	0.23431163695233	0	0	0	0.598861134026321	270	0.261832259220626	0.00118435091559326	57	"B2"	0.00280661309409495
"s_Lactonifactor_sp009677585_sv_763"	"enterotype"	"Abundance"	"B1"	27	"B2"	30	0	0.180811680065248	0	0	0	0.500340003156372	270	0.243082934931088	0.00118435091559326	57	"B2"	0.00280661309409495
"s_Sellimonas_intestinalis_sv_806"	"enterotype"	"Abundance"	"B1"	27	"B2"	30	0	0.109467905715781	0	0	0	0.199371806835969	270	0.35560391670133	0.00118435091559326	57	"B2"	0.00280661309409495
"uc_uc_k_sv_833"	"enterotype"	"Abundance"	"B1"	27	"B2"	30	0	0.163808524332724	0	0	0	0.33893345393377	270	0.317652556939135	0.00118435091559326	57	"B2"	0.00280661309409495
"s_Lachnoclostridium_B_faecipullorum_sv_850"	"enterotype"	"Abundance"	"B1"	27	"B2"	30	0	0.155954933117836	0	0	0	0.271200602359235	270	0.370134969198383	0.00118435091559326	57	"B2"	0.00280661309409495
"uc_uc_k_sv_871"	"enterotype"	"Abundance"	"B1"	27	"B2"	30	0	0.140784425309734	0	0	0	0.24031361569427	270	0.376083880084694	0.00118435091559326	57	"B2"	0.00280661309409495
"s_Dysosmobacter_sp900115635_sv_969"	"enterotype"	"Abundance"	"B1"	27	"B2"	30	0	0.0945845590417878	0	0	0	0.167071122722082	270	0.365178035320549	0.00118435091559326	57	"B2"	0.00280661309409495
"s_Faecalibacillus_faecis_sv_376"	"enterotype"	"Abundance"	"B1"	27	"B2"	30	0.490297171441445	0	0	0	1.39033687178302	0	525	0.250054612550988	0.0015661934472061	57	"B2"	0.00349834892762075
"s_Escherichia_coli_sv_473"	"enterotype"	"Abundance"	"B1"	27	"B2"	30	0.488309791055837	0	0	0	0.957553926647743	0	525	0.349662013243471	0.0015661934472061	57	"B2"	0.00349834892762075
"s_Blautia_A_faecis_sv_474"	"enterotype"	"Abundance"	"B1"	27	"B2"	30	0.667101689929108	0	0	0	1.40444403455975	0	525	0.328406716433137	0.0015661934472061	57	"B2"	0.00349834892762075
"s_Fusicatenibacter_saccharivorans_sv_496"	"enterotype"	"Abundance"	"B1"	27	"B2"	30	0.58835039663282	0	0	0	1.17327722865757	0	525	0.344545424313626	0.0015661934472061	57	"B2"	0.00349834892762075
"s_Escherichia_coli_sv_509"	"enterotype"	"Abundance"	"B1"	27	"B2"	30	0.485851475784829	0	0	0	1.03746813739577	0	525	0.32428048374947	0.0015661934472061	57	"B2"	0.00349834892762075
"s_Blautia_A_faecis_sv_510"	"enterotype"	"Abundance"	"B1"	27	"B2"	30	0.609135421396809	0	0	0	1.35061003034959	0	525	0.313521821831994	0.0015661934472061	57	"B2"	0.00349834892762075
"s_Blautia_A_faecis_sv_531"	"enterotype"	"Abundance"	"B1"	27	"B2"	30	0.566885945620152	0	0	0	1.18579612024631	0	525	0.330294363317774	0.0015661934472061	57	"B2"	0.00349834892762075
"s_Agathobaculum_butyriciproducens_sv_591"	"enterotype"	"Abundance"	"B1"	27	"B2"	30	0.419139257873527	0	0	0	0.696800485310639	0	525	0.402754256231014	0.0015661934472061	57	"B2"	0.00349834892762075
"s_Anaerobutyricum_hallii_sv_601"	"enterotype"	"Abundance"	"B1"	27	"B2"	30	0.180016270790829	0	0	0	0.334665510397196	0	525	0.366265060648076	0.0015661934472061	57	"B2"	0.00349834892762075
"s_Agathobaculum_butyriciproducens_sv_626"	"enterotype"	"Abundance"	"B1"	27	"B2"	30	0.393491760777641	0	0	0	0.722791998386629	0	525	0.37008081975975	0.0015661934472061	57	"B2"	0.00349834892762075
"s_Escherichia_coli_sv_632"	"enterotype"	"Abundance"	"B1"	27	"B2"	30	0.337532161622453	0	0	0	0.906767789216681	0	525	0.262991784881473	0.0015661934472061	57	"B2"	0.00349834892762075
"s_Holdemanella_porci_sv_649"	"enterotype"	"Abundance"	"B1"	27	"B2"	30	0.145586652982124	0	0	0	0.282084187768597	0	525	0.353348932301027	0.0015661934472061	57	"B2"	0.00349834892762075
"s_Agathobaculum_butyriciproducens_sv_661"	"enterotype"	"Abundance"	"B1"	27	"B2"	30	0.356430500582354	0	0	0	0.59118764434104	0	525	0.403528667218628	0.0015661934472061	57	"B2"	0.00349834892762075
"s_Agathobaculum_butyriciproducens_sv_683"	"enterotype"	"Abundance"	"B1"	27	"B2"	30	0.325010736009154	0	0	0	0.555519615401869	0	525	0.393489211462247	0.0015661934472061	57	"B2"	0.00349834892762075
"s_Faecalibacterium_longum_sv_715"	"enterotype"	"Abundance"	"B1"	27	"B2"	30	0.286611748158053	0	0	0	0.523074640025325	0	525	0.372143943675695	0.0015661934472061	57	"B2"	0.00349834892762075
"s_Agathobaculum_butyriciproducens_sv_733"	"enterotype"	"Abundance"	"B1"	27	"B2"	30	0.295933080199089	0	0	0	0.504706681206426	0	525	0.394219418923307	0.0015661934472061	57	"B2"	0.00349834892762075
"s_Gemmiger_qucibialis_sv_760"	"enterotype"	"Abundance"	"B1"	27	"B2"	30	0.167572748923965	0	0	0	0.347575038185169	0	525	0.332781984522834	0.0015661934472061	57	"B2"	0.00349834892762075
"s_Gallintestinimicrobium_propionicum_sv_823"	"enterotype"	"Abundance"	"B1"	27	"B2"	30	0.176685388032866	0	0	0	0.3895843316963	0	525	0.315094033151991	0.0015661934472061	57	"B2"	0.00349834892762075
"s_Acetatifactor_acetigignens_sv_831"	"enterotype"	"Abundance"	"B1"	27	"B2"	30	0.186309580158649	0	0	0	0.428263969544203	0	525	0.303476094851263	0.0015661934472061	57	"B2"	0.00349834892762075
"s_Gallintestinimicrobium_propionicum_sv_841"	"enterotype"	"Abundance"	"B1"	27	"B2"	30	0.160368425199468	0	0	0	0.333017432037617	0	525	0.332440189162725	0.0015661934472061	57	"B2"	0.00349834892762075
"uc_uc_k_sv_855"	"enterotype"	"Abundance"	"B1"	27	"B2"	30	0.168636761711787	0	0	0	0.304380245178887	0	525	0.375692523107826	0.0015661934472061	57	"B2"	0.00349834892762075
"s_Neobittarella_massiliensis_sv_877"	"enterotype"	"Abundance"	"B1"	27	"B2"	30	0.0579381106172016	0	0	0	0.122299531400571	0	525	0.327634553808824	0.0015661934472061	57	"B2"	0.00349834892762075
"s_Acetatifactor_acetigignens_sv_881"	"enterotype"	"Abundance"	"B1"	27	"B2"	30	0.148064392362612	0	0	0	0.316428231752007	0	525	0.324044945704084	0.0015661934472061	57	"B2"	0.00349834892762075
"s_Limivivens_faecihominis_sv_913"	"enterotype"	"Abundance"	"B1"	27	"B2"	30	0.122982648573302	0	0	0	0.200733759285573	0	525	0.40895623240101	0.0015661934472061	57	"B2"	0.00349834892762075
"s_Limivivens_faecihominis_sv_935"	"enterotype"	"Abundance"	"B1"	27	"B2"	30	0.10673453408082	0	0	0	0.199410742374408	0	525	0.364705791024872	0.0015661934472061	57	"B2"	0.00349834892762075
"s_Enterocloster_sp001517625_sv_943"	"enterotype"	"Abundance"	"B1"	27	"B2"	30	0.116472776413603	0	0	0	0.218339112842066	0	525	0.363644230042201	0.0015661934472061	57	"B2"	0.00349834892762075
"s_Odoribacter_splanchnicus_sv_1061"	"enterotype"	"Abundance"	"B1"	27	"B2"	30	0.0567080162371725	0	0	0	0.121788215527174	0	525	0.322623764449979	0.0015661934472061	57	"B2"	0.00349834892762075
"s_Dysosmobacter_sp900115635_sv_1081"	"enterotype"	"Abundance"	"B1"	27	"B2"	30	0.076656103854201	0	0	0	0.143745476949544	0	525	0.363542551788082	0.0015661934472061	57	"B2"	0.00349834892762075
"s_Roseburia_inulinivorans_sv_1111"	"enterotype"	"Abundance"	"B1"	27	"B2"	30	0.0676205975306917	0	0	0	0.121620286689804	0	525	0.376832394925162	0.0015661934472061	57	"B2"	0.00349834892762075
"s_Parabacteroides_distasonis_sv_210"	"enterotype"	"Abundance"	"B1"	27	"B2"	30	0.00223446618164611	2.08074483160088	0	0	0.0116106268632165	4.55371797056849	266	0.301674779218871	0.00189936759916554	57	"B2"	0.00423416334359433
"s_Phocaeicola_plebeius_A_sv_249"	"enterotype"	"Abundance"	"B1"	27	"B2"	30	0	0.602364207643895	0	0	0	1.31058350715807	283.5	0.303576473072144	0.00231427323735704	57	"B2"	0.00495351083821392
"s_Agathobacter_faecis_sv_273"	"enterotype"	"Abundance"	"B1"	27	"B2"	30	0	1.5484784717342	0	0	0	3.02495776814119	283.5	0.334361229017364	0.00231427323735704	57	"B2"	0.00495351083821392
"s_Phocaeicola_plebeius_A_sv_300"	"enterotype"	"Abundance"	"B1"	27	"B2"	30	0	0.465011744508059	0	0	0	1.05377230644972	283.5	0.292542635584046	0.00231427323735704	57	"B2"	0.00495351083821392
"s_Agathobacter_faecis_sv_309"	"enterotype"	"Abundance"	"B1"	27	"B2"	30	0	1.30096772328471	0	0	0	2.51541648705434	283.5	0.337421898512347	0.00231427323735704	57	"B2"	0.00495351083821392
"s_Dorea_D_sp000433535_sv_364"	"enterotype"	"Abundance"	"B1"	27	"B2"	30	0	0.275199492288927	0	0	0	0.53553661468964	283.5	0.33550386953325	0.00231427323735704	57	"B2"	0.00495351083821392
"s_Dorea_D_sp000433535_sv_366"	"enterotype"	"Abundance"	"B1"	27	"B2"	30	0	0.208519762673561	0	0	0	0.426191659491614	283.5	0.321159011504941	0.00231427323735704	57	"B2"	0.00495351083821392
"s_Enterocloster_pacaense_sv_390"	"enterotype"	"Abundance"	"B1"	27	"B2"	30	0	0.865256272632788	0	0	0	2.51053473385787	283.5	0.232464178849074	0.00231427323735704	57	"B2"	0.00495351083821392
"s_Blautia_A_faecis_sv_420"	"enterotype"	"Abundance"	"B1"	27	"B2"	30	0	0.499334399165733	0	0	0	1.32144411109216	283.5	0.253466181593883	0.00231427323735704	57	"B2"	0.00495351083821392
"s_Blautia_A_obeum_sv_489"	"enterotype"	"Abundance"	"B1"	27	"B2"	30	0	0.452310475242085	0	0	0	0.881676518193361	283.5	0.335004070277336	0.00231427323735704	57	"B2"	0.00495351083821392
"s_Thomasclavelia_ramosa_sv_493"	"enterotype"	"Abundance"	"B1"	27	"B2"	30	0	0.580306515765138	0	0	0	0.988692696014229	283.5	0.376691984981848	0.00231427323735704	57	"B2"	0.00495351083821392
"s_Blautia_A_faecis_sv_543"	"enterotype"	"Abundance"	"B1"	27	"B2"	30	0	0.278299399830713	0	0	0	0.901587957242784	283.5	0.209342725331772	0.00231427323735704	57	"B2"	0.00495351083821392
"s_Blautia_A_obeum_sv_575"	"enterotype"	"Abundance"	"B1"	27	"B2"	30	0	0.305850001852744	0	0	0	0.558743395153709	283.5	0.3546581142845	0.00231427323735704	57	"B2"	0.00495351083821392
"uc_uc_k_sv_598"	"enterotype"	"Abundance"	"B1"	27	"B2"	30	0	0.386203659065408	0	0	0	0.801447137528727	283.5	0.316812981980201	0.00231427323735704	57	"B2"	0.00495351083821392
"uc_uc_k_sv_612"	"enterotype"	"Abundance"	"B1"	27	"B2"	30	0	0.0924640521270591	0	0	0	0.168545344670823	283.5	0.355342228595466	0.00231427323735704	57	"B2"	0.00495351083821392
"s_UBA7173_sp001689485_sv_680"	"enterotype"	"Abundance"	"B1"	27	"B2"	30	0	0.131520777746955	0	0	0	0.306119854065313	283.5	0.285471182165797	0.00231427323735704	57	"B2"	0.00495351083821392
"s_Alitiscatomonas_sp900066055_sv_690"	"enterotype"	"Abundance"	"B1"	27	"B2"	30	0	0.302124709677542	0	0	0	0.5761044193503	283.5	0.341581575262346	0.00231427323735704	57	"B2"	0.00495351083821392
"s_Hominiventricola_filiformis_sv_779"	"enterotype"	"Abundance"	"B1"	27	"B2"	30	0	0.211533866809714	0	0	0	0.366535986436993	283.5	0.371276495322089	0.00231427323735704	57	"B2"	0.00495351083821392
"s_Odoribacter_splanchnicus_sv_795"	"enterotype"	"Abundance"	"B1"	27	"B2"	30	0	0.0718066544711578	0	0	0	0.139579839737341	283.5	0.335834738140346	0.00231427323735704	57	"B2"	0.00495351083821392
"s_Lachnoclostridium_B_faecipullorum_sv_826"	"enterotype"	"Abundance"	"B1"	27	"B2"	30	0	0.171292889873855	0	0	0	0.313960416463133	283.5	0.353639705976875	0.00231427323735704	57	"B2"	0.00495351083821392
"s_Diplocloster_modestus_sv_835"	"enterotype"	"Abundance"	"B1"	27	"B2"	30	0	0.100050954429646	0	0	0	0.185983785295821	283.5	0.349310828361773	0.00231427323735704	57	"B2"	0.00495351083821392
"s_Cuneatibacter_caecimuris_sv_918"	"enterotype"	"Abundance"	"B1"	27	"B2"	30	0	0.103417036220986	0	0	0	0.189437212561953	283.5	0.353826176936438	0.00231427323735704	57	"B2"	0.00495351083821392
"s_Fusicatenibacter_saccharivorans_sv_577"	"enterotype"	"Abundance"	"B1"	27	"B2"	30	0.438958943773234	0.00227286247904839	0	0	0.749795268667331	0.0124489804988192	531	0.391935319218067	0.00248104325618826	57	"B2"	0.00529039091300635
"s_Enterocloster_sp001517625_sv_810"	"enterotype"	"Abundance"	"B1"	27	"B2"	30	0.202405669286671	0.00234169385402309	0	0	0.31392833421093	0.0128259854661966	531	0.422134401994635	0.00248104325618826	57	"B2"	0.00529039091300635
"s_Blautia_A_wexlerae_sv_191"	"enterotype"	"Abundance"	"B1"	27	"B2"	30	0.209673160752155	0	0	0	0.473620760854536	0	510	0.308311849820034	0.00339842470812759	57	"B2"	0.00698255568445887
"s_Hominimerdicola_aceti_sv_470"	"enterotype"	"Abundance"	"B1"	27	"B2"	30	0.686571500918083	0	0	0	2.04500924207621	0	510	0.238772308979127	0.00339842470812759	57	"B2"	0.00698255568445887
"s_Alistipes_timonensis_sv_484"	"enterotype"	"Abundance"	"B1"	27	"B2"	30	0.274409500646543	0	0	0	0.676291716939704	0	510	0.284793411534296	0.00339842470812759	57	"B2"	0.00698255568445887
"s_Blautia_A_faecis_sv_516"	"enterotype"	"Abundance"	"B1"	27	"B2"	30	0.596999631158723	0	0	0	1.36696479010891	0	510	0.304549784590695	0.00339842470812759	57	"B2"	0.00698255568445887
"s_Blautia_A_faecis_sv_529"	"enterotype"	"Abundance"	"B1"	27	"B2"	30	0.555223604645381	0	0	0	1.27366613831699	0	510	0.30403928024823	0.00339842470812759	57	"B2"	0.00698255568445887
"s_Gemmiger_qucibialis_sv_539"	"enterotype"	"Abundance"	"B1"	27	"B2"	30	0.334063838583573	0	0	0	0.8470182707724	0	510	0.277455435638878	0.00339842470812759	57	"B2"	0.00698255568445887
"s_Enterocloster_bolteae_sv_542"	"enterotype"	"Abundance"	"B1"	27	"B2"	30	0.270458383751222	0	0	0	0.761456852104305	0	510	0.251739307126271	0.00339842470812759	57	"B2"	0.00698255568445887
"s_Alitiscatomonas_sp900066535_sv_621"	"enterotype"	"Abundance"	"B1"	27	"B2"	30	0.411997474553438	0	0	0	0.802144865247846	0	510	0.351858948244318	0.00339842470812759	57	"B2"	0.00698255568445887
"s_Dorea_A_longicatena_sv_657"	"enterotype"	"Abundance"	"B1"	27	"B2"	30	0.125105465866952	0	0	0	0.295701271414957	0	510	0.295889838591982	0.00339842470812759	57	"B2"	0.00698255568445887
"s_Ruminococcus_C_sp000433635_sv_691"	"enterotype"	"Abundance"	"B1"	27	"B2"	30	0.0938833292616561	0	0	0	0.201922713306456	0	510	0.322201646228306	0.00339842470812759	57	"B2"	0.00698255568445887
"s_Lawsonibacter_asaccharolyticus_sv_698"	"enterotype"	"Abundance"	"B1"	27	"B2"	30	0.0742640936836037	0	0	0	0.139279413078949	0	510	0.363498652742613	0.00339842470812759	57	"B2"	0.00698255568445887
"s_Alitiscatomonas_sp900066535_sv_708"	"enterotype"	"Abundance"	"B1"	27	"B2"	30	0.315357294214299	0	0	0	0.583944459061012	0	510	0.367526717542889	0.00339842470812759	57	"B2"	0.00698255568445887
"s_Gemmiger_qucibialis_sv_773"	"enterotype"	"Abundance"	"B1"	27	"B2"	30	0.167369826398504	0	0	0	0.367720575045126	0	510	0.316112809066426	0.00339842470812759	57	"B2"	0.00698255568445887
"s_Enterocloster_citroniae_sv_859"	"enterotype"	"Abundance"	"B1"	27	"B2"	30	0.0468581652321482	0	0	0	0.0834856675247326	0	510	0.379884115910101	0.00339842470812759	57	"B2"	0.00698255568445887
"s_Dorea_D_hominis_sv_882"	"enterotype"	"Abundance"	"B1"	27	"B2"	30	0.091808717012864	0	0	0	0.186700320934462	0	510	0.338656252134988	0.00339842470812759	57	"B2"	0.00698255568445887
"s_Escherichia_coli_sv_888"	"enterotype"	"Abundance"	"B1"	27	"B2"	30	0.129483604771124	0	0	0	0.256649591156814	0	510	0.34638950468143	0.00339842470812759	57	"B2"	0.00698255568445887
"s_Adlercreutzia_equolifaciens_sv_978"	"enterotype"	"Abundance"	"B1"	27	"B2"	30	0.0911709910104034	0	0	0	0.178081824359234	0	510	0.35086531968888	0.00339842470812759	57	"B2"	0.00698255568445887
"s_Roseburia_inulinivorans_sv_1102"	"enterotype"	"Abundance"	"B1"	27	"B2"	30	0.070416205691596	0	0	0	0.142313284632902	0	510	0.340511572115022	0.00339842470812759	57	"B2"	0.00698255568445887
"s_Hominiventricola_sp003480725_sv_1118"	"enterotype"	"Abundance"	"B1"	27	"B2"	30	0.0669297728077434	0	0	0	0.126200379221636	0	510	0.361811100063853	0.00339842470812759	57	"B2"	0.00698255568445887
"s_Dysosmobacter_sp900115635_sv_1119"	"enterotype"	"Abundance"	"B1"	27	"B2"	30	0.0668937830223786	0	0	0	0.127232005978815	0	510	0.359096404943885	0.00339842470812759	57	"B2"	0.00698255568445887
"s_Escherichia_coli_sv_186"	"enterotype"	"Abundance"	"B1"	27	"B2"	30	0.124774786537372	1.48889562761676	0	0.137439502779054	0.355061479308663	2.30542564229115	250	0.375903115219603	0.00377021284178845	57	"B2"	0.00773236379188613
"s_Blautia_A_caecimuris_sv_36"	"enterotype"	"Abundance"	"B1"	27	"B2"	30	2.6546093107458	2.71922920981772	2.25438558656583	0	2.76575270506002	7.61194484685988	563	0.0055697452703652	0.00408913965056172	57	"B1"	0.00837123325922617
"s_Luxibacter_massiliensis_sv_71"	"enterotype"	"Abundance"	"B1"	27	"B2"	30	0	1.52412587159296	0	0	0	4.28448269194534	297	0.239508507439328	0.00444680060798884	57	"B2"	0.00867818526956991
"s_Bifidobacterium_globosum_sv_200"	"enterotype"	"Abundance"	"B1"	27	"B2"	30	0	2.22510822364789	0	0	0	5.76978173833075	297	0.258332637871603	0.00444680060798884	57	"B2"	0.00867818526956991
"s_Fusicatenibacter_saccharivorans_sv_204"	"enterotype"	"Abundance"	"B1"	27	"B2"	30	0	0.448040570173692	0	0	0	1.23928919954393	297	0.243179441609851	0.00444680060798884	57	"B2"	0.00867818526956991
"s_Parabacteroides_sp003473295_sv_265"	"enterotype"	"Abundance"	"B1"	27	"B2"	30	0	0.197632867883369	0	0	0	0.425568965743206	297	0.30643422498023	0.00444680060798884	57	"B2"	0.00867818526956991
"uc_uc_k_sv_266"	"enterotype"	"Abundance"	"B1"	27	"B2"	30	0	1.11917848979438	0	0	0	5.40253577871888	297	0.142247736313025	0.00444680060798884	57	"B2"	0.00867818526956991
"s_Fusicatenibacter_saccharivorans_sv_353"	"enterotype"	"Abundance"	"B1"	27	"B2"	30	0	0.249230427869738	0	0	0	0.652497366214602	297	0.256029804555729	0.00444680060798884	57	"B2"	0.00867818526956991
"s_Enterocloster_clostridioformis_sv_356"	"enterotype"	"Abundance"	"B1"	27	"B2"	30	0	0.367730037879608	0	0	0	0.819845007701708	297	0.296922674851829	0.00444680060798884	57	"B2"	0.00867818526956991
"s_Bacteroides_uniformis_sv_381"	"enterotype"	"Abundance"	"B1"	27	"B2"	30	0	0.0911057059752832	0	0	0	0.182908957616027	297	0.326332029860251	0.00444680060798884	57	"B2"	0.00867818526956991
"s_Bacteroides_uniformis_sv_394"	"enterotype"	"Abundance"	"B1"	27	"B2"	30	0	0.110214181551412	0	0	0	0.24093068522468	297	0.302280693324361	0.00444680060798884	57	"B2"	0.00867818526956991
"s_Enterocloster_pacaense_sv_406"	"enterotype"	"Abundance"	"B1"	27	"B2"	30	0	0.837640391972341	0	0	0	2.40371189416907	297	0.234901671043841	0.00444680060798884	57	"B2"	0.00867818526956991
"s_Otoolea_symbiosa_sv_461"	"enterotype"	"Abundance"	"B1"	27	"B2"	30	0	0.657598581487723	0	0	0	1.34029755852933	297	0.32196551063042	0.00444680060798884	57	"B2"	0.00867818526956991
"s_Blautia_A_obeum_sv_490"	"enterotype"	"Abundance"	"B1"	27	"B2"	30	0	0.420802025637648	0	0	0	0.838956912210814	297	0.328365141330537	0.00444680060798884	57	"B2"	0.00867818526956991
"s_Butyricimonas_paravirosa_sv_561"	"enterotype"	"Abundance"	"B1"	27	"B2"	30	0	0.0584422389414244	0	0	0	0.118648490035059	297	0.323097657527688	0.00444680060798884	57	"B2"	0.00867818526956991
"s_Butyricimonas_virosa_sv_569"	"enterotype"	"Abundance"	"B1"	27	"B2"	30	0	0.0586041846492484	0	0	0	0.113914588720055	297	0.335839724047154	0.00444680060798884	57	"B2"	0.00867818526956991
"s_Enterocloster_clostridioformis_sv_573"	"enterotype"	"Abundance"	"B1"	27	"B2"	30	0	0.158529376680433	0	0	0	0.385256387639475	297	0.274355671399665	0.00444680060798884	57	"B2"	0.00867818526956991
"s_Escherichia_coli_sv_596"	"enterotype"	"Abundance"	"B1"	27	"B2"	30	0	0.10115321194788	0	0	0	0.208781651408483	297	0.318352300473644	0.00444680060798884	57	"B2"	0.00867818526956991
"uc_uc_k_sv_682"	"enterotype"	"Abundance"	"B1"	27	"B2"	30	0	0.0865517574781874	0	0	0	0.178292956573681	297	0.31891434768046	0.00444680060798884	57	"B2"	0.00867818526956991
"uc_uc_k_sv_716"	"enterotype"	"Abundance"	"B1"	27	"B2"	30	0	0.231504695918182	0	0	0	0.702149823756157	297	0.222906683528336	0.00444680060798884	57	"B2"	0.00867818526956991
"uc_uc_k_sv_720"	"enterotype"	"Abundance"	"B1"	27	"B2"	30	0	0.0744790553210068	0	0	0	0.135439904332711	297	0.356078174177356	0.00444680060798884	57	"B2"	0.00867818526956991
"uc_uc_k_sv_732"	"enterotype"	"Abundance"	"B1"	27	"B2"	30	0	0.071988368128019	0	0	0	0.137444962205209	297	0.341199454698488	0.00444680060798884	57	"B2"	0.00867818526956991
"s_Avimicrobium_caecorum_sv_735"	"enterotype"	"Abundance"	"B1"	27	"B2"	30	0	0.0630462235383904	0	0	0	0.143835750445649	297	0.290748504242344	0.00444680060798884	57	"B2"	0.00867818526956991
"s_Hominiventricola_sp018223365_sv_747"	"enterotype"	"Abundance"	"B1"	27	"B2"	30	0	0.25089921412457	0	0	0	0.43370453971592	297	0.372042874889408	0.00444680060798884	57	"B2"	0.00867818526956991
"s_Otoolea_symbiosa_sv_766"	"enterotype"	"Abundance"	"B1"	27	"B2"	30	0	0.218535704570642	0	0	0	0.507392317354057	297	0.286120181285069	0.00444680060798884	57	"B2"	0.00867818526956991
"s_Avimicrobium_caecorum_sv_803"	"enterotype"	"Abundance"	"B1"	27	"B2"	30	0	0.0484634930466535	0	0	0	0.0955868695855017	297	0.331525519456445	0.00444680060798884	57	"B2"	0.00867818526956991
"s_Roseburia_hominis_sv_897"	"enterotype"	"Abundance"	"B1"	27	"B2"	30	0	0.125471657416513	0	0	0	0.390860978503016	297	0.217314518912461	0.00444680060798884	57	"B2"	0.00867818526956991
"s_Negativibacillus_massiliensis_sv_902"	"enterotype"	"Abundance"	"B1"	27	"B2"	30	0	0.123498892195349	0	0	0	0.248514786941666	297	0.325662741193874	0.00444680060798884	57	"B2"	0.00867818526956991
"s_Butyricimonas_virosa_sv_966"	"enterotype"	"Abundance"	"B1"	27	"B2"	30	0	0.0502075208675683	0	0	0	0.100320133386322	297	0.327721124060035	0.00444680060798884	57	"B2"	0.00867818526956991
"s_Phascolarctobacterium_faecium_sv_9"	"enterotype"	"Abundance"	"B1"	27	"B2"	30	11.4356098090156	2.89175516659631	8.75816233242358	0	12.9786864826143	5.48035865114035	556.5	0.402588727965791	0.00527056067988639	57	"B1"	0.0102680353141828
"s_Hungatella_effluvii_sv_155"	"enterotype"	"Abundance"	"B1"	27	"B2"	30	0.0126741675463134	0.847593105093767	0	0	0.0456682258452628	2.61321979874444	277.5	0.216309459719802	0.00574839739347953	57	"B2"	0.0111796418273188
"s_Phocaeicola_massiliensis_sv_319"	"enterotype"	"Abundance"	"B1"	27	"B2"	30	0.84984546723295	0	0	0	2.22038128700077	0	495	0.269874437201675	0.00724898357070568	57	"B2"	0.0135378368671457
"s_Parabacteroides_distasonis_sv_321"	"enterotype"	"Abundance"	"B1"	27	"B2"	30	0.0949636890094144	0	0	0	0.208386653394917	0	495	0.316458473204319	0.00724898357070568	57	"B2"	0.0135378368671457
"s_Blautia_A_faecis_sv_399"	"enterotype"	"Abundance"	"B1"	27	"B2"	30	0.980318189842729	0	0	0	2.13320290302835	0	495	0.318852152722058	0.00724898357070568	57	"B2"	0.0135378368671457
"s_Blautia_A_faecis_sv_595"	"enterotype"	"Abundance"	"B1"	27	"B2"	30	0.441495767899696	0	0	0	0.979405175337564	0	495	0.313379090008338	0.00724898357070568	57	"B2"	0.0135378368671457
"s_Enterocloster_bolteae_sv_609"	"enterotype"	"Abundance"	"B1"	27	"B2"	30	0.187202063838509	0	0	0	0.488949408084121	0	495	0.269951717116134	0.00724898357070568	57	"B2"	0.0135378368671457
"s_Roseburia_inulinivorans_sv_617"	"enterotype"	"Abundance"	"B1"	27	"B2"	30	0.415321089342296	0	0	0	0.875929891651459	0	495	0.327886687454837	0.00724898357070568	57	"B2"	0.0135378368671457
"s_Enterocloster_bolteae_sv_650"	"enterotype"	"Abundance"	"B1"	27	"B2"	30	0.183005138992054	0	0	0	0.458535794669532	0	495	0.280503540908335	0.00724898357070568	57	"B2"	0.0135378368671457
"s_Roseburia_inulinivorans_sv_653"	"enterotype"	"Abundance"	"B1"	27	"B2"	30	0.385052143824041	0	0	0	0.874490699728686	0	495	0.306809289558332	0.00724898357070568	57	"B2"	0.0135378368671457
"uc_uc_k_sv_655"	"enterotype"	"Abundance"	"B1"	27	"B2"	30	0.131285053795027	0	0	0	0.336079680197708	0	495	0.27501283379662	0.00724898357070568	57	"B2"	0.0135378368671457
"s_Holdemanella_porci_sv_659"	"enterotype"	"Abundance"	"B1"	27	"B2"	30	0.0865136356111162	0	0	0	0.178435801397801	0	495	0.334449277225168	0.00724898357070568	57	"B2"	0.0135378368671457
"s_Dorea_A_longicatena_sv_667"	"enterotype"	"Abundance"	"B1"	27	"B2"	30	0.111720482692755	0	0	0	0.270593518004034	0	495	0.289365609917564	0.00724898357070568	57	"B2"	0.0135378368671457
"s_Roseburia_inulinivorans_sv_714"	"enterotype"	"Abundance"	"B1"	27	"B2"	30	0.311711479071573	0	0	0	0.663113188293925	0	495	0.325372948894979	0.00724898357070568	57	"B2"	0.0135378368671457
"s_Choladousia_sp902363665_sv_717"	"enterotype"	"Abundance"	"B1"	27	"B2"	30	0.293759243097034	0	0	0	0.869472316645777	0	495	0.240197775919631	0.00724898357070568	57	"B2"	0.0135378368671457
"s_Roseburia_inulinivorans_sv_723"	"enterotype"	"Abundance"	"B1"	27	"B2"	30	0.304957702367672	0	0	0	0.660800166889239	0	495	0.320061440603817	0.00724898357070568	57	"B2"	0.0135378368671457
"s_Paramuribaculum_sp910588065_sv_761"	"enterotype"	"Abundance"	"B1"	27	"B2"	30	0.0420199766877849	0	0	0	0.0877230229771773	0	495	0.330873842105273	0.00724898357070568	57	"B2"	0.0135378368671457
"s_Eubacterium_I_ramulus_sv_782"	"enterotype"	"Abundance"	"B1"	27	"B2"	30	0.0829257571071846	0	0	0	0.17924869361937	0	495	0.320764394782321	0.00724898357070568	57	"B2"	0.0135378368671457
"s_Enterocloster_citroniae_sv_845"	"enterotype"	"Abundance"	"B1"	27	"B2"	30	0.0473291969873116	0	0	0	0.097187924301156	0	495	0.335757501637594	0.00724898357070568	57	"B2"	0.0135378368671457
"s_Acetatifactor_intestinalis_sv_849"	"enterotype"	"Abundance"	"B1"	27	"B2"	30	0.173983845493901	0	0	0	0.417709533121369	0	495	0.291700996947529	0.00724898357070568	57	"B2"	0.0135378368671457
"s_Anthropogastromicrobium_aceti_sv_945"	"enterotype"	"Abundance"	"B1"	27	"B2"	30	0.109232280660758	0	0	0	0.219447307563044	0	495	0.342308541917279	0.00724898357070568	57	"B2"	0.0135378368671457
"s_Blautia_A_obeum_sv_1051"	"enterotype"	"Abundance"	"B1"	27	"B2"	30	0.0604862261689627	0	0	0	0.12560016584173	0	495	0.332449958015226	0.00724898357070568	57	"B2"	0.0135378368671457
"s_Anthropogastromicrobium_aceti_sv_1101"	"enterotype"	"Abundance"	"B1"	27	"B2"	30	0.0705219554159177	0	0	0	0.142559208037725	0	495	0.340443734688134	0.00724898357070568	57	"B2"	0.0135378368671457
"s_Roseburia_inulinivorans_sv_1122"	"enterotype"	"Abundance"	"B1"	27	"B2"	30	0.0525479756647112	0	0	0	0.121883219325076	0	495	0.30100701223105	0.00724898357070568	57	"B2"	0.0135378368671457
"uc_uc_k_sv_1207"	"enterotype"	"Abundance"	"B1"	27	"B2"	30	0.0455186051604127	0	0	0	0.0951384933340759	0	495	0.330529032924031	0.00724898357070568	57	"B2"	0.0135378368671457
"uc_uc_k_sv_1221"	"enterotype"	"Abundance"	"B1"	27	"B2"	30	0.040453754574447	0	0	0	0.0937566190307409	0	495	0.301224029286613	0.00724898357070568	57	"B2"	0.0135378368671457
"s_Phascolarctobacterium_faecium_sv_121"	"enterotype"	"Abundance"	"B1"	27	"B2"	30	0	0.619122410374287	0	0	0	1.2008025030677	310.5	0.336494365866407	0.00841687976229796	57	"B2"	0.0150941818312752
"s_Hungatella_effluvii_sv_134"	"enterotype"	"Abundance"	"B1"	27	"B2"	30	0	1.02041959155509	0	0	0	3.4050245516681	310.5	0.203502311170325	0.00841687976229796	57	"B2"	0.0150941818312752
"s_Bacteroides_sp902362375_sv_163"	"enterotype"	"Abundance"	"B1"	27	"B2"	30	0	0.469149156490405	0	0	0	1.0560778980412	310.5	0.294328991386031	0.00841687976229796	57	"B2"	0.0150941818312752
"s_Allocoprobacillus_merdigallinarum_sv_254"	"enterotype"	"Abundance"	"B1"	27	"B2"	30	0	0.370574437251372	0	0	0	0.791609212536363	310.5	0.308658382316512	0.00841687976229796	57	"B2"	0.0150941818312752
"s_Bacteroides_uniformis_sv_256"	"enterotype"	"Abundance"	"B1"	27	"B2"	30	0	0.688944621283397	0	0	0	1.76871711428306	310.5	0.260745184188785	0.00841687976229796	57	"B2"	0.0150941818312752
"s_Fusicatenibacter_saccharivorans_sv_279"	"enterotype"	"Abundance"	"B1"	27	"B2"	30	0	0.31852782580842	0	0	0	0.846344407616174	310.5	0.252517278881009	0.00841687976229796	57	"B2"	0.0150941818312752
"s_Faecalibacterium_prausnitzii_D_sv_375"	"enterotype"	"Abundance"	"B1"	27	"B2"	30	0	0.789987606645947	0	0	0	2.98275227158011	310.5	0.180687104445968	0.00841687976229796	57	"B2"	0.0150941818312752
"s_Agathobaculum_hominis_sv_393"	"enterotype"	"Abundance"	"B1"	27	"B2"	30	0	0.158396166939201	0	0	0	0.381610293627945	310.5	0.276559049163128	0.00841687976229796	57	"B2"	0.0150941818312752
"s_Parabacteroides_sp003473295_sv_426"	"enterotype"	"Abundance"	"B1"	27	"B2"	30	0	0.091851941821063	0	0	0	0.195944855792469	310.5	0.309037131520783	0.00841687976229796	57	"B2"	0.0150941818312752
"s_Clostridium_AP_sp000509125_sv_446"	"enterotype"	"Abundance"	"B1"	27	"B2"	30	0	0.111248471566897	0	0	0	0.224549356611537	310.5	0.324774943261054	0.00841687976229796	57	"B2"	0.0150941818312752
"s_Escherichia_coli_sv_483"	"enterotype"	"Abundance"	"B1"	27	"B2"	30	0	0.593276984279375	0	0	0	1.5132696734321	310.5	0.262322493519916	0.00841687976229796	57	"B2"	0.0150941818312752
"s_Hominilimicola_fabiformis_sv_523"	"enterotype"	"Abundance"	"B1"	27	"B2"	30	0	0.475139104999834	0	0	0	0.922016007330248	310.5	0.336341779324559	0.00841687976229796	57	"B2"	0.0150941818312752
"uc_uc_k_sv_582"	"enterotype"	"Abundance"	"B1"	27	"B2"	30	0	0.353986618173765	0	0	0	0.780179598411274	310.5	0.300044256193581	0.00841687976229796	57	"B2"	0.0150941818312752
"s_Escherichia_coli_sv_606"	"enterotype"	"Abundance"	"B1"	27	"B2"	30	0	0.0878111379126188	0	0	0	0.209108801539601	310.5	0.279539364831114	0.00841687976229796	57	"B2"	0.0150941818312752
"s_Blautia_A_faecis_sv_623"	"enterotype"	"Abundance"	"B1"	27	"B2"	30	0	0.24314430002308	0	0	0	0.787910551555996	310.5	0.209288853933567	0.00841687976229796	57	"B2"	0.0150941818312752
"uc_uc_k_sv_668"	"enterotype"	"Abundance"	"B1"	27	"B2"	30	0	0.300099671932309	0	0	0	0.626527194750332	310.5	0.315103240280376	0.00841687976229796	57	"B2"	0.0150941818312752
"s_Enterococcus_faecalis_sv_704"	"enterotype"	"Abundance"	"B1"	27	"B2"	30	0	0.133406841842186	0	0	0	0.339548200926662	310.5	0.262848421982118	0.00841687976229796	57	"B2"	0.0150941818312752
"s_Hominilimicola_fabiformis_sv_737"	"enterotype"	"Abundance"	"B1"	27	"B2"	30	0	0.247883408690192	0	0	0	0.491881846860248	310.5	0.329746184516114	0.00841687976229796	57	"B2"	0.0150941818312752
"s_Hominilimicola_fabiformis_sv_750"	"enterotype"	"Abundance"	"B1"	27	"B2"	30	0	0.230743262488185	0	0	0	0.515567260387167	310.5	0.296329657852064	0.00841687976229796	57	"B2"	0.0150941818312752
"uc_uc_k_sv_777"	"enterotype"	"Abundance"	"B1"	27	"B2"	30	0	0.0514008503832103	0	0	0	0.112148083089005	310.5	0.302806977729611	0.00841687976229796	57	"B2"	0.0150941818312752
"uc_uc_k_sv_832"	"enterotype"	"Abundance"	"B1"	27	"B2"	30	0	0.137752327131646	0	0	0	0.372456372018484	310.5	0.248426661233362	0.00841687976229796	57	"B2"	0.0150941818312752
"s_Butyricimonas_virosa_sv_928"	"enterotype"	"Abundance"	"B1"	27	"B2"	30	0	0.0624753129182135	0	0	0	0.125666135893602	310.5	0.325782729636578	0.00841687976229796	57	"B2"	0.0150941818312752
"uc_uc_k_sv_937"	"enterotype"	"Abundance"	"B1"	27	"B2"	30	0	0.107706436600248	0	0	0	0.23301178448495	310.5	0.305143830476161	0.00841687976229796	57	"B2"	0.0150941818312752
"s_Blautia_A_ammoniilytica_sv_951"	"enterotype"	"Abundance"	"B1"	27	"B2"	30	0	0.0722024606231332	0	0	0	0.152265141445055	310.5	0.312260363413517	0.00841687976229796	57	"B2"	0.0150941818312752
"s_Bacteroides_stercoris_sv_957"	"enterotype"	"Abundance"	"B1"	27	"B2"	30	0	0.0455166343327792	0	0	0	0.0905869595984637	310.5	0.328881244656539	0.00841687976229796	57	"B2"	0.0150941818312752
"s_Thomasclavelia_ramosa_sv_171"	"enterotype"	"Abundance"	"B1"	27	"B2"	30	0.0973061343741771	1.57543958497829	0	0	0.29704906493971	2.6560460822429	271.5	0.358059328086908	0.00860451847980581	57	"B2"	0.0154061854686047
"s_Anaerotruncus_colihominis_sv_613"	"enterotype"	"Abundance"	"B1"	27	"B2"	30	0.029409083101089	0.160666397434191	0	0	0.0657458434155911	0.233096574865221	268	0.352761156302915	0.0093120827410865	57	"B2"	0.0166466391948424
"s_Butyricicoccus_sp900604335_sv_334"	"enterotype"	"Abundance"	"B1"	27	"B2"	30	0.432411383552898	0.145535739299218	0.271023868139662	0	0.513925608767026	0.25285498055537	556	0.340832564051081	0.00984850074296792	57	"B1"	0.0175777038577022
"s_Bacteroides_thetaiotaomicron_sv_14"	"enterotype"	"Abundance"	"B1"	27	"B2"	30	10.348526281963	8.10852020335797	10.1355385999468	7.12884883868659	4.67542769345278	6.52711520870597	559.5	0.193282792743443	0.0138440410104342	57	"B1"	0.0246699498574562
"s_Parabacteroides_distasonis_sv_284"	"enterotype"	"Abundance"	"B1"	27	"B2"	30	0.119565530260962	0	0	0	0.269976583264725	0	480	0.308419453918161	0.0152486543997991	57	"B2"	0.0256376346531004
"s_Parabacteroides_distasonis_sv_297"	"enterotype"	"Abundance"	"B1"	27	"B2"	30	0.0947225797570863	0	0	0	0.210089907103522	0	480	0.313433763446074	0.0152486543997991	57	"B2"	0.0256376346531004
"s_Parabacteroides_distasonis_sv_318"	"enterotype"	"Abundance"	"B1"	27	"B2"	30	0.0680097471301636	0	0	0	0.155985134048657	0	480	0.304087248909046	0.0152486543997991	57	"B2"	0.0256376346531004
"s_Phocaeicola_vulgatus_sv_392"	"enterotype"	"Abundance"	"B1"	27	"B2"	30	0.546781493803493	0	0	0	1.21773127339655	0	480	0.312275366048829	0.0152486543997991	57	"B2"	0.0256376346531004
"s_Enterocloster_bolteae_sv_552"	"enterotype"	"Abundance"	"B1"	27	"B2"	30	0.184102653693573	0	0	0	0.553682349114486	0	480	0.236610408706475	0.0152486543997991	57	"B2"	0.0256376346531004
"s_Dielma_fastidiosa_sv_630"	"enterotype"	"Abundance"	"B1"	27	"B2"	30	0.101295806766412	0	0	0	0.403765191656136	0	480	0.180756228005721	0.0152486543997991	57	"B2"	0.0256376346531004
"s_Alistipes_finegoldii_sv_706"	"enterotype"	"Abundance"	"B1"	27	"B2"	30	0.0467950059061055	0	0	0	0.116761182284191	0	480	0.281581251313866	0.0152486543997991	57	"B2"	0.0256376346531004
"s_Roseburia_inulinivorans_sv_719"	"enterotype"	"Abundance"	"B1"	27	"B2"	30	0.307083742636052	0	0	0	0.69901015415528	0	480	0.306176779538203	0.0152486543997991	57	"B2"	0.0256376346531004
"s_Dorea_A_longicatena_sv_739"	"enterotype"	"Abundance"	"B1"	27	"B2"	30	0.0611760296387994	0	0	0	0.1395691252345	0	480	0.305551411628688	0.0152486543997991	57	"B2"	0.0256376346531004
"s_Dorea_A_longicatena_sv_748"	"enterotype"	"Abundance"	"B1"	27	"B2"	30	0.0866815599522908	0	0	0	0.226590309368316	0	480	0.269743850849831	0.0152486543997991	57	"B2"	0.0256376346531004
"uc_uc_k_sv_776"	"enterotype"	"Abundance"	"B1"	27	"B2"	30	0.238020187844857	0	0	0	0.511056075240902	0	480	0.322694205280751	0.0152486543997991	57	"B2"	0.0256376346531004
"s_Christensenella_massiliensis_sv_869"	"enterotype"	"Abundance"	"B1"	27	"B2"	30	0.0549989846054755	0	0	0	0.189060311147927	0	480	0.208406287155092	0.0152486543997991	57	"B2"	0.0256376346531004
"s_Escherichia_coli_sv_870"	"enterotype"	"Abundance"	"B1"	27	"B2"	30	0.139683410140486	0	0	0	0.374111107518931	0	480	0.263738649048783	0.0152486543997991	57	"B2"	0.0256376346531004
"s_Akkermansia_muciniphila_sv_905"	"enterotype"	"Abundance"	"B1"	27	"B2"	30	0.0546825291126376	0	0	0	0.124897639341232	0	480	0.305234739794749	0.0152486543997991	57	"B2"	0.0256376346531004
"uc_uc_k_sv_932"	"enterotype"	"Abundance"	"B1"	27	"B2"	30	0.0224878105350899	0	0	0	0.0529219143246418	0	480	0.2970637252997	0.0152486543997991	57	"B2"	0.0256376346531004
"uc_uc_k_sv_941"	"enterotype"	"Abundance"	"B1"	27	"B2"	30	0.118192143014533	0	0	0	0.261936069474627	0	480	0.313657899342511	0.0152486543997991	57	"B2"	0.0256376346531004
"s_Lachnoclostridium_B_ammoniilytica_sv_963"	"enterotype"	"Abundance"	"B1"	27	"B2"	30	0.0449055155776647	0	0	0	0.104803984387836	0	480	0.299318210113101	0.0152486543997991	57	"B2"	0.0256376346531004
"uc_uc_k_sv_1012"	"enterotype"	"Abundance"	"B1"	27	"B2"	30	0.0921055638714108	0	0	0	0.283029100001705	0	480	0.231852123106424	0.0152486543997991	57	"B2"	0.0256376346531004
"uc_uc_k_sv_1019"	"enterotype"	"Abundance"	"B1"	27	"B2"	30	0.090916769609223	0	0	0	0.198467864170974	0	480	0.317944100209617	0.0152486543997991	57	"B2"	0.0256376346531004
"s_Anthropogastromicrobium_aceti_sv_1020"	"enterotype"	"Abundance"	"B1"	27	"B2"	30	0.0904543036326183	0	0	0	0.206657670775576	0	480	0.305160531306926	0.0152486543997991	57	"B2"	0.0256376346531004
"s_Dorea_D_hominis_sv_1022"	"enterotype"	"Abundance"	"B1"	27	"B2"	30	0.0471869578634542	0	0	0	0.106113073541156	0	480	0.30955842984289	0.0152486543997991	57	"B2"	0.0256376346531004
"s_Acetatifactor_acetigignens_sv_1050"	"enterotype"	"Abundance"	"B1"	27	"B2"	30	0.0830882150536083	0	0	0	0.224798990181481	0	480	0.261266164988768	0.0152486543997991	57	"B2"	0.0256376346531004
"s_Lactonifactor_sp009677585_sv_1077"	"enterotype"	"Abundance"	"B1"	27	"B2"	30	0.0542983554903124	0	0	0	0.143740107186451	0	480	0.266609601158939	0.0152486543997991	57	"B2"	0.0256376346531004
"s_Blautia_A_acetigignens_sv_1096"	"enterotype"	"Abundance"	"B1"	27	"B2"	30	0.0724765938391789	0	0	0	0.216985009862672	0	480	0.237623754989467	0.0152486543997991	57	"B2"	0.0256376346531004
"s_Brotaphodocola_sp003478505_sv_1106"	"enterotype"	"Abundance"	"B1"	27	"B2"	30	0.069487392095002	0	0	0	0.210030145472085	0	480	0.235495282656418	0.0152486543997991	57	"B2"	0.0256376346531004
"s_Akkermansia_muciniphila_sv_1149"	"enterotype"	"Abundance"	"B1"	27	"B2"	30	0.0411363912714058	0	0	0	0.101681799112988	0	480	0.284022921348429	0.0152486543997991	57	"B2"	0.0256376346531004
"s_Butyribacter_sp003529475_sv_1171"	"enterotype"	"Abundance"	"B1"	27	"B2"	30	0.039160503867937	0	0	0	0.0926627390346017	0	480	0.295592100579217	0.0152486543997991	57	"B2"	0.0256376346531004
"s_Lactonifactor_sp009677585_sv_1184"	"enterotype"	"Abundance"	"B1"	27	"B2"	30	0.0384927476330877	0	0	0	0.0882994542672902	0	480	0.304044718230501	0.0152486543997991	57	"B2"	0.0256376346531004
"s_Victivallis_lenta_sv_1194"	"enterotype"	"Abundance"	"B1"	27	"B2"	30	0.0368049806400227	0	0	0	0.0810071202447117	0	480	0.315605849618691	0.0152486543997991	57	"B2"	0.0256376346531004
"uc_uc_k_sv_1273"	"enterotype"	"Abundance"	"B1"	27	"B2"	30	0.0329311246952422	0	0	0	0.0732337919271239	0	480	0.312685352998767	0.0152486543997991	57	"B2"	0.0256376346531004
"s_Faecalibacterium_prausnitzii_D_sv_104"	"enterotype"	"Abundance"	"B1"	27	"B2"	30	0	0.536106840532792	0	0	0	2.04493050826165	324	0.178913305477324	0.0157280524644907	57	"B2"	0.0256376346531004
"s_Blautia_A_caecimuris_sv_112"	"enterotype"	"Abundance"	"B1"	27	"B2"	30	0	1.05179470141892	0	0	0	2.86300667884968	324	0.246868254335428	0.0157280524644907	57	"B2"	0.0256376346531004
"s_Bacteroides_uniformis_sv_252"	"enterotype"	"Abundance"	"B1"	27	"B2"	30	0	0.687327210648288	0	0	0	1.81087352618228	324	0.254522301447905	0.0157280524644907	57	"B2"	0.0256376346531004
"s_Allocoprobacillus_merdigallinarum_sv_262"	"enterotype"	"Abundance"	"B1"	27	"B2"	30	0	0.421620192132334	0	0	0	0.941496209927157	324	0.296490699137714	0.0157280524644907	57	"B2"	0.0256376346531004
"s_Allocoprobacillus_merdigallinarum_sv_311"	"enterotype"	"Abundance"	"B1"	27	"B2"	30	0	0.307999745241333	0	0	0	0.673503865204417	324	0.302195415655115	0.0157280524644907	57	"B2"	0.0256376346531004
"s_Agathobaculum_hominis_sv_328"	"enterotype"	"Abundance"	"B1"	27	"B2"	30	0	0.176863630564407	0	0	0	0.477595171413319	324	0.248724384605189	0.0157280524644907	57	"B2"	0.0256376346531004
"s_Fusicatenibacter_saccharivorans_sv_342"	"enterotype"	"Abundance"	"B1"	27	"B2"	30	0	0.234102004247467	0	0	0	0.704026451253316	324	0.224709429310677	0.0157280524644907	57	"B2"	0.0256376346531004
"s_Bacteroides_sp902362375_sv_345"	"enterotype"	"Abundance"	"B1"	27	"B2"	30	0	0.177252608036267	0	0	0	0.460345133070392	324	0.257954380387502	0.0157280524644907	57	"B2"	0.0256376346531004
"s_Bacteroides_sp902362375_sv_350"	"enterotype"	"Abundance"	"B1"	27	"B2"	30	0	0.182121153714947	0	0	0	0.524160115062168	324	0.234249650348175	0.0157280524644907	57	"B2"	0.0256376346531004
"s_Fusicatenibacter_saccharivorans_sv_369"	"enterotype"	"Abundance"	"B1"	27	"B2"	30	0	0.209888575445671	0	0	0	0.592978739304635	324	0.238382543013539	0.0157280524644907	57	"B2"	0.0256376346531004
"s_Enterocloster_pacaense_sv_407"	"enterotype"	"Abundance"	"B1"	27	"B2"	30	0	0.813734919663873	0	0	0	2.42164711476325	324	0.226955512136049	0.0157280524644907	57	"B2"	0.0256376346531004
"s_Faecalibacterium_prausnitzii_D_sv_413"	"enterotype"	"Abundance"	"B1"	27	"B2"	30	0	0.675392237421976	0	0	0	2.34440618864601	324	0.195942958541689	0.0157280524644907	57	"B2"	0.0256376346531004
"s_Enterocloster_pacaense_sv_467"	"enterotype"	"Abundance"	"B1"	27	"B2"	30	0	0.615068871309376	0	0	0	1.85450855182904	324	0.224159699456799	0.0157280524644907	57	"B2"	0.0256376346531004
"s_Enterocloster_bolteae_sv_468"	"enterotype"	"Abundance"	"B1"	27	"B2"	30	0	0.646064559820427	0	0	0	1.52531521721815	324	0.28176187971479	0.0157280524644907	57	"B2"	0.0256376346531004
"s_Collinsella_intestinalis_sv_482"	"enterotype"	"Abundance"	"B1"	27	"B2"	30	0	0.0931085879893631	0	0	0	0.211762546954384	324	0.291574470807318	0.0157280524644907	57	"B2"	0.0256376346531004
"s_Faecalibacterium_prausnitzii_D_sv_541"	"enterotype"	"Abundance"	"B1"	27	"B2"	30	0	0.401213564835851	0	0	0	1.54344154768395	324	0.177449354935489	0.0157280524644907	57	"B2"	0.0256376346531004
"s_Enterocloster_clostridioformis_sv_641"	"enterotype"	"Abundance"	"B1"	27	"B2"	30	0	0.119762784816161	0	0	0	0.29803380125493	324	0.268400144815619	0.0157280524644907	57	"B2"	0.0256376346531004
"s_Blautia_A_ammoniilytica_sv_828"	"enterotype"	"Abundance"	"B1"	27	"B2"	30	0	0.0663420302886487	0	0	0	0.163404624494117	324	0.270969266052307	0.0157280524644907	57	"B2"	0.0256376346531004
"s_Blautia_A_ammoniilytica_sv_838"	"enterotype"	"Abundance"	"B1"	27	"B2"	30	0	0.0828932616511958	0	0	0	0.181122696577433	324	0.302407597337043	0.0157280524644907	57	"B2"	0.0256376346531004
"s_Pseudoscilispira_sp018369915_sv_860"	"enterotype"	"Abundance"	"B1"	27	"B2"	30	0	0.031414212380657	0	0	0	0.0764743833619311	324	0.273918634435078	0.0157280524644907	57	"B2"	0.0256376346531004
"s_Blautia_A_ammoniilytica_sv_863"	"enterotype"	"Abundance"	"B1"	27	"B2"	30	0	0.0670267920277298	0	0	0	0.138240198031706	324	0.318567158508403	0.0157280524644907	57	"B2"	0.0256376346531004
"s_Blautia_A_faecis_sv_864"	"enterotype"	"Abundance"	"B1"	27	"B2"	30	0	0.12425515586802	0	0	0	0.406722084188661	324	0.207285336212191	0.0157280524644907	57	"B2"	0.0256376346531004
"s_Pseudoscilispira_sp018369915_sv_875"	"enterotype"	"Abundance"	"B1"	27	"B2"	30	0	0.0269638742676425	0	0	0	0.0703476197104566	324	0.256862079334407	0.0157280524644907	57	"B2"	0.0256376346531004
"s_Anaerotruncus_colihominis_sv_894"	"enterotype"	"Abundance"	"B1"	27	"B2"	30	0	0.0618282597332378	0	0	0	0.159747372191587	324	0.259199641404871	0.0157280524644907	57	"B2"	0.0256376346531004
"s_Blautia_A_ammoniilytica_sv_900"	"enterotype"	"Abundance"	"B1"	27	"B2"	30	0	0.0736130823991474	0	0	0	0.182138236768536	324	0.269833674792642	0.0157280524644907	57	"B2"	0.0256376346531004
"s_Odoribacter_splanchnicus_sv_907"	"enterotype"	"Abundance"	"B1"	27	"B2"	30	0	0.0434124091856349	0	0	0	0.110893804000991	324	0.261966255445996	0.0157280524644907	57	"B2"	0.0256376346531004
"s_Roseburia_hominis_sv_960"	"enterotype"	"Abundance"	"B1"	27	"B2"	30	0	0.0985783099869626	0	0	0	0.271709527018851	324	0.243986710693488	0.0157280524644907	57	"B2"	0.0256376346531004
"s_Hominimerdicola_aceti_sv_1056"	"enterotype"	"Abundance"	"B1"	27	"B2"	30	0	0.0729731567222167	0	0	0	0.20244141406759	324	0.242506195928826	0.0157280524644907	57	"B2"	0.0256376346531004
"s_Diplocloster_modestus_sv_1067"	"enterotype"	"Abundance"	"B1"	27	"B2"	30	0	0.0454377436715799	0	0	0	0.112205300708605	324	0.270322742190407	0.0157280524644907	57	"B2"	0.0256376346531004
"s_Ruthenibacterium_lactatiformans_sv_152"	"enterotype"	"Abundance"	"B1"	27	"B2"	30	0.540529788190215	0.198827846183652	0.272936971162457	0	0.828754125728158	0.361213126461813	543	0.264499559653196	0.0183662117578962	57	"B1"	0.0298947862379609
"s_Allocoprobacillus_merdigallinarum_sv_216"	"enterotype"	"Abundance"	"B1"	27	"B2"	30	0.330957382373219	0.872854601759472	0	0	0.894583226063491	1.392925918685	285	0.224633358510641	0.0205373286249973	57	"B2"	0.0333805571887563
"s_Enterocloster_bolteae_sv_208"	"enterotype"	"Abundance"	"B1"	27	"B2"	30	0.180595896904695	0.807644344102649	0	0.000138256075329567	0.30728506909131	1.02921264517281	281.5	0.376324282874553	0.0267832114684454	57	"B2"	0.0434697302682107
"s_UBA3282_sp003611805_sv_13"	"enterotype"	"Abundance"	"B1"	27	"B2"	30	0	6.90714493975398	0	0	0	17.576200718723	337.5	0.262902947373935	0.0290985659819069	57	"B2"	0.0450249416016337
"uc_uc_k_sv_30"	"enterotype"	"Abundance"	"B1"	27	"B2"	30	0	3.42101082007889	0	0	0	8.63302253404026	337.5	0.264945743595681	0.0290985659819069	57	"B2"	0.0450249416016337
"uc_uc_k_sv_37"	"enterotype"	"Abundance"	"B1"	27	"B2"	30	0	3.26304230969892	0	0	0	8.29001433042489	337.5	0.263293674722924	0.0290985659819069	57	"B2"	0.0450249416016337
"s_Blautia_A_caecimuris_sv_137"	"enterotype"	"Abundance"	"B1"	27	"B2"	30	0	1.00507803393248	0	0	0	2.79527800489933	337.5	0.241935097119643	0.0290985659819069	57	"B2"	0.0450249416016337
"s_Blautia_A_caecimuris_sv_150"	"enterotype"	"Abundance"	"B1"	27	"B2"	30	0	0.788297213507676	0	0	0	2.21617050597049	337.5	0.239490010114699	0.0290985659819069	57	"B2"	0.0450249416016337
"s_CAG-267_sp001917135_sv_206"	"enterotype"	"Abundance"	"B1"	27	"B2"	30	0	0.463504491459005	0	0	0	1.24176703370404	337.5	0.250573798450866	0.0290985659819069	57	"B2"	0.0450249416016337
"s_Faecalibacterium_longum_sv_224"	"enterotype"	"Abundance"	"B1"	27	"B2"	30	0	0.867380894564689	0	0	0	2.72021610183599	337.5	0.215929105628027	0.0290985659819069	57	"B2"	0.0450249416016337
"s_Bacteroides_uniformis_sv_285"	"enterotype"	"Abundance"	"B1"	27	"B2"	30	0	0.574277043938631	0	0	0	1.49262730181643	337.5	0.257766721475859	0.0290985659819069	57	"B2"	0.0450249416016337
"s_Enterocloster_bolteae_sv_287"	"enterotype"	"Abundance"	"B1"	27	"B2"	30	0	1.42705915522267	0	0	0	3.4212625806664	337.5	0.277812769552505	0.0290985659819069	57	"B2"	0.0450249416016337
"s_Phocaeicola_vulgatus_sv_327"	"enterotype"	"Abundance"	"B1"	27	"B2"	30	0	0.0508049038071646	0	0	0	0.13109927668217	337.5	0.259506738216225	0.0290985659819069	57	"B2"	0.0450249416016337
"s_Enterocloster_bolteae_sv_404"	"enterotype"	"Abundance"	"B1"	27	"B2"	30	0	0.8688262848972	0	0	0	2.06545500156864	337.5	0.279978028753574	0.0290985659819069	57	"B2"	0.0450249416016337
"uc_uc_k_sv_471"	"enterotype"	"Abundance"	"B1"	27	"B2"	30	0	0.428742261991799	0	0	0	2.03845313340997	337.5	0.144378119302917	0.0290985659819069	57	"B2"	0.0450249416016337
"s_Ruminococcus_C_callidus_sv_491"	"enterotype"	"Abundance"	"B1"	27	"B2"	30	0	0.342950690984093	0	0	0	0.964028886718333	337.5	0.239518473928133	0.0290985659819069	57	"B2"	0.0450249416016337
"s_Clostridium_AQ_innocuum_sv_517"	"enterotype"	"Abundance"	"B1"	27	"B2"	30	0	0.543246844594653	0	0	0	1.96428684158535	337.5	0.188393171534778	0.0290985659819069	57	"B2"	0.0450249416016337
"s_Faecalibacterium_prausnitzii_D_sv_555"	"enterotype"	"Abundance"	"B1"	27	"B2"	30	0	0.368410251070822	0	0	0	1.50143416344656	337.5	0.167793185180366	0.0290985659819069	57	"B2"	0.0450249416016337
"s_Pseudoflavonifractor_sp902362925_sv_597"	"enterotype"	"Abundance"	"B1"	27	"B2"	30	0	0.0965404159125469	0	0	0	0.238335789635176	337.5	0.270389881121353	0.0290985659819069	57	"B2"	0.0450249416016337
"s_Blautia_A_faecis_sv_639"	"enterotype"	"Abundance"	"B1"	27	"B2"	30	0	0.208676843171078	0	0	0	0.787801081818036	337.5	0.180709063911742	0.0290985659819069	57	"B2"	0.0450249416016337
"s_Blautia_A_faecis_sv_679"	"enterotype"	"Abundance"	"B1"	27	"B2"	30	0	0.181878814979269	0	0	0	0.641534415292311	337.5	0.192946318264392	0.0290985659819069	57	"B2"	0.0450249416016337
"uc_uc_k_sv_836"	"enterotype"	"Abundance"	"B1"	27	"B2"	30	0	0.162827599130237	0	0	0	0.580684657620172	337.5	0.190915428359625	0.0290985659819069	57	"B2"	0.0450249416016337
"s_Eggerthella_lenta_sv_848"	"enterotype"	"Abundance"	"B1"	27	"B2"	30	0	0.0322976933852939	0	0	0	0.0903207864507884	337.5	0.240685325260131	0.0290985659819069	57	"B2"	0.0450249416016337
"s_Blautia_A_faecis_sv_874"	"enterotype"	"Abundance"	"B1"	27	"B2"	30	0	0.12745720741172	0	0	0	0.428902322335486	337.5	0.20186895594107	0.0290985659819069	57	"B2"	0.0450249416016337
"s_Blautia_A_faecis_sv_884"	"enterotype"	"Abundance"	"B1"	27	"B2"	30	0	0.112830887937494	0	0	0	0.361017656902899	337.5	0.211840853918756	0.0290985659819069	57	"B2"	0.0450249416016337
"uc_uc_k_sv_889"	"enterotype"	"Abundance"	"B1"	27	"B2"	30	0	0.129692382043955	0	0	0	0.464056190129873	337.5	0.190305196562657	0.0290985659819069	57	"B2"	0.0450249416016337
"s_Lactonifactor_sp009677585_sv_1005"	"enterotype"	"Abundance"	"B1"	27	"B2"	30	0	0.0595435632936343	0	0	0	0.157995621081297	337.5	0.252837980007609	0.0290985659819069	57	"B2"	0.0450249416016337
"uc_uc_k_sv_1006"	"enterotype"	"Abundance"	"B1"	27	"B2"	30	0	0.0257341494244631	0	0	0	0.0724126182112853	337.5	0.239286926446277	0.0290985659819069	57	"B2"	0.0450249416016337
"uc_uc_k_sv_1062"	"enterotype"	"Abundance"	"B1"	27	"B2"	30	0	0.0525036437712885	0	0	0	0.13112510976328	337.5	0.267512107750409	0.0290985659819069	57	"B2"	0.0450249416016337
"s_Enterobacter_hoffmannii_sv_1095"	"enterotype"	"Abundance"	"B1"	27	"B2"	30	0	0.0653375628566141	0	0	0	0.16104598984306	337.5	0.270789545310557	0.0290985659819069	57	"B2"	0.0450249416016337
"uc_uc_k_sv_1109"	"enterotype"	"Abundance"	"B1"	27	"B2"	30	0	0.0356885778643498	0	0	0	0.0857415421223912	337.5	0.277272330947426	0.0290985659819069	57	"B2"	0.0450249416016337
"s_Prevotella_sp900313215_sv_1113"	"enterotype"	"Abundance"	"B1"	27	"B2"	30	0	0.0272538307204227	0	0	0	0.0731275007300972	337.5	0.250213780329707	0.0290985659819069	57	"B2"	0.0450249416016337
"uc_uc_k_sv_1168"	"enterotype"	"Abundance"	"B1"	27	"B2"	30	0	0.0412583523300408	0	0	0	0.121184896855519	337.5	0.229789352540926	0.0290985659819069	57	"B2"	0.0450249416016337
"s_Anaerotignum_faecicola_sv_1177"	"enterotype"	"Abundance"	"B1"	27	"B2"	30	0	0.046241586271766	0	0	0	0.15218106542371	337.5	0.206217743397504	0.0290985659819069	57	"B2"	0.0450249416016337
"s_Eggerthella_lenta_sv_1181"	"enterotype"	"Abundance"	"B1"	27	"B2"	30	0	0.0267932148576695	0	0	0	0.0651620532737946	337.5	0.274163324294235	0.0290985659819069	57	"B2"	0.0450249416016337
"s_Anaerotignum_faecicola_sv_1232"	"enterotype"	"Abundance"	"B1"	27	"B2"	30	0	0.0369443272402296	0	0	0	0.107780584861451	337.5	0.231267447072528	0.0290985659819069	57	"B2"	0.0450249416016337
"s_Hungatella_hathewayi_sv_1289"	"enterotype"	"Abundance"	"B1"	27	"B2"	30	0	0.0241018922940874	0	0	0	0.0595661919109886	337.5	0.270119958143857	0.0290985659819069	57	"B2"	0.0450249416016337
"uc_uc_k_sv_114"	"enterotype"	"Abundance"	"B1"	27	"B2"	30	0.566817777743805	0	0	0	1.50667107756989	0	465	0.265595458582976	0.0317777808311071	57	"B2"	0.047540234452903
"s_Enterococcus_B_hirae_sv_271"	"enterotype"	"Abundance"	"B1"	27	"B2"	30	1.53758091567519	0	0	0	3.78230887993789	0	465	0.285284631192286	0.0317777808311071	57	"B2"	0.047540234452903
"s_Duodenibacillus_intestinigallinarum_sv_397"	"enterotype"	"Abundance"	"B1"	27	"B2"	30	0.0319843035090755	0	0	0	0.079111944440772	0	465	0.283850003952288	0.0317777808311071	57	"B2"	0.047540234452903
"s_Phocaeicola_vulgatus_sv_578"	"enterotype"	"Abundance"	"B1"	27	"B2"	30	0.0408751846098967	0	0	0	0.10143879328397	0	465	0.28298758775258	0.0317777808311071	57	"B2"	0.047540234452903
"s_Alistipes_finegoldii_sv_741"	"enterotype"	"Abundance"	"B1"	27	"B2"	30	0.0510662864841537	0	0	0	0.146677387794178	0	465	0.247068167615268	0.0317777808311071	57	"B2"	0.047540234452903
"s_Roseburia_inulinivorans_sv_742"	"enterotype"	"Abundance"	"B1"	27	"B2"	30	0.28481093654587	0	0	0	0.777506796976016	0	465	0.259094846494774	0.0317777808311071	57	"B2"	0.047540234452903
"s_Allocoprobacillus_merdigallinarum_sv_755"	"enterotype"	"Abundance"	"B1"	27	"B2"	30	0.216124733518145	0	0	0	0.571280307135987	0	465	0.266977985060743	0.0317777808311071	57	"B2"	0.047540234452903
"s_Alistipes_A_ihumii_sv_825"	"enterotype"	"Abundance"	"B1"	27	"B2"	30	0.0533967365275585	0	0	0	0.139213550212969	0	465	0.27040465016365	0.0317777808311071	57	"B2"	0.047540234452903
"s_Butyribacter_sp003529475_sv_939"	"enterotype"	"Abundance"	"B1"	27	"B2"	30	0.0394856806455989	0	0	0	0.100664861493089	0	465	0.276059969105112	0.0317777808311071	57	"B2"	0.047540234452903
"s_Fusicatenibacter_saccharivorans_sv_973"	"enterotype"	"Abundance"	"B1"	27	"B2"	30	0.0853660729653964	0	0	0	0.241290720484343	0	465	0.250813260133093	0.0317777808311071	57	"B2"	0.047540234452903
"s_Dorea_D_hominis_sv_985"	"enterotype"	"Abundance"	"B1"	27	"B2"	30	0.0430056663368303	0	0	0	0.115826798708119	0	465	0.262371805201682	0.0317777808311071	57	"B2"	0.047540234452903
"s_Thomasclavelia_spiroformis_sv_992"	"enterotype"	"Abundance"	"B1"	27	"B2"	30	0.0898494938854496	0	0	0	0.232806170815013	0	465	0.271957411631144	0.0317777808311071	57	"B2"	0.047540234452903
"uc_uc_k_sv_997"	"enterotype"	"Abundance"	"B1"	27	"B2"	30	0.0782960311332713	0	0	0	0.207613853722188	0	465	0.266196833423776	0.0317777808311071	57	"B2"	0.047540234452903
"s_Acetatifactor_intestinalis_sv_1004"	"enterotype"	"Abundance"	"B1"	27	"B2"	30	0.0937558677935231	0	0	0	0.240876756133563	0	465	0.274096767308502	0.0317777808311071	57	"B2"	0.047540234452903
"s_Blautia_A_obeum_sv_1011"	"enterotype"	"Abundance"	"B1"	27	"B2"	30	0.0634161967219666	0	0	0	0.16706810876765	0	465	0.267806579316008	0.0317777808311071	57	"B2"	0.047540234452903
"s_Dorea_D_hominis_sv_1045"	"enterotype"	"Abundance"	"B1"	27	"B2"	30	0.0348766700026037	0	0	0	0.0940826269270985	0	465	0.261983814818136	0.0317777808311071	57	"B2"	0.047540234452903
"s_Blautia_A_intestinalis_sv_1065"	"enterotype"	"Abundance"	"B1"	27	"B2"	30	0.055978433094266	0	0	0	0.165222237733241	0	465	0.240831789594535	0.0317777808311071	57	"B2"	0.047540234452903
"s_Enterococcus_B_mundtii_B_sv_1091"	"enterotype"	"Abundance"	"B1"	27	"B2"	30	0.0696199258373629	0	0	0	0.206678205678462	0	465	0.23952344069728	0.0317777808311071	57	"B2"	0.047540234452903
"s_Choladousia_sp902363665_sv_1107"	"enterotype"	"Abundance"	"B1"	27	"B2"	30	0.0691357855926558	0	0	0	0.228688867492486	0	465	0.216196249850179	0.0317777808311071	57	"B2"	0.047540234452903
"s_Lactonifactor_sp009677585_sv_1125"	"enterotype"	"Abundance"	"B1"	27	"B2"	30	0.0333693863790163	0	0	0	0.083044786533429	0	465	0.282258321393468	0.0317777808311071	57	"B2"	0.047540234452903
"s_Anthropogastromicrobium_aceti_sv_1143"	"enterotype"	"Abundance"	"B1"	27	"B2"	30	0.0604940593698748	0	0	0	0.192935407188584	0	465	0.223826015468687	0.0317777808311071	57	"B2"	0.047540234452903
"s_Blautia_A_obeum_sv_1151"	"enterotype"	"Abundance"	"B1"	27	"B2"	30	0.0430471040757151	0	0	0	0.110695967994119	0	465	0.273868696750912	0.0317777808311071	57	"B2"	0.047540234452903
"uc_uc_k_sv_1167"	"enterotype"	"Abundance"	"B1"	27	"B2"	30	0.0304880020734864	0	0	0	0.0830771943645759	0	465	0.259536867818325	0.0317777808311071	57	"B2"	0.047540234452903
"s_Hominiventricola_sp003480725_sv_1186"	"enterotype"	"Abundance"	"B1"	27	"B2"	30	0.0501910116839619	0	0	0	0.129668617415209	0	465	0.272693609484678	0.0317777808311071	57	"B2"	0.047540234452903
"uc_uc_k_sv_1187"	"enterotype"	"Abundance"	"B1"	27	"B2"	30	0.0499285739969505	0	0	0	0.161743114344509	0	465	0.220533038513645	0.0317777808311071	57	"B2"	0.047540234452903
"s_Allocoprobacillus_merdigallinarum_sv_301"	"enterotype"	"Abundance"	"B1"	27	"B2"	30	0.381175166633041	0.460126354869871	0	0	1.03608498304123	0.778751810890753	295	0.0436922543026338	0.0337920778288925	57	"B2"	0.0504867070079348
"s_Enterococcus_B_faecium_sv_681"	"enterotype"	"Abundance"	"B1"	27	"B2"	30	0.0975368796066307	0.0316695200024083	0	0	0.195153296404818	0.173461104906801	478.5	0.177411064396213	0.0407336418570265	57	"B2"	0.0607771799136585
"s_Clostridium_AP_sp000509125_sv_222"	"enterotype"	"Abundance"	"B1"	27	"B2"	30	0.372960070915183	0.151343454592777	0.205449856992602	0	0.464579212472533	0.237556581085935	520.5	0.293754759994578	0.0467588299945242	57	"B1"	0.069674980493822
"s_Enterococcus_B_faecium_sv_429"	"enterotype"	"Abundance"	"B1"	27	"B2"	30	0.275502862221181	0.439719221376163	0	0	0.436921803803309	1.35246048495353	504.5	0.080297411275447	0.0504982714526689	57	"B2"	0.0751478234810166
"s_Blautia_A_faecis_sv_571"	"enterotype"	"Abundance"	"B1"	27	"B2"	30	0.0160169378390037	0.248567594333891	0	0	0.0538902959537915	0.748426851400417	318	0.210199513094452	0.0524336256220455	57	"B2"	0.0758477446302781
"s_Faecalibacterium_longum_sv_118"	"enterotype"	"Abundance"	"B1"	27	"B2"	30	0	1.64077053497197	0	0	0	5.63160756051313	351	0.198074537649236	0.0535237630546998	57	"B2"	0.0758477446302781
"s_Prevotella_sp934191715_sv_227"	"enterotype"	"Abundance"	"B1"	27	"B2"	30	0	0.783842376961166	0	0	0	2.50131477578013	351	0.212381843656868	0.0535237630546998	57	"B2"	0.0758477446302781
"s_Faecalibacterium_longum_sv_326"	"enterotype"	"Abundance"	"B1"	27	"B2"	30	0	0.75760252528873	0	0	0	2.4215692494314	351	0.212048073727441	0.0535237630546998	57	"B2"	0.0758477446302781
"s_Clostridium_AQ_innocuum_sv_371"	"enterotype"	"Abundance"	"B1"	27	"B2"	30	0	0.991017313249769	0	0	0	2.88321785450523	351	0.231870635696376	0.0535237630546998	57	"B2"	0.0758477446302781
"s_Agathobaculum_hominis_sv_447"	"enterotype"	"Abundance"	"B1"	27	"B2"	30	0	0.0762180103362083	0	0	0	0.221931346950914	351	0.231686578934677	0.0535237630546998	57	"B2"	0.0758477446302781
"s_Escherichia_coli_sv_465"	"enterotype"	"Abundance"	"B1"	27	"B2"	30	0	0.641189599066303	0	0	0	1.6817319962433	351	0.255594027528076	0.0535237630546998	57	"B2"	0.0758477446302781
"s_Agathobaculum_hominis_sv_492"	"enterotype"	"Abundance"	"B1"	27	"B2"	30	0	0.0646687951701549	0	0	0	0.202594141496483	351	0.216147743987745	0.0535237630546998	57	"B2"	0.0758477446302781
"s_Hungatella_effluvii_sv_540"	"enterotype"	"Abundance"	"B1"	27	"B2"	30	0	0.0631558539669679	0	0	0	0.242534869266701	351	0.177747795349089	0.0535237630546998	57	"B2"	0.0758477446302781
"s_Clostridium_AQ_innocuum_sv_562"	"enterotype"	"Abundance"	"B1"	27	"B2"	30	0	0.448168016534185	0	0	0	1.34213016780063	351	0.225609263571778	0.0535237630546998	57	"B2"	0.0758477446302781
"s_Enterobacter_hoffmannii_sv_567"	"enterotype"	"Abundance"	"B1"	27	"B2"	30	0	0.434911391454759	0	0	0	1.46369301759202	351	0.201844355003957	0.0535237630546998	57	"B2"	0.0758477446302781
"s_Enterococcus_B_faecium_sv_619"	"enterotype"	"Abundance"	"B1"	27	"B2"	30	0	0.371554721895416	0	0	0	1.15219649678585	351	0.218256109877078	0.0535237630546998	57	"B2"	0.0758477446302781
"s_Enterococcus_B_faecium_sv_647"	"enterotype"	"Abundance"	"B1"	27	"B2"	30	0	0.148297755484686	0	0	0	0.453029594276881	351	0.221389950341435	0.0535237630546998	57	"B2"	0.0758477446302781
"s_Ruthenibacterium_lactatiformans_sv_677"	"enterotype"	"Abundance"	"B1"	27	"B2"	30	0	0.0919555631727816	0	0	0	0.280155444045526	351	0.221957729751568	0.0535237630546998	57	"B2"	0.0758477446302781
"s_Clostridium_AQ_innocuum_sv_688"	"enterotype"	"Abundance"	"B1"	27	"B2"	30	0	0.304121720362372	0	0	0	0.835127107252109	351	0.244842115802766	0.0535237630546998	57	"B2"	0.0758477446302781
"s_Enterococcus_faecalis_sv_778"	"enterotype"	"Abundance"	"B1"	27	"B2"	30	0	0.058283753111431	0	0	0	0.170066252133531	351	0.231228246908634	0.0535237630546998	57	"B2"	0.0758477446302781
"uc_uc_k_sv_792"	"enterotype"	"Abundance"	"B1"	27	"B2"	30	0	0.0514189704830698	0	0	0	0.157020325459769	351	0.221467213788829	0.0535237630546998	57	"B2"	0.0758477446302781
"s_Blautia_A_faecis_sv_822"	"enterotype"	"Abundance"	"B1"	27	"B2"	30	0	0.148871791408919	0	0	0	0.518251579847615	351	0.195401100264707	0.0535237630546998	57	"B2"	0.0758477446302781
"s_Blautia_A_faecis_sv_865"	"enterotype"	"Abundance"	"B1"	27	"B2"	30	0	0.131115381314626	0	0	0	0.521897873773076	351	0.171678799260336	0.0535237630546998	57	"B2"	0.0758477446302781
"s_Blautia_A_faecis_sv_873"	"enterotype"	"Abundance"	"B1"	27	"B2"	30	0	0.113381880116383	0	0	0	0.407372572312294	351	0.189550274148857	0.0535237630546998	57	"B2"	0.0758477446302781
"s_Blautia_A_faecis_sv_883"	"enterotype"	"Abundance"	"B1"	27	"B2"	30	0	0.0971691956978579	0	0	0	0.356659470666295	351	0.185686261929989	0.0535237630546998	57	"B2"	0.0758477446302781
"uc_uc_k_sv_908"	"enterotype"	"Abundance"	"B1"	27	"B2"	30	0	0.121339945829048	0	0	0	0.40936083882848	351	0.201375626918434	0.0535237630546998	57	"B2"	0.0758477446302781
"s_Agathobaculum_hominis_sv_922"	"enterotype"	"Abundance"	"B1"	27	"B2"	30	0	0.112394903759464	0	0	0	0.359365800716346	351	0.211985349052966	0.0535237630546998	57	"B2"	0.0758477446302781
"s_Odoribacter_splanchnicus_sv_930"	"enterotype"	"Abundance"	"B1"	27	"B2"	30	0	0.0504688532945265	0	0	0	0.156919193359926	351	0.217707359417192	0.0535237630546998	57	"B2"	0.0758477446302781
"s_Enterocloster_bolteae_sv_944"	"enterotype"	"Abundance"	"B1"	27	"B2"	30	0	0.0846887294380126	0	0	0	0.244682946603679	351	0.233398269188189	0.0535237630546998	57	"B2"	0.0758477446302781
"s_Enterocloster_asparagiformis_sv_950"	"enterotype"	"Abundance"	"B1"	27	"B2"	30	0	0.0425989838188635	0	0	0	0.17469033955224	351	0.16678462990843	0.0535237630546998	57	"B2"	0.0758477446302781
"s_Gordonibacter_urolithinfaciens_sv_999"	"enterotype"	"Abundance"	"B1"	27	"B2"	30	0	0.0389686958131255	0	0	0	0.116361317237722	351	0.226231167605769	0.0535237630546998	57	"B2"	0.0758477446302781
"uc_uc_k_sv_1015"	"enterotype"	"Abundance"	"B1"	27	"B2"	30	0	0.0629548168936973	0	0	0	0.216680182395841	351	0.197547245549277	0.0535237630546998	57	"B2"	0.0758477446302781
"uc_uc_k_sv_1033"	"enterotype"	"Abundance"	"B1"	27	"B2"	30	0	0.0775128421145741	0	0	0	0.317178541578166	351	0.167135567907507	0.0535237630546998	57	"B2"	0.0758477446302781
"s_Lactiplantibacillus_plantarum_sv_1036"	"enterotype"	"Abundance"	"B1"	27	"B2"	30	0	0.0770492352815115	0	0	0	0.204439277355607	351	0.25284572287366	0.0535237630546998	57	"B2"	0.0758477446302781
"s_Agathobaculum_sp900544475_sv_1043"	"enterotype"	"Abundance"	"B1"	27	"B2"	30	0	0.0760284837928027	0	0	0	0.236822700235843	351	0.217328657384366	0.0535237630546998	57	"B2"	0.0758477446302781
"s_Blautia_A_ammoniilytica_sv_1048"	"enterotype"	"Abundance"	"B1"	27	"B2"	30	0	0.0464919739979794	0	0	0	0.13276435725357	351	0.235986796661413	0.0535237630546998	57	"B2"	0.0758477446302781
"s_Negativibacillus_massiliensis_sv_1094"	"enterotype"	"Abundance"	"B1"	27	"B2"	30	0	0.0658203271361301	0	0	0	0.171909768458965	351	0.256601002433615	0.0535237630546998	57	"B2"	0.0758477446302781
"s_Faecalibacterium_longum_sv_1123"	"enterotype"	"Abundance"	"B1"	27	"B2"	30	0	0.0593401201874349	0	0	0	0.204972593344064	351	0.19686815527945	0.0535237630546998	57	"B2"	0.0758477446302781
"s_Agathobaculum_hominis_sv_1136"	"enterotype"	"Abundance"	"B1"	27	"B2"	30	0	0.0549594586778333	0	0	0	0.185347926603259	351	0.201445525645795	0.0535237630546998	57	"B2"	0.0758477446302781
"s_Enterocloster_sp900541315_sv_1154"	"enterotype"	"Abundance"	"B1"	27	"B2"	30	0	0.0523136936962619	0	0	0	0.144794519016689	351	0.243031390495818	0.0535237630546998	57	"B2"	0.0758477446302781
"uc_uc_k_sv_1185"	"enterotype"	"Abundance"	"B1"	27	"B2"	30	0	0.0452666768185614	0	0	0	0.140883153333389	351	0.217503329235859	0.0535237630546998	57	"B2"	0.0758477446302781
"uc_uc_k_sv_1205"	"enterotype"	"Abundance"	"B1"	27	"B2"	30	0	0.0419707892982205	0	0	0	0.13117607908548	351	0.21663392932265	0.0535237630546998	57	"B2"	0.0758477446302781
"s_Escherichia_coli_sv_312"	"enterotype"	"Abundance"	"B1"	27	"B2"	30	0.171650110631807	1.12529027661939	0	0	0.548255810264968	2.23404354058316	317	0.276999119165354	0.0641688016163666	57	"B2"	0.0899315492720219
"s_Blautia_pseudococcoides_sv_53"	"enterotype"	"Abundance"	"B1"	27	"B2"	30	2.13711810643934	6.26732527848333	0	0	4.40370191446895	8.68558529502898	306	0.284889662710072	0.0647745965926018	57	"B2"	0.0899315492720219
"s_Bacteroides_eggerthii_sv_86"	"enterotype"	"Abundance"	"B1"	27	"B2"	30	1.3798894251352	0	0	0	4.55225894411207	0	450	0.216746605541687	0.0660933105908743	57	"B2"	0.0899315492720219
"s_Parabacteroides_distasonis_sv_325"	"enterotype"	"Abundance"	"B1"	27	"B2"	30	0.0632794428337598	0	0	0	0.186850183666508	0	450	0.240736254214939	0.0660933105908743	57	"B2"	0.0899315492720219
"s_Allocoprobacillus_merdigallinarum_sv_485"	"enterotype"	"Abundance"	"B1"	27	"B2"	30	0.482620558235064	0	0	0	1.51155914314372	0	450	0.227709753646542	0.0660933105908743	57	"B2"	0.0899315492720219
"s_Anaerostipes_hadrus_sv_740"	"enterotype"	"Abundance"	"B1"	27	"B2"	30	0.190140802309293	0	0	0	0.852751494592886	0	450	0.161215191640863	0.0660933105908743	57	"B2"	0.0899315492720219
"s_Dorea_A_longicatena_sv_749"	"enterotype"	"Abundance"	"B1"	27	"B2"	30	0.051596504333277	0	0	0	0.151792589843958	0	450	0.241572416894845	0.0660933105908743	57	"B2"	0.0899315492720219
"s_Anaerostipes_hadrus_sv_791"	"enterotype"	"Abundance"	"B1"	27	"B2"	30	0.142811747169437	0	0	0	0.62918338534472	0	450	0.164033153996917	0.0660933105908743	57	"B2"	0.0899315492720219
"s_Gemmiger_qucibialis_sv_839"	"enterotype"	"Abundance"	"B1"	27	"B2"	30	0.104645388261674	0	0	0	0.387138338171679	0	450	0.194234325461372	0.0660933105908743	57	"B2"	0.0899315492720219
"s_Fusicatenibacter_saccharivorans_sv_842"	"enterotype"	"Abundance"	"B1"	27	"B2"	30	0.148843430713981	0	0	0	0.460512324992598	0	450	0.230359420427419	0.0660933105908743	57	"B2"	0.0899315492720219
"s_Mediterraneibacter_lactaris_sv_856"	"enterotype"	"Abundance"	"B1"	27	"B2"	30	0.0378433493187653	0	0	0	0.113322842235406	0	450	0.237574285893366	0.0660933105908743	57	"B2"	0.0899315492720219
"s_Blautia_A_wexlerae_sv_916"	"enterotype"	"Abundance"	"B1"	27	"B2"	30	0.0743270374335545	0	0	0	0.334531931663752	0	450	0.160658263815072	0.0660933105908743	57	"B2"	0.0899315492720219
"s_Fusicatenibacter_saccharivorans_sv_925"	"enterotype"	"Abundance"	"B1"	27	"B2"	30	0.106099782104516	0	0	0	0.323087466725822	0	450	0.233847788738342	0.0660933105908743	57	"B2"	0.0899315492720219
"s_Holdemania_filiformis_sv_990"	"enterotype"	"Abundance"	"B1"	27	"B2"	30	0.0409669230479752	0	0	0	0.127867389579177	0	450	0.228452260615134	0.0660933105908743	57	"B2"	0.0899315492720219
"s_Roseburia_B_zhanii_sv_1032"	"enterotype"	"Abundance"	"B1"	27	"B2"	30	0.0865704080514021	0	0	0	0.283524974345848	0	450	0.218253353273418	0.0660933105908743	57	"B2"	0.0899315492720219
"s_Blautia_A_intestinalis_sv_1034"	"enterotype"	"Abundance"	"B1"	27	"B2"	30	0.0342629746983437	0	0	0	0.106977210623421	0	450	0.228382661842211	0.0660933105908743	57	"B2"	0.0899315492720219
"s_Enterococcus_B_mundtii_sv_1037"	"enterotype"	"Abundance"	"B1"	27	"B2"	30	0.0587451744605213	0	0	0	0.19855302133507	0	450	0.211798245933117	0.0660933105908743	57	"B2"	0.0899315492720219
"s_Choladousia_sp902363665_sv_1052"	"enterotype"	"Abundance"	"B1"	27	"B2"	30	0.0826099353119402	0	0	0	0.332155213165061	0	450	0.179244674805424	0.0660933105908743	57	"B2"	0.0899315492720219
"s_Gallintestinimicrobium_propionicum_sv_1053"	"enterotype"	"Abundance"	"B1"	27	"B2"	30	0.0821459674737789	0	0	0	0.3271116674825	0	450	0.180928364553043	0.0660933105908743	57	"B2"	0.0899315492720219
"s_Blautia_A_sp900120195_sv_1055"	"enterotype"	"Abundance"	"B1"	27	"B2"	30	0.0390732399599061	0	0	0	0.129533303675981	0	450	0.215741568552152	0.0660933105908743	57	"B2"	0.0899315492720219
"s_Odoribacter_splanchnicus_sv_1086"	"enterotype"	"Abundance"	"B1"	27	"B2"	30	0.0286902626493277	0	0	0	0.0827598780786956	0	450	0.246079394488276	0.0660933105908743	57	"B2"	0.0899315492720219
"s_Mediterraneibacter_lactaris_sv_1089"	"enterotype"	"Abundance"	"B1"	27	"B2"	30	0.0292142303731405	0	0	0	0.100525561190843	0	450	0.208206234117927	0.0660933105908743	57	"B2"	0.0899315492720219
"s_Victivallis_lenta_sv_1098"	"enterotype"	"Abundance"	"B1"	27	"B2"	30	0.01785818220174	0	0	0	0.0567515501725518	0	450	0.224589545878429	0.0660933105908743	57	"B2"	0.0899315492720219
"s_Mediterraneibacter_lactaris_sv_1112"	"enterotype"	"Abundance"	"B1"	27	"B2"	30	0.0270732547863656	0	0	0	0.0785745186137973	0	450	0.244670762592387	0.0660933105908743	57	"B2"	0.0899315492720219
"s_Blautia_A_wexlerae_sv_1117"	"enterotype"	"Abundance"	"B1"	27	"B2"	30	0.0672134013255003	0	0	0	0.216477592073007	0	450	0.221752134013744	0.0660933105908743	57	"B2"	0.0899315492720219
"s_Anthropogastromicrobium_aceti_sv_1140"	"enterotype"	"Abundance"	"B1"	27	"B2"	30	0.0607460799960155	0	0	0	0.224836408880715	0	450	0.194147343244806	0.0660933105908743	57	"B2"	0.0899315492720219
"s_Brotaphodocola_sp003478505_sv_1150"	"enterotype"	"Abundance"	"B1"	27	"B2"	30	0.0588525284066415	0	0	0	0.192749302362108	0	450	0.218250563594508	0.0660933105908743	57	"B2"	0.0899315492720219
"s_Acetatifactor_intestinalis_sv_1178"	"enterotype"	"Abundance"	"B1"	27	"B2"	30	0.0511859958946909	0	0	0	0.158452394096029	0	450	0.230240998236862	0.0660933105908743	57	"B2"	0.0899315492720219
"s_Blautia_A_obeum_sv_1206"	"enterotype"	"Abundance"	"B1"	27	"B2"	30	0.0329360199366333	0	0	0	0.0989180204287368	0	450	0.236916959711087	0.0660933105908743	57	"B2"	0.0899315492720219
"s_Lactonifactor_longoviformis_sv_1246"	"enterotype"	"Abundance"	"B1"	27	"B2"	30	0.0233495415187776	0	0	0	0.0678857728782339	0	450	0.244269422721925	0.0660933105908743	57	"B2"	0.0899315492720219
"uc_uc_k_sv_1316"	"enterotype"	"Abundance"	"B1"	27	"B2"	30	0.0247676107265332	0	0	0	0.0722158960331457	0	450	0.243610740618467	0.0660933105908743	57	"B2"	0.0899315492720219
"uc_uc_k_sv_1348"	"enterotype"	"Abundance"	"B1"	27	"B2"	30	0.0201719500546575	0	0	0	0.0581431510733952	0	450	0.246257375304489	0.0660933105908743	57	"B2"	0.0899315492720219
"s_Lachnoclostridium_B_ammoniilytica_sv_1350"	"enterotype"	"Abundance"	"B1"	27	"B2"	30	0.0199608346456539	0	0	0	0.0583972235761461	0	450	0.242839776192238	0.0660933105908743	57	"B2"	0.0899315492720219
"s_Allocoprobacillus_merdigallinarum_sv_160"	"enterotype"	"Abundance"	"B1"	27	"B2"	30	0.13090478929945	0.676791880711076	0	0	0.680201238062236	1.46192448431644	339	0.23058975945227	0.0663573830142629	57	"B2"	0.0901820819760103
"s_Blautia_A_faecis_sv_330"	"enterotype"	"Abundance"	"B1"	27	"B2"	30	1.11202656805114	0.13877829208688	0	0	2.47043316893568	0.440486833495532	487	0.27274741774218	0.0846935552772546	57	"B2"	0.114963093083927
"s_Escherichia_coli_sv_589"	"enterotype"	"Abundance"	"B1"	27	"B2"	30	0	0.033323165967889	0	0	0	0.118659295044081	364.5	0.191193642598488	0.0985454896588009	57	"B2"	0.127769324523135
"s_Agathobaculum_butyriciproducens_sv_611"	"enterotype"	"Abundance"	"B1"	27	"B2"	30	0	0.0639612314470644	0	0	0	0.289654276470008	364.5	0.151416106830655	0.0985454896588009	57	"B2"	0.127769324523135
"s_Escherichia_coli_sv_670"	"enterotype"	"Abundance"	"B1"	27	"B2"	30	0	0.328068216695985	0	0	0	1.0370439558843	364.5	0.214305707810828	0.0985454896588009	57	"B2"	0.127769324523135
"s_Escherichia_coli_sv_694"	"enterotype"	"Abundance"	"B1"	27	"B2"	30	0	0.301000758691785	0	0	0	0.943027371464381	364.5	0.216136085310791	0.0985454896588009	57	"B2"	0.127769324523135
"s_Escherichia_coli_sv_721"	"enterotype"	"Abundance"	"B1"	27	"B2"	30	0	0.275650439046087	0	0	0	0.979455409181286	364.5	0.191588006089097	0.0985454896588009	57	"B2"	0.127769324523135
"s_Pseudoflavonifractor_sp902362925_sv_745"	"enterotype"	"Abundance"	"B1"	27	"B2"	30	0	0.0273802127082354	0	0	0	0.0917605796917049	364.5	0.202661057674852	0.0985454896588009	57	"B2"	0.127769324523135
"s_Intestinibacter_bartlettii_sv_770"	"enterotype"	"Abundance"	"B1"	27	"B2"	30	0	0.024396274956743	0	0	0	0.086952194688724	364.5	0.19102352405394	0.0985454896588009	57	"B2"	0.127769324523135
"s_Enterocloster_sp005845215_sv_802"	"enterotype"	"Abundance"	"B1"	27	"B2"	30	0	0.0364491488567586	0	0	0	0.122330942015903	364.5	0.202379720013875	0.0985454896588009	57	"B2"	0.127769324523135
"s_Enterococcus_D_casseliflavus_sv_876"	"enterotype"	"Abundance"	"B1"	27	"B2"	30	0	0.136076777926407	0	0	0	0.443871242270743	364.5	0.207975726758159	0.0985454896588009	57	"B2"	0.127769324523135
"s_Adlercreutzia_equolifaciens_sv_886"	"enterotype"	"Abundance"	"B1"	27	"B2"	30	0	0.0136455065289893	0	0	0	0.0519167052403504	364.5	0.179356093681413	0.0985454896588009	57	"B2"	0.127769324523135
"s_Enterocloster_asparagiformis_sv_924"	"enterotype"	"Abundance"	"B1"	27	"B2"	30	0	0.0512757384825593	0	0	0	0.175111445543604	364.5	0.19903205251402	0.0985454896588009	57	"B2"	0.127769324523135
"s_Faecalibacterium_prausnitzii_D_sv_934"	"enterotype"	"Abundance"	"B1"	27	"B2"	30	0	0.108394253824194	0	0	0	0.372167091746299	364.5	0.19801010428566	0.0985454896588009	57	"B2"	0.127769324523135
"s_Hungatella_effluvii_sv_940"	"enterotype"	"Abundance"	"B1"	27	"B2"	30	0	0.0293456042343541	0	0	0	0.0983911222151695	364.5	0.202574541588463	0.0985454896588009	57	"B2"	0.127769324523135
"s_Hungatella_effluvii_sv_942"	"enterotype"	"Abundance"	"B1"	27	"B2"	30	0	0.0141839617118849	0	0	0	0.0493220548871799	364.5	0.195610768582982	0.0985454896588009	57	"B2"	0.127769324523135
"s_Enterocloster_citroniae_sv_954"	"enterotype"	"Abundance"	"B1"	27	"B2"	30	0	0.035576908385328	0	0	0	0.109508102645666	364.5	0.219803504889824	0.0985454896588009	57	"B2"	0.127769324523135
"uc_uc_k_sv_956"	"enterotype"	"Abundance"	"B1"	27	"B2"	30	0	0.0994712680949184	0	0	0	0.364750479237291	364.5	0.185862473259634	0.0985454896588009	57	"B2"	0.127769324523135
"s_Coprococcus_aceti_sv_979"	"enterotype"	"Abundance"	"B1"	27	"B2"	30	0	0.0846561783054079	0	0	0	0.322401904290296	364.5	0.179187803707186	0.0985454896588009	57	"B2"	0.127769324523135
"uc_uc_k_sv_984"	"enterotype"	"Abundance"	"B1"	27	"B2"	30	0	0.0608784516921644	0	0	0	0.264895192901086	364.5	0.157435826495794	0.0985454896588009	57	"B2"	0.127769324523135
"s_Gallintestinimicrobium_propionicum_sv_1054"	"enterotype"	"Abundance"	"B1"	27	"B2"	30	0	0.0592259863120536	0	0	0	0.231979691398923	364.5	0.174380432575347	0.0985454896588009	57	"B2"	0.127769324523135
"s_Enterocloster_asparagiformis_sv_1060"	"enterotype"	"Abundance"	"B1"	27	"B2"	30	0	0.0291751679445551	0	0	0	0.110640603412312	364.5	0.179922678199915	0.0985454896588009	57	"B2"	0.127769324523135
"s_Faecalibacterium_prausnitzii_D_sv_1064"	"enterotype"	"Abundance"	"B1"	27	"B2"	30	0	0.0707299904012405	0	0	0	0.22229669775641	364.5	0.215486293843046	0.0985454896588009	57	"B2"	0.127769324523135
"s_Enterocloster_asparagiformis_sv_1073"	"enterotype"	"Abundance"	"B1"	27	"B2"	30	0	0.0323413949591665	0	0	0	0.126824357570871	364.5	0.174183552543992	0.0985454896588009	57	"B2"	0.127769324523135
"s_Agathobaculum_butyriciproducens_sv_1087"	"enterotype"	"Abundance"	"B1"	27	"B2"	30	0	0.0678173569809659	0	0	0	0.260458935953902	364.5	0.177732811721611	0.0985454896588009	57	"B2"	0.127769324523135
"s_Dysosmobacter_sp018228705_sv_1135"	"enterotype"	"Abundance"	"B1"	27	"B2"	30	0	0.0550296792244583	0	0	0	0.205866166671952	364.5	0.182306290201831	0.0985454896588009	57	"B2"	0.127769324523135
"s_Clostridium_AQ_innocuum_sv_1138"	"enterotype"	"Abundance"	"B1"	27	"B2"	30	0	0.0547043242995524	0	0	0	0.183636738158799	364.5	0.202339986360916	0.0985454896588009	57	"B2"	0.127769324523135
"s_Coprobacter_secundus_sv_1163"	"enterotype"	"Abundance"	"B1"	27	"B2"	30	0	0.0126188824099178	0	0	0	0.0526453624845814	364.5	0.164019107424695	0.0985454896588009	57	"B2"	0.127769324523135
"uc_uc_k_sv_1170"	"enterotype"	"Abundance"	"B1"	27	"B2"	30	0	0.0480993958985276	0	0	0	0.159279657368216	364.5	0.204997755016497	0.0985454896588009	57	"B2"	0.127769324523135
"uc_uc_k_sv_1213"	"enterotype"	"Abundance"	"B1"	27	"B2"	30	0	0.0397657064701325	0	0	0	0.145796297847256	364.5	0.185887424394807	0.0985454896588009	57	"B2"	0.127769324523135
"s_Enterobacter_hoffmannii_sv_1216"	"enterotype"	"Abundance"	"B1"	27	"B2"	30	0	0.0391165429515807	0	0	0	0.13022952822593	364.5	0.203948200245587	0.0985454896588009	57	"B2"	0.127769324523135
"uc_uc_k_sv_1228"	"enterotype"	"Abundance"	"B1"	27	"B2"	30	0	0.0207469735201685	0	0	0	0.0676541052173727	364.5	0.20803689196615	0.0985454896588009	57	"B2"	0.127769324523135
"s_Alistipes_communis_sv_1240"	"enterotype"	"Abundance"	"B1"	27	"B2"	30	0	0.0185752910828261	0	0	0	0.0706810797153715	364.5	0.179336087621461	0.0985454896588009	57	"B2"	0.127769324523135
"s_Alistipes_shahii_sv_1245"	"enterotype"	"Abundance"	"B1"	27	"B2"	30	0	0.0347758162832435	0	0	0	0.114680273515071	364.5	0.205816745780993	0.0985454896588009	57	"B2"	0.127769324523135
"s_Eggerthella_lenta_sv_1253"	"enterotype"	"Abundance"	"B1"	27	"B2"	30	0	0.0131234513010008	0	0	0	0.0438741720129158	364.5	0.203134838750913	0.0985454896588009	57	"B2"	0.127769324523135
"uc_uc_k_sv_1267"	"enterotype"	"Abundance"	"B1"	27	"B2"	30	0	0.0186469529960086	0	0	0	0.0580943550732398	364.5	0.217290999423707	0.0985454896588009	57	"B2"	0.127769324523135
"uc_uc_k_sv_1276"	"enterotype"	"Abundance"	"B1"	27	"B2"	30	0	0.0132467111043273	0	0	0	0.0513885146331942	364.5	0.176013846739531	0.0985454896588009	57	"B2"	0.127769324523135
"s_Faecalimonas_phoceensis_sv_1291"	"enterotype"	"Abundance"	"B1"	27	"B2"	30	0	0.0118002824737151	0	0	0	0.0387155717566303	364.5	0.20682484778041	0.0985454896588009	57	"B2"	0.127769324523135
"s_Enterocloster_sp900541315_sv_1324"	"enterotype"	"Abundance"	"B1"	27	"B2"	30	0	0.0209205716124599	0	0	0	0.082739892390023	364.5	0.172751930433359	0.0985454896588009	57	"B2"	0.127769324523135
"uc_uc_k_sv_1325"	"enterotype"	"Abundance"	"B1"	27	"B2"	30	0	0.0188255228976503	0	0	0	0.0669485419458964	364.5	0.19143174772645	0.0985454896588009	57	"B2"	0.127769324523135
"s_Harryflintia_acetispora_sv_1338"	"enterotype"	"Abundance"	"B1"	27	"B2"	30	0	0.0191090861552619	0	0	0	0.059068792029082	364.5	0.218919585881115	0.0985454896588009	57	"B2"	0.127769324523135
"s_Blautia_pseudococcoides_sv_26"	"enterotype"	"Abundance"	"B1"	27	"B2"	30	3.98637909201979	11.5594348001155	0	0	7.93500364964675	16.0067797092529	315.5	0.284644372429559	0.100084130291967	57	"B2"	0.129615268621514
"s_Enterocloster_bolteae_sv_201"	"enterotype"	"Abundance"	"B1"	27	"B2"	30	0.175930112063828	0.868453037532645	0	0.000148131509281679	0.255946831866809	1.09398189776056	309.5	0.393573365842971	0.100454150641119	57	"B2"	0.129945277434842
"s_Blautia_A_faecis_sv_624"	"enterotype"	"Abundance"	"B1"	27	"B2"	30	0.0223654581994868	0.198774048308278	0	0	0.0582490023384408	0.621674055873324	330.5	0.192388128119108	0.107564568254753	57	"B2"	0.138983772040505
"s_Enterocloster_bolteae_sv_131"	"enterotype"	"Abundance"	"B1"	27	"B2"	30	0.324115865066285	1.57605949250613	0	0.0427371258413437	0.437455719401224	2.10604695892964	310	0.374676587012934	0.107714162809246	57	"B2"	0.139017821108501
"uc_uc_k_sv_1080"	"enterotype"	"Abundance"	"B1"	27	"B2"	30	0.00237115135883597	0.0398486792652878	0	0	0.0123208638778196	0.12126442215077	351	0.208668048331406	0.108469570626036	57	"B2"	0.139832772189907
"s_Turicibacter_sp002311155_sv_144"	"enterotype"	"Abundance"	"B1"	27	"B2"	30	0.375265479264559	0.00456639045316494	0	0	1.0093904128561	0.0250111505757467	453.5	0.259629585836207	0.117974912353787	57	"B2"	0.151912900839123
"uc_uc_k_sv_568"	"enterotype"	"Abundance"	"B1"	27	"B2"	30	0.114787517107282	0.0512591030733328	0	0	0.180074547941934	0.119942889363369	480	0.20678988150239	0.132955833378344	57	"B2"	0.171008187059034
"s_Duodenibacillus_intestinigallinarum_sv_546"	"enterotype"	"Abundance"	"B1"	27	"B2"	30	0.0411823739057547	0	0	0	0.169997402795509	0	435	0.174738388319416	0.139167853704201	57	"B2"	0.173314787531303
"s_Alitiscatomonas_sp900066535_sv_729"	"enterotype"	"Abundance"	"B1"	27	"B2"	30	0.296988164189483	0	0	0	1.16138485290142	0	435	0.184124873298855	0.139167853704201	57	"B2"	0.173314787531303
"s_Alitiscatomonas_sp900066535_sv_765"	"enterotype"	"Abundance"	"B1"	27	"B2"	30	0.256261906553905	0	0	0	1.03139360414447	0	435	0.179072448745694	0.139167853704201	57	"B2"	0.173314787531303
"s_Alitiscatomonas_sp900066055_sv_769"	"enterotype"	"Abundance"	"B1"	27	"B2"	30	0.245898669009232	0	0	0	1.0049863448353	0	435	0.176432858366182	0.139167853704201	57	"B2"	0.173314787531303
"s_Alitiscatomonas_sp900066535_sv_787"	"enterotype"	"Abundance"	"B1"	27	"B2"	30	0.229837760673296	0	0	0	0.925941947393394	0	435	0.178904200226299	0.139167853704201	57	"B2"	0.173314787531303
"s_Alitiscatomonas_sp900066535_sv_812"	"enterotype"	"Abundance"	"B1"	27	"B2"	30	0.20424211116738	0	0	0	0.832763009212587	0	435	0.176837626232996	0.139167853704201	57	"B2"	0.173314787531303
"s_Alitiscatomonas_sp900066535_sv_820"	"enterotype"	"Abundance"	"B1"	27	"B2"	30	0.195434062540511	0	0	0	0.797639646646357	0	435	0.176668053242991	0.139167853704201	57	"B2"	0.173314787531303
"s_Blautia_A_wexlerae_sv_824"	"enterotype"	"Abundance"	"B1"	27	"B2"	30	0.0763797331914226	0	0	0	0.348492631479631	0	435	0.158537485544157	0.139167853704201	57	"B2"	0.173314787531303
"s_Blautia_A_wexlerae_sv_853"	"enterotype"	"Abundance"	"B1"	27	"B2"	30	0.0800356059239769	0	0	0	0.361478903106882	0	435	0.160115588482116	0.139167853704201	57	"B2"	0.173314787531303
"s_Parasutterella_excrementihominis_sv_895"	"enterotype"	"Abundance"	"B1"	27	"B2"	30	0.0113724520919669	0	0	0	0.0450334122156291	0	435	0.181909060318297	0.139167853704201	57	"B2"	0.173314787531303
"s_Escherichia_coli_sv_899"	"enterotype"	"Abundance"	"B1"	27	"B2"	30	0.13834204820778	0	0	0	0.499935791855739	0	435	0.198660689546717	0.139167853704201	57	"B2"	0.173314787531303
"s_Bariatricus_comes_sv_901"	"enterotype"	"Abundance"	"B1"	27	"B2"	30	0.0474653021454501	0	0	0	0.21786682092575	0	435	0.157615417143193	0.139167853704201	57	"B2"	0.173314787531303
"s_Enterocloster_citroniae_sv_909"	"enterotype"	"Abundance"	"B1"	27	"B2"	30	0.0158596835332472	0	0	0	0.0578876368058064	0	435	0.19676733323415	0.139167853704201	57	"B2"	0.173314787531303
"s_Anaerostipes_hadrus_sv_929"	"enterotype"	"Abundance"	"B1"	27	"B2"	30	0.069947054117186	0	0	0	0.316135935108618	0	435	0.160006212167599	0.139167853704201	57	"B2"	0.173314787531303
"s_Fusicatenibacter_saccharivorans_sv_964"	"enterotype"	"Abundance"	"B1"	27	"B2"	30	0.082869887178595	0	0	0	0.299563484056385	0	435	0.198602699357289	0.139167853704201	57	"B2"	0.173314787531303
"s_Adlercreutzia_equolifaciens_sv_988"	"enterotype"	"Abundance"	"B1"	27	"B2"	30	0.0213482037435395	0	0	0	0.0854371100273008	0	435	0.18005424604741	0.139167853704201	57	"B2"	0.173314787531303
"s_Fusicatenibacter_saccharivorans_sv_1017"	"enterotype"	"Abundance"	"B1"	27	"B2"	30	0.0779082378865437	0	0	0	0.281915808803099	0	435	0.198407931210798	0.139167853704201	57	"B2"	0.173314787531303
"s_Lachnoclostridium_B_ammoniilytica_sv_1066"	"enterotype"	"Abundance"	"B1"	27	"B2"	30	0.0334457748103793	0	0	0	0.122005099485563	0	435	0.196878160325174	0.139167853704201	57	"B2"	0.173314787531303
"s_Mediterraneibacter_lactaris_sv_1071"	"enterotype"	"Abundance"	"B1"	27	"B2"	30	0.0286119286327348	0	0	0	0.105335864935712	0	435	0.195146722751267	0.139167853704201	57	"B2"	0.173314787531303
"s_Blautia_A_intestinalis_sv_1144"	"enterotype"	"Abundance"	"B1"	27	"B2"	30	0.0176767549083649	0	0	0	0.0677351879894764	0	435	0.187770382468078	0.139167853704201	57	"B2"	0.173314787531303
"s_Blautia_A_wexlerae_sv_1152"	"enterotype"	"Abundance"	"B1"	27	"B2"	30	0.0586563756410612	0	0	0	0.222320003518455	0	435	0.189759425102872	0.139167853704201	57	"B2"	0.173314787531303
"s_Eubacterium_I_ramulus_sv_1157"	"enterotype"	"Abundance"	"B1"	27	"B2"	30	0.0238006577334156	0	0	0	0.0891640839455941	0	435	0.191901353504592	0.139167853704201	57	"B2"	0.173314787531303
"s_Blautia_A_wexlerae_sv_1211"	"enterotype"	"Abundance"	"B1"	27	"B2"	30	0.0442718630656434	0	0	0	0.1876439746738	0	435	0.170317817897089	0.139167853704201	57	"B2"	0.173314787531303
"uc_uc_k_sv_1218"	"enterotype"	"Abundance"	"B1"	27	"B2"	30	0.0206089145940515	0	0	0	0.078378030974473	0	435	0.189139118472506	0.139167853704201	57	"B2"	0.173314787531303
"s_Bariatricus_comes_sv_1243"	"enterotype"	"Abundance"	"B1"	27	"B2"	30	0.0235155737995973	0	0	0	0.0856190445006772	0	435	0.197236361145939	0.139167853704201	57	"B2"	0.173314787531303
"uc_uc_k_sv_1309"	"enterotype"	"Abundance"	"B1"	27	"B2"	30	0.011866842401033	0	0	0	0.043431377670172	0	435	0.196255637399175	0.139167853704201	57	"B2"	0.173314787531303
"s_Blautia_A_faecis_sv_1365"	"enterotype"	"Abundance"	"B1"	27	"B2"	30	0.0176253669344919	0	0	0	0.0676270652533057	0	435	0.187532683143613	0.139167853704201	57	"B2"	0.173314787531303
"s_Anaerotardibacter_sp000435675_sv_1394"	"enterotype"	"Abundance"	"B1"	27	"B2"	30	0.00591808587115653	0	0	0	0.0213927494622323	0	435	0.198605676636896	0.139167853704201	57	"B2"	0.173314787531303
"s_Odoribacter_splanchnicus_sv_799"	"enterotype"	"Abundance"	"B1"	27	"B2"	30	0.0764595061798347	0.0201411816241182	0	0	0.125154747276924	0.0609693226326697	473.5	0.281168888224646	0.139204962325674	57	"B2"	0.173314787531303
"s_Escherichia_coli_sv_291"	"enterotype"	"Abundance"	"B1"	27	"B2"	30	0.394368832493687	0.942298872075433	0	0	0.873231712177327	1.65115950319149	329	0.201576557385074	0.143333546119379	57	"B2"	0.178258258018367
"s_Gallintestinimicrobium_propionicum_sv_759"	"enterotype"	"Abundance"	"B1"	27	"B2"	30	0.168620857330823	0.0762779693338176	0	0	0.407345971212555	0.257292223667047	466	0.136868042341374	0.144681476574804	57	"B2"	0.17973645988588
"s_Blautia_pseudococcoides_sv_50"	"enterotype"	"Abundance"	"B1"	27	"B2"	30	2.4717184105975	7.07862112778035	0	0	4.89435257461211	10.0312729713842	329	0.277689135111643	0.156899790787643	57	"B2"	0.194700730482355
"s_Escherichia_coli_sv_66"	"enterotype"	"Abundance"	"B1"	27	"B2"	30	2.67675316207957	2.73788774564625	0	0	7.01635052496351	4.84184140788702	330	0.00515982383394262	0.174424283623018	57	"B2"	0.216209441677763
"uc_uc_k_sv_214"	"enterotype"	"Abundance"	"B1"	27	"B2"	30	0	0.744162953035733	0	0	0	2.88855826879815	378	0.17591374992746	0.184012763502506	57	"B2"	0.219879658083503
"uc_uc_k_sv_324"	"enterotype"	"Abundance"	"B1"	27	"B2"	30	0	0.0963611283956053	0	0	0	0.487981880768344	378	0.135722173581071	0.184012763502506	57	"B2"	0.219879658083503
"s_Ruthenibacterium_lactatiformans_sv_360"	"enterotype"	"Abundance"	"B1"	27	"B2"	30	0	0.0130570357589653	0	0	0	0.0499218066990115	378	0.17850782284836	0.184012763502506	57	"B2"	0.219879658083503
"s_Enterococcus_B_faecium_sv_421"	"enterotype"	"Abundance"	"B1"	27	"B2"	30	0	0.023121201682334	0	0	0	0.0912592846793898	378	0.173089623230062	0.184012763502506	57	"B2"	0.219879658083503
"s_Anaerostipes_hadrus_sv_495"	"enterotype"	"Abundance"	"B1"	27	"B2"	30	0	0.0496687744995068	0	0	0	0.272024700769134	378	0.125666344844297	0.184012763502506	57	"B2"	0.219879658083503
"s_Anaerostipes_hadrus_sv_497"	"enterotype"	"Abundance"	"B1"	27	"B2"	30	0	0.0383806560631692	0	0	0	0.210200860031758	378	0.125667142643811	0.184012763502506	57	"B2"	0.219879658083503
"s_Agathobaculum_butyriciproducens_sv_608"	"enterotype"	"Abundance"	"B1"	27	"B2"	30	0	0.0466548338386721	0	0	0	0.218613385613549	378	0.146450074739696	0.184012763502506	57	"B2"	0.219879658083503
"s_Agathobaculum_butyriciproducens_sv_633"	"enterotype"	"Abundance"	"B1"	27	"B2"	30	0	0.0463633065027699	0	0	0	0.195509835627485	378	0.162317598091631	0.184012763502506	57	"B2"	0.219879658083503
"s_Anaerostipes_hadrus_sv_635"	"enterotype"	"Abundance"	"B1"	27	"B2"	30	0	0.0180717866392611	0	0	0	0.0989161270568328	378	0.12574007151158	0.184012763502506	57	"B2"	0.219879658083503
"s_Agathobaculum_butyriciproducens_sv_648"	"enterotype"	"Abundance"	"B1"	27	"B2"	30	0	0.040815257847019	0	0	0	0.173109693294197	378	0.161409007466629	0.184012763502506	57	"B2"	0.219879658083503
"s_Merdimmobilis_hominis_sv_666"	"enterotype"	"Abundance"	"B1"	27	"B2"	30	0	0.00948243656957631	0	0	0	0.0422364751280437	378	0.153885189464752	0.184012763502506	57	"B2"	0.219879658083503
"s_UBA11524_sp000437595_sv_797"	"enterotype"	"Abundance"	"B1"	27	"B2"	30	0	0.00801095130375369	0	0	0	0.0306043947037919	378	0.178645475166189	0.184012763502506	57	"B2"	0.219879658083503
"s_Bacteroides_ovatus_sv_815"	"enterotype"	"Abundance"	"B1"	27	"B2"	30	0	0.0330571244286937	0	0	0	0.152183950681057	378	0.149003136366378	0.184012763502506	57	"B2"	0.219879658083503
"uc_uc_k_sv_844"	"enterotype"	"Abundance"	"B1"	27	"B2"	30	0	0.159714241092232	0	0	0	0.775455187647947	378	0.141443208199198	0.184012763502506	57	"B2"	0.219879658083503
"s_Sarcina_perfringens_sv_851"	"enterotype"	"Abundance"	"B1"	27	"B2"	30	0	0.15569680827413	0	0	0	0.677333226012123	378	0.157466857655549	0.184012763502506	57	"B2"	0.219879658083503
"s_Hungatella_effluvii_sv_958"	"enterotype"	"Abundance"	"B1"	27	"B2"	30	0	0.0198933079002032	0	0	0	0.0894014661440563	378	0.152552517663271	0.184012763502506	57	"B2"	0.219879658083503
"s_Adlercreutzia_equolifaciens_sv_970"	"enterotype"	"Abundance"	"B1"	27	"B2"	30	0	0.0180784023456616	0	0	0	0.0687996037044463	378	0.179312786160244	0.184012763502506	57	"B2"	0.219879658083503
"s_Intestinibacter_bartlettii_sv_977"	"enterotype"	"Abundance"	"B1"	27	"B2"	30	0	0.0101839002519098	0	0	0	0.0403535358723819	378	0.172433602893272	0.184012763502506	57	"B2"	0.219879658083503
"s_Coprococcus_aceti_sv_983"	"enterotype"	"Abundance"	"B1"	27	"B2"	30	0	0.0823906519015728	0	0	0	0.314270407672537	378	0.178913965359261	0.184012763502506	57	"B2"	0.219879658083503
"s_Lachnospira_sp000436535_sv_987"	"enterotype"	"Abundance"	"B1"	27	"B2"	30	0	0.0306413394692915	0	0	0	0.127770005250405	378	0.164099225314269	0.184012763502506	57	"B2"	0.219879658083503
"s_Coprococcus_aceti_sv_1000"	"enterotype"	"Abundance"	"B1"	27	"B2"	30	0	0.0787353750778973	0	0	0	0.327331456797858	378	0.164578851269549	0.184012763502506	57	"B2"	0.219879658083503
"s_Staphylococcus_epidermidis_sv_1035"	"enterotype"	"Abundance"	"B1"	27	"B2"	30	0	0.0740467347239488	0	0	0	0.34508361261124	378	0.147231061981985	0.184012763502506	57	"B2"	0.219879658083503
"uc_uc_k_sv_1046"	"enterotype"	"Abundance"	"B1"	27	"B2"	30	0	0.049820475263776	0	0	0	0.220154402578017	378	0.155081957478682	0.184012763502506	57	"B2"	0.219879658083503
"s_Adlercreutzia_rubneri_sv_1074"	"enterotype"	"Abundance"	"B1"	27	"B2"	30	0	0.00905106773545626	0	0	0	0.0495598204050354	378	0.125693391282142	0.184012763502506	57	"B2"	0.219879658083503
"uc_uc_k_sv_1076"	"enterotype"	"Abundance"	"B1"	27	"B2"	30	0	0.0106834173585704	0	0	0	0.042190717302252	378	0.172996888999776	0.184012763502506	57	"B2"	0.219879658083503
"s_Odoribacter_splanchnicus_sv_1160"	"enterotype"	"Abundance"	"B1"	27	"B2"	30	0	0.0112966931876456	0	0	0	0.0438936869897202	378	0.175742142431509	0.184012763502506	57	"B2"	0.219879658083503
"s_Faecalimonas_phoceensis_sv_1173"	"enterotype"	"Abundance"	"B1"	27	"B2"	30	0	0.00911467251437714	0	0	0	0.0409925598534127	378	0.152440642425456	0.184012763502506	57	"B2"	0.219879658083503
"s_Blautia_A_caecimuris_sv_1174"	"enterotype"	"Abundance"	"B1"	27	"B2"	30	0	0.00801095130375369	0	0	0	0.0306043947037919	378	0.178645475166189	0.184012763502506	57	"B2"	0.219879658083503
"s_Alistipes_communis_sv_1268"	"enterotype"	"Abundance"	"B1"	27	"B2"	30	0	0.0158044191904941	0	0	0	0.0865531786340384	378	0.125672157275717	0.184012763502506	57	"B2"	0.219879658083503
"uc_uc_k_sv_1274"	"enterotype"	"Abundance"	"B1"	27	"B2"	30	0	0.00911718005473948	0	0	0	0.0352574764687492	378	0.176551289014036	0.184012763502506	57	"B2"	0.219879658083503
"s_Escherichia_coli_sv_1314"	"enterotype"	"Abundance"	"B1"	27	"B2"	30	0	0.0225942021286552	0	0	0	0.0861480238101955	378	0.178984615961881	0.184012763502506	57	"B2"	0.219879658083503
"s_Acutalibacter_stercoravium_sv_1315"	"enterotype"	"Abundance"	"B1"	27	"B2"	30	0	0.0124378534723095	0	0	0	0.0475490764170539	378	0.178527331445597	0.184012763502506	57	"B2"	0.219879658083503
"uc_g_Lachnospira_sv_1330"	"enterotype"	"Abundance"	"B1"	27	"B2"	30	0	0.00830925158501855	0	0	0	0.0343899578348786	378	0.165298225183057	0.184012763502506	57	"B2"	0.219879658083503
"s_Blautia_A_faecis_sv_1437"	"enterotype"	"Abundance"	"B1"	27	"B2"	30	0	0.00680607658270599	0	0	0	0.0371666636736409	378	0.126027897426829	0.184012763502506	57	"B2"	0.219879658083503
"s_Otoolea_symbiosa_sv_57"	"enterotype"	"Abundance"	"B1"	27	"B2"	30	2.11966206948051	2.3284728277375	2.25982296360523	1.08570636456095	1.55967231557988	4.62127103211255	484.5	0.0298498561493474	0.199530162017066	57	"B1"	0.238169336248942
"s_Enterocloster_bolteae_sv_119"	"enterotype"	"Abundance"	"B1"	27	"B2"	30	1.36359174302931	0.942681129188216	0.641423425823476	0.000246885848802798	1.68872729857866	1.17326338022521	482	0.145657064058954	0.209720825992843	57	"B1"	0.250068807314933
"uc_uc_k_sv_1169"	"enterotype"	"Abundance"	"B1"	27	"B2"	30	0.0314474337485085	0.00678632571480177	0	0	0.110146883736104	0.037170236765743	437	0.152698194772867	0.255642744025899	57	"B2"	0.304503711997058
"s_Enterococcus_B_hirae_sv_101"	"enterotype"	"Abundance"	"B1"	27	"B2"	30	3.26455367058889	0.0234216468044966	0	0	8.08282626940316	0.108263658922292	442	0.281693925235451	0.273483721222979	57	"B2"	0.325411010062785
"s_Wolbachia_sp000008385_sv_1156"	"enterotype"	"Abundance"	"B1"	27	"B2"	30	0.028775773441349	0.00570014971876617	0	0	0.0798321147538618	0.0232498876210631	445	0.198356749650253	0.295919887465758	57	"B2"	0.336244136537331
"s_Duodenibacillus_intestinigallinarum_sv_466"	"enterotype"	"Abundance"	"B1"	27	"B2"	30	0.00505438835486032	0	0	0	0.0262633722954077	0	420	0.139617969430565	0.308223791825887	57	"B2"	0.336244136537331
"uc_g_Collinsella_sv_687"	"enterotype"	"Abundance"	"B1"	27	"B2"	30	0.0095115674533612	0	0	0	0.0494235542665203	0	420	0.139617969430566	0.308223791825887	57	"B2"	0.336244136537331
"s_Anaerostipes_hadrus_sv_726"	"enterotype"	"Abundance"	"B1"	27	"B2"	30	0.129562390032519	0	0	0	0.673225926859134	0	420	0.139617969430565	0.308223791825887	57	"B2"	0.336244136537331
"s_Faecalibacterium_duncaniae_sv_728"	"enterotype"	"Abundance"	"B1"	27	"B2"	30	0.299990142144572	0	0	0	1.55879450389262	0	420	0.139617969430565	0.308223791825887	57	"B2"	0.336244136537331
"s_Anaerostipes_hadrus_sv_821"	"enterotype"	"Abundance"	"B1"	27	"B2"	30	0.141079046924298	0	0	0	0.733068231468835	0	420	0.139617969430565	0.308223791825887	57	"B2"	0.336244136537331
"s_Faecalibacterium_duncaniae_sv_840"	"enterotype"	"Abundance"	"B1"	27	"B2"	30	0.178690554602075	0	0	0	0.928503358210362	0	420	0.139617969430565	0.308223791825887	57	"B2"	0.336244136537331
"s_Blautia_A_wexlerae_sv_862"	"enterotype"	"Abundance"	"B1"	27	"B2"	30	0.0881963558223164	0	0	0	0.458281707980026	0	420	0.139617969430565	0.308223791825887	57	"B2"	0.336244136537331
"s_Blautia_A_wexlerae_sv_866"	"enterotype"	"Abundance"	"B1"	27	"B2"	30	0.0858126705298214	0	0	0	0.445895715872457	0	420	0.139617969430565	0.308223791825887	57	"B2"	0.336244136537331
"s_Faecalibacterium_duncaniae_sv_872"	"enterotype"	"Abundance"	"B1"	27	"B2"	30	0.156354235276815	0	0	0	0.812440438434067	0	420	0.139617969430565	0.308223791825887	57	"B2"	0.336244136537331
"s_Blautia_A_wexlerae_sv_898"	"enterotype"	"Abundance"	"B1"	27	"B2"	30	0.064359502897366	0	0	0	0.334421786904343	0	420	0.139617969430565	0.308223791825887	57	"B2"	0.336244136537331
"s_Anaerostipes_hadrus_sv_920"	"enterotype"	"Abundance"	"B1"	27	"B2"	30	0.126683225809574	0	0	0	0.658265350706709	0	420	0.139617969430565	0.308223791825887	57	"B2"	0.336244136537331
"s_Blautia_A_acetigignens_sv_926"	"enterotype"	"Abundance"	"B1"	27	"B2"	30	0.124010992063492	0	0	0	0.644380016852967	0	420	0.139617969430565	0.308223791825887	57	"B2"	0.336244136537331
"s_Faecalibacterium_prausnitzii_J_sv_927"	"enterotype"	"Abundance"	"B1"	27	"B2"	30	0.124010992063492	0	0	0	0.644380016852967	0	420	0.139617969430565	0.308223791825887	57	"B2"	0.336244136537331
"s_Blautia_A_wexlerae_sv_959"	"enterotype"	"Abundance"	"B1"	27	"B2"	30	0.109649523454772	0	0	0	0.56975563694814	0	420	0.139617969430565	0.308223791825887	57	"B2"	0.336244136537331
"s_Mediterraneibacter_faecis_sv_962"	"enterotype"	"Abundance"	"B1"	27	"B2"	30	0.00715105587748511	0	0	0	0.0371579763227048	0	420	0.139617969430566	0.308223791825887	57	"B2"	0.336244136537331
"s_Bariatricus_comes_sv_967"	"enterotype"	"Abundance"	"B1"	27	"B2"	30	0.00963654500156154	0	0	0	0.0500729566563855	0	420	0.139617969430566	0.308223791825887	57	"B2"	0.336244136537331
"s_Faecalibacterium_duncaniae_sv_982"	"enterotype"	"Abundance"	"B1"	27	"B2"	30	0.0995317421407708	0	0	0	0.517182103060978	0	420	0.139617969430565	0.308223791825887	57	"B2"	0.336244136537331
"s_Eggerthella_lenta_sv_1001"	"enterotype"	"Abundance"	"B1"	27	"B2"	30	0.00505438835486032	0	0	0	0.0262633722954077	0	420	0.139617969430565	0.308223791825887	57	"B2"	0.336244136537331
"s_Anthropogastromicrobium_aceti_sv_1092"	"enterotype"	"Abundance"	"B1"	27	"B2"	30	0.0738801783453052	0	0	0	0.383892667698955	0	420	0.139617969430565	0.308223791825887	57	"B2"	0.336244136537331
"s_Choladousia_sp902363665_sv_1099"	"enterotype"	"Abundance"	"B1"	27	"B2"	30	0.0709529189419331	0	0	0	0.368682181658233	0	420	0.139617969430565	0.308223791825887	57	"B2"	0.336244136537331
"s_Faecalibacterium_prausnitzii_sv_1100"	"enterotype"	"Abundance"	"B1"	27	"B2"	30	0.0708634240362812	0	0	0	0.36821715248741	0	420	0.139617969430565	0.308223791825887	57	"B2"	0.336244136537331
"s_Anaerotardibacter_sp000436075_sv_1108"	"enterotype"	"Abundance"	"B1"	27	"B2"	30	0.0025145456021888	0	0	0	0.0130659622228196	0	420	0.139617969430566	0.308223791825887	57	"B2"	0.336244136537331
"s_Escherichia_coli_sv_1134"	"enterotype"	"Abundance"	"B1"	27	"B2"	30	0.00452417009730776	0	0	0	0.0235082774118626	0	420	0.139617969430565	0.308223791825887	57	"B2"	0.336244136537331
"s_Enterococcus_B_lactis_sv_1145"	"enterotype"	"Abundance"	"B1"	27	"B2"	30	0.0599582485270309	0	0	0	0.311552198344978	0	420	0.139617969430565	0.308223791825887	57	"B2"	0.336244136537331
"s_Escherichia_coli_sv_1146"	"enterotype"	"Abundance"	"B1"	27	"B2"	30	0.0599582485270309	0	0	0	0.311552198344978	0	420	0.139617969430565	0.308223791825887	57	"B2"	0.336244136537331
"s_Blautia_A_wexlerae_sv_1155"	"enterotype"	"Abundance"	"B1"	27	"B2"	30	0.0578192700093692	0	0	0	0.300437739938313	0	420	0.139617969430565	0.308223791825887	57	"B2"	0.336244136537331
"s_Enterococcus_B_lactis_sv_1158"	"enterotype"	"Abundance"	"B1"	27	"B2"	30	0.0568833955860107	0	0	0	0.295574793786029	0	420	0.139617969430565	0.308223791825887	57	"B2"	0.336244136537331
"s_Choladousia_sp902363665_sv_1159"	"enterotype"	"Abundance"	"B1"	27	"B2"	30	0.0568815525725216	0	0	0	0.295565217207023	0	420	0.139617969430565	0.308223791825887	57	"B2"	0.336244136537331
"s_Streptococcus_thermophilus_sv_1161"	"enterotype"	"Abundance"	"B1"	27	"B2"	30	0.00190231349067224	0	0	0	0.00988471085330406	0	420	0.139617969430565	0.308223791825887	57	"B2"	0.336244136537331
"s_Gemmiger_formicilis_sv_1179"	"enterotype"	"Abundance"	"B1"	27	"B2"	30	0.0510544441720214	0	0	0	0.265286673774389	0	420	0.139617969430565	0.308223791825887	57	"B2"	0.336244136537331
"s_Mediterraneibacter_torques_sv_1189"	"enterotype"	"Abundance"	"B1"	27	"B2"	30	0.0494601507574782	0	0	0	0.257002482185906	0	420	0.139617969430565	0.308223791825887	57	"B2"	0.336244136537331
"s_Acetatifactor_intestinalis_sv_1192"	"enterotype"	"Abundance"	"B1"	27	"B2"	30	0.0491372791105753	0	0	0	0.255324791895628	0	420	0.139617969430565	0.308223791825887	57	"B2"	0.336244136537331
"s_Roseburia_B_zhanii_sv_1193"	"enterotype"	"Abundance"	"B1"	27	"B2"	30	0.0490892959872936	0	0	0	0.255075464273339	0	420	0.139617969430565	0.308223791825887	57	"B2"	0.336244136537331
"s_Massilioclostridium_facile_sv_1195"	"enterotype"	"Abundance"	"B1"	27	"B2"	30	0.00502909120437759	0	0	0	0.0261319244456392	0	420	0.139617969430566	0.308223791825887	57	"B2"	0.336244136537331
"s_Gallintestinimicrobium_propionicum_sv_1197"	"enterotype"	"Abundance"	"B1"	27	"B2"	30	0.0481827250078077	0	0	0	0.250364783281927	0	420	0.139617969430565	0.308223791825887	57	"B2"	0.336244136537331
"s_Choladousia_sp902363665_sv_1203"	"enterotype"	"Abundance"	"B1"	27	"B2"	30	0.04786354141127	0	0	0	0.24870625666349	0	420	0.139617969430565	0.308223791825887	57	"B2"	0.336244136537331
"uc_uc_k_sv_1204"	"enterotype"	"Abundance"	"B1"	27	"B2"	30	0.0473019459612888	0	0	0	0.245788121105489	0	420	0.139617969430565	0.308223791825887	57	"B2"	0.336244136537331
"s_Choladousia_sp902363665_sv_1212"	"enterotype"	"Abundance"	"B1"	27	"B2"	30	0.0442235511995178	0	0	0	0.229792312706065	0	420	0.139617969430565	0.308223791825887	57	"B2"	0.336244136537331
"s_Blautia_A_wexlerae_sv_1230"	"enterotype"	"Abundance"	"B1"	27	"B2"	30	0.0417583616734333	0	0	0	0.21698281217767	0	420	0.139617969430565	0.308223791825887	57	"B2"	0.336244136537331
"s_Blautia_A_wexlerae_sv_1247"	"enterotype"	"Abundance"	"B1"	27	"B2"	30	0.0385461800062462	0	0	0	0.200291826625542	0	420	0.139617969430566	0.308223791825887	57	"B2"	0.336244136537331
"s_Anthropogastromicrobium_aceti_sv_1248"	"enterotype"	"Abundance"	"B1"	27	"B2"	30	0.0385461800062462	0	0	0	0.200291826625542	0	420	0.139617969430566	0.308223791825887	57	"B2"	0.336244136537331
"s_Turicibacter_sp002311155_sv_1252"	"enterotype"	"Abundance"	"B1"	27	"B2"	30	0.0381805635456728	0	0	0	0.198392027768152	0	420	0.139617969430565	0.308223791825887	57	"B2"	0.336244136537331
"s_Anthropogastromicrobium_aceti_sv_1256"	"enterotype"	"Abundance"	"B1"	27	"B2"	30	0.0368529593329315	0	0	0	0.191493593921721	0	420	0.139617969430565	0.308223791825887	57	"B2"	0.336244136537331
"s_Roseburia_B_zhanii_sv_1262"	"enterotype"	"Abundance"	"B1"	27	"B2"	30	0.0357514589063378	0	0	0	0.185770029811464	0	420	0.139617969430565	0.308223791825887	57	"B2"	0.336244136537331
"s_Acetatifactor_intestinalis_sv_1269"	"enterotype"	"Abundance"	"B1"	27	"B2"	30	0.0341625165275974	0	0	0	0.177513643020631	0	420	0.139617969430565	0.308223791825887	57	"B2"	0.336244136537331
"s_Bariatricus_comes_sv_1270"	"enterotype"	"Abundance"	"B1"	27	"B2"	30	0.0160609083359359	0	0	0	0.0834549277606425	0	420	0.139617969430565	0.308223791825887	57	"B2"	0.336244136537331
"s_Fusicatenibacter_saccharivorans_sv_1275"	"enterotype"	"Abundance"	"B1"	27	"B2"	30	0.0327261973248624	0	0	0	0.170050309515559	0	420	0.139617969430565	0.308223791825887	57	"B2"	0.336244136537331
"s_Gallintestinimicrobium_propionicum_sv_1277"	"enterotype"	"Abundance"	"B1"	27	"B2"	30	0.0321218166718718	0	0	0	0.166909855521285	0	420	0.139617969430565	0.308223791825887	57	"B2"	0.336244136537331
"uc_uc_k_sv_1281"	"enterotype"	"Abundance"	"B1"	27	"B2"	30	0.0319090276075134	0	0	0	0.165804171108993	0	420	0.139617969430565	0.308223791825887	57	"B2"	0.336244136537331
"s_Lactonifactor_sp009677585_sv_1282"	"enterotype"	"Abundance"	"B1"	27	"B2"	30	0.0318635335761773	0	0	0	0.165567777187848	0	420	0.139617969430565	0.308223791825887	57	"B2"	0.336244136537331
"s_Choladousia_sp902363665_sv_1284"	"enterotype"	"Abundance"	"B1"	27	"B2"	30	0.0315346306408592	0	0	0	0.163858747403659	0	420	0.139617969430565	0.308223791825887	57	"B2"	0.336244136537331
"s_Schaedlerella_glycyrrhizinilytica_A_sv_1290"	"enterotype"	"Abundance"	"B1"	27	"B2"	30	0.0308249676648676	0	0	0	0.160171230411655	0	420	0.139617969430565	0.308223791825887	57	"B2"	0.336244136537331
"uc_uc_k_sv_1296"	"enterotype"	"Abundance"	"B1"	27	"B2"	30	0.0290480603613995	0	0	0	0.150938149221814	0	420	0.139617969430565	0.308223791825887	57	"B2"	0.336244136537331
"s_Gemmiger_formicilis_sv_1299"	"enterotype"	"Abundance"	"B1"	27	"B2"	30	0.0271450205838466	0	0	0	0.141049664471176	0	420	0.139617969430565	0.308223791825887	57	"B2"	0.336244136537331
"s_Anaerotignum_faecicola_sv_1307"	"enterotype"	"Abundance"	"B1"	27	"B2"	30	0.0262205382174454	0	0	0	0.136245913183251	0	420	0.139617969430565	0.308223791825887	57	"B2"	0.336244136537331
"s_Blautia_A_wexlerae_sv_1311"	"enterotype"	"Abundance"	"B1"	27	"B2"	30	0.0256974533374974	0	0	0	0.133527884417028	0	420	0.139617969430565	0.308223791825887	57	"B2"	0.336244136537331
"s_Mediterraneibacter_faecipullorum_sv_1312"	"enterotype"	"Abundance"	"B1"	27	"B2"	30	0.0255272220860107	0	0	0	0.132643336887195	0	420	0.139617969430565	0.308223791825887	57	"B2"	0.336244136537331
"s_Roseburia_inulinivorans_sv_1313"	"enterotype"	"Abundance"	"B1"	27	"B2"	30	0.0255272220860107	0	0	0	0.132643336887195	0	420	0.139617969430565	0.308223791825887	57	"B2"	0.336244136537331
"s_Coprococcus_A_catus_A_sv_1329"	"enterotype"	"Abundance"	"B1"	27	"B2"	30	0.0223446618164611	0	0	0	0.116106268632165	0	420	0.139617969430565	0.308223791825887	57	"B2"	0.336244136537331
"s_Clostridium_cuniculi_sv_1332"	"enterotype"	"Abundance"	"B1"	27	"B2"	30	0.0221117755997589	0	0	0	0.114896156353033	0	420	0.139617969430565	0.308223791825887	57	"B2"	0.336244136537331
"s_Bariatricus_comes_sv_1341"	"enterotype"	"Abundance"	"B1"	27	"B2"	30	0.0202175534194413	0	0	0	0.105053489181631	0	420	0.139617969430565	0.308223791825887	57	"B2"	0.336244136537331
"s_Faecalibacterium_duncaniae_sv_1349"	"enterotype"	"Abundance"	"B1"	27	"B2"	30	0.020110195634815	0	0	0	0.104495641768948	0	420	0.139617969430565	0.308223791825887	57	"B2"	0.336244136537331
"s_Anaerobutyricum_hallii_sv_1351"	"enterotype"	"Abundance"	"B1"	27	"B2"	30	0.019145416564508	0	0	0	0.099482502665396	0	420	0.139617969430565	0.308223791825887	57	"B2"	0.336244136537331
"s_Butyribacter_sp003529475_sv_1353"	"enterotype"	"Abundance"	"B1"	27	"B2"	30	0.0190902817728364	0	0	0	0.0991960138840761	0	420	0.139617969430565	0.308223791825887	57	"B2"	0.336244136537331
"uc_uc_k_sv_1367"	"enterotype"	"Abundance"	"B1"	27	"B2"	30	0.0167298684036828	0	0	0	0.0869309462373596	0	420	0.139617969430565	0.308223791825887	57	"B2"	0.336244136537331
"s_Acetatifactor_acetigignens_sv_1368"	"enterotype"	"Abundance"	"B1"	27	"B2"	30	0.0166857970474653	0	0	0	0.0867019447529778	0	420	0.139617969430565	0.308223791825887	57	"B2"	0.336244136537331
"s_Hominisplanchenecus_faecis_sv_1369"	"enterotype"	"Abundance"	"B1"	27	"B2"	30	0.0166857970474653	0	0	0	0.0867019447529778	0	420	0.139617969430565	0.308223791825887	57	"B2"	0.336244136537331
"s_Choladousia_sp902363665_sv_1377"	"enterotype"	"Abundance"	"B1"	27	"B2"	30	0.0159545138037567	0	0	0	0.0829020855544966	0	420	0.139617969430565	0.308223791825887	57	"B2"	0.336244136537331
"s_Limivivens_faecihominis_sv_1378"	"enterotype"	"Abundance"	"B1"	27	"B2"	30	0.0158345953405772	0	0	0	0.0822789709415192	0	420	0.139617969430565	0.308223791825887	57	"B2"	0.336244136537331
"uc_uc_k_sv_1379"	"enterotype"	"Abundance"	"B1"	27	"B2"	30	0.0158345953405772	0	0	0	0.0822789709415192	0	420	0.139617969430565	0.308223791825887	57	"B2"	0.336244136537331
"s_Escherichia_coli_sv_1385"	"enterotype"	"Abundance"	"B1"	27	"B2"	30	0.0152504711628295	0	0	0	0.0792437726801541	0	420	0.139617969430565	0.308223791825887	57	"B2"	0.336244136537331
"s_Dorea_D_hominis_sv_1386"	"enterotype"	"Abundance"	"B1"	27	"B2"	30	0.015163165064581	0	0	0	0.078790116886223	0	420	0.139617969430565	0.308223791825887	57	"B2"	0.336244136537331
"s_Blautia_A_obeum_sv_1388"	"enterotype"	"Abundance"	"B1"	27	"B2"	30	0.0143958211147243	0	0	0	0.0748028807621261	0	420	0.139617969430565	0.308223791825887	57	"B2"	0.336244136537331
"uc_uc_k_sv_1393"	"enterotype"	"Abundance"	"B1"	27	"B2"	30	0.0135725102919233	0	0	0	0.0705248322355879	0	420	0.139617969430565	0.308223791825887	57	"B2"	0.336244136537331
"s_Butyribacter_sp003529475_sv_1399"	"enterotype"	"Abundance"	"B1"	27	"B2"	30	0.0133874950944454	0	0	0	0.0695634650689759	0	420	0.139617969430566	0.308223791825887	57	"B2"	0.336244136537331
"s_Adlercreutzia_equolifaciens_sv_1400"	"enterotype"	"Abundance"	"B1"	27	"B2"	30	0.0133874950944454	0	0	0	0.0695634650689759	0	420	0.139617969430566	0.308223791825887	57	"B2"	0.336244136537331
"s_Enterococcus_B_mundtii_sv_1407"	"enterotype"	"Abundance"	"B1"	27	"B2"	30	0.0131394294336913	0	0	0	0.068274478084858	0	420	0.139617969430565	0.308223791825887	57	"B2"	0.336244136537331
"s_Anthropogastromicrobium_aceti_sv_1411"	"enterotype"	"Abundance"	"B1"	27	"B2"	30	0.0126359708871508	0	0	0	0.0656584307385191	0	420	0.139617969430565	0.308223791825887	57	"B2"	0.336244136537331
"s_Clostridium_cuniculi_sv_1416"	"enterotype"	"Abundance"	"B1"	27	"B2"	30	0.0119184264624752	0	0	0	0.0619299605378413	0	420	0.139617969430565	0.308223791825887	57	"B2"	0.336244136537331
"s_Gemmiger_formicilis_sv_1417"	"enterotype"	"Abundance"	"B1"	27	"B2"	30	0.0118557567941798	0	0	0	0.0616043193890982	0	420	0.139617969430565	0.308223791825887	57	"B2"	0.336244136537331
"uc_uc_k_sv_1419"	"enterotype"	"Abundance"	"B1"	27	"B2"	30	0.0114138809440334	0	0	0	0.0593082651198244	0	420	0.139617969430565	0.308223791825887	57	"B2"	0.336244136537331
"s_Blautia_A_faecis_sv_1420"	"enterotype"	"Abundance"	"B1"	27	"B2"	30	0.0113104252432694	0	0	0	0.0587706935296566	0	420	0.139617969430565	0.308223791825887	57	"B2"	0.336244136537331
"uc_uc_k_sv_1421"	"enterotype"	"Abundance"	"B1"	27	"B2"	30	0.0113104252432694	0	0	0	0.0587706935296566	0	420	0.139617969430565	0.308223791825887	57	"B2"	0.336244136537331
"s_Blautia_A_faecis_sv_1429"	"enterotype"	"Abundance"	"B1"	27	"B2"	30	0.0105115435469531	0	0	0	0.0546195824678864	0	420	0.139617969430565	0.308223791825887	57	"B2"	0.336244136537331
"s_Scatomonas_hejianensis_sv_1438"	"enterotype"	"Abundance"	"B1"	27	"B2"	30	0.00491372791105753	0	0	0	0.0255324791895628	0	420	0.139617969430565	0.308223791825887	57	"B2"	0.336244136537331
"s_Blautia_pseudococcoides_sv_54"	"enterotype"	"Abundance"	"B1"	27	"B2"	30	2.33135473562468	5.84664333279035	0	0	4.47634132075885	8.47363178162684	349	0.249166661634616	0.311654283111842	57	"B2"	0.339658001304501
"s_Dysosmobacter_welbionis_sv_499"	"enterotype"	"Abundance"	"B1"	27	"B2"	30	0.239189931503424	0.331688184195552	0.132670653598553	0	0.297273382771431	0.668796746342021	461.5	0.088098204258372	0.313309596255869	57	"B1"	0.341132456155039
"s_Phocaeicola_vulgatus_sv_338"	"enterotype"	"Abundance"	"B1"	27	"B2"	30	0.0548424143387998	0.0230733106296511	0	0	0.146121693018885	0.0881017482869648	439	0.133167514742208	0.314863645672855	57	"B2"	0.342493917376066
"s_Escherichia_coli_sv_166"	"enterotype"	"Abundance"	"B1"	27	"B2"	30	1.05895134183531	1.26727953493455	0	0	1.90881834386594	3.05815601578739	457	0.0406567710944136	0.347814171529028	57	"B2"	0.366478153366049
"s_Allobaculum_stercoricanis_sv_439"	"enterotype"	"Abundance"	"B1"	27	"B2"	30	0	0.164390056313938	0	0	0	0.900401420726883	391.5	0.125656172487509	0.360954989707164	57	"B2"	0.366478153366049
"uc_g_Dorea_A_sv_503"	"enterotype"	"Abundance"	"B1"	27	"B2"	30	0	0.00172795072226644	0	0	0	0.00946437588842675	391.5	0.125656172487508	0.360954989707164	57	"B2"	0.366478153366049
"s_Anaerostipes_hadrus_sv_521"	"enterotype"	"Abundance"	"B1"	27	"B2"	30	0	0.0270899041777778	0	0	0	0.148377515988223	391.5	0.125656172487509	0.360954989707164	57	"B2"	0.366478153366049
"s_Bifidobacterium_longum_sv_526"	"enterotype"	"Abundance"	"B1"	27	"B2"	30	0	0.00228319522658247	0	0	0	0.0125055752878734	391.5	0.125656172487508	0.360954989707164	57	"B2"	0.366478153366049
"s_Escherichia_coli_sv_566"	"enterotype"	"Abundance"	"B1"	27	"B2"	30	0	0.0226351268388162	0	0	0	0.123977695616102	391.5	0.125656172487508	0.360954989707164	57	"B2"	0.366478153366049
"s_Mediterraneibacter_faecis_sv_620"	"enterotype"	"Abundance"	"B1"	27	"B2"	30	0	0.00234169385402309	0	0	0	0.0128259854661966	391.5	0.125656172487509	0.360954989707164	57	"B2"	0.366478153366049
"s_Bacteroides_ovatus_sv_642"	"enterotype"	"Abundance"	"B1"	27	"B2"	30	0	0.0226351268388162	0	0	0	0.123977695616102	391.5	0.125656172487508	0.360954989707164	57	"B2"	0.366478153366049
"s_Agathobaculum_butyriciproducens_sv_703"	"enterotype"	"Abundance"	"B1"	27	"B2"	30	0	0.0206991562594117	0	0	0	0.11337394804604	391.5	0.125656172487508	0.360954989707164	57	"B2"	0.366478153366049
"s_Holdemanella_hominis_sv_727"	"enterotype"	"Abundance"	"B1"	27	"B2"	30	0	0.005645224434385	0	0	0	0.0309201676489201	391.5	0.125656172487509	0.360954989707164	57	"B2"	0.366478153366049
"s_UBA11524_sp000437595_sv_753"	"enterotype"	"Abundance"	"B1"	27	"B2"	30	0	0.00651884684446839	0	0	0	0.0357051946563671	391.5	0.125656172487509	0.360954989707164	57	"B2"	0.366478153366049
"s_Prevotella_rara_sv_774"	"enterotype"	"Abundance"	"B1"	27	"B2"	30	0	0.0383773642518519	0	0	0	0.210201480983316	391.5	0.125656172487508	0.360954989707164	57	"B2"	0.366478153366049
"s_UBA11524_sp000437595_sv_783"	"enterotype"	"Abundance"	"B1"	27	"B2"	30	0	0.00733010681488287	0	0	0	0.0401486485143369	391.5	0.125656172487509	0.360954989707164	57	"B2"	0.366478153366049
"s_Agathobaculum_butyriciproducens_sv_789"	"enterotype"	"Abundance"	"B1"	27	"B2"	30	0	0.0131721903468983	0	0	0	0.0721470578474802	391.5	0.125656172487509	0.360954989707164	57	"B2"	0.366478153366049
"uc_uc_k_sv_798"	"enterotype"	"Abundance"	"B1"	27	"B2"	30	0	0.00940870739064167	0	0	0	0.0515336127482001	391.5	0.125656172487509	0.360954989707164	57	"B2"	0.366478153366049
"s_UBA11524_sp000437595_sv_807"	"enterotype"	"Abundance"	"B1"	27	"B2"	30	0	0.00651884684446839	0	0	0	0.0357051946563671	391.5	0.125656172487509	0.360954989707164	57	"B2"	0.366478153366049
"s_Bacteroides_ovatus_sv_827"	"enterotype"	"Abundance"	"B1"	27	"B2"	30	0	0.0182655618126598	0	0	0	0.100044602302987	391.5	0.125656172487508	0.360954989707164	57	"B2"	0.366478153366049
"s_Bifidobacterium_globosum_sv_854"	"enterotype"	"Abundance"	"B1"	27	"B2"	30	0	6.58362263474128e-07	0	0	0	3.60599862714939e-06	391.5	0.125656172487509	0.360954989707164	57	"B2"	0.366478153366049
"s_Bacteroides_ovatus_sv_861"	"enterotype"	"Abundance"	"B1"	27	"B2"	30	0	0.0136991713594948	0	0	0	0.0750334517272402	391.5	0.125656172487509	0.360954989707164	57	"B2"	0.366478153366049
"s_Allobaculum_stercoricanis_sv_879"	"enterotype"	"Abundance"	"B1"	27	"B2"	30	0	0.0319647331721546	0	0	0	0.175078054030227	391.5	0.125656172487509	0.360954989707164	57	"B2"	0.366478153366049
"s_Faecalibacterium_longum_sv_880"	"enterotype"	"Abundance"	"B1"	27	"B2"	30	0	0.13384242746207	0	0	0	0.733085166722248	391.5	0.125656172487509	0.360954989707164	57	"B2"	0.366478153366049
"s_Enterocloster_sp005845215_sv_885"	"enterotype"	"Abundance"	"B1"	27	"B2"	30	0	0.00913278090632988	0	0	0	0.0500223011514935	391.5	0.125656172487508	0.360954989707164	57	"B2"	0.366478153366049
"s_Hominimerdicola_aceti_sv_896"	"enterotype"	"Abundance"	"B1"	27	"B2"	30	0	0.0536544400985193	0	0	0	0.293877471522687	391.5	0.125656172487508	0.360954989707164	57	"B2"	0.366478153366049
"s_Faecalimonas_phoceensis_sv_910"	"enterotype"	"Abundance"	"B1"	27	"B2"	30	0	0.00782721786496296	0	0	0	0.0428714378714764	391.5	0.125656172487509	0.360954989707164	57	"B2"	0.366478153366049
"s_Phocaeicola_vulgatus_sv_911"	"enterotype"	"Abundance"	"B1"	27	"B2"	30	0	0.0195565405334052	0	0	0	0.107115583969101	391.5	0.125656172487509	0.360954989707164	57	"B2"	0.366478153366049
"s_Blautia_A_faecis_sv_965"	"enterotype"	"Abundance"	"B1"	27	"B2"	30	0	0.00892282849747135	0	0	0	0.0488723444481498	391.5	0.125656172487508	0.360954989707164	57	"B2"	0.366478153366049
"s_Alistipes_onderdonkii_sv_981"	"enterotype"	"Abundance"	"B1"	27	"B2"	30	0	0.00502009555192842	0	0	0	0.0274961957462255	391.5	0.125656172487509	0.360954989707164	57	"B2"	0.366478153366049
"s_Blautia_A_faecis_sv_1010"	"enterotype"	"Abundance"	"B1"	27	"B2"	30	0	0.00452841935861634	0	0	0	0.0248031743255725	391.5	0.125656172487509	0.360954989707164	57	"B2"	0.366478153366049
"s_Hominimerdicola_aceti_sv_1026"	"enterotype"	"Abundance"	"B1"	27	"B2"	30	0	0.0791738000060207	0	0	0	0.433652762267002	391.5	0.125656172487509	0.360954989707164	57	"B2"	0.366478153366049
"s_Blautia_A_caecimuris_sv_1031"	"enterotype"	"Abundance"	"B1"	27	"B2"	30	0	0.00549758011116215	0	0	0	0.0301114863857527	391.5	0.125656172487509	0.360954989707164	57	"B2"	0.366478153366049
"s_Otoolea_symbiosa_sv_1068"	"enterotype"	"Abundance"	"B1"	27	"B2"	30	0	0.0703969436542669	0	0	0	0.385579940188622	391.5	0.125656172487509	0.360954989707164	57	"B2"	0.366478153366049
"s_Alitiscatomonas_sp900066055_sv_1070"	"enterotype"	"Abundance"	"B1"	27	"B2"	30	0	0.0702508156206928	0	0	0	0.384779563985897	391.5	0.125656172487508	0.360954989707164	57	"B2"	0.366478153366049
"s_Allocoprobacillus_merdigallinarum_sv_1093"	"enterotype"	"Abundance"	"B1"	27	"B2"	30	0	0.0658486310300009	0	0	0	0.360667805959661	391.5	0.125656172487509	0.360954989707164	57	"B2"	0.366478153366049
"s_Blautia_A_faecis_sv_1124"	"enterotype"	"Abundance"	"B1"	27	"B2"	30	0	0.00251004777596421	0	0	0	0.0137480978731127	391.5	0.125656172487509	0.360954989707164	57	"B2"	0.366478153366049
"s_Butyribacter_sp003529475_sv_1128"	"enterotype"	"Abundance"	"B1"	27	"B2"	30	0	0.0158024441037037	0	0	0	0.0865535509931303	391.5	0.125656172487509	0.360954989707164	57	"B2"	0.366478153366049
"s_Escherichia_coli_sv_1129"	"enterotype"	"Abundance"	"B1"	27	"B2"	30	0	0.0568215619762098	0	0	0	0.311224512470479	391.5	0.125656172487509	0.360954989707164	57	"B2"	0.366478153366049
"s_Coprococcus_aceti_sv_1133"	"enterotype"	"Abundance"	"B1"	27	"B2"	30	0	0.0560932782848156	0	0	0	0.307235538410082	391.5	0.125656172487508	0.360954989707164	57	"B2"	0.366478153366049
"s_Blautia_A_faecis_sv_1139"	"enterotype"	"Abundance"	"B1"	27	"B2"	30	0	0.00452421714320118	0	0	0	0.0247801578438287	391.5	0.125656172487509	0.360954989707164	57	"B2"	0.366478153366049
"s_Gallintestinimicrobium_propionicum_sv_1147"	"enterotype"	"Abundance"	"B1"	27	"B2"	30	0	0.0536544400985193	0	0	0	0.293877471522687	391.5	0.125656172487508	0.360954989707164	57	"B2"	0.366478153366049
"s_Coprococcus_aceti_sv_1148"	"enterotype"	"Abundance"	"B1"	27	"B2"	30	0	0.0536544400985193	0	0	0	0.293877471522687	391.5	0.125656172487508	0.360954989707164	57	"B2"	0.366478153366049
"s_Pseudoflavonifractor_A_gallinarum_sv_1162"	"enterotype"	"Abundance"	"B1"	27	"B2"	30	0	6.58362263474128e-07	0	0	0	3.60599862714939e-06	391.5	0.125656172487509	0.360954989707164	57	"B2"	0.366478153366049
"s_Escherichia_coli_sv_1196"	"enterotype"	"Abundance"	"B1"	27	"B2"	30	0	0.0434771345226189	0	0	0	0.23813407313725	391.5	0.125656172487508	0.360954989707164	57	"B2"	0.366478153366049
"uc_uc_k_sv_1214"	"enterotype"	"Abundance"	"B1"	27	"B2"	30	0	0.00456639045316494	0	0	0	0.0250111505757467	391.5	0.125656172487508	0.360954989707164	57	"B2"	0.366478153366049
"s_Enterocloster_sp005845215_sv_1215"	"enterotype"	"Abundance"	"B1"	27	"B2"	30	0	0.00684958567974741	0	0	0	0.0375167258636201	391.5	0.125656172487509	0.360954989707164	57	"B2"	0.366478153366049
"s_Enterocloster_bolteae_sv_1229"	"enterotype"	"Abundance"	"B1"	27	"B2"	30	0	0.0379947241753356	0	0	0	0.208105674970182	391.5	0.125656172487508	0.360954989707164	57	"B2"	0.366478153366049
"s_Faecalibacterium_prausnitzii_D_sv_1244"	"enterotype"	"Abundance"	"B1"	27	"B2"	30	0	0.0351254078103464	0	0	0	0.192389781992949	391.5	0.125656172487508	0.360954989707164	57	"B2"	0.366478153366049
"s_Enterocloster_citroniae_sv_1249"	"enterotype"	"Abundance"	"B1"	27	"B2"	30	0	0.0135449520888889	0	0	0	0.0741887579941116	391.5	0.125656172487509	0.360954989707164	57	"B2"	0.366478153366049
"s_Phocaeicola_vulgatus_sv_1257"	"enterotype"	"Abundance"	"B1"	27	"B2"	30	0	0.0327837139563233	0	0	0	0.179563796526752	391.5	0.125656172487509	0.360954989707164	57	"B2"	0.366478153366049
"s_Acutalibacter_stercoravium_sv_1263"	"enterotype"	"Abundance"	"B1"	27	"B2"	30	0	1.31672452694826e-06	0	0	0	7.21199725429879e-06	391.5	0.125656172487509	0.360954989707164	57	"B2"	0.366478153366049
"s_Enterococcus_D_casseliflavus_sv_1264"	"enterotype"	"Abundance"	"B1"	27	"B2"	30	0	0.031662270146113	0	0	0	0.173421395808485	391.5	0.125656172487509	0.360954989707164	57	"B2"	0.366478153366049
"s_Odoribacter_splanchnicus_sv_1265"	"enterotype"	"Abundance"	"B1"	27	"B2"	30	0	0.00228319522658247	0	0	0	0.0125055752878734	391.5	0.125656172487508	0.360954989707164	57	"B2"	0.366478153366049
"s_Clostridium_AQ_innocuum_sv_1283"	"enterotype"	"Abundance"	"B1"	27	"B2"	30	0	0.0283916291514558	0	0	0	0.155507357305736	391.5	0.125656172487509	0.360954989707164	57	"B2"	0.366478153366049
"s_Sarcina_perfringens_sv_1300"	"enterotype"	"Abundance"	"B1"	27	"B2"	30	0	0.0243883818629633	0	0	0	0.133580668873949	391.5	0.125656172487508	0.360954989707164	57	"B2"	0.366478153366049
"s_Lachnospira_sp000436535_sv_1301"	"enterotype"	"Abundance"	"B1"	27	"B2"	30	0	0.0113105428580029	0	0	0	0.0619503946095717	391.5	0.125656172487509	0.360954989707164	57	"B2"	0.366478153366049
"s_Enterococcus_B_lactis_sv_1326"	"enterotype"	"Abundance"	"B1"	27	"B2"	30	0	0.0204557623114355	0	0	0	0.112040824489373	391.5	0.125656172487509	0.360954989707164	57	"B2"	0.366478153366049
"s_Lachnospira_sp000436535_sv_1339"	"enterotype"	"Abundance"	"B1"	27	"B2"	30	0	1.97508679042238e-06	0	0	0	1.08179958814482e-05	391.5	0.125656172487509	0.360954989707164	57	"B2"	0.366478153366049
"s_Lawsonibacter_sp000177015_sv_1340"	"enterotype"	"Abundance"	"B1"	27	"B2"	30	0	0.0182655618126598	0	0	0	0.100044602302987	391.5	0.125656172487508	0.360954989707164	57	"B2"	0.366478153366049
"s_Eisenbergiella_tayi_sv_1384"	"enterotype"	"Abundance"	"B1"	27	"B2"	30	0	0.0138104702423058	0	0	0	0.075643060814647	391.5	0.125656172487508	0.360954989707164	57	"B2"	0.366478153366049
"s_Merdimorpha_sp002314265_sv_1387"	"enterotype"	"Abundance"	"B1"	27	"B2"	30	0	0.0135726514296035	0	0	0	0.074340473531486	391.5	0.125656172487508	0.360954989707164	57	"B2"	0.366478153366049
"s_Escherichia_coli_sv_1406"	"enterotype"	"Abundance"	"B1"	27	"B2"	30	0	0.011959040634605	0	0	0	0.0655023632169403	391.5	0.125656172487509	0.360954989707164	57	"B2"	0.366478153366049
"s_Pseudoflavonifractor_sp902362925_sv_1408"	"enterotype"	"Abundance"	"B1"	27	"B2"	30	0	0.0117408267974444	0	0	0	0.0643071568072145	391.5	0.125656172487509	0.360954989707164	57	"B2"	0.366478153366049
"s_Dysosmobacter_sp900115635_sv_1412"	"enterotype"	"Abundance"	"B1"	27	"B2"	30	0	0.0113210483965409	0	0	0	0.0620079358139311	391.5	0.125656172487508	0.360954989707164	57	"B2"	0.366478153366049
"s_Anaerotignum_faecicola_sv_1413"	"enterotype"	"Abundance"	"B1"	27	"B2"	30	0	0.0113210483965409	0	0	0	0.0620079358139311	391.5	0.125656172487508	0.360954989707164	57	"B2"	0.366478153366049
"uc_uc_k_sv_1425"	"enterotype"	"Abundance"	"B1"	27	"B2"	30	0	0.00986462160164697	0	0	0	0.0540307577247479	391.5	0.125656172487509	0.360954989707164	57	"B2"	0.366478153366049
"uc_uc_k_sv_1426"	"enterotype"	"Abundance"	"B1"	27	"B2"	30	0	0.00986462160164697	0	0	0	0.0540307577247479	391.5	0.125656172487509	0.360954989707164	57	"B2"	0.366478153366049
"s_Eisenbergiella_tayi_sv_1427"	"enterotype"	"Abundance"	"B1"	27	"B2"	30	0	0.00986462160164697	0	0	0	0.0540307577247479	391.5	0.125656172487509	0.360954989707164	57	"B2"	0.366478153366049
"s_Bacteroides_cellulosilyticus_sv_1428"	"enterotype"	"Abundance"	"B1"	27	"B2"	30	0	0.00702508156206928	0	0	0	0.0384779563985897	391.5	0.125656172487509	0.360954989707164	57	"B2"	0.366478153366049
"s_Anaerotignum_faecicola_sv_1430"	"enterotype"	"Abundance"	"B1"	27	"B2"	30	0	0.00940870739064167	0	0	0	0.0515336127482001	391.5	0.125656172487509	0.360954989707164	57	"B2"	0.366478153366049
"s_Avimicrobium_caecorum_sv_1431"	"enterotype"	"Abundance"	"B1"	27	"B2"	30	0	0.00916263351860358	0	0	0	0.0501858106429211	391.5	0.125656172487509	0.360954989707164	57	"B2"	0.366478153366049
"s_Solibaculum_mannosilyticum_sv_1434"	"enterotype"	"Abundance"	"B1"	27	"B2"	30	0	0.00877728895558223	0	0	0	0.0480751915471335	391.5	0.125656172487508	0.360954989707164	57	"B2"	0.366478153366049
"s_Escherichia_coli_sv_1439"	"enterotype"	"Abundance"	"B1"	27	"B2"	30	0	0.00376348295625667	0	0	0	0.0206134450992801	391.5	0.125656172487509	0.360954989707164	57	"B2"	0.366478153366049
"s_Blautia_A_wexlerae_sv_1440"	"enterotype"	"Abundance"	"B1"	27	"B2"	30	0	0.00351091558223289	0	0	0	0.0192300766188534	391.5	0.125656172487509	0.360954989707164	57	"B2"	0.366478153366049
"s_Phocaeicola_massiliensis_sv_1443"	"enterotype"	"Abundance"	"B1"	27	"B2"	30	0	0.00175545779111645	0	0	0	0.0096150383094267	391.5	0.125656172487509	0.360954989707164	57	"B2"	0.366478153366049
"s_Agathobaculum_hominis_sv_1444"	"enterotype"	"Abundance"	"B1"	27	"B2"	30	0	6.58362263474128e-06	0	0	0	3.60599862714939e-05	391.5	0.125656172487508	0.360954989707164	57	"B2"	0.366478153366049
"s_Escherichia_coli_sv_372"	"enterotype"	"Abundance"	"B1"	27	"B2"	30	0.25558539297849	0.697782065266993	0	0	0.468406355772546	1.72798574557782	453	0.169450649066119	0.365521639708415	57	"B2"	0.370780943876881
"s_Dysosmobacter_sp900115635_sv_640"	"enterotype"	"Abundance"	"B1"	27	"B2"	30	0.0935239537887868	0.271686893062141	0	0	0.160164516506852	0.458828144104316	363	0.247693015095329	0.421146081849863	57	"B2"	0.426821905055387
"s_Escherichia_coli_sv_505"	"enterotype"	"Abundance"	"B1"	27	"B2"	30	0.107163758973724	0.454792047569339	0	0	0.393892490423304	1.6813889707683	381	0.13867154285761	0.480780132448037	57	"B2"	0.486822252604475
"s_Enterococcus_B_faecium_sv_652"	"enterotype"	"Abundance"	"B1"	27	"B2"	30	0.0809519070775533	0.184989842260763	0	0	0.171512014547524	0.533185780762556	431	0.128420808427752	0.538705128937954	57	"B2"	0.544985995912119
"s_Alistipes_A_hominis_sv_454"	"enterotype"	"Abundance"	"B1"	27	"B2"	30	0.342682230802892	0.107595171566418	0	0	0.656419882758047	0.143677439794715	440	0.24758708641803	0.547256998665094	57	"B2"	0.553141482521708
"uc_uc_k_sv_1137"	"enterotype"	"Abundance"	"B1"	27	"B2"	30	0.0321864375179875	0.0207644771483618	0	0	0.0794846886523405	0.0703754501415294	426.5	0.0766831210878089	0.556101577523616	57	"B2"	0.561577958322864
"s_Faecalibacterium_prausnitzii_D_sv_264"	"enterotype"	"Abundance"	"B1"	27	"B2"	30	0.00963654500156154	0.148147852977558	0	0	0.0500729566563855	0.655199699471615	392	0.144730558980931	0.605691522557133	57	"B2"	0.611109156927053
"s_Faecalibacterium_prausnitzii_D_sv_242"	"enterotype"	"Abundance"	"B1"	27	"B2"	30	0.116983588830838	0.141765196176952	0	0	0.35005689960776	0.595040977865161	421	0.0252360743112342	0.613681455347796	57	"B2"	0.618617231128074
"s_Agathobaculum_ammoniilyticum_sv_725"	"enterotype"	"Abundance"	"B1"	27	"B2"	30	0.115268125663342	0.0861540258259354	0	0	0.188969567298675	0.153373359560889	428	0.0853984269393537	0.66273574620591	57	"B2"	0.667469572964524
"s_Anaerostipes_hadrus_sv_500"	"enterotype"	"Abundance"	"B1"	27	"B2"	30	0.083495762465401	0.0316068632941978	0	0	0.433856708420331	0.173106729289543	394	0.0804958709091882	0.664552850026907	57	"B2"	0.668702600205487
"s_Pseudoscilispira_sp018369915_sv_788"	"enterotype"	"Abundance"	"B1"	27	"B2"	30	0.0912688579483083	0.0234121849880395	0	0	0.265144583166014	0.0542039447986776	423	0.180255463962157	0.673096160485534	57	"B2"	0.676695605194013
"s_Escherichia_coli_sv_431"	"enterotype"	"Abundance"	"B1"	27	"B2"	30	0.153344886879942	0.642502917486375	0	0	0.314011221357316	1.63692014438144	393	0.199814467486499	0.816587082319234	57	"B2"	0.820222821777468
"s_Escherichia_coli_sv_452"	"enterotype"	"Abundance"	"B1"	27	"B2"	30	0.33588390232282	0.405939864574864	0	0	1.11194467635593	1.1794221524127	395.5	0.030730374996295	0.820728286715603	57	"B2"	0.823649027949467
"s_Lawsonibacter_asaccharolyticus_sv_646"	"enterotype"	"Abundance"	"B1"	27	"B2"	30	0.0433923085568635	0.0503673896065606	0	0	0.107247460644129	0.116844607453645	398	0.0312470458356401	0.880125111094978	57	"B2"	0.882472111391231
"s_Enterococcus_B_lactis_sv_502"	"enterotype"	"Abundance"	"B1"	27	"B2"	30	0.366277952604342	0.233807973060057	0	0	1.37390009698235	0.659003955708564	399.5	0.0629012204303342	0.899816199146952	57	"B2"	0.901414451720925
"s_Enterocloster_bolteae_sv_310"	"enterotype"	"Abundance"	"B1"	27	"B2"	30	0.224329028837842	0.830258985640601	0	0	0.547779376437298	1.95213067852907	402	0.203701032165737	0.955296763169262	57	"B2"	0.956144408921853
"s_Scatomonas_hejianensis_sv_1217"	"enterotype"	"Abundance"	"B1"	27	"B2"	30	0.00957855845216809	0.0195752706854149	0	0	0.0345674849042945	0.0852949945525352	407	0.0757000978502202	0.956830825902971	57	"B2"	0.956830825902971
"s_Streptococcus_salivarius_D_sv_111"	"enterotype"	"Abundance"	"B1"	27	"B2"	30	0	0	0	0	0	0	405	NA	NA	57	"B2"	NA
"uc_uc_k_sv_176"	"enterotype"	"Abundance"	"B1"	27	"B2"	30	0	0	0	0	0	0	405	NA	NA	57	"B2"	NA
"s_Megamonas_funiformis_sv_185"	"enterotype"	"Abundance"	"B1"	27	"B2"	30	0	0	0	0	0	0	405	NA	NA	57	"B2"	NA
"s_Blautia_A_sp028767025_sv_248"	"enterotype"	"Abundance"	"B1"	27	"B2"	30	0	0	0	0	0	0	405	NA	NA	57	"B2"	NA
"s_Bifidobacterium_bifidum_sv_280"	"enterotype"	"Abundance"	"B1"	27	"B2"	30	0	0	0	0	0	0	405	NA	NA	57	"B2"	NA
"s_Mediterraneibacter_faecis_sv_344"	"enterotype"	"Abundance"	"B1"	27	"B2"	30	0	0	0	0	0	0	405	NA	NA	57	"B2"	NA
"uc_uc_k_sv_351"	"enterotype"	"Abundance"	"B1"	27	"B2"	30	0	0	0	0	0	0	405	NA	NA	57	"B2"	NA
"s_Blautia_A_fusiformis_sv_378"	"enterotype"	"Abundance"	"B1"	27	"B2"	30	0	0	0	0	0	0	405	NA	NA	57	"B2"	NA
"s_Streptococcus_salivarius_D_sv_443"	"enterotype"	"Abundance"	"B1"	27	"B2"	30	0	0	0	0	0	0	405	NA	NA	57	"B2"	NA
"s_Mediterraneibacter_faecis_sv_476"	"enterotype"	"Abundance"	"B1"	27	"B2"	30	0	0	0	0	0	0	405	NA	NA	57	"B2"	NA
"uc_uc_k_sv_508"	"enterotype"	"Abundance"	"B1"	27	"B2"	30	0	0	0	0	0	0	405	NA	NA	57	"B2"	NA
"s_Bifidobacterium_adolescentis_sv_518"	"enterotype"	"Abundance"	"B1"	27	"B2"	30	0	0	0	0	0	0	405	NA	NA	57	"B2"	NA
"uc_g_Collinsella_sv_519"	"enterotype"	"Abundance"	"B1"	27	"B2"	30	0	0	0	0	0	0	405	NA	NA	57	"B2"	NA
"s_Dorea_A_longicatena_sv_536"	"enterotype"	"Abundance"	"B1"	27	"B2"	30	0	0	0	0	0	0	405	NA	NA	57	"B2"	NA
"s_Megamonas_funiformis_sv_544"	"enterotype"	"Abundance"	"B1"	27	"B2"	30	0	0	0	0	0	0	405	NA	NA	57	"B2"	NA
"s_Anaerobutyricum_hallii_sv_548"	"enterotype"	"Abundance"	"B1"	27	"B2"	30	0	0	0	0	0	0	405	NA	NA	57	"B2"	NA
"s_Anaerobutyricum_hallii_sv_550"	"enterotype"	"Abundance"	"B1"	27	"B2"	30	0	0	0	0	0	0	405	NA	NA	57	"B2"	NA
"s_Mediterraneibacter_faecis_sv_551"	"enterotype"	"Abundance"	"B1"	27	"B2"	30	0	0	0	0	0	0	405	NA	NA	57	"B2"	NA
"s_Bifidobacterium_adolescentis_sv_554"	"enterotype"	"Abundance"	"B1"	27	"B2"	30	0	0	0	0	0	0	405	NA	NA	57	"B2"	NA
"s_Bifidobacterium_adolescentis_sv_564"	"enterotype"	"Abundance"	"B1"	27	"B2"	30	0	0	0	0	0	0	405	NA	NA	57	"B2"	NA
"s_Dorea_A_longicatena_sv_565"	"enterotype"	"Abundance"	"B1"	27	"B2"	30	0	0	0	0	0	0	405	NA	NA	57	"B2"	NA
"s_Mediterraneibacter_faecis_sv_570"	"enterotype"	"Abundance"	"B1"	27	"B2"	30	0	0	0	0	0	0	405	NA	NA	57	"B2"	NA
"s_Turicibacter_sp002311155_sv_576"	"enterotype"	"Abundance"	"B1"	27	"B2"	30	0	0	0	0	0	0	405	NA	NA	57	"B2"	NA
"s_Blautia_A_fusiformis_sv_580"	"enterotype"	"Abundance"	"B1"	27	"B2"	30	0	0	0	0	0	0	405	NA	NA	57	"B2"	NA
"uc_g_Streptococcus_sv_583"	"enterotype"	"Abundance"	"B1"	27	"B2"	30	0	0	0	0	0	0	405	NA	NA	57	"B2"	NA
"s_Anaerobutyricum_hallii_sv_585"	"enterotype"	"Abundance"	"B1"	27	"B2"	30	0	0	0	0	0	0	405	NA	NA	57	"B2"	NA
"s_Dorea_A_longicatena_sv_590"	"enterotype"	"Abundance"	"B1"	27	"B2"	30	0	0	0	0	0	0	405	NA	NA	57	"B2"	NA
"s_Blautia_A_fusiformis_sv_603"	"enterotype"	"Abundance"	"B1"	27	"B2"	30	0	0	0	0	0	0	405	NA	NA	57	"B2"	NA
"s_Megamonas_funiformis_sv_604"	"enterotype"	"Abundance"	"B1"	27	"B2"	30	0	0	0	0	0	0	405	NA	NA	57	"B2"	NA
"s_Anaerobutyricum_hallii_sv_605"	"enterotype"	"Abundance"	"B1"	27	"B2"	30	0	0	0	0	0	0	405	NA	NA	57	"B2"	NA
"s_Dorea_A_longicatena_sv_625"	"enterotype"	"Abundance"	"B1"	27	"B2"	30	0	0	0	0	0	0	405	NA	NA	57	"B2"	NA
"s_Enterocloster_aldenensis_sv_629"	"enterotype"	"Abundance"	"B1"	27	"B2"	30	0	0	0	0	0	0	405	NA	NA	57	"B2"	NA
"s_Gemmiger_formicilis_sv_631"	"enterotype"	"Abundance"	"B1"	27	"B2"	30	0	0	0	0	0	0	405	NA	NA	57	"B2"	NA
"s_Anaerobutyricum_hallii_sv_636"	"enterotype"	"Abundance"	"B1"	27	"B2"	30	0	0	0	0	0	0	405	NA	NA	57	"B2"	NA
"s_Dorea_A_amylophila_sv_637"	"enterotype"	"Abundance"	"B1"	27	"B2"	30	0	0	0	0	0	0	405	NA	NA	57	"B2"	NA
"uc_g_Collinsella_sv_638"	"enterotype"	"Abundance"	"B1"	27	"B2"	30	0	0	0	0	0	0	405	NA	NA	57	"B2"	NA
"s_Agathobacter_rectalis_sv_643"	"enterotype"	"Abundance"	"B1"	27	"B2"	30	0	0	0	0	0	0	405	NA	NA	57	"B2"	NA
"s_Agathobacter_rectalis_sv_644"	"enterotype"	"Abundance"	"B1"	27	"B2"	30	0	0	0	0	0	0	405	NA	NA	57	"B2"	NA
"s_Agathobacter_rectalis_sv_645"	"enterotype"	"Abundance"	"B1"	27	"B2"	30	0	0	0	0	0	0	405	NA	NA	57	"B2"	NA
"s_Blautia_A_fusiformis_sv_656"	"enterotype"	"Abundance"	"B1"	27	"B2"	30	0	0	0	0	0	0	405	NA	NA	57	"B2"	NA
"s_Anaerobutyricum_hallii_sv_665"	"enterotype"	"Abundance"	"B1"	27	"B2"	30	0	0	0	0	0	0	405	NA	NA	57	"B2"	NA
"s_Anaerobutyricum_hallii_sv_672"	"enterotype"	"Abundance"	"B1"	27	"B2"	30	0	0	0	0	0	0	405	NA	NA	57	"B2"	NA
"s_Agathobacter_rectalis_sv_673"	"enterotype"	"Abundance"	"B1"	27	"B2"	30	0	0	0	0	0	0	405	NA	NA	57	"B2"	NA
"s_Agathobacter_rectalis_sv_676"	"enterotype"	"Abundance"	"B1"	27	"B2"	30	0	0	0	0	0	0	405	NA	NA	57	"B2"	NA
"s_Blautia_A_fusiformis_sv_678"	"enterotype"	"Abundance"	"B1"	27	"B2"	30	0	0	0	0	0	0	405	NA	NA	57	"B2"	NA
"s_Enterococcus_B_faecium_sv_684"	"enterotype"	"Abundance"	"B1"	27	"B2"	30	0	0	0	0	0	0	405	NA	NA	57	"B2"	NA
"s_Blautia_A_fusiformis_sv_686"	"enterotype"	"Abundance"	"B1"	27	"B2"	30	0	0	0	0	0	0	405	NA	NA	57	"B2"	NA
"s_Blautia_A_fusiformis_sv_692"	"enterotype"	"Abundance"	"B1"	27	"B2"	30	0	0	0	0	0	0	405	NA	NA	57	"B2"	NA
"s_Bifidobacterium_adolescentis_sv_701"	"enterotype"	"Abundance"	"B1"	27	"B2"	30	0	0	0	0	0	0	405	NA	NA	57	"B2"	NA
"s_Enterocloster_aldenensis_sv_707"	"enterotype"	"Abundance"	"B1"	27	"B2"	30	0	0	0	0	0	0	405	NA	NA	57	"B2"	NA
"s_Enterococcus_B_hirae_sv_710"	"enterotype"	"Abundance"	"B1"	27	"B2"	30	0	0	0	0	0	0	405	NA	NA	57	"B2"	NA
"s_Anaerobutyricum_hallii_sv_711"	"enterotype"	"Abundance"	"B1"	27	"B2"	30	0	0	0	0	0	0	405	NA	NA	57	"B2"	NA
"s_Bifidobacterium_globosum_sv_736"	"enterotype"	"Abundance"	"B1"	27	"B2"	30	0	0	0	0	0	0	405	NA	NA	57	"B2"	NA
"s_Bifidobacterium_globosum_sv_738"	"enterotype"	"Abundance"	"B1"	27	"B2"	30	0	0	0	0	0	0	405	NA	NA	57	"B2"	NA
"s_Enterocloster_aldenensis_sv_752"	"enterotype"	"Abundance"	"B1"	27	"B2"	30	0	0	0	0	0	0	405	NA	NA	57	"B2"	NA
"s_Anaerobutyricum_hallii_sv_754"	"enterotype"	"Abundance"	"B1"	27	"B2"	30	0	0	0	0	0	0	405	NA	NA	57	"B2"	NA
"s_Dorea_formicigenerans_sv_758"	"enterotype"	"Abundance"	"B1"	27	"B2"	30	0	0	0	0	0	0	405	NA	NA	57	"B2"	NA
"s_Gemmiger_formicilis_sv_775"	"enterotype"	"Abundance"	"B1"	27	"B2"	30	0	0	0	0	0	0	405	NA	NA	57	"B2"	NA
"s_Gemmiger_formicilis_sv_780"	"enterotype"	"Abundance"	"B1"	27	"B2"	30	0	0	0	0	0	0	405	NA	NA	57	"B2"	NA
"s_Gemmiger_formicilis_sv_781"	"enterotype"	"Abundance"	"B1"	27	"B2"	30	0	0	0	0	0	0	405	NA	NA	57	"B2"	NA
"s_Gemmiger_formicilis_sv_784"	"enterotype"	"Abundance"	"B1"	27	"B2"	30	0	0	0	0	0	0	405	NA	NA	57	"B2"	NA
"s_Collinsella_aerofaciens_AO_sv_785"	"enterotype"	"Abundance"	"B1"	27	"B2"	30	0	0	0	0	0	0	405	NA	NA	57	"B2"	NA
"s_Enterococcus_B_hirae_sv_790"	"enterotype"	"Abundance"	"B1"	27	"B2"	30	0	0	0	0	0	0	405	NA	NA	57	"B2"	NA
"s_UBA11524_sp000437595_sv_793"	"enterotype"	"Abundance"	"B1"	27	"B2"	30	0	0	0	0	0	0	405	NA	NA	57	"B2"	NA
"s_Enterococcus_B_faecium_sv_794"	"enterotype"	"Abundance"	"B1"	27	"B2"	30	0	0	0	0	0	0	405	NA	NA	57	"B2"	NA
"s_Bifidobacterium_globosum_sv_796"	"enterotype"	"Abundance"	"B1"	27	"B2"	30	0	0	0	0	0	0	405	NA	NA	57	"B2"	NA
"s_Gemmiger_formicilis_sv_800"	"enterotype"	"Abundance"	"B1"	27	"B2"	30	0	0	0	0	0	0	405	NA	NA	57	"B2"	NA
"s_Gemmiger_formicilis_sv_804"	"enterotype"	"Abundance"	"B1"	27	"B2"	30	0	0	0	0	0	0	405	NA	NA	57	"B2"	NA
"s_Dorea_formicigenerans_sv_808"	"enterotype"	"Abundance"	"B1"	27	"B2"	30	0	0	0	0	0	0	405	NA	NA	57	"B2"	NA
"s_Bifidobacterium_adolescentis_sv_811"	"enterotype"	"Abundance"	"B1"	27	"B2"	30	0	0	0	0	0	0	405	NA	NA	57	"B2"	NA
"s_Blautia_A_wexlerae_sv_814"	"enterotype"	"Abundance"	"B1"	27	"B2"	30	0	0	0	0	0	0	405	NA	NA	57	"B2"	NA
"s_Gemmiger_sp900540595_sv_816"	"enterotype"	"Abundance"	"B1"	27	"B2"	30	0	0	0	0	0	0	405	NA	NA	57	"B2"	NA
"s_Dorea_A_longicatena_sv_817"	"enterotype"	"Abundance"	"B1"	27	"B2"	30	0	0	0	0	0	0	405	NA	NA	57	"B2"	NA
"s_Dialister_invisus_sv_818"	"enterotype"	"Abundance"	"B1"	27	"B2"	30	0	0	0	0	0	0	405	NA	NA	57	"B2"	NA
"s_Blautia_A_fusiformis_sv_829"	"enterotype"	"Abundance"	"B1"	27	"B2"	30	0	0	0	0	0	0	405	NA	NA	57	"B2"	NA
"s_Romboutsia_timonensis_sv_830"	"enterotype"	"Abundance"	"B1"	27	"B2"	30	0	0	0	0	0	0	405	NA	NA	57	"B2"	NA
"s_CAG-302_sp001916775_sv_834"	"enterotype"	"Abundance"	"B1"	27	"B2"	30	0	0	0	0	0	0	405	NA	NA	57	"B2"	NA
"s_Blautia_A_sp900066335_sv_837"	"enterotype"	"Abundance"	"B1"	27	"B2"	30	0	0	0	0	0	0	405	NA	NA	57	"B2"	NA
"s_Streptococcus_mutans_sv_858"	"enterotype"	"Abundance"	"B1"	27	"B2"	30	0	0	0	0	0	0	405	NA	NA	57	"B2"	NA
"s_Enterocloster_bolteae_sv_867"	"enterotype"	"Abundance"	"B1"	27	"B2"	30	0	0	0	0	0	0	405	NA	NA	57	"B2"	NA
"s_Streptococcus_parasanguinis_sv_868"	"enterotype"	"Abundance"	"B1"	27	"B2"	30	0	0	0	0	0	0	405	NA	NA	57	"B2"	NA
"s_Streptococcus_parasanguinis_R_sv_878"	"enterotype"	"Abundance"	"B1"	27	"B2"	30	0	0	0	0	0	0	405	NA	NA	57	"B2"	NA
"s_CAG-302_sp001916775_sv_890"	"enterotype"	"Abundance"	"B1"	27	"B2"	30	0	0	0	0	0	0	405	NA	NA	57	"B2"	NA
"s_Holdemanella_hominis_sv_891"	"enterotype"	"Abundance"	"B1"	27	"B2"	30	0	0	0	0	0	0	405	NA	NA	57	"B2"	NA
"s_Mediterraneibacter_faecis_sv_892"	"enterotype"	"Abundance"	"B1"	27	"B2"	30	0	0	0	0	0	0	405	NA	NA	57	"B2"	NA
"s_Bifidobacterium_longum_sv_893"	"enterotype"	"Abundance"	"B1"	27	"B2"	30	0	0	0	0	0	0	405	NA	NA	57	"B2"	NA
"s_CAG-302_sp001916775_sv_903"	"enterotype"	"Abundance"	"B1"	27	"B2"	30	0	0	0	0	0	0	405	NA	NA	57	"B2"	NA
"s_Faecalibacterium_sp900539945_sv_904"	"enterotype"	"Abundance"	"B1"	27	"B2"	30	0	0	0	0	0	0	405	NA	NA	57	"B2"	NA
"s_Dialister_invisus_sv_906"	"enterotype"	"Abundance"	"B1"	27	"B2"	30	0	0	0	0	0	0	405	NA	NA	57	"B2"	NA
"s_Anaerostipes_hadrus_sv_912"	"enterotype"	"Abundance"	"B1"	27	"B2"	30	0	0	0	0	0	0	405	NA	NA	57	"B2"	NA
"s_Blautia_A_fusiformis_sv_915"	"enterotype"	"Abundance"	"B1"	27	"B2"	30	0	0	0	0	0	0	405	NA	NA	57	"B2"	NA
"s_Bariatricus_comes_sv_917"	"enterotype"	"Abundance"	"B1"	27	"B2"	30	0	0	0	0	0	0	405	NA	NA	57	"B2"	NA
"s_Bifidobacterium_globosum_sv_919"	"enterotype"	"Abundance"	"B1"	27	"B2"	30	0	0	0	0	0	0	405	NA	NA	57	"B2"	NA
"s_Oliverpabstia_faecicola_sv_921"	"enterotype"	"Abundance"	"B1"	27	"B2"	30	0	0	0	0	0	0	405	NA	NA	57	"B2"	NA
"s_Gemmiger_qucibialis_sv_923"	"enterotype"	"Abundance"	"B1"	27	"B2"	30	0	0	0	0	0	0	405	NA	NA	57	"B2"	NA
"s_Streptococcus_sp902363395_sv_931"	"enterotype"	"Abundance"	"B1"	27	"B2"	30	0	0	0	0	0	0	405	NA	NA	57	"B2"	NA
"s_Bariatricus_comes_sv_933"	"enterotype"	"Abundance"	"B1"	27	"B2"	30	0	0	0	0	0	0	405	NA	NA	57	"B2"	NA
"s_Escherichia_coli_sv_936"	"enterotype"	"Abundance"	"B1"	27	"B2"	30	0	0	0	0	0	0	405	NA	NA	57	"B2"	NA
"s_Blautia_A_sp900066335_sv_938"	"enterotype"	"Abundance"	"B1"	27	"B2"	30	0	0	0	0	0	0	405	NA	NA	57	"B2"	NA
"s_Enterococcus_B_hirae_sv_946"	"enterotype"	"Abundance"	"B1"	27	"B2"	30	0	0	0	0	0	0	405	NA	NA	57	"B2"	NA
"s_Blautia_A_caecimuris_sv_947"	"enterotype"	"Abundance"	"B1"	27	"B2"	30	0	0	0	0	0	0	405	NA	NA	57	"B2"	NA
"s_Blautia_A_sp900066205_sv_948"	"enterotype"	"Abundance"	"B1"	27	"B2"	30	0	0	0	0	0	0	405	NA	NA	57	"B2"	NA
"s_Ruminococcus_E_bromii_B_sv_949"	"enterotype"	"Abundance"	"B1"	27	"B2"	30	0	0	0	0	0	0	405	NA	NA	57	"B2"	NA
"s_Fusicatenibacter_saccharivorans_sv_952"	"enterotype"	"Abundance"	"B1"	27	"B2"	30	0	0	0	0	0	0	405	NA	NA	57	"B2"	NA
"s_Faecalibacterium_prausnitzii_D_sv_953"	"enterotype"	"Abundance"	"B1"	27	"B2"	30	0	0	0	0	0	0	405	NA	NA	57	"B2"	NA
"s_Enterococcus_B_faecium_sv_955"	"enterotype"	"Abundance"	"B1"	27	"B2"	30	0	0	0	0	0	0	405	NA	NA	57	"B2"	NA
"s_Blautia_A_difficilis_sv_961"	"enterotype"	"Abundance"	"B1"	27	"B2"	30	0	0	0	0	0	0	405	NA	NA	57	"B2"	NA
"s_Clostridium_lentum_sv_968"	"enterotype"	"Abundance"	"B1"	27	"B2"	30	0	0	0	0	0	0	405	NA	NA	57	"B2"	NA
"s_Dialister_invisus_sv_971"	"enterotype"	"Abundance"	"B1"	27	"B2"	30	0	0	0	0	0	0	405	NA	NA	57	"B2"	NA
"s_Blautia_A_fusiformis_sv_972"	"enterotype"	"Abundance"	"B1"	27	"B2"	30	0	0	0	0	0	0	405	NA	NA	57	"B2"	NA
"s_Bariatricus_comes_sv_974"	"enterotype"	"Abundance"	"B1"	27	"B2"	30	0	0	0	0	0	0	405	NA	NA	57	"B2"	NA
"s_Blautia_A_wexlerae_sv_975"	"enterotype"	"Abundance"	"B1"	27	"B2"	30	0	0	0	0	0	0	405	NA	NA	57	"B2"	NA
"s_Phocaeicola_vulgatus_sv_976"	"enterotype"	"Abundance"	"B1"	27	"B2"	30	0	0	0	0	0	0	405	NA	NA	57	"B2"	NA
"s_Blautia_A_fusiformis_sv_980"	"enterotype"	"Abundance"	"B1"	27	"B2"	30	0	0	0	0	0	0	405	NA	NA	57	"B2"	NA
"s_CAG-302_sp001916775_sv_989"	"enterotype"	"Abundance"	"B1"	27	"B2"	30	0	0	0	0	0	0	405	NA	NA	57	"B2"	NA
"s_Blautia_A_fusiformis_sv_991"	"enterotype"	"Abundance"	"B1"	27	"B2"	30	0	0	0	0	0	0	405	NA	NA	57	"B2"	NA
"s_Dorea_formicigenerans_sv_993"	"enterotype"	"Abundance"	"B1"	27	"B2"	30	0	0	0	0	0	0	405	NA	NA	57	"B2"	NA
"s_Escherichia_coli_sv_994"	"enterotype"	"Abundance"	"B1"	27	"B2"	30	0	0	0	0	0	0	405	NA	NA	57	"B2"	NA
"s_CAG-302_sp001916775_sv_995"	"enterotype"	"Abundance"	"B1"	27	"B2"	30	0	0	0	0	0	0	405	NA	NA	57	"B2"	NA
"s_CAG-302_sp001916775_sv_996"	"enterotype"	"Abundance"	"B1"	27	"B2"	30	0	0	0	0	0	0	405	NA	NA	57	"B2"	NA
"s_Agathobacter_rectalis_sv_998"	"enterotype"	"Abundance"	"B1"	27	"B2"	30	0	0	0	0	0	0	405	NA	NA	57	"B2"	NA
"s_Allocoprobacillus_merdigallinarum_sv_1002"	"enterotype"	"Abundance"	"B1"	27	"B2"	30	0	0	0	0	0	0	405	NA	NA	57	"B2"	NA
"s_Bariatricus_comes_sv_1003"	"enterotype"	"Abundance"	"B1"	27	"B2"	30	0	0	0	0	0	0	405	NA	NA	57	"B2"	NA
"uc_uc_k_sv_1007"	"enterotype"	"Abundance"	"B1"	27	"B2"	30	0	0	0	0	0	0	405	NA	NA	57	"B2"	NA
"s_Streptococcus_equinus_sv_1008"	"enterotype"	"Abundance"	"B1"	27	"B2"	30	0	0	0	0	0	0	405	NA	NA	57	"B2"	NA
"s_Intestinibacter_bartlettii_sv_1013"	"enterotype"	"Abundance"	"B1"	27	"B2"	30	0	0	0	0	0	0	405	NA	NA	57	"B2"	NA
"s_Phocaeicola_vulgatus_sv_1014"	"enterotype"	"Abundance"	"B1"	27	"B2"	30	0	0	0	0	0	0	405	NA	NA	57	"B2"	NA
"uc_uc_k_sv_1016"	"enterotype"	"Abundance"	"B1"	27	"B2"	30	0	0	0	0	0	0	405	NA	NA	57	"B2"	NA
"s_Blautia_A_faecis_sv_1018"	"enterotype"	"Abundance"	"B1"	27	"B2"	30	0	0	0	0	0	0	405	NA	NA	57	"B2"	NA
"uc_g_Streptococcus_sv_1021"	"enterotype"	"Abundance"	"B1"	27	"B2"	30	0	0	0	0	0	0	405	NA	NA	57	"B2"	NA
"s_Faecalibacillus_faecis_sv_1023"	"enterotype"	"Abundance"	"B1"	27	"B2"	30	0	0	0	0	0	0	405	NA	NA	57	"B2"	NA
"s_Blautia_A_sp900066335_sv_1024"	"enterotype"	"Abundance"	"B1"	27	"B2"	30	0	0	0	0	0	0	405	NA	NA	57	"B2"	NA
"s_Clostridium_saudiense_sv_1027"	"enterotype"	"Abundance"	"B1"	27	"B2"	30	0	0	0	0	0	0	405	NA	NA	57	"B2"	NA
"s_CAG-302_sp001916775_sv_1028"	"enterotype"	"Abundance"	"B1"	27	"B2"	30	0	0	0	0	0	0	405	NA	NA	57	"B2"	NA
"s_Mediterraneibacter_faecis_sv_1029"	"enterotype"	"Abundance"	"B1"	27	"B2"	30	0	0	0	0	0	0	405	NA	NA	57	"B2"	NA
"s_Alistipes_A_hominis_sv_1038"	"enterotype"	"Abundance"	"B1"	27	"B2"	30	0	0	0	0	0	0	405	NA	NA	57	"B2"	NA
"s_Faecalibacterium_sp900539945_sv_1039"	"enterotype"	"Abundance"	"B1"	27	"B2"	30	0	0	0	0	0	0	405	NA	NA	57	"B2"	NA
"s_Blautia_A_sp900066335_sv_1040"	"enterotype"	"Abundance"	"B1"	27	"B2"	30	0	0	0	0	0	0	405	NA	NA	57	"B2"	NA
"s_Faecalibacterium_prausnitzii_D_sv_1041"	"enterotype"	"Abundance"	"B1"	27	"B2"	30	0	0	0	0	0	0	405	NA	NA	57	"B2"	NA
"s_CAG-302_sp934162325_sv_1042"	"enterotype"	"Abundance"	"B1"	27	"B2"	30	0	0	0	0	0	0	405	NA	NA	57	"B2"	NA
"s_Allobaculum_stercoricanis_sv_1044"	"enterotype"	"Abundance"	"B1"	27	"B2"	30	0	0	0	0	0	0	405	NA	NA	57	"B2"	NA
"s_Lentihominibacter_faecis_sv_1047"	"enterotype"	"Abundance"	"B1"	27	"B2"	30	0	0	0	0	0	0	405	NA	NA	57	"B2"	NA
"s_Faecalibacterium_sp900539945_sv_1049"	"enterotype"	"Abundance"	"B1"	27	"B2"	30	0	0	0	0	0	0	405	NA	NA	57	"B2"	NA
"s_Romboutsia_timonensis_sv_1057"	"enterotype"	"Abundance"	"B1"	27	"B2"	30	0	0	0	0	0	0	405	NA	NA	57	"B2"	NA
"s_CAG-302_sp001916775_sv_1058"	"enterotype"	"Abundance"	"B1"	27	"B2"	30	0	0	0	0	0	0	405	NA	NA	57	"B2"	NA
"s_Turicibacter_bilis_sv_1059"	"enterotype"	"Abundance"	"B1"	27	"B2"	30	0	0	0	0	0	0	405	NA	NA	57	"B2"	NA
"s_Wujia_chipingensis_sv_1063"	"enterotype"	"Abundance"	"B1"	27	"B2"	30	0	0	0	0	0	0	405	NA	NA	57	"B2"	NA
"s_Blautia_A_caecimuris_sv_1069"	"enterotype"	"Abundance"	"B1"	27	"B2"	30	0	0	0	0	0	0	405	NA	NA	57	"B2"	NA
"s_Mediterraneibacter_torques_sv_1075"	"enterotype"	"Abundance"	"B1"	27	"B2"	30	0	0	0	0	0	0	405	NA	NA	57	"B2"	NA
"s_Blautia_A_sp900066205_sv_1078"	"enterotype"	"Abundance"	"B1"	27	"B2"	30	0	0	0	0	0	0	405	NA	NA	57	"B2"	NA
"s_Dorea_formicigenerans_sv_1079"	"enterotype"	"Abundance"	"B1"	27	"B2"	30	0	0	0	0	0	0	405	NA	NA	57	"B2"	NA
"uc_uc_k_sv_1082"	"enterotype"	"Abundance"	"B1"	27	"B2"	30	0	0	0	0	0	0	405	NA	NA	57	"B2"	NA
"s_Fusicatenibacter_saccharivorans_sv_1083"	"enterotype"	"Abundance"	"B1"	27	"B2"	30	0	0	0	0	0	0	405	NA	NA	57	"B2"	NA
"s_Anaerostipes_hadrus_sv_1084"	"enterotype"	"Abundance"	"B1"	27	"B2"	30	0	0	0	0	0	0	405	NA	NA	57	"B2"	NA
"s_CAG-302_sp001916775_sv_1085"	"enterotype"	"Abundance"	"B1"	27	"B2"	30	0	0	0	0	0	0	405	NA	NA	57	"B2"	NA
"s_Blautia_A_fusiformis_sv_1088"	"enterotype"	"Abundance"	"B1"	27	"B2"	30	0	0	0	0	0	0	405	NA	NA	57	"B2"	NA
"s_Blautia_A_sp900066335_sv_1090"	"enterotype"	"Abundance"	"B1"	27	"B2"	30	0	0	0	0	0	0	405	NA	NA	57	"B2"	NA
"s_Bifidobacterium_longum_sv_1097"	"enterotype"	"Abundance"	"B1"	27	"B2"	30	0	0	0	0	0	0	405	NA	NA	57	"B2"	NA
"s_Cryptobacteroides_sp004554455_sv_1103"	"enterotype"	"Abundance"	"B1"	27	"B2"	30	0	0	0	0	0	0	405	NA	NA	57	"B2"	NA
"s_Roseburia_intestinalis_sv_1104"	"enterotype"	"Abundance"	"B1"	27	"B2"	30	0	0	0	0	0	0	405	NA	NA	57	"B2"	NA
"s_Intestinimonas_timonensis_sv_1105"	"enterotype"	"Abundance"	"B1"	27	"B2"	30	0	0	0	0	0	0	405	NA	NA	57	"B2"	NA
"uc_uc_k_sv_1110"	"enterotype"	"Abundance"	"B1"	27	"B2"	30	0	0	0	0	0	0	405	NA	NA	57	"B2"	NA
"s_Ruminococcus_E_bromii_B_sv_1114"	"enterotype"	"Abundance"	"B1"	27	"B2"	30	0	0	0	0	0	0	405	NA	NA	57	"B2"	NA
"s_Faecalibacterium_sp900539945_sv_1115"	"enterotype"	"Abundance"	"B1"	27	"B2"	30	0	0	0	0	0	0	405	NA	NA	57	"B2"	NA
"s_Romboutsia_timonensis_sv_1116"	"enterotype"	"Abundance"	"B1"	27	"B2"	30	0	0	0	0	0	0	405	NA	NA	57	"B2"	NA
"s_Escherichia_coli_sv_1120"	"enterotype"	"Abundance"	"B1"	27	"B2"	30	0	0	0	0	0	0	405	NA	NA	57	"B2"	NA
"s_Ruminococcus_E_bromii_B_sv_1121"	"enterotype"	"Abundance"	"B1"	27	"B2"	30	0	0	0	0	0	0	405	NA	NA	57	"B2"	NA
"s_Blautia_A_sp900066335_sv_1126"	"enterotype"	"Abundance"	"B1"	27	"B2"	30	0	0	0	0	0	0	405	NA	NA	57	"B2"	NA
"s_Mediterraneibacter_faecis_sv_1127"	"enterotype"	"Abundance"	"B1"	27	"B2"	30	0	0	0	0	0	0	405	NA	NA	57	"B2"	NA
"s_Faecalibacterium_sp900539945_sv_1130"	"enterotype"	"Abundance"	"B1"	27	"B2"	30	0	0	0	0	0	0	405	NA	NA	57	"B2"	NA
"s_Agathobacter_rectalis_sv_1131"	"enterotype"	"Abundance"	"B1"	27	"B2"	30	0	0	0	0	0	0	405	NA	NA	57	"B2"	NA
"s_Lentihominibacter_faecis_sv_1132"	"enterotype"	"Abundance"	"B1"	27	"B2"	30	0	0	0	0	0	0	405	NA	NA	57	"B2"	NA
"s_Dorea_formicigenerans_sv_1141"	"enterotype"	"Abundance"	"B1"	27	"B2"	30	0	0	0	0	0	0	405	NA	NA	57	"B2"	NA
"s_Fusicatenibacter_saccharivorans_sv_1142"	"enterotype"	"Abundance"	"B1"	27	"B2"	30	0	0	0	0	0	0	405	NA	NA	57	"B2"	NA
"s_Dorea_formicigenerans_sv_1153"	"enterotype"	"Abundance"	"B1"	27	"B2"	30	0	0	0	0	0	0	405	NA	NA	57	"B2"	NA
"s_Blautia_A_sp900066335_sv_1164"	"enterotype"	"Abundance"	"B1"	27	"B2"	30	0	0	0	0	0	0	405	NA	NA	57	"B2"	NA
"s_Romboutsia_timonensis_sv_1165"	"enterotype"	"Abundance"	"B1"	27	"B2"	30	0	0	0	0	0	0	405	NA	NA	57	"B2"	NA
"s_Anaerobutyricum_soehngenii_sv_1166"	"enterotype"	"Abundance"	"B1"	27	"B2"	30	0	0	0	0	0	0	405	NA	NA	57	"B2"	NA
"s_Blautia_A_faecis_sv_1172"	"enterotype"	"Abundance"	"B1"	27	"B2"	30	0	0	0	0	0	0	405	NA	NA	57	"B2"	NA
"s_Fusicatenibacter_saccharivorans_sv_1175"	"enterotype"	"Abundance"	"B1"	27	"B2"	30	0	0	0	0	0	0	405	NA	NA	57	"B2"	NA
"s_Gemmiger_qucibialis_sv_1176"	"enterotype"	"Abundance"	"B1"	27	"B2"	30	0	0	0	0	0	0	405	NA	NA	57	"B2"	NA
"uc_uc_k_sv_1180"	"enterotype"	"Abundance"	"B1"	27	"B2"	30	0	0	0	0	0	0	405	NA	NA	57	"B2"	NA
"s_Oliverpabstia_faecicola_sv_1182"	"enterotype"	"Abundance"	"B1"	27	"B2"	30	0	0	0	0	0	0	405	NA	NA	57	"B2"	NA
"s_Alloscardovia_omnicolens_sv_1183"	"enterotype"	"Abundance"	"B1"	27	"B2"	30	0	0	0	0	0	0	405	NA	NA	57	"B2"	NA
"s_Massiliimalia_timonensis_sv_1188"	"enterotype"	"Abundance"	"B1"	27	"B2"	30	0	0	0	0	0	0	405	NA	NA	57	"B2"	NA
"s_Eubacterium_I_ramulus_sv_1190"	"enterotype"	"Abundance"	"B1"	27	"B2"	30	0	0	0	0	0	0	405	NA	NA	57	"B2"	NA
"s_Fusicatenibacter_saccharivorans_sv_1191"	"enterotype"	"Abundance"	"B1"	27	"B2"	30	0	0	0	0	0	0	405	NA	NA	57	"B2"	NA
"s_Blautia_A_wexlerae_sv_1198"	"enterotype"	"Abundance"	"B1"	27	"B2"	30	0	0	0	0	0	0	405	NA	NA	57	"B2"	NA
"s_Ruminococcus_E_bromii_B_sv_1199"	"enterotype"	"Abundance"	"B1"	27	"B2"	30	0	0	0	0	0	0	405	NA	NA	57	"B2"	NA
"s_Intestinibacter_sp900540355_sv_1200"	"enterotype"	"Abundance"	"B1"	27	"B2"	30	0	0	0	0	0	0	405	NA	NA	57	"B2"	NA
"s_Romboutsia_timonensis_sv_1201"	"enterotype"	"Abundance"	"B1"	27	"B2"	30	0	0	0	0	0	0	405	NA	NA	57	"B2"	NA
"s_Agathobacter_rectalis_sv_1202"	"enterotype"	"Abundance"	"B1"	27	"B2"	30	0	0	0	0	0	0	405	NA	NA	57	"B2"	NA
"s_Turicibacter_sanguinis_sv_1208"	"enterotype"	"Abundance"	"B1"	27	"B2"	30	0	0	0	0	0	0	405	NA	NA	57	"B2"	NA
"s_Coprococcus_A_catus_A_sv_1209"	"enterotype"	"Abundance"	"B1"	27	"B2"	30	0	0	0	0	0	0	405	NA	NA	57	"B2"	NA
"s_Roseburia_intestinalis_sv_1210"	"enterotype"	"Abundance"	"B1"	27	"B2"	30	0	0	0	0	0	0	405	NA	NA	57	"B2"	NA
"s_Escherichia_coli_sv_1219"	"enterotype"	"Abundance"	"B1"	27	"B2"	30	0	0	0	0	0	0	405	NA	NA	57	"B2"	NA
"s_Lactobacillus_gasseri_sv_1220"	"enterotype"	"Abundance"	"B1"	27	"B2"	30	0	0	0	0	0	0	405	NA	NA	57	"B2"	NA
"s_Terrisporobacter_sp022782605_sv_1222"	"enterotype"	"Abundance"	"B1"	27	"B2"	30	0	0	0	0	0	0	405	NA	NA	57	"B2"	NA
"s_Romboutsia_timonensis_sv_1223"	"enterotype"	"Abundance"	"B1"	27	"B2"	30	0	0	0	0	0	0	405	NA	NA	57	"B2"	NA
"s_Roseburia_inulinivorans_sv_1224"	"enterotype"	"Abundance"	"B1"	27	"B2"	30	0	0	0	0	0	0	405	NA	NA	57	"B2"	NA
"s_Mediterraneibacter_lactaris_sv_1225"	"enterotype"	"Abundance"	"B1"	27	"B2"	30	0	0	0	0	0	0	405	NA	NA	57	"B2"	NA
"s_Streptococcus_sp905221415_sv_1226"	"enterotype"	"Abundance"	"B1"	27	"B2"	30	0	0	0	0	0	0	405	NA	NA	57	"B2"	NA
"s_Oliverpabstia_faecicola_sv_1227"	"enterotype"	"Abundance"	"B1"	27	"B2"	30	0	0	0	0	0	0	405	NA	NA	57	"B2"	NA
"s_Allobaculum_stercoricanis_sv_1231"	"enterotype"	"Abundance"	"B1"	27	"B2"	30	0	0	0	0	0	0	405	NA	NA	57	"B2"	NA
"s_Clostridium_AP_scindens_sv_1233"	"enterotype"	"Abundance"	"B1"	27	"B2"	30	0	0	0	0	0	0	405	NA	NA	57	"B2"	NA
"s_Parasutterella_gallistercoris_sv_1234"	"enterotype"	"Abundance"	"B1"	27	"B2"	30	0	0	0	0	0	0	405	NA	NA	57	"B2"	NA
"s_Eubacterium_I_ramulus_sv_1235"	"enterotype"	"Abundance"	"B1"	27	"B2"	30	0	0	0	0	0	0	405	NA	NA	57	"B2"	NA
"s_Wujia_chipingensis_sv_1236"	"enterotype"	"Abundance"	"B1"	27	"B2"	30	0	0	0	0	0	0	405	NA	NA	57	"B2"	NA
"s_Dorea_formicigenerans_sv_1237"	"enterotype"	"Abundance"	"B1"	27	"B2"	30	0	0	0	0	0	0	405	NA	NA	57	"B2"	NA
"uc_g_Oliverpabstia_sv_1238"	"enterotype"	"Abundance"	"B1"	27	"B2"	30	0	0	0	0	0	0	405	NA	NA	57	"B2"	NA
"s_Intestinimonas_timonensis_sv_1239"	"enterotype"	"Abundance"	"B1"	27	"B2"	30	0	0	0	0	0	0	405	NA	NA	57	"B2"	NA
"s_Ruminococcus_C_sp000433635_sv_1241"	"enterotype"	"Abundance"	"B1"	27	"B2"	30	0	0	0	0	0	0	405	NA	NA	57	"B2"	NA
"s_Escherichia_coli_sv_1242"	"enterotype"	"Abundance"	"B1"	27	"B2"	30	0	0	0	0	0	0	405	NA	NA	57	"B2"	NA
"s_Butyribacter_sp003529475_sv_1250"	"enterotype"	"Abundance"	"B1"	27	"B2"	30	0	0	0	0	0	0	405	NA	NA	57	"B2"	NA
"s_Phocaeicola_vulgatus_sv_1251"	"enterotype"	"Abundance"	"B1"	27	"B2"	30	0	0	0	0	0	0	405	NA	NA	57	"B2"	NA
"s_CAG-103_sp934589185_sv_1254"	"enterotype"	"Abundance"	"B1"	27	"B2"	30	0	0	0	0	0	0	405	NA	NA	57	"B2"	NA
"s_Streptococcus_oralis_sv_1255"	"enterotype"	"Abundance"	"B1"	27	"B2"	30	0	0	0	0	0	0	405	NA	NA	57	"B2"	NA
"s_Blautia_A_ammoniilytica_sv_1258"	"enterotype"	"Abundance"	"B1"	27	"B2"	30	0	0	0	0	0	0	405	NA	NA	57	"B2"	NA
"s_Roseburia_intestinalis_sv_1259"	"enterotype"	"Abundance"	"B1"	27	"B2"	30	0	0	0	0	0	0	405	NA	NA	57	"B2"	NA
"s_Clostridium_lentum_sv_1260"	"enterotype"	"Abundance"	"B1"	27	"B2"	30	0	0	0	0	0	0	405	NA	NA	57	"B2"	NA
"s_Wujia_chipingensis_sv_1261"	"enterotype"	"Abundance"	"B1"	27	"B2"	30	0	0	0	0	0	0	405	NA	NA	57	"B2"	NA
"s_Streptococcus_salivarius_D_sv_1266"	"enterotype"	"Abundance"	"B1"	27	"B2"	30	0	0	0	0	0	0	405	NA	NA	57	"B2"	NA
"s_Blautia_A_fusiformis_sv_1271"	"enterotype"	"Abundance"	"B1"	27	"B2"	30	0	0	0	0	0	0	405	NA	NA	57	"B2"	NA
"s_Blautia_A_wexlerae_sv_1272"	"enterotype"	"Abundance"	"B1"	27	"B2"	30	0	0	0	0	0	0	405	NA	NA	57	"B2"	NA
"s_Streptococcus_thermophilus_sv_1278"	"enterotype"	"Abundance"	"B1"	27	"B2"	30	0	0	0	0	0	0	405	NA	NA	57	"B2"	NA
"s_Blautia_A_sp900548245_sv_1279"	"enterotype"	"Abundance"	"B1"	27	"B2"	30	0	0	0	0	0	0	405	NA	NA	57	"B2"	NA
"s_Dorea_formicigenerans_sv_1280"	"enterotype"	"Abundance"	"B1"	27	"B2"	30	0	0	0	0	0	0	405	NA	NA	57	"B2"	NA
"s_Blautia_A_sp900066205_sv_1285"	"enterotype"	"Abundance"	"B1"	27	"B2"	30	0	0	0	0	0	0	405	NA	NA	57	"B2"	NA
"s_Roseburia_intestinalis_sv_1286"	"enterotype"	"Abundance"	"B1"	27	"B2"	30	0	0	0	0	0	0	405	NA	NA	57	"B2"	NA
"s_Blautia_A_wexlerae_sv_1287"	"enterotype"	"Abundance"	"B1"	27	"B2"	30	0	0	0	0	0	0	405	NA	NA	57	"B2"	NA
"s_Anaerobutyricum_soehngenii_sv_1288"	"enterotype"	"Abundance"	"B1"	27	"B2"	30	0	0	0	0	0	0	405	NA	NA	57	"B2"	NA
"s_Ruminococcus_C_sp000433635_sv_1292"	"enterotype"	"Abundance"	"B1"	27	"B2"	30	0	0	0	0	0	0	405	NA	NA	57	"B2"	NA
"s_Streptococcus_sanguinis_K_sv_1293"	"enterotype"	"Abundance"	"B1"	27	"B2"	30	0	0	0	0	0	0	405	NA	NA	57	"B2"	NA
"s_Slackia_piriformis_sv_1294"	"enterotype"	"Abundance"	"B1"	27	"B2"	30	0	0	0	0	0	0	405	NA	NA	57	"B2"	NA
"s_Ruminococcus_C_sp000433635_sv_1295"	"enterotype"	"Abundance"	"B1"	27	"B2"	30	0	0	0	0	0	0	405	NA	NA	57	"B2"	NA
"s_Escherichia_coli_sv_1297"	"enterotype"	"Abundance"	"B1"	27	"B2"	30	0	0	0	0	0	0	405	NA	NA	57	"B2"	NA
"s_Blautia_A_faecis_sv_1298"	"enterotype"	"Abundance"	"B1"	27	"B2"	30	0	0	0	0	0	0	405	NA	NA	57	"B2"	NA
"s_Agathobacter_rectalis_sv_1302"	"enterotype"	"Abundance"	"B1"	27	"B2"	30	0	0	0	0	0	0	405	NA	NA	57	"B2"	NA
"s_Anaerostipes_hadrus_sv_1303"	"enterotype"	"Abundance"	"B1"	27	"B2"	30	0	0	0	0	0	0	405	NA	NA	57	"B2"	NA
"s_Anaerostipes_hadrus_sv_1304"	"enterotype"	"Abundance"	"B1"	27	"B2"	30	0	0	0	0	0	0	405	NA	NA	57	"B2"	NA
"s_Pauljensenia_variabilis_sv_1305"	"enterotype"	"Abundance"	"B1"	27	"B2"	30	0	0	0	0	0	0	405	NA	NA	57	"B2"	NA
"s_Megasphaera_massiliensis_sv_1306"	"enterotype"	"Abundance"	"B1"	27	"B2"	30	0	0	0	0	0	0	405	NA	NA	57	"B2"	NA
"uc_uc_k_sv_1308"	"enterotype"	"Abundance"	"B1"	27	"B2"	30	0	0	0	0	0	0	405	NA	NA	57	"B2"	NA
"s_Escherichia_coli_sv_1310"	"enterotype"	"Abundance"	"B1"	27	"B2"	30	0	0	0	0	0	0	405	NA	NA	57	"B2"	NA
"s_Blautia_A_difficilis_sv_1317"	"enterotype"	"Abundance"	"B1"	27	"B2"	30	0	0	0	0	0	0	405	NA	NA	57	"B2"	NA
"s_Adlercreutzia_rubneri_sv_1318"	"enterotype"	"Abundance"	"B1"	27	"B2"	30	0	0	0	0	0	0	405	NA	NA	57	"B2"	NA
"s_Clostridium_AQ_innocuum_sv_1319"	"enterotype"	"Abundance"	"B1"	27	"B2"	30	0	0	0	0	0	0	405	NA	NA	57	"B2"	NA
"s_Mycobacterium_tuberculosis_sv_1320"	"enterotype"	"Abundance"	"B1"	27	"B2"	30	0	0	0	0	0	0	405	NA	NA	57	"B2"	NA
"s_Streptococcus_massiliensis_sv_1321"	"enterotype"	"Abundance"	"B1"	27	"B2"	30	0	0	0	0	0	0	405	NA	NA	57	"B2"	NA
"s_Blautia_A_caecimuris_sv_1322"	"enterotype"	"Abundance"	"B1"	27	"B2"	30	0	0	0	0	0	0	405	NA	NA	57	"B2"	NA
"s_Escherichia_coli_sv_1323"	"enterotype"	"Abundance"	"B1"	27	"B2"	30	0	0	0	0	0	0	405	NA	NA	57	"B2"	NA
"s_Dialister_hominis_sv_1327"	"enterotype"	"Abundance"	"B1"	27	"B2"	30	0	0	0	0	0	0	405	NA	NA	57	"B2"	NA
"s_Roseburia_rectibacter_sv_1328"	"enterotype"	"Abundance"	"B1"	27	"B2"	30	0	0	0	0	0	0	405	NA	NA	57	"B2"	NA
"uc_uc_k_sv_1331"	"enterotype"	"Abundance"	"B1"	27	"B2"	30	0	0	0	0	0	0	405	NA	NA	57	"B2"	NA
"s_Hungatella_effluvii_sv_1333"	"enterotype"	"Abundance"	"B1"	27	"B2"	30	0	0	0	0	0	0	405	NA	NA	57	"B2"	NA
"s_Streptococcus_sp900550895_sv_1334"	"enterotype"	"Abundance"	"B1"	27	"B2"	30	0	0	0	0	0	0	405	NA	NA	57	"B2"	NA
"uc_uc_k_sv_1335"	"enterotype"	"Abundance"	"B1"	27	"B2"	30	0	0	0	0	0	0	405	NA	NA	57	"B2"	NA
"s_Collinsella_sp008014645_sv_1336"	"enterotype"	"Abundance"	"B1"	27	"B2"	30	0	0	0	0	0	0	405	NA	NA	57	"B2"	NA
"s_Gemella_haemolysans_D_sv_1337"	"enterotype"	"Abundance"	"B1"	27	"B2"	30	0	0	0	0	0	0	405	NA	NA	57	"B2"	NA
"s_Blautia_A_fusiformis_sv_1342"	"enterotype"	"Abundance"	"B1"	27	"B2"	30	0	0	0	0	0	0	405	NA	NA	57	"B2"	NA
"s_Gemmiger_formicilis_sv_1343"	"enterotype"	"Abundance"	"B1"	27	"B2"	30	0	0	0	0	0	0	405	NA	NA	57	"B2"	NA
"s_Agathobacter_rectalis_sv_1344"	"enterotype"	"Abundance"	"B1"	27	"B2"	30	0	0	0	0	0	0	405	NA	NA	57	"B2"	NA
"s_Blautia_A_luti_sv_1345"	"enterotype"	"Abundance"	"B1"	27	"B2"	30	0	0	0	0	0	0	405	NA	NA	57	"B2"	NA
"s_Blautia_A_sp900066205_sv_1346"	"enterotype"	"Abundance"	"B1"	27	"B2"	30	0	0	0	0	0	0	405	NA	NA	57	"B2"	NA
"s_Prevotella_intestinigallinarum_sv_1347"	"enterotype"	"Abundance"	"B1"	27	"B2"	30	0	0	0	0	0	0	405	NA	NA	57	"B2"	NA
"s_Holdemanella_porci_sv_1352"	"enterotype"	"Abundance"	"B1"	27	"B2"	30	0	0	0	0	0	0	405	NA	NA	57	"B2"	NA
"s_Streptococcus_parasanguinis_F_sv_1354"	"enterotype"	"Abundance"	"B1"	27	"B2"	30	0	0	0	0	0	0	405	NA	NA	57	"B2"	NA
"s_Blautia_A_wexlerae_sv_1355"	"enterotype"	"Abundance"	"B1"	27	"B2"	30	0	0	0	0	0	0	405	NA	NA	57	"B2"	NA
"s_Streptococcus_sp000187445_sv_1356"	"enterotype"	"Abundance"	"B1"	27	"B2"	30	0	0	0	0	0	0	405	NA	NA	57	"B2"	NA
"s_CAG-177_sp003514385_sv_1357"	"enterotype"	"Abundance"	"B1"	27	"B2"	30	0	0	0	0	0	0	405	NA	NA	57	"B2"	NA
"s_Absicoccus_porci_sv_1358"	"enterotype"	"Abundance"	"B1"	27	"B2"	30	0	0	0	0	0	0	405	NA	NA	57	"B2"	NA
"s_Faecalibacterium_prausnitzii_D_sv_1359"	"enterotype"	"Abundance"	"B1"	27	"B2"	30	0	0	0	0	0	0	405	NA	NA	57	"B2"	NA
"s_Streptococcus_agalactiae_sv_1360"	"enterotype"	"Abundance"	"B1"	27	"B2"	30	0	0	0	0	0	0	405	NA	NA	57	"B2"	NA
"s_Bifidobacterium_globosum_sv_1361"	"enterotype"	"Abundance"	"B1"	27	"B2"	30	0	0	0	0	0	0	405	NA	NA	57	"B2"	NA
"uc_uc_k_sv_1362"	"enterotype"	"Abundance"	"B1"	27	"B2"	30	0	0	0	0	0	0	405	NA	NA	57	"B2"	NA
"uc_g_Streptococcus_sv_1363"	"enterotype"	"Abundance"	"B1"	27	"B2"	30	0	0	0	0	0	0	405	NA	NA	57	"B2"	NA
"s_Anaerofustis_stercorihominis_A_sv_1364"	"enterotype"	"Abundance"	"B1"	27	"B2"	30	0	0	0	0	0	0	405	NA	NA	57	"B2"	NA
"uc_uc_k_sv_1366"	"enterotype"	"Abundance"	"B1"	27	"B2"	30	0	0	0	0	0	0	405	NA	NA	57	"B2"	NA
"s_Bifidobacterium_longum_sv_1370"	"enterotype"	"Abundance"	"B1"	27	"B2"	30	0	0	0	0	0	0	405	NA	NA	57	"B2"	NA
"s_Intestinibacter_bartlettii_sv_1371"	"enterotype"	"Abundance"	"B1"	27	"B2"	30	0	0	0	0	0	0	405	NA	NA	57	"B2"	NA
"s_Pauljensenia_sp001064145_sv_1372"	"enterotype"	"Abundance"	"B1"	27	"B2"	30	0	0	0	0	0	0	405	NA	NA	57	"B2"	NA
"s_Blautia_A_faecis_sv_1373"	"enterotype"	"Abundance"	"B1"	27	"B2"	30	0	0	0	0	0	0	405	NA	NA	57	"B2"	NA
"s_Intestinibacter_bartlettii_sv_1374"	"enterotype"	"Abundance"	"B1"	27	"B2"	30	0	0	0	0	0	0	405	NA	NA	57	"B2"	NA
"s_Blautia_A_wexlerae_sv_1375"	"enterotype"	"Abundance"	"B1"	27	"B2"	30	0	0	0	0	0	0	405	NA	NA	57	"B2"	NA
"s_Coprococcus_A_catus_A_sv_1376"	"enterotype"	"Abundance"	"B1"	27	"B2"	30	0	0	0	0	0	0	405	NA	NA	57	"B2"	NA
"s_Blautia_A_fusiformis_sv_1380"	"enterotype"	"Abundance"	"B1"	27	"B2"	30	0	0	0	0	0	0	405	NA	NA	57	"B2"	NA
"s_Anaerobutyricum_soehngenii_sv_1381"	"enterotype"	"Abundance"	"B1"	27	"B2"	30	0	0	0	0	0	0	405	NA	NA	57	"B2"	NA
"s_Anaerotardibacter_sp000436075_sv_1382"	"enterotype"	"Abundance"	"B1"	27	"B2"	30	0	0	0	0	0	0	405	NA	NA	57	"B2"	NA
"s_Blautia_A_faecis_sv_1383"	"enterotype"	"Abundance"	"B1"	27	"B2"	30	0	0	0	0	0	0	405	NA	NA	57	"B2"	NA
"s_Holdemanella_hominis_sv_1389"	"enterotype"	"Abundance"	"B1"	27	"B2"	30	0	0	0	0	0	0	405	NA	NA	57	"B2"	NA
"s_Mediterraneibacter_faecipullorum_sv_1390"	"enterotype"	"Abundance"	"B1"	27	"B2"	30	0	0	0	0	0	0	405	NA	NA	57	"B2"	NA
"s_Limivivens_faecihominis_sv_1391"	"enterotype"	"Abundance"	"B1"	27	"B2"	30	0	0	0	0	0	0	405	NA	NA	57	"B2"	NA
"uc_g_Collinsella_sv_1392"	"enterotype"	"Abundance"	"B1"	27	"B2"	30	0	0	0	0	0	0	405	NA	NA	57	"B2"	NA
"s_Anaerosalibacter_bizertensis_sv_1395"	"enterotype"	"Abundance"	"B1"	27	"B2"	30	0	0	0	0	0	0	405	NA	NA	57	"B2"	NA
"s_Anaerobutyricum_soehngenii_sv_1396"	"enterotype"	"Abundance"	"B1"	27	"B2"	30	0	0	0	0	0	0	405	NA	NA	57	"B2"	NA
"s_Blautia_A_faecis_sv_1397"	"enterotype"	"Abundance"	"B1"	27	"B2"	30	0	0	0	0	0	0	405	NA	NA	57	"B2"	NA
"s_Blautia_A_fusiformis_sv_1398"	"enterotype"	"Abundance"	"B1"	27	"B2"	30	0	0	0	0	0	0	405	NA	NA	57	"B2"	NA
"uc_uc_k_sv_1401"	"enterotype"	"Abundance"	"B1"	27	"B2"	30	0	0	0	0	0	0	405	NA	NA	57	"B2"	NA
"s_Gallintestinimicrobium_propionicum_sv_1402"	"enterotype"	"Abundance"	"B1"	27	"B2"	30	0	0	0	0	0	0	405	NA	NA	57	"B2"	NA
"s_Streptococcus_hominis_sv_1403"	"enterotype"	"Abundance"	"B1"	27	"B2"	30	0	0	0	0	0	0	405	NA	NA	57	"B2"	NA
"s_Gemella_sanguinis_sv_1404"	"enterotype"	"Abundance"	"B1"	27	"B2"	30	0	0	0	0	0	0	405	NA	NA	57	"B2"	NA
"s_Lactobacillus_gasseri_sv_1405"	"enterotype"	"Abundance"	"B1"	27	"B2"	30	0	0	0	0	0	0	405	NA	NA	57	"B2"	NA
"s_Scatomonas_hejianensis_sv_1409"	"enterotype"	"Abundance"	"B1"	27	"B2"	30	0	0	0	0	0	0	405	NA	NA	57	"B2"	NA
"s_Staphylococcus_epidermidis_sv_1410"	"enterotype"	"Abundance"	"B1"	27	"B2"	30	0	0	0	0	0	0	405	NA	NA	57	"B2"	NA
"s_Clostridium_AP_sp000509125_sv_1414"	"enterotype"	"Abundance"	"B1"	27	"B2"	30	0	0	0	0	0	0	405	NA	NA	57	"B2"	NA
"s_Ruminococcus_C_sp000433635_sv_1415"	"enterotype"	"Abundance"	"B1"	27	"B2"	30	0	0	0	0	0	0	405	NA	NA	57	"B2"	NA
"uc_uc_k_sv_1418"	"enterotype"	"Abundance"	"B1"	27	"B2"	30	0	0	0	0	0	0	405	NA	NA	57	"B2"	NA
"s_Clostridium_saudiense_sv_1422"	"enterotype"	"Abundance"	"B1"	27	"B2"	30	0	0	0	0	0	0	405	NA	NA	57	"B2"	NA
"s_Blautia_A_difficilis_sv_1423"	"enterotype"	"Abundance"	"B1"	27	"B2"	30	0	0	0	0	0	0	405	NA	NA	57	"B2"	NA
"s_Blautia_A_acetigignens_sv_1424"	"enterotype"	"Abundance"	"B1"	27	"B2"	30	0	0	0	0	0	0	405	NA	NA	57	"B2"	NA
"s_Hominibacterium_faecale_sv_1432"	"enterotype"	"Abundance"	"B1"	27	"B2"	30	0	0	0	0	0	0	405	NA	NA	57	"B2"	NA
"s_Scatomonas_hejianensis_sv_1433"	"enterotype"	"Abundance"	"B1"	27	"B2"	30	0	0	0	0	0	0	405	NA	NA	57	"B2"	NA
"s_Clostridium_A_leptum_sv_1435"	"enterotype"	"Abundance"	"B1"	27	"B2"	30	0	0	0	0	0	0	405	NA	NA	57	"B2"	NA
"s_Intestinibacter_bartlettii_sv_1436"	"enterotype"	"Abundance"	"B1"	27	"B2"	30	0	0	0	0	0	0	405	NA	NA	57	"B2"	NA
"s_Blautia_A_faecis_sv_1441"	"enterotype"	"Abundance"	"B1"	27	"B2"	30	0	0	0	0	0	0	405	NA	NA	57	"B2"	NA
"uc_uc_k_sv_1442"	"enterotype"	"Abundance"	"B1"	27	"B2"	30	0	0	0	0	0	0	405	NA	NA	57	"B2"	NA
"s_Parabacteroides_distasonis_sv_1445"	"enterotype"	"Abundance"	"B1"	27	"B2"	30	0	0	0	0	0	0	405	NA	NA	57	"B2"	NA
"s_Dorea_D_sp000433535_sv_1446"	"enterotype"	"Abundance"	"B1"	27	"B2"	30	0	0	0	0	0	0	405	NA	NA	57	"B2"	NA
"s_Bacillus_spizizenii_sv_1447"	"enterotype"	"Abundance"	"B1"	27	"B2"	30	0	0	0	0	0	0	405	NA	NA	57	"B2"	NA
"s_Ruminococcus_E_bromii_B_sv_1448"	"enterotype"	"Abundance"	"B1"	27	"B2"	30	0	0	0	0	0	0	405	NA	NA	57	"B2"	NA
"s_Anaerobutyricum_hallii_sv_1449"	"enterotype"	"Abundance"	"B1"	27	"B2"	30	0	0	0	0	0	0	405	NA	NA	57	"B2"	NA
"s_Bacteroides_faecis_sv_1450"	"enterotype"	"Abundance"	"B1"	27	"B2"	30	0	0	0	0	0	0	405	NA	NA	57	"B2"	NA
"s_Otoolea_fessa_sv_1451"	"enterotype"	"Abundance"	"B1"	27	"B2"	30	0	0	0	0	0	0	405	NA	NA	57	"B2"	NA
"s_Blautia_A_hydrogenotrophica_sv_1452"	"enterotype"	"Abundance"	"B1"	27	"B2"	30	0	0	0	0	0	0	405	NA	NA	57	"B2"	NA
"s_Bacteroides_caccae_sv_1453"	"enterotype"	"Abundance"	"B1"	27	"B2"	30	0	0	0	0	0	0	405	NA	NA	57	"B2"	NA
"s_Pseudomonas_E_cremoris_sv_1454"	"enterotype"	"Abundance"	"B1"	27	"B2"	30	0	0	0	0	0	0	405	NA	NA	57	"B2"	NA
"s_Streptococcus_thermophilus_sv_1455"	"enterotype"	"Abundance"	"B1"	27	"B2"	30	0	0	0	0	0	0	405	NA	NA	57	"B2"	NA
"s_Limosilactobacillus_fermentum_sv_1456"	"enterotype"	"Abundance"	"B1"	27	"B2"	30	0	0	0	0	0	0	405	NA	NA	57	"B2"	NA
"s_Peptostreptococcus_stomatis_sv_1457"	"enterotype"	"Abundance"	"B1"	27	"B2"	30	0	0	0	0	0	0	405	NA	NA	57	"B2"	NA
"s_Lentihominibacter_butyrica_sv_1458"	"enterotype"	"Abundance"	"B1"	27	"B2"	30	0	0	0	0	0	0	405	NA	NA	57	"B2"	NA
"s_Methylobacterium_sp022829465_sv_1459"	"enterotype"	"Abundance"	"B1"	27	"B2"	30	0	0	0	0	0	0	405	NA	NA	57	"B2"	NA
"s_Bradyrhizobium_sp003020075_sv_1460"	"enterotype"	"Abundance"	"B1"	27	"B2"	30	0	0	0	0	0	0	405	NA	NA	57	"B2"	NA
"s_Enterocloster_sp000431375_sv_1461"	"enterotype"	"Abundance"	"B1"	27	"B2"	30	0	0	0	0	0	0	405	NA	NA	57	"B2"	NA
"s_Veillonella_hominis_sv_1462"	"enterotype"	"Abundance"	"B1"	27	"B2"	30	0	0	0	0	0	0	405	NA	NA	57	"B2"	NA
"s_Phocaeicola_vulgatus_sv_1463"	"enterotype"	"Abundance"	"B1"	27	"B2"	30	0	0	0	0	0	0	405	NA	NA	57	"B2"	NA
"s_Bacteroides_cellulosilyticus_sv_1464"	"enterotype"	"Abundance"	"B1"	27	"B2"	30	0	0	0	0	0	0	405	NA	NA	57	"B2"	NA
"s_Otoolea_fessa_sv_1465"	"enterotype"	"Abundance"	"B1"	27	"B2"	30	0	0	0	0	0	0	405	NA	NA	57	"B2"	NA
"s_Escherichia_coli_sv_1466"	"enterotype"	"Abundance"	"B1"	27	"B2"	30	0	0	0	0	0	0	405	NA	NA	57	"B2"	NA
"s_Gemmiger_qucibialis_sv_1467"	"enterotype"	"Abundance"	"B1"	27	"B2"	30	0	0	0	0	0	0	405	NA	NA	57	"B2"	NA
"s_Blautia_A_wexlerae_sv_1468"	"enterotype"	"Abundance"	"B1"	27	"B2"	30	0	0	0	0	0	0	405	NA	NA	57	"B2"	NA
"s_Ruminococcus_E_bromii_B_sv_1469"	"enterotype"	"Abundance"	"B1"	27	"B2"	30	0	0	0	0	0	0	405	NA	NA	57	"B2"	NA
"s_Blautia_A_wexlerae_sv_1470"	"enterotype"	"Abundance"	"B1"	27	"B2"	30	0	0	0	0	0	0	405	NA	NA	57	"B2"	NA
"s_Salmonella_enterica_sv_1471"	"enterotype"	"Abundance"	"B1"	27	"B2"	30	0	0	0	0	0	0	405	NA	NA	57	"B2"	NA
"s_Escherichia_coli_sv_1472"	"enterotype"	"Abundance"	"B1"	27	"B2"	30	0	0	0	0	0	0	405	NA	NA	57	"B2"	NA
"s_Enterocloster_aldenensis_sv_1473"	"enterotype"	"Abundance"	"B1"	27	"B2"	30	0	0	0	0	0	0	405	NA	NA	57	"B2"	NA
"s_Bacteroides_xylanisolvens_sv_1474"	"enterotype"	"Abundance"	"B1"	27	"B2"	30	0	0	0	0	0	0	405	NA	NA	57	"B2"	NA
"s_CAG-349_sp003539515_sv_1475"	"enterotype"	"Abundance"	"B1"	27	"B2"	30	0	0	0	0	0	0	405	NA	NA	57	"B2"	NA
"s_Blautia_A_faecis_sv_1476"	"enterotype"	"Abundance"	"B1"	27	"B2"	30	0	0	0	0	0	0	405	NA	NA	57	"B2"	NA
"s_Veillonella_parvula_A_sv_1477"	"enterotype"	"Abundance"	"B1"	27	"B2"	30	0	0	0	0	0	0	405	NA	NA	57	"B2"	NA
"s_Phocaeicola_vulgatus_sv_1478"	"enterotype"	"Abundance"	"B1"	27	"B2"	30	0	0	0	0	0	0	405	NA	NA	57	"B2"	NA
"s_Klebsiella_ornithinolytica_sv_1479"	"enterotype"	"Abundance"	"B1"	27	"B2"	30	0	0	0	0	0	0	405	NA	NA	57	"B2"	NA
"s_Avimicrobium_caecorum_sv_1480"	"enterotype"	"Abundance"	"B1"	27	"B2"	30	0	0	0	0	0	0	405	NA	NA	57	"B2"	NA
"s_Alitiscatomonas_sp900066785_sv_1481"	"enterotype"	"Abundance"	"B1"	27	"B2"	30	0	0	0	0	0	0	405	NA	NA	57	"B2"	NA
"s_Blautia_A_wexlerae_sv_1482"	"enterotype"	"Abundance"	"B1"	27	"B2"	30	0	0	0	0	0	0	405	NA	NA	57	"B2"	NA
"s_Blautia_A_faecis_sv_1483"	"enterotype"	"Abundance"	"B1"	27	"B2"	30	0	0	0	0	0	0	405	NA	NA	57	"B2"	NA
"s_Escherichia_coli_sv_1484"	"enterotype"	"Abundance"	"B1"	27	"B2"	30	0	0	0	0	0	0	405	NA	NA	57	"B2"	NA
"s_Eubacterium_callanderi_sv_1485"	"enterotype"	"Abundance"	"B1"	27	"B2"	30	0	0	0	0	0	0	405	NA	NA	57	"B2"	NA
"s_Escherichia_coli_sv_1486"	"enterotype"	"Abundance"	"B1"	27	"B2"	30	0	0	0	0	0	0	405	NA	NA	57	"B2"	NA
"s_Bacteroides_uniformis_sv_1487"	"enterotype"	"Abundance"	"B1"	27	"B2"	30	0	0	0	0	0	0	405	NA	NA	57	"B2"	NA
"s_UBA11452_sp003526375_sv_1488"	"enterotype"	"Abundance"	"B1"	27	"B2"	30	0	0	0	0	0	0	405	NA	NA	57	"B2"	NA
"s_Sutterella_wadsworthensis_sv_1489"	"enterotype"	"Abundance"	"B1"	27	"B2"	30	0	0	0	0	0	0	405	NA	NA	57	"B2"	NA
"s_Bacillus_spizizenii_sv_1490"	"enterotype"	"Abundance"	"B1"	27	"B2"	30	0	0	0	0	0	0	405	NA	NA	57	"B2"	NA
"s_Enterocloster_sp000431375_sv_1491"	"enterotype"	"Abundance"	"B1"	27	"B2"	30	0	0	0	0	0	0	405	NA	NA	57	"B2"	NA
"s_Bacteroides_xylanisolvens_sv_1492"	"enterotype"	"Abundance"	"B1"	27	"B2"	30	0	0	0	0	0	0	405	NA	NA	57	"B2"	NA
"s_Gemmiger_formicilis_sv_1493"	"enterotype"	"Abundance"	"B1"	27	"B2"	30	0	0	0	0	0	0	405	NA	NA	57	"B2"	NA
"s_Bacteroides_uniformis_sv_1494"	"enterotype"	"Abundance"	"B1"	27	"B2"	30	0	0	0	0	0	0	405	NA	NA	57	"B2"	NA
"s_Staphylococcus_equorum_A_sv_1495"	"enterotype"	"Abundance"	"B1"	27	"B2"	30	0	0	0	0	0	0	405	NA	NA	57	"B2"	NA
"s_Staphylococcus_equorum_sv_1496"	"enterotype"	"Abundance"	"B1"	27	"B2"	30	0	0	0	0	0	0	405	NA	NA	57	"B2"	NA
"s_Agathobaculum_butyriciproducens_sv_1497"	"enterotype"	"Abundance"	"B1"	27	"B2"	30	0	0	0	0	0	0	405	NA	NA	57	"B2"	NA
"s_Mediterraneibacter_torques_sv_1498"	"enterotype"	"Abundance"	"B1"	27	"B2"	30	0	0	0	0	0	0	405	NA	NA	57	"B2"	NA
"s_Bacillus_spizizenii_sv_1499"	"enterotype"	"Abundance"	"B1"	27	"B2"	30	0	0	0	0	0	0	405	NA	NA	57	"B2"	NA
"s_Bacillus_spizizenii_sv_1500"	"enterotype"	"Abundance"	"B1"	27	"B2"	30	0	0	0	0	0	0	405	NA	NA	57	"B2"	NA
"s_Staphylococcus_epidermidis_sv_1501"	"enterotype"	"Abundance"	"B1"	27	"B2"	30	0	0	0	0	0	0	405	NA	NA	57	"B2"	NA
"s_Enterocloster_sp000431375_sv_1502"	"enterotype"	"Abundance"	"B1"	27	"B2"	30	0	0	0	0	0	0	405	NA	NA	57	"B2"	NA
"s_Limosilactobacillus_fermentum_sv_1503"	"enterotype"	"Abundance"	"B1"	27	"B2"	30	0	0	0	0	0	0	405	NA	NA	57	"B2"	NA
"s_Limosilactobacillus_fermentum_sv_1504"	"enterotype"	"Abundance"	"B1"	27	"B2"	30	0	0	0	0	0	0	405	NA	NA	57	"B2"	NA
"s_Negativibacillus_massiliensis_sv_1505"	"enterotype"	"Abundance"	"B1"	27	"B2"	30	0	0	0	0	0	0	405	NA	NA	57	"B2"	NA
"s_Sellimonas_intestinalis_sv_1506"	"enterotype"	"Abundance"	"B1"	27	"B2"	30	0	0	0	0	0	0	405	NA	NA	57	"B2"	NA
"s_Bacillus_spizizenii_sv_1507"	"enterotype"	"Abundance"	"B1"	27	"B2"	30	0	0	0	0	0	0	405	NA	NA	57	"B2"	NA
"uc_uc_k_sv_1508"	"enterotype"	"Abundance"	"B1"	27	"B2"	30	0	0	0	0	0	0	405	NA	NA	57	"B2"	NA
"s_Staphylococcus_aureus_sv_1509"	"enterotype"	"Abundance"	"B1"	27	"B2"	30	0	0	0	0	0	0	405	NA	NA	57	"B2"	NA
"s_Limosilactobacillus_fermentum_sv_1510"	"enterotype"	"Abundance"	"B1"	27	"B2"	30	0	0	0	0	0	0	405	NA	NA	57	"B2"	NA
"s_Blautia_A_faecis_sv_1511"	"enterotype"	"Abundance"	"B1"	27	"B2"	30	0	0	0	0	0	0	405	NA	NA	57	"B2"	NA
"s_Avimicrobium_caecorum_sv_1512"	"enterotype"	"Abundance"	"B1"	27	"B2"	30	0	0	0	0	0	0	405	NA	NA	57	"B2"	NA
"uc_uc_k_sv_1513"	"enterotype"	"Abundance"	"B1"	27	"B2"	30	0	0	0	0	0	0	405	NA	NA	57	"B2"	NA
"s_Salmonella_enterica_sv_1514"	"enterotype"	"Abundance"	"B1"	27	"B2"	30	0	0	0	0	0	0	405	NA	NA	57	"B2"	NA
"s_Blautia_A_sp905206915_sv_1515"	"enterotype"	"Abundance"	"B1"	27	"B2"	30	0	0	0	0	0	0	405	NA	NA	57	"B2"	NA
"s_Gemmiger_formicilis_sv_1516"	"enterotype"	"Abundance"	"B1"	27	"B2"	30	0	0	0	0	0	0	405	NA	NA	57	"B2"	NA
"s_Listeria_monocytogenes_B_sv_1517"	"enterotype"	"Abundance"	"B1"	27	"B2"	30	0	0	0	0	0	0	405	NA	NA	57	"B2"	NA
"s_Sarcina_perfringens_sv_1518"	"enterotype"	"Abundance"	"B1"	27	"B2"	30	0	0	0	0	0	0	405	NA	NA	57	"B2"	NA
"s_Escherichia_coli_sv_1519"	"enterotype"	"Abundance"	"B1"	27	"B2"	30	0	0	0	0	0	0	405	NA	NA	57	"B2"	NA
"s_Sphingomonas_sp000797515_sv_1520"	"enterotype"	"Abundance"	"B1"	27	"B2"	30	0	0	0	0	0	0	405	NA	NA	57	"B2"	NA
"s_Eisenbergiella_porci_sv_1521"	"enterotype"	"Abundance"	"B1"	27	"B2"	30	0	0	0	0	0	0	405	NA	NA	57	"B2"	NA
"s_Brotaphodocola_sp003478505_sv_1522"	"enterotype"	"Abundance"	"B1"	27	"B2"	30	0	0	0	0	0	0	405	NA	NA	57	"B2"	NA
"s_CAG-307_sp900547045_sv_1523"	"enterotype"	"Abundance"	"B1"	27	"B2"	30	0	0	0	0	0	0	405	NA	NA	57	"B2"	NA
"s_Parabacteroides_distasonis_sv_1524"	"enterotype"	"Abundance"	"B1"	27	"B2"	30	0	0	0	0	0	0	405	NA	NA	57	"B2"	NA
"s_Parabacteroides_merdae_sv_1525"	"enterotype"	"Abundance"	"B1"	27	"B2"	30	0	0	0	0	0	0	405	NA	NA	57	"B2"	NA
"s_Blautia_A_wexlerae_sv_1526"	"enterotype"	"Abundance"	"B1"	27	"B2"	30	0	0	0	0	0	0	405	NA	NA	57	"B2"	NA
"s_Listeria_monocytogenes_B_sv_1527"	"enterotype"	"Abundance"	"B1"	27	"B2"	30	0	0	0	0	0	0	405	NA	NA	57	"B2"	NA
"s_Phocaeicola_vulgatus_sv_1528"	"enterotype"	"Abundance"	"B1"	27	"B2"	30	0	0	0	0	0	0	405	NA	NA	57	"B2"	NA
"s_CAG-345_sp000433315_sv_1529"	"enterotype"	"Abundance"	"B1"	27	"B2"	30	0	0	0	0	0	0	405	NA	NA	57	"B2"	NA
"s_Clostridium_AQ_innocuum_sv_1530"	"enterotype"	"Abundance"	"B1"	27	"B2"	30	0	0	0	0	0	0	405	NA	NA	57	"B2"	NA
"s_Bacteroides_uniformis_sv_1531"	"enterotype"	"Abundance"	"B1"	27	"B2"	30	0	0	0	0	0	0	405	NA	NA	57	"B2"	NA
"s_Agathobaculum_butyriciproducens_sv_1532"	"enterotype"	"Abundance"	"B1"	27	"B2"	30	0	0	0	0	0	0	405	NA	NA	57	"B2"	NA
"s_Alitiscatomonas_sp900066785_sv_1533"	"enterotype"	"Abundance"	"B1"	27	"B2"	30	0	0	0	0	0	0	405	NA	NA	57	"B2"	NA
"s_Lentihominibacter_faecis_sv_1534"	"enterotype"	"Abundance"	"B1"	27	"B2"	30	0	0	0	0	0	0	405	NA	NA	57	"B2"	NA
"s_Clostridium_paraputrificum_sv_1535"	"enterotype"	"Abundance"	"B1"	27	"B2"	30	0	0	0	0	0	0	405	NA	NA	57	"B2"	NA
"s_Bacteroides_faecis_sv_1536"	"enterotype"	"Abundance"	"B1"	27	"B2"	30	0	0	0	0	0	0	405	NA	NA	57	"B2"	NA
"s_Enterocloster_sp000431375_sv_1537"	"enterotype"	"Abundance"	"B1"	27	"B2"	30	0	0	0	0	0	0	405	NA	NA	57	"B2"	NA
"s_Sutterella_wadsworthensis_sv_1538"	"enterotype"	"Abundance"	"B1"	27	"B2"	30	0	0	0	0	0	0	405	NA	NA	57	"B2"	NA
"s_Friedmanniella_luteola_sv_1539"	"enterotype"	"Abundance"	"B1"	27	"B2"	30	0	0	0	0	0	0	405	NA	NA	57	"B2"	NA
"s_Ruminococcus_E_bromii_B_sv_1540"	"enterotype"	"Abundance"	"B1"	27	"B2"	30	0	0	0	0	0	0	405	NA	NA	57	"B2"	NA
"s_Gemmiger_formicilis_sv_1541"	"enterotype"	"Abundance"	"B1"	27	"B2"	30	0	0	0	0	0	0	405	NA	NA	57	"B2"	NA
"s_Pseudomonas_aeruginosa_sv_1542"	"enterotype"	"Abundance"	"B1"	27	"B2"	30	0	0	0	0	0	0	405	NA	NA	57	"B2"	NA
"s_Streptococcus_thermophilus_sv_1543"	"enterotype"	"Abundance"	"B1"	27	"B2"	30	0	0	0	0	0	0	405	NA	NA	57	"B2"	NA
"s_Parabacteroides_distasonis_sv_1544"	"enterotype"	"Abundance"	"B1"	27	"B2"	30	0	0	0	0	0	0	405	NA	NA	57	"B2"	NA
"s_Escherichia_coli_sv_1545"	"enterotype"	"Abundance"	"B1"	27	"B2"	30	0	0	0	0	0	0	405	NA	NA	57	"B2"	NA
"s_Bacillus_spizizenii_sv_1546"	"enterotype"	"Abundance"	"B1"	27	"B2"	30	0	0	0	0	0	0	405	NA	NA	57	"B2"	NA
"s_Lachnoclostridium_B_faecipullorum_sv_1547"	"enterotype"	"Abundance"	"B1"	27	"B2"	30	0	0	0	0	0	0	405	NA	NA	57	"B2"	NA
"s_Bacteroides_xylanisolvens_sv_1548"	"enterotype"	"Abundance"	"B1"	27	"B2"	30	0	0	0	0	0	0	405	NA	NA	57	"B2"	NA
"uc_uc_k_sv_1549"	"enterotype"	"Abundance"	"B1"	27	"B2"	30	0	0	0	0	0	0	405	NA	NA	57	"B2"	NA
"s_Blautia_A_wexlerae_sv_1550"	"enterotype"	"Abundance"	"B1"	27	"B2"	30	0	0	0	0	0	0	405	NA	NA	57	"B2"	NA
"s_Massiliimalia_timonensis_sv_1551"	"enterotype"	"Abundance"	"B1"	27	"B2"	30	0	0	0	0	0	0	405	NA	NA	57	"B2"	NA
"s_Desulfovibrio_piger_A_sv_1552"	"enterotype"	"Abundance"	"B1"	27	"B2"	30	0	0	0	0	0	0	405	NA	NA	57	"B2"	NA
"s_Gemmiger_formicilis_sv_1553"	"enterotype"	"Abundance"	"B1"	27	"B2"	30	0	0	0	0	0	0	405	NA	NA	57	"B2"	NA
"s_Sutterella_wadsworthensis_A_sv_1554"	"enterotype"	"Abundance"	"B1"	27	"B2"	30	0	0	0	0	0	0	405	NA	NA	57	"B2"	NA
"s_Gemmiger_qucibialis_sv_1555"	"enterotype"	"Abundance"	"B1"	27	"B2"	30	0	0	0	0	0	0	405	NA	NA	57	"B2"	NA
"s_Collinsella_stercoripullorum_sv_1556"	"enterotype"	"Abundance"	"B1"	27	"B2"	30	0	0	0	0	0	0	405	NA	NA	57	"B2"	NA
"uc_uc_k_sv_1557"	"enterotype"	"Abundance"	"B1"	27	"B2"	30	0	0	0	0	0	0	405	NA	NA	57	"B2"	NA
"s_Agathobaculum_butyriciproducens_sv_1558"	"enterotype"	"Abundance"	"B1"	27	"B2"	30	0	0	0	0	0	0	405	NA	NA	57	"B2"	NA
"s_Pelomonas_aquatica_sv_1559"	"enterotype"	"Abundance"	"B1"	27	"B2"	30	0	0	0	0	0	0	405	NA	NA	57	"B2"	NA
"s_Bacteroides_xylanisolvens_sv_1560"	"enterotype"	"Abundance"	"B1"	27	"B2"	30	0	0	0	0	0	0	405	NA	NA	57	"B2"	NA
"s_Barnesiella_intestinihominis_sv_1561"	"enterotype"	"Abundance"	"B1"	27	"B2"	30	0	0	0	0	0	0	405	NA	NA	57	"B2"	NA
"s_Protoclostridium_sp910587025_sv_1562"	"enterotype"	"Abundance"	"B1"	27	"B2"	30	0	0	0	0	0	0	405	NA	NA	57	"B2"	NA
"uc_uc_k_sv_1563"	"enterotype"	"Abundance"	"B1"	27	"B2"	30	0	0	0	0	0	0	405	NA	NA	57	"B2"	NA
"s_Blautia_A_faecis_sv_1564"	"enterotype"	"Abundance"	"B1"	27	"B2"	30	0	0	0	0	0	0	405	NA	NA	57	"B2"	NA
"s_Ureibacillus_sp005491425_sv_1565"	"enterotype"	"Abundance"	"B1"	27	"B2"	30	0	0	0	0	0	0	405	NA	NA	57	"B2"	NA
"s_Parabacteroides_distasonis_sv_1566"	"enterotype"	"Abundance"	"B1"	27	"B2"	30	0	0	0	0	0	0	405	NA	NA	57	"B2"	NA
"s_Limosilactobacillus_fermentum_sv_1567"	"enterotype"	"Abundance"	"B1"	27	"B2"	30	0	0	0	0	0	0	405	NA	NA	57	"B2"	NA
"s_Butyricimonas_paravirosa_sv_1568"	"enterotype"	"Abundance"	"B1"	27	"B2"	30	0	0	0	0	0	0	405	NA	NA	57	"B2"	NA
"s_Odoribacter_splanchnicus_sv_1569"	"enterotype"	"Abundance"	"B1"	27	"B2"	30	0	0	0	0	0	0	405	NA	NA	57	"B2"	NA
"s_Bifidobacterium_pseudocatenulatum_sv_1570"	"enterotype"	"Abundance"	"B1"	27	"B2"	30	0	0	0	0	0	0	405	NA	NA	57	"B2"	NA
"s_Bacteroides_uniformis_sv_1571"	"enterotype"	"Abundance"	"B1"	27	"B2"	30	0	0	0	0	0	0	405	NA	NA	57	"B2"	NA
"s_Listeria_monocytogenes_sv_1572"	"enterotype"	"Abundance"	"B1"	27	"B2"	30	0	0	0	0	0	0	405	NA	NA	57	"B2"	NA
"s_Duodenibacillus_intestinigallinarum_sv_1573"	"enterotype"	"Abundance"	"B1"	27	"B2"	30	0	0	0	0	0	0	405	NA	NA	57	"B2"	NA
"s_Marmoricola_sp001424755_sv_1574"	"enterotype"	"Abundance"	"B1"	27	"B2"	30	0	0	0	0	0	0	405	NA	NA	57	"B2"	NA
"s_Enterocloster_sp000431375_sv_1575"	"enterotype"	"Abundance"	"B1"	27	"B2"	30	0	0	0	0	0	0	405	NA	NA	57	"B2"	NA
"s_Parabacteroides_goldsteinii_sv_1576"	"enterotype"	"Abundance"	"B1"	27	"B2"	30	0	0	0	0	0	0	405	NA	NA	57	"B2"	NA
"s_Lautropia_mirabilis_sv_1577"	"enterotype"	"Abundance"	"B1"	27	"B2"	30	0	0	0	0	0	0	405	NA	NA	57	"B2"	NA
"s_Flavonifractor_plautii_sv_1578"	"enterotype"	"Abundance"	"B1"	27	"B2"	30	0	0	0	0	0	0	405	NA	NA	57	"B2"	NA
"s_Absicoccus_sp000434355_sv_1579"	"enterotype"	"Abundance"	"B1"	27	"B2"	30	0	0	0	0	0	0	405	NA	NA	57	"B2"	NA
"s_Bacteroides_uniformis_sv_1580"	"enterotype"	"Abundance"	"B1"	27	"B2"	30	0	0	0	0	0	0	405	NA	NA	57	"B2"	NA
"s_JABXKX01_sp022496765_sv_1581"	"enterotype"	"Abundance"	"B1"	27	"B2"	30	0	0	0	0	0	0	405	NA	NA	57	"B2"	NA
"s_Blautia_A_wexlerae_sv_1582"	"enterotype"	"Abundance"	"B1"	27	"B2"	30	0	0	0	0	0	0	405	NA	NA	57	"B2"	NA
"s_Bacteroides_uniformis_sv_1583"	"enterotype"	"Abundance"	"B1"	27	"B2"	30	0	0	0	0	0	0	405	NA	NA	57	"B2"	NA
"s_Barnesiella_intestinihominis_sv_1584"	"enterotype"	"Abundance"	"B1"	27	"B2"	30	0	0	0	0	0	0	405	NA	NA	57	"B2"	NA
"s_Parabacteroides_distasonis_sv_1585"	"enterotype"	"Abundance"	"B1"	27	"B2"	30	0	0	0	0	0	0	405	NA	NA	57	"B2"	NA
"s_Staphylococcus_aureus_sv_1586"	"enterotype"	"Abundance"	"B1"	27	"B2"	30	0	0	0	0	0	0	405	NA	NA	57	"B2"	NA
"s_Staphylococcus_aureus_sv_1587"	"enterotype"	"Abundance"	"B1"	27	"B2"	30	0	0	0	0	0	0	405	NA	NA	57	"B2"	NA
"s_Lawsonibacter_sp000177015_sv_1588"	"enterotype"	"Abundance"	"B1"	27	"B2"	30	0	0	0	0	0	0	405	NA	NA	57	"B2"	NA
"s_Phocaeicola_vulgatus_sv_1589"	"enterotype"	"Abundance"	"B1"	27	"B2"	30	0	0	0	0	0	0	405	NA	NA	57	"B2"	NA
"uc_g_Collinsella_sv_1590"	"enterotype"	"Abundance"	"B1"	27	"B2"	30	0	0	0	0	0	0	405	NA	NA	57	"B2"	NA
"s_Bacteroides_faecis_sv_1591"	"enterotype"	"Abundance"	"B1"	27	"B2"	30	0	0	0	0	0	0	405	NA	NA	57	"B2"	NA
"s_Clostridium_paraputrificum_sv_1592"	"enterotype"	"Abundance"	"B1"	27	"B2"	30	0	0	0	0	0	0	405	NA	NA	57	"B2"	NA
"s_Gemmiger_qucibialis_sv_1593"	"enterotype"	"Abundance"	"B1"	27	"B2"	30	0	0	0	0	0	0	405	NA	NA	57	"B2"	NA
"s_Agathobaculum_butyriciproducens_sv_1594"	"enterotype"	"Abundance"	"B1"	27	"B2"	30	0	0	0	0	0	0	405	NA	NA	57	"B2"	NA
"s_Dysosmobacter_welbionis_sv_1595"	"enterotype"	"Abundance"	"B1"	27	"B2"	30	0	0	0	0	0	0	405	NA	NA	57	"B2"	NA
"s_Blautia_A_faecis_sv_1596"	"enterotype"	"Abundance"	"B1"	27	"B2"	30	0	0	0	0	0	0	405	NA	NA	57	"B2"	NA
"s_Lawsonibacter_asaccharolyticus_sv_1597"	"enterotype"	"Abundance"	"B1"	27	"B2"	30	0	0	0	0	0	0	405	NA	NA	57	"B2"	NA
"s_Bacteroides_uniformis_sv_1598"	"enterotype"	"Abundance"	"B1"	27	"B2"	30	0	0	0	0	0	0	405	NA	NA	57	"B2"	NA
"s_Enterocloster_sp000431375_sv_1599"	"enterotype"	"Abundance"	"B1"	27	"B2"	30	0	0	0	0	0	0	405	NA	NA	57	"B2"	NA
"s_Phocaeicola_vulgatus_sv_1600"	"enterotype"	"Abundance"	"B1"	27	"B2"	30	0	0	0	0	0	0	405	NA	NA	57	"B2"	NA
"s_Peptostreptococcus_stomatis_sv_1601"	"enterotype"	"Abundance"	"B1"	27	"B2"	30	0	0	0	0	0	0	405	NA	NA	57	"B2"	NA
"s_Macrococcus_B_bohemicus_sv_1602"	"enterotype"	"Abundance"	"B1"	27	"B2"	30	0	0	0	0	0	0	405	NA	NA	57	"B2"	NA
"s_Gemmiger_sp900540595_sv_1603"	"enterotype"	"Abundance"	"B1"	27	"B2"	30	0	0	0	0	0	0	405	NA	NA	57	"B2"	NA
"s_Otoolea_fessa_sv_1604"	"enterotype"	"Abundance"	"B1"	27	"B2"	30	0	0	0	0	0	0	405	NA	NA	57	"B2"	NA
"s_Blautia_A_faecis_sv_1605"	"enterotype"	"Abundance"	"B1"	27	"B2"	30	0	0	0	0	0	0	405	NA	NA	57	"B2"	NA
"s_Otoolea_fessa_sv_1606"	"enterotype"	"Abundance"	"B1"	27	"B2"	30	0	0	0	0	0	0	405	NA	NA	57	"B2"	NA
"s_Ruminococcus_B_gnavus_sv_1607"	"enterotype"	"Abundance"	"B1"	27	"B2"	30	0	0	0	0	0	0	405	NA	NA	57	"B2"	NA
"s_Ruminococcus_B_gnavus_sv_1608"	"enterotype"	"Abundance"	"B1"	27	"B2"	30	0	0	0	0	0	0	405	NA	NA	57	"B2"	NA
"s_Instestinimonas_A_celer_sv_1609"	"enterotype"	"Abundance"	"B1"	27	"B2"	30	0	0	0	0	0	0	405	NA	NA	57	"B2"	NA
"s_Enterocloster_sp000431375_sv_1610"	"enterotype"	"Abundance"	"B1"	27	"B2"	30	0	0	0	0	0	0	405	NA	NA	57	"B2"	NA
"s_Bacteroides_eggerthii_sv_1611"	"enterotype"	"Abundance"	"B1"	27	"B2"	30	0	0	0	0	0	0	405	NA	NA	57	"B2"	NA
"uc_uc_k_sv_1612"	"enterotype"	"Abundance"	"B1"	27	"B2"	30	0	0	0	0	0	0	405	NA	NA	57	"B2"	NA
"s_Otoolea_fessa_sv_1613"	"enterotype"	"Abundance"	"B1"	27	"B2"	30	0	0	0	0	0	0	405	NA	NA	57	"B2"	NA
"s_Intestinimonas_butyriciproducens_sv_1614"	"enterotype"	"Abundance"	"B1"	27	"B2"	30	0	0	0	0	0	0	405	NA	NA	57	"B2"	NA
