Feature	we.ep	we.eBH	wi.ep	wi.eBH	rab.all	rab.win.Non_responder	rab.win.Responder	diff.btw	diff.win	effect	overlap
Clostridiales_species_incertae_sedis__meta_mOTU_v25_12563_	0.0162677680266577	0.382429850984657	0.00747443588980262	0.229018103353912	3.3456116784243	2.17429818140704	3.69267959831076	1.56713167616389	2.49812057321258	0.563888640611455	0.221333359949164
Faecalibacterium_prausnitzii__ref_mOTU_v25_06108_	0.0174707945916515	0.470361464651708	0.00555316227310815	0.346284984008265	6.51663388581228	4.35744459819413	6.77632233948182	2.09807304066397	3.12282539311954	0.53799024377002	0.273534654605705
Clostridiales_species_incertae_sedis__meta_mOTU_v25_12288_	0.0384185012808596	0.509146969553415	0.0212595864275848	0.393974879340625	2.50095291392162	1.24533186336447	2.83498261620171	1.82373810750451	3.74827276170066	0.410955140423335	0.28241564819262
Lachnospiraceae_species_incertae_sedis__meta_mOTU_v25_12240_	0.0358265958242845	0.541816266203245	0.0191688442307602	0.436097817061582	5.84756198829374	5.22213976116424	6.05560701625755	1.15867849137309	2.64008175860345	0.376044718922719	0.296888904905451
Faecalibacterium_prausnitzii__ref_mOTU_v25_06109_	0.0398321220515818	0.55642355224227	0.0102259181081776	0.388024452161278	6.15317138864847	4.4693425417055	6.3480873271006	1.88684504614506	3.38276801664383	0.45702532973252	0.280000017963281
Intestinimonas_massiliensis__ref_mOTU_v25_02970_	0.150484171076614	0.57235353101034	0.0967002044880027	0.510722454719773	-0.627749794551352	0.851634779008372	-0.957959542606557	-1.794718458232	4.31211959459301	-0.388163426000506	0.322666680023004
Clostridium_sp__AT4__meta_mOTU_v25_12609_	0.117550689915644	0.572828684418616	0.0941977291217332	0.535948177162839	-0.657775884193771	0.781699361360652	-1.04650018866684	-2.16517008827925	5.34300036872062	-0.3818456307036	0.320888902418352
Faecalibacterium_prausnitzii__ref_mOTU_v25_06110_	0.0455597983493256	0.573382009231044	0.012732775564982	0.403384883502342	6.57928252169438	5.41858404007325	6.91721073643916	1.44925177068267	2.93389390307585	0.398210445621754	0.289777794591846
Clostridiales_species_incertae_sedis__meta_mOTU_v25_12356_	0.0728544392786639	0.574215903695299	0.0404186085758915	0.439388717676874	2.5867662809547	1.5501484093311	2.84347034759724	1.4434298073682	2.88267515915638	0.408911359937524	0.285333350661878
Oscillibacter_species_incertae_sedis__ext_mOTU_v26_16208_	0.158213129322124	0.595839316157319	0.0998487992750294	0.582811436418979	0.465209539470394	1.58565412659257	0.120557085648747	-1.45798100130821	3.83978345972629	-0.30791133762816	0.331261113759467
Faecalibacterium_species_incertae_sedis__meta_mOTU_v25_12331_	0.081082205511364	0.603717447725822	0.0422583627322703	0.490277085038244	2.82557369634668	0.97432791268433	3.29825988209267	2.23045485320647	4.49394681162809	0.431758790867209	0.308170529882203
Barnesiella_intestinihominis__ref_mOTU_v25_03595_	0.143221748132131	0.616483626632794	0.0369066135037359	0.502297373194625	3.8044245218378	4.60024809391396	3.3291506187943	-1.11536287474291	2.89846180290723	-0.32605376549977	0.309333348023715
Oscillibacter_species_incertae_sedis__ext_mOTU_v26_26586_	0.199568987458919	0.620453895308624	0.135759047177571	0.579848578814655	-0.686695831249673	0.560338447029321	-0.99971757597676	-1.52512040448803	3.94236403284092	-0.33835234480038	0.337477809457296
Clostridiales_species_incertae_sedis__meta_mOTU_v25_12556_	0.126910705154419	0.621089249704928	0.0934426448386378	0.556470492791066	0.811624821423281	-0.380296039384911	1.16815125535062	1.82911941578713	4.47081057056967	0.368802749600693	0.335111123292787
Clostridiales_species_incertae_sedis__meta_mOTU_v25_12252_	0.0811553627272318	0.630058309700089	0.0560013218862119	0.549134386828636	3.47097095178831	2.40511079576556	3.87728368081676	1.54354049129921	3.98568332560047	0.354203573308803	0.324444457629037
Methanobrevibacter_smithii__ref_mOTU_v25_03695_	0.184926611886412	0.650706452408353	0.15157586460241	0.656986899096612	0.698276817265329	2.08552029075035	0.30174271769215	-1.5273355728544	4.7597803550436	-0.277508768300098	0.373333342245485
Clostridiales_species_incertae_sedis__meta_mOTU_v25_12786_	0.126273431510533	0.653295648953445	0.0900991400481251	0.540730895196052	2.38333766272231	1.33315649874596	2.5822852078512	1.1111256667454	2.82526319141875	0.317177046892715	0.325932517459222
Anaerotruncus_sp__CAG_528__ref_mOTU_v25_07590_	0.210009578667197	0.659844163141675	0.179474697981742	0.62045931306179	-1.01631447105893	0.0588126759619989	-1.27644430314872	-1.73198537753475	4.90862742036006	-0.336226817242623	0.346358803335984
Coprococcus_catus__ref_mOTU_v25_11851_	0.108733114307929	0.660089422586254	0.0802075932592979	0.578962663295781	3.50766295931093	2.73035117770464	3.66057584205797	0.92393852679286	2.75758451971084	0.273062956051377	0.333333345679008
Eggerthella_species_incertae_sedis__meta_mOTU_v25_12316_	0.17671523039614	0.661860035377629	0.134231571527071	0.613188634887977	0.434104692043422	-0.737778220503595	0.946656704704135	1.7824245020465	4.80869548024765	0.322198091502187	0.352000010680648
Clostridiales_species_incertae_sedis__meta_mOTU_v25_13923_	0.268179116952122	0.661969377933649	0.202479392130037	0.631306273290468	-0.428518331475428	0.574191816177677	-0.710538237872243	-1.20970739997406	3.88066891845192	-0.276654976352031	0.353777788305987
Roseburia_species_incertae_sedis__meta_mOTU_v25_12366_	0.113861301048627	0.671662303696667	0.0510208659741192	0.546354195956103	4.13570101294043	1.79338383520966	4.88394391822015	2.17535275532539	5.78571138026166	0.371505593112511	0.31022223682101
Roseburia_faecis__ref_mOTU_v25_00859_	0.236615864942617	0.678485494736011	0.19397738457916	0.658666111924217	-0.751964387512673	0.37171979330003	-1.01721083710768	-1.53224786626587	4.62163613219748	-0.281556558732912	0.370666675793073
Bacteroides_clarus__ref_mOTU_v25_01578_	0.230471302203893	0.680961103528997	0.180246677652449	0.653866639925291	0.00107497307522308	0.999939235272183	-0.224163904478536	-1.58259619042599	4.87964506387229	-0.281816674852051	0.372113685725719
Clostridiales_species_incertae_sedis__meta_mOTU_v25_12411_	0.198070513119625	0.682230304808007	0.192456450440646	0.669511090287775	0.387678768472729	-0.585240097209056	0.730109564880628	1.77492720418175	4.82452868930174	0.344131801038993	0.341333344950357
Bacteroides_species_incertae_sedis__ext_mOTU_v26_18052_	0.227904701631409	0.687511604707742	0.17759522734722	0.677130571859012	0.173707903550022	1.34068623632012	-0.215566428720484	-1.32228364397413	4.64316153015714	-0.257178103311871	0.36500889056476
Collinsella_aerofaciens__ref_mOTU_v25_03626_	0.130874997361215	0.691912464523249	0.0445561438664648	0.525945744013325	4.26823245111915	3.52549236212215	4.60209860247517	1.28765262466078	3.12120031973277	0.331071446287405	0.316444458412945
Roseburia_inulinivorans__ref_mOTU_v25_00860_	0.128880931172252	0.696394048098661	0.116654318773549	0.660517675746649	3.50218467303764	2.45387674244437	3.85778044816823	1.49783687112844	4.2329073086573	0.303463456013992	0.362666676447036
Clostridiales_species_incertae_sedis__meta_mOTU_v25_12284_	0.131222095852102	0.69764829127365	0.0992983753997944	0.644100593230743	3.52152662084681	2.55399746974716	3.78907757921251	1.36073474915172	4.19056052452685	0.285945220888744	0.357015996025259
Clostridiales_species_incertae_sedis__meta_mOTU_v25_13774_	0.254573231727703	0.700244719807761	0.24893792716658	0.723453492284549	0.136643888921202	1.06082190531774	-0.208839325671693	-1.26044695989194	4.24059697562557	-0.260024009651095	0.369777786976005
Clostridiales_species_incertae_sedis__meta_mOTU_v25_13280_	0.173545450201442	0.70033436643295	0.0875731914715777	0.578925858124747	1.99075073436334	0.45607152300637	2.71886075595107	1.78789754633981	4.9783588855803	0.324990238495187	0.343111122569381
Clostridiales_species_incertae_sedis__meta_mOTU_v25_13012_	0.219972610042735	0.704503539197393	0.262695316658342	0.722733327379205	-0.825507357234176	0.0364692926144627	-1.08481559408593	-1.22468613804549	5.11481696211363	-0.208417805692465	0.384547077287477
Eggerthellaceae_species_incertae_sedis__ext_mOTU_v26_17675_	0.291323671262963	0.706966609617641	0.239884641758513	0.666091311740326	-0.932824339134695	0.107498159528664	-1.20445998506651	-1.2464587371269	4.32580798061289	-0.258443418079345	0.365333342893791
Clostridiales_species_incertae_sedis__meta_mOTU_v25_13863_	0.172289255628988	0.707573468576752	0.141249984770132	0.625085213171019	1.7401453262297	0.816478757404312	1.91726399839247	1.00635508298772	3.16586611606859	0.249587917251242	0.357015996025259
3576_016_bin_50_clean__mags_db_all_10_	0.282157582218656	0.711153234489522	0.220168604638241	0.678898878621595	-0.685946719855256	0.383878660022266	-0.944015317707598	-1.31743001735993	4.44341648415399	-0.261840772573262	0.375111119881415
Eubacterium__eligens__ref_mOTU_v25_02376_	0.191294631887534	0.713227195238575	0.165362520100107	0.667090122553331	1.94670718860837	1.05910260504494	2.21037472472807	1.31124388167913	4.19689758668582	0.265566093792407	0.361777787631893
Clostridiales_species_incertae_sedis__meta_mOTU_v25_12974_	0.289295009929289	0.71594824287118	0.273733816839751	0.717037980841088	-1.01850799581892	-0.172649335974995	-1.2559492655603	-1.17940642758884	4.29042128236922	-0.229026192978775	0.386666674533101
Clostridiales_species_incertae_sedis__meta_mOTU_v25_13690_	0.312916785941517	0.71638714539515	0.26611260207509	0.692416457041476	-0.859516187142789	0.134065027890657	-1.09479613562602	-1.23301375886068	4.58097252505285	-0.22329088465741	0.386666674533101
Dorea_longicatena__ref_mOTU_v25_03692_	0.143483164612106	0.717496984562367	0.103084698522778	0.658163318440136	5.19090960281586	4.47461109247554	5.33402303318891	0.722087015010008	2.83978623655624	0.201505226903738	0.35968029420305
Clostridium_sp__CAG_299__ref_mOTU_v25_07619_	0.273447008261537	0.723139213436791	0.249155891446751	0.715690005732055	-0.833557003925102	0.0690990589754801	-1.0725411587996	-1.32840456385802	4.88377708843205	-0.240876045158998	0.380444452793778
Christensenella_minuta__ref_mOTU_v25_06399_	0.326949635533209	0.724997964538756	0.288691985277976	0.717794103422386	-0.712042794946171	0.157099422821622	-0.951000898112696	-1.2217970823596	3.94447816806437	-0.239538144196267	0.370666675793073
Clostridiales_species_incertae_sedis__ext_mOTU_v26_26752_	0.317409372387709	0.726171778425396	0.290992533318061	0.714069107251463	-0.973360082802611	-0.134586877195004	-1.21927356668328	-1.17376662410379	4.2051881815035	-0.230515287555214	0.378666675155577
Clostridiales_species_incertae_sedis__meta_mOTU_v25_12265_	0.182480981650583	0.726327259601073	0.0946406735745746	0.62535457761148	4.12659156403343	1.83439893668792	4.47326160057433	1.6960187115958	5.56850694154015	0.303136026294907	0.354666677119026
Anaerostipes_hadrus__ref_mOTU_v25_00856_	0.166229082165743	0.728882103998405	0.102496893841079	0.639961636636496	2.90474542479492	1.65883113587239	3.31647008945338	1.61076673867111	4.8934426497929	0.295093008011527	0.357015996025259
Clostridium_species_incertae_sedis__ext_mOTU_v26_18071_	0.332482665107633	0.729387929120022	0.327274281388388	0.732307743982896	-0.900571845213787	-0.131515006627557	-1.12971515131867	-0.916174191209286	4.19795153903899	-0.189133913825064	0.399111118035938
Ruminococcus_lactaris__ref_mOTU_v25_01595_	0.226175494245812	0.735389921024319	0.128633111690336	0.643452709672788	1.63979832887395	0.686237391434798	2.08364555000021	1.48009785758254	4.51750354896117	0.274119046106214	0.367673188748559
Sutterella_wadsworthensis__ref_mOTU_v25_04772_	0.273552148431234	0.737414481056328	0.249865039059597	0.724932191332469	0.0486375711590785	1.13479723954542	-0.274545393363881	-1.31974933525746	5.11694092579167	-0.225558540548988	0.376000008699671
Clostridiales_species_incertae_sedis__ext_mOTU_v26_26505_	0.335710412771087	0.7382600638803	0.269757430653897	0.732364194588557	0.255322668303619	1.06701174163711	0.00369079349246171	-0.923976341342667	3.86272761041073	-0.207351517308919	0.378666675155577
3576_135_bin_26_clean__mags_db_all_122_	0.346323240896206	0.738325255825414	0.325579266943161	0.752472300752547	-0.531122099143784	0.256408167935853	-0.797928388638159	-1.09281413256955	4.11995951399847	-0.214207619497026	0.391111118637713
Eubacterium_species_incertae_sedis__ext_mOTU_v26_16236_	0.208174732753442	0.738419486809469	0.157704274234639	0.683158223017599	2.35492681729017	1.36404418849628	2.60437679005811	1.23362150996856	4.04709547519116	0.262008646155615	0.365333342893791
Faecalibacterium_species_incertae_sedis__ext_mOTU_v26_26216_	0.242533948084934	0.740156141836272	0.155225276553325	0.655366989569058	1.81468853286647	0.192523774058755	2.23563643071815	1.45275164871818	4.7602795041481	0.277283953398246	0.367111120526044
Firmicutes_bacterium_CAG_272__ref_mOTU_v25_07736_	0.319383566606379	0.741037197172586	0.288739739129807	0.72885991417914	-0.451282624549123	0.351964875220057	-0.677595272827618	-1.2252395004472	4.46026601860108	-0.221704045853509	0.388444452174453
Ruminococcus__gnavus__ref_mOTU_v25_01594_	0.26801077200691	0.742514040931146	0.264787534537515	0.74528742449609	-0.205392878358161	0.752205554423989	-0.427357633818604	-1.63668667919781	6.26611066017486	-0.251057857996064	0.391111118637713
Lentisphaerae_bacterium_ADurb_Bin242__meta_mOTU_v25_12416_	0.346958417430336	0.746394814641538	0.274072216613057	0.708353792608212	-0.292868445828362	0.725664175462549	-0.530410340816685	-1.24879328221066	4.6030546701838	-0.247671097623088	0.384000008072343
Lachnospiraceae_species_incertae_sedis__ext_mOTU_v26_16262_	0.368997914221338	0.750058145173707	0.350117125043834	0.763670761038747	-0.496553152357404	0.304912141158454	-0.684972791178441	-0.810351842542917	4.13690515898367	-0.161190287986103	0.405861462897936
Desulfovibrionaceae_bacterium__mags_db_all_62_	0.330941244640889	0.752690795158418	0.303856112807405	0.743098112537912	-0.652103875012419	0.0505572809568093	-0.844058146676668	-0.968203641534429	4.19727528643876	-0.200214042866122	0.401420965888744
uncultured_Eubacterium_sp___ref_mOTU_v25_08868_	0.286694235174889	0.753687029407079	0.224917156226566	0.668324875634371	0.807762613681539	-0.0940797299124609	1.0520452726882	1.10813329026673	3.64998466219601	0.246904810772963	0.360568393596108
Lachnospiraceae_species_incertae_sedis__ext_mOTU_v26_17479_	0.343157061045982	0.754150394171196	0.308374840248719	0.744382158749179	-0.0868232118575296	0.601190423500913	-0.285633490237269	-0.720069177084335	3.67928474270207	-0.177703835521732	0.406749562300177
Ruminococcaceae_species_incertae_sedis__meta_mOTU_v25_12898_	0.358669175712776	0.755781682357635	0.325140781634031	0.761995799349993	-0.220343811233033	0.463154809990708	-0.417501912515214	-0.849640138992992	3.86920594253633	-0.206771321238648	0.386666674533101
Faecalicoccus_pleomorphus__ref_mOTU_v25_07086_	0.380804360177314	0.756958099312824	0.358786341095383	0.761947880236298	-0.879126640809122	-0.236262170214146	-1.09249591837643	-0.976749321867963	4.24804183285247	-0.18633384737485	0.39555556274632
Eubacterium_species_incertae_sedis__meta_mOTU_v25_13196_	0.360720336112789	0.761689799115412	0.369994327970317	0.787880078102807	-0.548286918719768	0.133912785853708	-0.798015982839502	-0.802515984337376	4.14875595004078	-0.170768614423769	0.402666673327871
Eggerthella_sp__CAG_298__mags_db_all_15_	0.318777281929056	0.762592052010627	0.26807305258731	0.7418349855554	0.285844678561035	1.30325544726549	-0.00282636074769815	-1.35820397264093	4.73597547430678	-0.25933053228317	0.373333342245485
Alistipes_species_incertae_sedis__ext_mOTU_v26_26506_	0.358226520493246	0.763662917598265	0.343510430993462	0.775634507687515	-0.716095518701307	-0.0162102374151161	-0.935941114078548	-0.824855307375206	4.24526759769417	-0.156785430670196	0.411190059313308
Clostridiales_species_incertae_sedis__ext_mOTU_v26_26923_	0.377225704527649	0.764791166170735	0.367066465661817	0.769400130415022	-0.905758651514613	-0.202121977484068	-1.10762792419615	-0.890109517727543	4.26243273183074	-0.164891187214987	0.412444450391786
Clostridiales_species_incertae_sedis__meta_mOTU_v25_14223_	0.351345910329559	0.767180067016017	0.289334034154801	0.739113428378779	-0.600180386728152	0.209891239384994	-0.78787604037732	-1.12210349534124	4.34790424862152	-0.230304229894649	0.381882779092654
Ruminococcus__torques__ref_mOTU_v25_03659_	0.234120291983076	0.767667528193433	0.118306961307	0.645764545722585	3.17766728038514	2.20793513004908	3.44905053342187	1.13360394756902	3.29736457404958	0.285870521260087	0.353463598458186
Oscillibacter_species_incertae_sedis__meta_mOTU_v25_12663_	0.363375280609076	0.769408344438419	0.328929186185576	0.760745008686895	-0.719392654050526	0.0426063277856858	-0.929540699648238	-1.05506121116669	4.36900761759133	-0.203981604153341	0.385435176686098
Clostridium_sp__CAG_7__ref_mOTU_v25_07647_	0.266827358739287	0.770265963494815	0.286668183681108	0.782969700273138	2.17629523776096	2.78465534932847	2.07693244404782	-0.886890744891868	4.04631642289805	-0.202807826034787	0.395204270081797
Bifidobacterium_species_incertae_sedis__ext_mOTU_v26_26736_	0.347406289454215	0.771223084624992	0.291141105168745	0.746036772680489	-0.548729912440073	0.228823483885578	-0.749127201295513	-1.09983018937911	4.5514732336782	-0.209426523113887	0.392000007459122
Actinomycetaceae_sp___ref_mOTU_v25_02100_	0.402789561723934	0.772294307660667	0.383047479879613	0.76515211194882	-1.08515877699911	-0.361009194215625	-1.28814676558469	-0.830171906176608	4.1580553027147	-0.169028104650545	0.400888895681622
Clostridiales_species_incertae_sedis__ext_mOTU_v26_16216_	0.385969547313946	0.772678047681736	0.35700934053132	0.7743518767216	-1.02308144104106	-0.368129639136337	-1.18804801404414	-0.746270778509292	4.33571006450129	-0.154320090154305	0.422735351561377
Clostridiales_species_incertae_sedis__meta_mOTU_v25_13847_	0.354981409755162	0.773626933385166	0.334575495676567	0.77822545207988	-0.675514867894226	-0.0548671705160482	-0.843258135896762	-0.861764812319539	3.9765176143163	-0.174487175006923	0.408000006269885
Clostridiales_species_incertae_sedis__meta_mOTU_v25_12309_	0.261637426115459	0.775342976138592	0.200439218090886	0.734072861079151	1.69653596263587	0.538499063822184	2.07415135299882	1.4737447849638	5.24904524060579	0.25792808966397	0.381333341613152
Faecalibacterium_species_incertae_sedis__ext_mOTU_v26_18130_	0.295485192811799	0.775917120515246	0.18263429166036	0.699731361442672	1.6133353648982	0.363531654484629	1.99355777401253	1.30119272937981	4.57443042410788	0.242703567350476	0.376000008699671
Clostridiales_species_incertae_sedis__meta_mOTU_v25_12776_	0.397655270223693	0.776757523731026	0.300039788215218	0.740090290047998	1.35291135753747	2.14164269228256	1.17014949847801	-0.844111870090241	3.57323456945284	-0.204964322146788	0.388099474882979
Coraliomargarita_sp__CAG_312__ref_mOTU_v25_07662_	0.361427390581272	0.777018776167596	0.346527942563882	0.766894161473954	-1.05774276268714	-0.368217156322788	-1.25378677588755	-1.04437545186784	4.52578450924623	-0.198764262889332	0.402666673327871
Sutterella_species_incertae_sedis__ext_mOTU_v26_26637_	0.375281084890964	0.777226836554449	0.366774246767388	0.780903637741696	-0.660152106265365	0.0527026140783136	-0.852308626824162	-0.94736327406126	4.28221527459817	-0.174013501036071	0.39342807128115
Firmicutes_bacterium__ref_mOTU_v25_00858_	0.362412270922496	0.777322826224937	0.33879671851189	0.769304540274666	-1.05703886672662	-0.379772938113191	-1.23248436033764	-1.03544162079013	4.44904606215936	-0.190121430940632	0.394666673924289
Ruminococcaceae_species_incertae_sedis__ext_mOTU_v26_26976_	0.385610223105434	0.77799033905552	0.38754518754615	0.788071044490827	-0.910310679076046	-0.356763644460125	-1.04998024751089	-0.725908168834178	4.20303612539553	-0.156504611193739	0.428952047394753
Clostridiales_species_incertae_sedis__ext_mOTU_v26_17897_	0.365518802978169	0.779365756425703	0.323059512199887	0.762149731193409	-0.801137333026459	-0.153485728392289	-0.954735323274889	-0.90065128847249	4.3337677083321	-0.179300386844998	0.412444450391786
Ruminococcaceae_species_incertae_sedis__ext_mOTU_v26_18070_	0.397402189106865	0.781013041401848	0.429496774872588	0.822291298116631	-0.0616731757625093	0.370322295951273	-0.2020083927821	-0.649899955144978	3.55281291959536	-0.144769030890071	0.422222227470384
Ruthenibacterium_lactatiformans__ref_mOTU_v25_04716_	0.324247655364646	0.782855703253226	0.348107827714888	0.781753854687926	1.29382045325857	1.7353850664393	1.18458452056387	-0.659814735087465	3.28909317254956	-0.184105995756552	0.404973363495827
Clostridium_sp__AT4__ref_mOTU_v25_09167_	0.421598410139869	0.783283988555225	0.400092822584616	0.78631343012262	-1.04369021143833	-0.497466198395113	-1.2202492040848	-0.57540302012256	4.19594374903672	-0.132507742087328	0.431111115734773
Clostridium_species_incertae_sedis__meta_mOTU_v25_12696_	0.409395477605829	0.785150154642838	0.427167912492404	0.804421733494417	-0.870690542359217	-0.359265430129558	-1.03360034046322	-0.757611715618205	4.35527009297368	-0.139065438175175	0.423623450965844
Clostridium_sp__CAG_217__meta_mOTU_v25_12270_	0.321447245429334	0.785869663732427	0.346824594442884	0.794104653689847	-0.149012073295135	-0.741484798691213	0.0769111346832441	1.26981748952635	5.94251400293757	0.196681774758695	0.417406755136815
Clostridiales_species_incertae_sedis__meta_mOTU_v25_12254_	0.31195621561123	0.786553323465794	0.325471319299458	0.811049317902586	1.08900269815119	2.67686387057962	0.704903561652086	-1.36485101836886	6.31593473771806	-0.209762180263173	0.404444450974673
uncultured_Flavonifractor_sp___ref_mOTU_v25_07315_	0.38612595309131	0.786841624473447	0.351846024087957	0.775571299303939	-1.06167850271799	-0.472131962015591	-1.19836910590562	-0.825154370287827	4.51588914369716	-0.170842126555313	0.41207815871631
Clostridium_species_incertae_sedis__ext_mOTU_v26_16329_	0.400398840201084	0.787159016424983	0.406503983454634	0.791595750961074	-0.937749745698004	-0.396861389191911	-1.09352388456762	-0.771708113590011	4.00919840830902	-0.166653781140774	0.417777783342054
Lachnospiraceae_species_incertae_sedis__ext_mOTU_v26_16332_	0.41079181461778	0.7875135510998	0.344281078993344	0.76596359976329	-0.570684977396216	0.0806096816928648	-0.734891148510575	-0.812447375747481	4.11775221024989	-0.157876612347373	0.408525761105049
Oscillibacter_species_incertae_sedis__meta_mOTU_v25_13278_	0.392513897880771	0.788351303366124	0.363273085294527	0.778808856811613	-0.993712311406191	-0.3585798104223	-1.17946855066348	-0.638681894045366	4.61018041302629	-0.12966427719467	0.429840146799911
Ruminococcaceae_species_incertae_sedis__ext_mOTU_v26_18286_	0.390894777238926	0.789300045884493	0.40813467028187	0.811184498402443	-0.989045035977306	-0.534716547299088	-1.13911973429942	-0.702797665496049	4.0518601866835	-0.154427027474614	0.4302222269079
Faecalibacterium_prausnitzii__meta_mOTU_v25_13917_	0.38776170660562	0.789776879953828	0.291557040919259	0.769925206503484	0.374420796135702	1.37822890871807	0.156670910424176	-0.916691535101243	4.53922052001245	-0.181626374819515	0.403555562151203
Ruminococcus_sp__CAG_254__meta_mOTU_v25_12276_	0.312883330228607	0.789995844035629	0.317156929568421	0.783521257573062	0.557104339458735	-0.171989564475983	0.800687068617707	1.35528514256626	5.32687211260666	0.23273297023945	0.397868568283899
Clostridiales_species_incertae_sedis__meta_mOTU_v25_14166_	0.281684014315085	0.79014851816806	0.290470568073215	0.776355650383313	2.60100453911024	2.15851170891518	2.70953709930072	0.55311144825408	2.72278024784145	0.157562400529395	0.402666673327871
Lachnospiraceae_species_incertae_sedis__ext_mOTU_v26_16226_	0.411584051230055	0.794970070160549	0.394244515145747	0.792449155455673	-0.916085800358356	-0.356610219450494	-1.08461024947235	-0.634188594258161	4.15668559541514	-0.124225815931969	0.435168743232767
Roseburia_sp__40_7__meta_mOTU_v25_12352_	0.313996079234458	0.795268168375532	0.212399095932159	0.728903894327282	2.11671476103513	1.41196714145461	2.33667056877261	0.98334740662501	3.67111451191677	0.235685662347533	0.377777786336754
Ruminococcaceae_species_incertae_sedis__ext_mOTU_v26_17698_	0.424133316709623	0.798036318480773	0.42810749946932	0.816626889104938	-0.884067801410072	-0.407670453562507	-1.03646185496246	-0.660057329315052	4.12425819395134	-0.138588291611012	0.429840146799911
Clostridiales_species_incertae_sedis__ext_mOTU_v26_18072_	0.418445562298473	0.798890806500989	0.406252620933257	0.789757244442443	-0.859442704348388	-0.262030747784862	-1.00889117025727	-0.853099136740568	4.30874682503674	-0.173799993093858	0.424511550370413
Clostridiales_Family_XIII__Incertae_Sedis_species_incertae_sedis__ext_mOTU_v26_16322_	0.424216218966987	0.799526382605673	0.429675001846463	0.810139793494463	-0.727143626385629	-0.126463322258333	-0.886220760783545	-0.693342645827188	3.97690185545325	-0.16652054244793	0.415111116866394
Eubacteriaceae_bacterium_CHKCI005__ref_mOTU_v25_09413_	0.407337256287727	0.801051912954441	0.415933111721627	0.820357733134035	-0.411822745941834	0.0473703754212016	-0.554217299964288	-0.548030897923952	3.75981911818792	-0.122474246726939	0.428952047394753
Dielma_fastidiosa__ref_mOTU_v25_01061_	0.422085107370356	0.802142672504776	0.376889175626868	0.794265362808257	-0.657879853338671	-0.111102798429978	-0.813076867384543	-0.74565661777769	4.34308371325482	-0.152397323925233	0.417406755136815
Eggerthella_lenta__ref_mOTU_v25_00719_	0.388660124583479	0.802815644676453	0.389586919146689	0.814725638261088	0.00366437330182467	0.602908292237857	-0.187342727494563	-0.757388980110004	4.69192640522613	-0.135576594847698	0.43428064382707
Ruminococcaceae_species_incertae_sedis__ext_mOTU_v26_16287_	0.411655913572983	0.80351556282587	0.421803819002375	0.814426547532433	-0.507327449392084	0.0454001900349912	-0.664315448004596	-0.929861434533676	4.35166868308641	-0.182554862660163	0.398756667684895
Ruminococcaceae_species_incertae_sedis__meta_mOTU_v25_12239_	0.25606768008337	0.803724945112257	0.42468274614727	0.876884649703973	5.98110163334451	5.39961881451287	6.06212731646457	0.541344478678886	3.26778139777493	0.138125578609238	0.423623450965844
Streptococcus_sp___ref_mOTU_v25_00283_	0.417187192607049	0.803733767701515	0.407210775510333	0.820862854626738	0.0206340973653507	0.498986326030542	-0.127973539238928	-0.650107320499892	3.87770677246994	-0.12878702031682	0.428063947989691
Clostridiales_species_incertae_sedis__ext_mOTU_v26_28740_	0.422362376335191	0.803772012962587	0.423575398660576	0.803754570424648	-0.937039911979583	-0.405083757216516	-1.10114670199685	-0.718643738907001	4.13113930536441	-0.145693078202658	0.424000005122463
Dorea_formicigenerans__ref_mOTU_v25_03668_	0.271708615815809	0.803786060377212	0.229661470515426	0.76511679529103	3.84895427459683	3.26373996621489	3.96614580313494	0.617502767115017	2.62039130007258	0.190100120893428	0.392000007459122
Massilimaliae_massiliensis__ref_mOTU_v25_10172_	0.410408944331895	0.803960935727466	0.383626754591465	0.809058671302888	-0.794512076391502	-0.322490552051418	-1.00005278591733	-0.576316309430157	4.01227788889173	-0.111698628422698	0.428952047394753
Ruminococcaceae_species_incertae_sedis__ext_mOTU_v26_16365_	0.391273435026682	0.804399928891933	0.384915681654983	0.812332905618861	-0.0833206735141383	0.38451081651457	-0.202217367721548	-0.673691026335804	3.74845506704362	-0.156866607582889	0.413854357522675
Candidatus_Pseudobutyricicoccus_lothianensis__mags_db_all_58_	0.412088870893084	0.804790220800775	0.442970968084513	0.832665787936037	-0.460010594046139	0.0741268612200177	-0.666533468929262	-0.675042598861452	4.36123003935075	-0.146552322052016	0.422735351561377
Streptococcus_gordonii_cristatus__ref_mOTU_v25_03970_	0.48357836865472	0.804911713967869	0.43251463622273	0.814544255085037	-0.799088630180773	-0.214994716443556	-0.971745509472298	-0.64276962337344	4.37458233201568	-0.146610107607203	0.427555560427842
Ruminococcaceae_species_incertae_sedis__ext_mOTU_v26_16202_	0.418567331172109	0.804916568586689	0.423086606054795	0.808412391388801	-0.661953308543783	-0.187855527516851	-0.780750323717224	-0.628287437251775	4.29335093903876	-0.131480164400829	0.428063947989691
Bilophila_wadsworthia__Bilophila_wadsworthia_Bilophila_sp__4_1_30___mags_db_all_17_	0.413519082815276	0.805052177658241	0.439854239715991	0.82727465390214	-0.658833385567665	-0.27042825763906	-0.779039689577924	-0.84025452649239	4.90276327775823	-0.145389318346707	0.431111115734773
Lachnospiraceae_species_incertae_sedis__ext_mOTU_v26_18295_	0.408763680789488	0.805392067422245	0.401614442193397	0.807566607665962	-0.829776987747208	-0.242800991920713	-1.00826964387767	-0.762941952740887	4.03594760886794	-0.161262826622894	0.411555561567157
Actinomyces_viscosus_oris__ref_mOTU_v25_02019_	0.413366893581583	0.806572510154077	0.394872258818677	0.802093324458894	0.182977156564434	0.724625113162094	0.0355347378781863	-0.645632816036835	3.81371014097482	-0.142374700485203	0.414742456926036
Christensenella_massiliensis__ref_mOTU_v25_10002_	0.422333768534666	0.806692101557765	0.43508510491458	0.832848877223018	-0.207992606227127	0.268048562830765	-0.369460855912024	-0.486510905352563	3.72874124223547	-0.103922404036838	0.434666671043172
Bacteria_species_incertae_sedis__ext_mOTU_v26_16372_	0.432059718916822	0.808899147137151	0.375624224553073	0.776222980626512	-0.677735815059966	0.0766205271927669	-0.901530577726761	-0.758515023160798	4.09030490667904	-0.155930355248557	0.417777783342054
uncultured_Clostridium_sp___ref_mOTU_v25_11611_	0.440533087439649	0.808969069625192	0.441387445145229	0.819474774297055	-0.958283308720618	-0.489824785098929	-1.11329446901889	-0.55578242277264	4.05456772248018	-0.112278825617396	0.437833041450365
Clostridiales_species_incertae_sedis__ext_mOTU_v26_17847_	0.453478635811683	0.809018352809257	0.461452704913266	0.83805437095381	-0.295748259826141	0.260109066013849	-0.449641858333941	-0.672614322483491	4.07391500820551	-0.14949615399258	0.423111116296372
Bacteroides_species_incertae_sedis__ext_mOTU_v26_17779_	0.377003199904928	0.809525735881118	0.377905575593306	0.836072681514406	1.47021371172557	2.02319597565772	1.26011288576865	-0.91878830532418	4.56942474749004	-0.168414347551727	0.421333338644501
Eubacterium_species_incertae_sedis__meta_mOTU_v25_12314_	0.345160972848457	0.809633114978583	0.293438972417568	0.759251351567402	0.655630182147988	-0.030172353645268	0.882282446653885	1.05533039384183	4.31277677586717	0.20707945676359	0.383111119252436
Collinsella_species_incertae_sedis__ext_mOTU_v26_17351_	0.44046861042439	0.810678281201892	0.445674207709389	0.827154753296748	-0.560660553402668	0.0446435515802719	-0.733092532164441	-0.747174316455061	4.28069558766369	-0.154543504464349	0.419555560993059
Bacteroides_eggerthii__ref_mOTU_v25_01577_	0.361337143405712	0.811923366680736	0.323466547880451	0.772130695316604	-0.0756335114983608	-0.838388869740812	0.173936378749146	1.18837517389781	5.55658503946156	0.208994073016582	0.39555556274632
Clostridiales_species_incertae_sedis__meta_mOTU_v25_12952_	0.448390549264127	0.811998565041407	0.423265673221001	0.82439909239728	0.482625870197719	0.971380753316832	0.34765249383219	-0.552564533609851	3.65024789956994	-0.129412554186236	0.421333338644501
Eubacterium_ventriosum__ref_mOTU_v25_11151_	0.363098530094572	0.813246876659463	0.295477137521084	0.771871588451587	1.64939460528567	0.86041122118217	1.84486721965086	0.822690726658999	4.08762559896446	0.174058423177222	0.401420965888744
Bittarella_massiliensis__ref_mOTU_v25_04646_	0.442180436684917	0.813641348259299	0.513585701952888	0.855337473818459	0.488119146985384	0.746273228746322	0.402217152553774	-0.326795113077774	3.22816720151807	-0.0763662409430645	0.455595029584779
Oscillibacter_sp__57_20__ref_mOTU_v25_10413_	0.375594400018389	0.813835693238155	0.328804711104863	0.765968613936631	0.291800099220143	-0.439296950021604	0.527643456855717	0.732909295166225	4.13894823155684	0.151386746295352	0.404085264093852
Roseburia_species_incertae_sedis__ext_mOTU_v26_17371_	0.424459008951694	0.814739758243631	0.335723645451421	0.790235627945851	0.539215155071834	1.37399851490652	0.31569375293783	-1.06358078917926	4.56782081490857	-0.187116980675756	0.39698046888305
Clostridium_species_incertae_sedis__meta_mOTU_v25_12417_	0.351802066065822	0.81489247042895	0.291768097091015	0.778870724430839	1.87031454440952	1.09602736998453	2.06925395981178	1.00267534364067	4.34013468674165	0.198802463074219	0.406749562300177
Bacteroides_sp__CAG_144__ref_mOTU_v25_07595_	0.427367572164145	0.814941674290657	0.394699388223614	0.793499708753134	-0.894269693154527	-0.31474809258285	-1.05691994250984	-0.779956935346177	4.50123859511561	-0.153150427938164	0.420071053348608
Clostridiales_species_incertae_sedis__ext_mOTU_v26_26501_	0.397625485435559	0.816419516213835	0.390986461279547	0.81918347197715	-0.111000442203226	0.447814878386826	-0.268895587847546	-0.59665727790356	4.00328031411901	-0.134847390475846	0.428063947989691
Romboutsia_timonensis__ref_mOTU_v25_09389_	0.440491980885992	0.816560282841975	0.450587770259029	0.848980050078554	0.368521759577383	0.708459042313026	0.232404040883154	-0.641067155143388	3.6243168297758	-0.137823305484653	0.431616345610504
Faecalibacterium_species_incertae_sedis__meta_mOTU_v25_12303_	0.402358400681338	0.816580210576569	0.467734310679861	0.834469798173347	-0.321113325061723	-0.709064933240003	-0.219820988680535	0.754283764803261	5.15912129914775	0.123691042921322	0.428444449254432
Clostridiales_species_incertae_sedis__meta_mOTU_v25_12774_	0.417368390199452	0.816888575058366	0.435642625141206	0.835853622125019	0.0540755443934637	0.59098231495213	-0.0918441120395697	-1.04406364495174	4.96027758469556	-0.181958525280177	0.420959152752758
Clostridium__clostridioforme_bolteae__ref_mOTU_v25_03442_	0.407921166407218	0.816904984299613	0.364068415856091	0.807404983368717	-0.0446203545504167	0.615627441933613	-0.239380097543962	-0.789627434105542	4.31196407204769	-0.155395042211944	0.406749562300177
Blautia_massiliensis__ref_mOTU_v25_03342_	0.294027950437984	0.816946229558393	0.35467662870751	0.844917764579114	4.6907305326641	4.56689497102698	4.75682340929501	0.489119821137314	2.79800645364268	0.136085268532157	0.428063947989691
Blautia_obeum__ref_mOTU_v25_05139_	0.318505402557046	0.81695449189033	0.322728783306844	0.818008325668551	3.44941362594789	2.79969706773313	3.70086249578267	0.825906215440403	3.46991258519023	0.216624689250589	0.401420965888744
Clostridiales_species_incertae_sedis__meta_mOTU_v25_12668_	0.440151464155465	0.817150081727241	0.421609705668048	0.826439536463088	0.4094765174601	0.882884410854203	0.278383085167729	-0.712991441599128	4.14604337929629	-0.151905727623744	0.419182953944567
Escherichia_coli__ref_mOTU_v25_00095_	0.413795534368279	0.817575751465428	0.391265724690209	0.805447172270433	-0.918015293115829	-0.314005660883016	-1.06110441286506	-0.851918031839514	4.90907393002679	-0.16212245311504	0.413333339216536
Bacteroides_caecimuris__ref_mOTU_v25_03476_	0.391220890786119	0.817589249516201	0.406917482266175	0.823296364267095	0.0571476300485232	-0.386469190897537	0.226218615980562	1.01226664893111	4.84106992659046	0.182946960861242	0.423623450965844
Eisenbergiella_tayi__ref_mOTU_v25_03446_	0.45572617273312	0.818160888294848	0.494637697365498	0.849907748839994	-0.67764520480309	-0.258956662230118	-0.807889537178901	-0.455016984709594	4.09382913552453	-0.0908415869043218	0.444444448148147
Clostridium__glycyrrhizinilyticum__ref_mOTU_v25_03672_	0.425516783454334	0.818794726636237	0.430774589559016	0.826032250269016	-0.444171834429203	0.0206211957011417	-0.569160628499787	-0.841533101122867	4.50575615485188	-0.161413484663865	0.413333339216536
Faecalibacterium_prausnitzii__ref_mOTU_v25_06112_	0.378815186989819	0.818890378017701	0.498773718778915	0.866282792880829	-0.256871589028441	-0.519366853686273	-0.190502308959442	0.839169395052964	5.74294982737113	0.129852200843858	0.451154532548668
Clostridiales_Family_XIII__Incertae_Sedis_species_incertae_sedis__ext_mOTU_v26_17501_	0.378333018386244	0.819593655233371	0.344827352794503	0.786785972899927	1.61192063488589	1.04168432547323	1.75363923043294	0.65041857742741	3.50463275221919	0.15227770764173	0.407637661702548
Adlercreutzia_equolifaciens__ref_mOTU_v25_08094_	0.408191448099956	0.82002620055018	0.366371829993154	0.793838259401903	0.805576046053807	0.166403233616225	0.982467103890222	0.777215410529923	4.22412526664462	0.145586352053624	0.422735351561377
Clostridiales_species_incertae_sedis__meta_mOTU_v25_13392_	0.45673455841503	0.820193328794978	0.474864943786853	0.837557264692011	-0.882293828241882	-0.436376187785653	-1.00918993572183	-0.643204147795529	4.52949159247403	-0.128119538954522	0.432504445015937
Clostridiales_species_incertae_sedis__ext_mOTU_v26_26944_	0.449677054624387	0.820625523357084	0.428961216987363	0.814740041195329	-0.776088672038649	-0.351506436744186	-0.90208747947867	-0.450740998913336	4.32396595667387	-0.0919035382654208	0.442273538481307
Clostridiales_species_incertae_sedis__meta_mOTU_v25_13377_	0.355273346468741	0.820957993391929	0.331509340946179	0.778291659761813	1.61467605081135	0.935005814578066	1.77082154749496	0.674369636667521	3.28523990749983	0.178085417698138	0.404085264093852
Clostridiales_species_incertae_sedis__meta_mOTU_v25_12473_	0.427424964290936	0.82124834424639	0.40151253766291	0.805062208566968	-0.792033047475431	-0.316292037979517	-0.933614159341605	-0.858284312462953	4.72419454644994	-0.14796894551906	0.424511550370413
Haemophilus_influenzae_parainfluenzae__ref_mOTU_v25_01068_	0.409902513153166	0.821469045297023	0.391380435539037	0.803816276876798	-0.0835442540604658	-0.74523928417373	0.126510215195271	0.92151491884235	4.51787691662415	0.161076010046594	0.414742456926036
Clostridiales_species_incertae_sedis__meta_mOTU_v25_13168_	0.379630324563103	0.821653232815876	0.292574161999024	0.778566096718809	1.73890257035913	0.994708945236784	1.91678136157625	0.927670034087665	3.77969186667827	0.194621945451756	0.393777785102411
Oscillibacter_species_incertae_sedis__ext_mOTU_v26_17445_	0.442079194628589	0.821784908635487	0.482198922838003	0.840003430736833	-0.603297884119324	-0.219717020776162	-0.724648691369921	-0.359448669226116	4.15992417532413	-0.0748439985785063	0.457371228399629
Ruminococcaceae_species_incertae_sedis__ext_mOTU_v26_26965_	0.446583249519319	0.821936656670529	0.44117074591219	0.83214649926193	-0.818716553771106	-0.300747145158628	-0.937853213469753	-0.524178432321422	4.24342586870616	-0.0991235245466419	0.448490234327745
uncultured_Blautia_sp___ref_mOTU_v25_03662_	0.39465954800364	0.822013480612469	0.339806591024736	0.770278600493329	0.0287761353945797	-0.739024592640777	0.303481792632424	1.00921708495671	4.32784723355674	0.208485559878164	0.404085264093852
Oscillibacter_sp__57_20__meta_mOTU_v25_12610_	0.36887319239914	0.822140519700747	0.176662865632004	0.709174081731166	2.98675427015713	2.36120948941556	3.32553623915515	1.10467345723781	4.12922260334521	0.229485827325092	0.365333342893791
Clostridiales_sp___ref_mOTU_v25_03444_	0.449929724583331	0.822951428276261	0.46563294853578	0.835913461932703	-0.776154716454817	-0.302383563985605	-0.893761900858885	-0.627355023229243	4.7631348763778	-0.114228048140162	0.435168743232767
Bacteroidales_species_incertae_sedis__meta_mOTU_v25_13203_	0.44844289238815	0.823413210878181	0.448400478394753	0.832507558045432	-0.321193573496844	0.0259338478865896	-0.436771005312305	-0.484064114603746	3.84814845440139	-0.108544964332821	0.438222226352953
Erysipelotrichaceae_species_incertae_sedis__ext_mOTU_v26_28734_	0.424470215955398	0.823698973757213	0.416028757194323	0.820778397441108	-0.955617467091288	-0.371332615796028	-1.09734793494311	-0.681009039198886	4.50921604183892	-0.145552838020592	0.430728246205161
Ruminococcaceae_species_incertae_sedis__ext_mOTU_v26_17505_	0.45433369998283	0.823962702404226	0.465740358637123	0.845078876274396	-0.794318437726297	-0.407537819860157	-0.912085470099547	-0.541719167462167	4.61753938232042	-0.0980672173426449	0.444444448148147
Roseburia_hominis__ref_mOTU_v25_00861_	0.337083447202985	0.824330311900672	0.3526461293279	0.82403596020487	2.48382660471102	2.18893949832028	2.58616141874592	0.692902116818875	3.36680877548484	0.182096610628199	0.405333339798277
Clostridiales_species_incertae_sedis__meta_mOTU_v25_13922_	0.419662384004695	0.825010082056175	0.405365832711178	0.818790996170592	-0.400008571926357	0.286763819348701	-0.648022513760737	-0.894835757947206	4.94561766992409	-0.161680981321817	0.426666671601348
Clostridiales_species_incertae_sedis__meta_mOTU_v25_12301_	0.318343391378657	0.825135970378346	0.360825020326705	0.845686489732758	3.94656315375538	3.59353216165111	4.01137236224753	0.660261619937857	3.3162233781621	0.169803842601265	0.411190059313308
Sutterella_wadsworthensis__ref_mOTU_v25_03066_	0.407507180683775	0.825815217807012	0.410183215625712	0.84754303898367	0.903543408689718	1.61008495935031	0.696682955280425	-0.863669470377852	4.8312328414166	-0.154165806954605	0.407111117445884
Clostridiales_species_incertae_sedis__ext_mOTU_v26_33163_	0.433612351637131	0.826496300896019	0.445550145517851	0.8376940906672	-0.807303396629204	-0.399868480106865	-0.94388066333846	-0.445499003483373	4.21680367720889	-0.0833945121549664	0.451154532548668
Ruminococcaceae_species_incertae_sedis__meta_mOTU_v25_12789_	0.441557467262796	0.827223631801564	0.40710072244382	0.822438818953512	-0.418112219021393	0.080313828627852	-0.541311060571038	-0.823454932718892	4.38336958728319	-0.159200828114095	0.417406755136815
Ruminococcaceae_species_incertae_sedis__ext_mOTU_v26_17708_	0.449093242387313	0.828234421797467	0.467652619188798	0.835629878455112	-0.509321714686914	-0.0416707739999849	-0.654421843016736	-0.458745580801489	4.03058268112265	-0.094707085274158	0.452444447604258
Firmicutes_bacterium_CAG_313__ref_mOTU_v25_07737_	0.451723296617216	0.830171884485084	0.459680729240542	0.845166066730713	-0.642317473345526	-0.192440446266303	-0.751317413515049	-0.603243686169835	4.90505507262444	-0.100723396940325	0.45204263195577
Streptococcus_sanguinis_cristatus__ref_mOTU_v25_01591_	0.464425852806575	0.830735057596837	0.479797643671939	0.850824469926668	-0.500852918933838	-0.165877397567053	-0.630747973138695	-0.37354289799525	4.09164183234447	-0.0757707783835556	0.462699824845445
Clostridium_sp___ref_mOTU_v25_02380_	0.437072170628512	0.830801507496195	0.440543182949433	0.823855400490256	-0.431075666508486	-0.950576206006104	-0.24954266352531	0.853023498466659	4.80242859950131	0.155438004081215	0.414742456926036
Clostridia_species_incertae_sedis__ext_mOTU_v26_26753_	0.452073479482455	0.830846599744929	0.451990404954389	0.829953126918475	-0.773182565134563	-0.359189253447602	-0.909881300023532	-0.552474436921014	4.13206549958734	-0.112550045511829	0.442666670491997
Collinsella_species_incertae_sedis__ext_mOTU_v26_26711_	0.470805915241257	0.83194759576857	0.44266606056696	0.841423812955232	-0.366812613422519	0.396902859881696	-0.595495003399905	-0.725947582588699	4.5350440307287	-0.138415826676822	0.428063947989691
Clostridiales_species_incertae_sedis__ext_mOTU_v26_17908_	0.474768258878354	0.831999860794112	0.446039908615893	0.835481411650698	-0.525060436078843	-0.133328857422713	-0.640546683306811	-0.41727709635811	4.06229970871404	-0.0907569364744447	0.447602134920902
bacterium_LF_3__ref_mOTU_v25_03628_	0.386692146154036	0.832391054281655	0.361446389708701	0.825857251413759	1.37297514905669	1.03675797364324	1.49763883557813	0.825555232223845	4.01235095816214	0.168508098515678	0.405333339798277
Clostridiales_species_incertae_sedis__meta_mOTU_v25_12361_	0.371759814491806	0.832860346982311	0.266938590814703	0.782183582117141	2.77158738782884	2.01980810926485	3.04499443093326	1.03450196409262	4.22632424959992	0.21546608820653	0.39342807128115
Faecalitalea_cylindroides__ref_mOTU_v25_03678_	0.481189175371384	0.833150770629955	0.498057386456145	0.858034739811034	-0.738450101121332	-0.257811960448543	-0.882647212144398	-0.612249886374912	4.43639186837577	-0.114791977634676	0.454222225261876
Ruminococcus__torques__ref_mOTU_v25_03660_	0.330377520768631	0.834201728675128	0.305619499739674	0.826747302445084	4.80185642734179	4.00772655703649	4.94443419380052	0.713755431729317	3.04813218615836	0.195221849515607	0.404085264093852
Firmicutes_species_incertae_sedis__ext_mOTU_v26_26597_	0.467024699169305	0.834833706245326	0.471722588274896	0.852624020450391	0.500685441961663	1.01101987783476	0.380602849990074	-0.618019714362195	4.32242050049146	-0.118687612233543	0.443555559320035
Faecalicatena_contorta__ref_mOTU_v25_03445_	0.439684401739954	0.835068664224152	0.506405844270663	0.867043286356225	-0.29234371394759	0.0179599343658747	-0.384700587786557	-0.311655428471252	4.02901526197205	-0.0674980827964309	0.458666669406929
Collinsella_species_incertae_sedis__ext_mOTU_v26_17335_	0.447010481172295	0.835099115496137	0.483501594872917	0.859497434072178	0.46504019562617	0.915513149736011	0.340522968397895	-0.492675736293865	4.02459812285375	-0.122795971699425	0.436444448697895
Atopobiaceae_species_incertae_sedis__meta_mOTU_v25_13944_	0.411737491115035	0.835533091306272	0.339167881443932	0.790642900543184	0.345290672220425	-0.40456951146734	0.613299572328754	1.01143290183322	4.63232336213333	0.184078155289452	0.412444450391786
Clostridium_sp___ref_mOTU_v25_03604_	0.462430028916475	0.835835518820146	0.466011761992652	0.844602406429788	-0.820878444641076	-0.326105580266625	-0.92911482798648	-0.599970979887436	4.13544880416901	-0.124884612012737	0.428444449254432
uncultured_Clostridium_sp___ref_mOTU_v25_11605_	0.469740581042654	0.835968552395873	0.490279715361606	0.847500016261792	-0.658319726226515	-0.365597551198652	-0.729745853801111	-0.383845120988207	4.33851334413527	-0.0728111137890475	0.463111113553302
Alistipes_shahii__ref_mOTU_v25_01014_	0.369570031347294	0.836767750157932	0.223163629141527	0.762155670876832	3.93721373669721	3.20933571475106	4.10944756494362	0.849701366786324	3.85723898293546	0.200416718921127	0.385777785712678
3576_012_bin_41_clean__mags_db_all_7_	0.450322728826094	0.837855724846721	0.477429833982319	0.86543780674427	1.10746825798639	1.29896085788531	1.03298831511831	-0.264297186830395	3.27147092172735	-0.0620373978902293	0.467555557700847
Clostridium_species_incertae_sedis__meta_mOTU_v25_12762_	0.448673893932381	0.837894491775866	0.423220557478687	0.818762016041834	-0.628724224842586	-1.03560195222912	-0.471890482820386	0.593321145401609	4.39917756574356	0.114483407930587	0.439609240262506
3576_143_bin_2_clean__mags_db_all_128_	0.468766725236243	0.838175106445728	0.47318845306891	0.850753099081458	-0.390429736966069	0.0271497140221646	-0.516336904323218	-0.567832260869206	4.12822256916239	-0.111822344293441	0.43428064382707
Lachnospiraceae_species_incertae_sedis__ext_mOTU_v26_17374_	0.488484757353485	0.838945381368957	0.491169306663869	0.844142652097358	-0.683726416875	-0.311105028255828	-0.787944630462106	-0.450481865120814	4.15115772291487	-0.0856399589324288	0.453818830770156
Alistipes_species_incertae_sedis__ext_mOTU_v26_17843_	0.445868401844975	0.840091895361823	0.432314934434067	0.828368548185002	-0.322888511881859	-0.789750745899474	-0.16319100975142	0.667856443263322	4.6044558808256	0.131738910668101	0.436056842638549
Lachnospiraceae_species_incertae_sedis__ext_mOTU_v26_16452_	0.461791472674327	0.840231221871323	0.475425919270934	0.850127009374622	-0.555557462236454	-0.240045783434263	-0.65565199756985	-0.385490428883097	4.01949779156431	-0.0798375748894369	0.456483128992176
Eggerthellaceae_species_incertae_sedis__ext_mOTU_v26_15443_	0.412694361428895	0.840652963723297	0.406312883940298	0.823592789880815	0.793721429342225	0.309163012693431	0.927934046112852	0.716890428358791	4.11665507790226	0.161231846002441	0.421333338644501
Clostridium_sp___ref_mOTU_v25_03680_	0.39490235274059	0.84100200386946	0.307257007904224	0.787886751628116	2.8009009700298	2.31290283185541	2.95285965942733	0.641060389698588	2.82388112876755	0.184681440199316	0.408000006269885
Clostridiales_species_incertae_sedis__ext_mOTU_v26_17522_	0.475890592939989	0.842143796175991	0.469896131936197	0.857758943408089	-0.348306353885949	0.0210767573914818	-0.448267815536518	-0.36116621894117	4.36233631980321	-0.0644651559456364	0.459555558236102
Clostridium__citroniae__ref_mOTU_v25_04828_	0.479863302111073	0.842512219891886	0.523498498859095	0.865038313585237	-0.415919846743191	-0.210028596968805	-0.494125201313159	-0.282611098320391	4.08134528115669	-0.0599234997060141	0.465364123069006
Oxalobacteraceae_species_incertae_sedis__ext_mOTU_v26_17454_	0.469583958597924	0.843182487585107	0.496094164363036	0.87012587653781	-0.00218999345394799	0.292705291700485	-0.109161361290565	-0.366954391427035	3.93821804003397	-0.0893274740859694	0.454706930177439
Clostridiales_species_incertae_sedis__meta_mOTU_v25_13202_	0.438825275812424	0.843217122745396	0.444047629518707	0.836168038821335	-0.469240376406678	-0.8507563505154	-0.288164276411911	0.71040886647008	4.51716300253751	0.136604223005847	0.428444449254432
Bifidobacterium_species_incertae_sedis__ext_mOTU_v26_26696_	0.481254477881373	0.843779342459906	0.485467563761254	0.844360706763505	-0.809465393583046	-0.465875093253701	-0.895128465289116	-0.615929578513001	4.51310993191363	-0.10657957627769	0.448490234327745
Clostridiales_species_incertae_sedis__meta_mOTU_v25_13115_	0.470057215033332	0.843902898034504	0.500440678479641	0.866650650417799	0.160683842602875	0.583587272491984	0.00959783237890299	-0.515943143539635	4.04442837629746	-0.116544416812976	0.434666671043172
Alistipes_species_incertae_sedis__ext_mOTU_v26_18141_	0.452342304010997	0.843958864399448	0.432884406824712	0.818414000273629	-0.348143889154677	-0.742726368936323	-0.179547660582186	0.697629189954085	4.28804469774988	0.133938115754939	0.435555559870491
Faecalibacterium_species_incertae_sedis__ext_mOTU_v26_26377_	0.439868844920796	0.844041276310416	0.432425466513625	0.831461634909586	-0.631447856208	-0.962382573691249	-0.519224330484023	0.757352426556532	4.49562976465626	0.148229747594285	0.429333338081119
Clostridiales_species_incertae_sedis__meta_mOTU_v25_13729_	0.505512037927287	0.844078872791737	0.514042298657883	0.8649574216247	-0.488344298035234	-0.209693213104088	-0.569533871034116	-0.420794245940854	4.24966443214803	-0.0793345541486331	0.464000002382722
Clostridium_sp__CAG_349__ref_mOTU_v25_07622_	0.450413041950892	0.844149574859655	0.464483613610436	0.844426265231511	-0.633376308076571	-0.136027336194829	-0.76846293242397	-0.713974061910942	6.32807941085248	-0.125786372960867	0.442273538481307
Ruminococcaceae_species_incertae_sedis__ext_mOTU_v26_17317_	0.462149240878008	0.84425861567904	0.449263446107893	0.842758120949552	-0.653011792014437	-0.121601047760066	-0.792534453350016	-0.58624874371019	4.38677142126839	-0.117631951297049	0.447111114632911
Holdemanella_biformis__meta_mOTU_v25_12329_	0.402324497943301	0.844695844003174	0.34296673067278	0.815054726783634	1.72619503745842	0.458649289696075	2.1559317249469	1.32594276477965	5.76508889107056	0.223083407754432	0.404085264093852
Bacteroidales_sp___ref_mOTU_v25_03666_	0.46795116511441	0.844800703467087	0.483351583933195	0.859060283326337	-0.177319995589137	0.0312509814508983	-0.234211987740025	-0.3268682677873	3.87022902595413	-0.0678497469767886	0.461811725437683
Alistipes_indistinctus__ref_mOTU_v25_11860_	0.458693500995235	0.844941104926526	0.416020055664412	0.835209104523105	0.540545756085391	1.17260209107514	0.384562032387486	-0.658371839565778	4.17573777575612	-0.141023841229319	0.427175848584724
Butyricicoccus_species_incertae_sedis__meta_mOTU_v25_12617_	0.413359100029944	0.845679589681673	0.290334906854431	0.793341949059757	2.23850600209378	1.19425954048663	2.84455517528899	1.15479454591954	4.96598468336615	0.189233597479965	0.411190059313308
Collinsella_species_incertae_sedis__meta_mOTU_v25_12451_	0.472631991042974	0.845742164768643	0.509169089191707	0.875031133156511	0.270624794559687	0.79847125622751	0.139961740968126	-0.557923609814594	4.73363524512081	-0.100201620834764	0.448490234327745
Clostridium_sp__CAG_138__meta_mOTU_v25_12233_	0.429059061334518	0.846622381768022	0.379712301291311	0.842078984338395	1.35357376418273	2.19910413205623	1.09462012345126	-1.19325237705328	5.70449532049584	-0.183929529372669	0.408000006269885
Ruminococcus_callidus__ref_mOTU_v25_11153_	0.433764715509296	0.847204080030144	0.442867727814051	0.842620349902372	-0.0776076980838978	-0.460717670862364	0.0584637374202037	0.885600059303585	5.39284107939664	0.131484157983628	0.429840146799911
Parasutterella_excrementihominis__ref_mOTU_v25_03674_	0.453682276073508	0.84792940934583	0.471425510970627	0.845769670374745	0.412635171951373	0.0308686245047065	0.525711718443024	0.78047956346845	4.33163376469677	0.147096737462819	0.425399649775084
Clostridiales_species_incertae_sedis__ext_mOTU_v26_16178_	0.507385804215463	0.848015173478287	0.465921805828776	0.853451860622832	-0.5228367281425	-0.199482361726705	-0.605893958966682	-0.459352928931422	4.05679741448533	-0.104687826776475	0.446714035514126
Clostridiales_species_incertae_sedis__meta_mOTU_v25_12447_	0.501732076129533	0.848365666825352	0.521781630431391	0.873326247796117	0.102317534253508	0.474223053972416	-0.00165204904462257	-0.55914471954916	4.46170832196668	-0.0986398230196945	0.445333336976331
Clostridium__asparagiforme_lavalense__ref_mOTU_v25_06317_	0.504066844683637	0.848414884429742	0.536871737261611	0.879221211754386	-0.505092235231911	-0.217578101406018	-0.608052315193107	-0.290813288288073	4.0769598625283	-0.059952392977272	0.465364123069006
Clostridium_sp__Marseille_P3244__ref_mOTU_v25_10248_	0.464258277236085	0.848839876847829	0.484272013275242	0.853917624374379	-0.404317005414121	-0.390262486359607	-0.405387198444706	-0.154744160864801	3.93984415624782	-0.0321972802758376	0.48177777897919
Flavonifractor_species_incertae_sedis__ext_mOTU_v26_17315_	0.450570288470612	0.848968249732736	0.426673637810485	0.833095508567003	0.875548025772352	0.0595513922441757	1.06874698927672	0.757232829833934	4.42319188640331	0.162867797384186	0.420444449818726
Erysipelotrichaceae_species_incertae_sedis__ext_mOTU_v26_16223_	0.496453100882415	0.849084405475272	0.524816323035963	0.871904642260604	-0.224145857141207	0.00106559756118596	-0.284434563349508	-0.32901751905782	4.02892142040478	-0.061957139297063	0.456000002919729
Clostridiales_species_incertae_sedis__ext_mOTU_v26_17995_	0.49311740958921	0.849225384265301	0.510071765795787	0.865118678006421	-0.0686541236785896	0.223390378768043	-0.154180933722245	-0.290557790735837	3.77007555806736	-0.0595940670978646	0.464000002382722
Clostridium_species_incertae_sedis__ext_mOTU_v26_17427_	0.409202396290562	0.849582316001207	0.406450503614766	0.832343050708639	2.60572879180327	2.29714148972073	2.67631524448319	0.436980569121302	2.52028399334338	0.137118867865335	0.429840146799911
Holdemania_sp__Marseille_P2844__ref_mOTU_v25_05920_	0.478369211893293	0.849649496799572	0.512087244828371	0.869141644594337	-0.592977106922653	-0.472377046678605	-0.629383610839543	-0.268134827854227	4.24241326300462	-0.0508825367537608	0.473357017741933
Clostridiales_species_incertae_sedis__meta_mOTU_v25_12707_	0.458592190732745	0.849791899213773	0.484484759707681	0.85186946139663	-0.435984607256518	-0.706074829324844	-0.360358610686839	0.844014412981873	5.14209684762899	0.136431439578694	0.433392544421459
Ruminococcus_species_incertae_sedis__ext_mOTU_v26_16285_	0.500031745652569	0.85027272182352	0.519125996887924	0.866542585459317	-0.622375854231308	-0.321626876455962	-0.722687205485934	-0.504823233200498	4.17822663834242	-0.103273916268836	0.445333336976331
Alistipes_finegoldii_onderdonkii__ref_mOTU_v25_03069_	0.455041054961454	0.850858339573125	0.493405311620794	0.875091758193732	2.11977612038398	2.52386291443378	1.96184653959852	-0.556984865559145	4.62149610763811	-0.105516121152287	0.438721140856395
Bacteroides_species_incertae_sedis__ext_mOTU_v26_26380_	0.487766234052287	0.851330591372969	0.502897425485383	0.861032555738343	-0.703145887755273	-0.384689086206062	-0.791023354591993	-0.420093028429862	4.68256005686457	-0.0856207312647534	0.454706930177439
Coprococcus_eutactus__ref_mOTU_v25_02378_	0.425765325615646	0.851372061516737	0.417092968147947	0.852668062136951	1.54460886284252	1.07547816465204	1.70495209240536	1.05004577415153	6.17167693060904	0.164673012556219	0.420444449818726
Clostridiales_species_incertae_sedis__meta_mOTU_v25_13140_	0.496578414796946	0.851757972564414	0.501493692632522	0.86055492104456	-0.631743265599495	-0.464611536944386	-0.66993862057087	-0.356748043470371	4.42815567862108	-0.0717753397448824	0.463111113553302
Eubacterium_species_incertae_sedis__meta_mOTU_v25_12260_	0.463818288407859	0.851922208458895	0.419842533647655	0.822378910513816	0.550003012756171	0.165031090278842	0.686517321162564	0.606045235266558	4.06993162199223	0.128862010403177	0.431616345610504
Eubacterium_sp__CAG_180__ref_mOTU_v25_07675_	0.454632026339638	0.852560213057977	0.482046859374302	0.867800425176347	0.374795954590133	1.45928110118426	0.128501059125015	-0.810210175051743	6.780777978693	-0.130069841758914	0.440888892836146
Clostridiales_species_incertae_sedis__meta_mOTU_v25_13662_	0.426095493720774	0.852900497141279	0.418050051317355	0.847105409097597	2.40262572652946	2.12983066828547	2.49551280091032	0.426408061410302	3.21776784828501	0.108883784327678	0.429333338081119
Intestinimonas_butyriciproducens__ref_mOTU_v25_03928_	0.4654791390225	0.853802562290418	0.501382953473925	0.870080479550529	-0.388310786032561	-0.270902565604787	-0.424807549570091	-0.100593146421064	4.08885495114654	-0.0192181940238603	0.490230906503792
Bacteroides_finegoldii__ref_mOTU_v25_03474_	0.454416379407949	0.853969054523788	0.46537116047783	0.84857420322387	-0.270985968795452	-0.631669296365924	-0.166493971799506	0.63680418299495	4.71634870239137	0.11658462188347	0.445333336976331
Lachnospiraceae_species_incertae_sedis__ext_mOTU_v26_18135_	0.468012851944696	0.854491629940535	0.562591335389106	0.906926825892017	0.998833508010296	1.7837307687096	0.720694515681223	-0.563667700031634	4.80301508986787	-0.0954509383650445	0.448000003461305
Ruminococcaceae_species_incertae_sedis__ext_mOTU_v26_16264_	0.507834091983942	0.854638246043044	0.514711292222263	0.860128695586113	-0.609058427397065	-0.273185904047964	-0.71028571895027	-0.411502120341377	4.25311198580261	-0.0805438045161424	0.460444447065328
Akkermansia_muciniphila__ref_mOTU_v25_03591_	0.451236518679977	0.854680072651364	0.421686118793185	0.85183455167893	0.629746238293087	1.40326290342928	0.463418759215808	-1.03248722223106	6.54707828420248	-0.148473818245377	0.425777782774953
Clostridiales_species_incertae_sedis__meta_mOTU_v25_12228_	0.481065096593402	0.855294717633408	0.471709229386859	0.854660997141404	-0.411262521180842	0.217142582268107	-0.606226988518314	-0.823063711363017	5.38633077206366	-0.140173128982982	0.428063947989691
Bacteroides_caccae__ref_mOTU_v25_03473_	0.453599529346547	0.855881099959017	0.541011601527967	0.884413876511256	-0.413467983797291	-0.189548834221837	-0.469972185058826	-0.591484933050085	5.83439743378284	-0.0956014434018356	0.454706930177439
Eggerthellaceae_species_incertae_sedis__ext_mOTU_v26_17308_	0.498166699654691	0.856188730675357	0.565890626983704	0.881113168899324	-0.637358549468086	-0.544708254787818	-0.665067731859603	-0.125881098084441	4.38947579577561	-0.0242905097700877	0.488000000790579
Bacteroidales_species_incertae_sedis__meta_mOTU_v25_12636_	0.505637387916833	0.856320069402716	0.486422595080702	0.846787775759119	-0.687701859812082	-0.202811334442116	-0.82076496843146	-0.474308899025997	5.02214816311821	-0.0811935150012063	0.452444447604258
Clostridiales_species_incertae_sedis__ext_mOTU_v26_26664_	0.503404119909455	0.856526166605073	0.552608214781772	0.882505649037169	-0.137060198830811	0.0904797316712118	-0.22911371686397	-0.339256269275628	4.18501064545037	-0.0834384848138155	0.460923626029971
Eggerthellaceae_species_incertae_sedis__ext_mOTU_v26_16295_	0.497049881622409	0.856576102993867	0.53359757558234	0.875412412519676	0.632367377712038	0.581148970067683	0.640113018357623	0.0130079865975041	3.0878923700292	0.00410585519705816	0.4977777779241
Clostridiales_species_incertae_sedis__meta_mOTU_v25_12307_	0.529596994120289	0.856600440655413	0.5193274520256	0.869438531016718	-0.217951722445492	-0.108395779614426	-0.249073174446286	-0.208159677301042	4.01938319042677	-0.0462295437722321	0.473357017741933
Ruminococcaceae_species_incertae_sedis__ext_mOTU_v26_16263_	0.507854083749984	0.856608149419524	0.519820611462881	0.874971025641605	-0.699796681493523	-0.315740161622863	-0.804866077357551	-0.512381401593615	4.5538974719483	-0.0878393285919025	0.449777781118292
uncultured_Eubacterium_sp___meta_mOTU_v25_13514_	0.403392259275461	0.857225753621977	0.592576397907961	0.906998708821076	2.96825200418335	2.87543312255849	2.99161129477123	0.267625475401874	2.54204442092834	0.0730531193872321	0.454706930177439
Blautia_obeum__ref_mOTU_v25_05140_	0.423750263724111	0.857696394039444	0.445743190381488	0.860674317768102	2.65864578889554	2.35417814721923	2.79653381166476	0.468726305730345	2.94372891194744	0.12529067275964	0.440497339668696
Clostridiales_species_incertae_sedis__meta_mOTU_v25_12256_	0.50501083323977	0.858324451550677	0.511244008393678	0.875148317550381	-0.37468846720502	-0.0615854031267293	-0.48541474672224	-0.387559951616489	4.4485288351324	-0.07569546327116	0.459147427214696
Clostridiales_species_incertae_sedis__meta_mOTU_v25_12445_	0.473347890410492	0.858580327236667	0.444178628337968	0.838512198343569	1.29061258557858	0.914903354844562	1.40149544690041	0.467103443533167	3.65189512418949	0.101773110623781	0.430728246205161
Lachnoclostridium_species_incertae_sedis__ext_mOTU_v26_16281_	0.522748909045578	0.858613593633444	0.498061548542085	0.858296181031082	-0.574673469869008	-0.3200661468457	-0.65015430266113	-0.467443286059011	4.18090274368023	-0.0905034185767492	0.449777781118292
Eubacterium_sp___ref_mOTU_v25_02373_	0.525262776326939	0.858863293458705	0.55091773094975	0.881109585566049	-0.192100374167826	-0.116610616047323	-0.228032525965281	0.0226609303600496	3.97705086914507	0.00323336321484368	0.4977777779241
Eubacterium__hallii__ref_mOTU_v25_03632_	0.429802138329244	0.85895382833594	0.373196952364125	0.830424421704409	3.61880995230104	3.23439551752652	3.74569725262979	0.487309149422192	2.50510335666045	0.172109862264234	0.41207815871631
Clostridium_sp__CAG_433__meta_mOTU_v25_12886_	0.489423505351477	0.85926994804634	0.495449199545708	0.874368827214171	-0.514726507040507	-0.144066096372341	-0.614674389023211	-0.430174581822088	4.54663010881938	-0.0700693929601509	0.461811725437683
Clostridiales_species_incertae_sedis__meta_mOTU_v25_12635_	0.421460235798404	0.859698523216567	0.487570579747445	0.88370838087526	2.95267068023803	2.66838392607886	3.00458212803788	0.670155150599364	3.65754177285891	0.147824900218689	0.422222227470384
Massilioclostridium_coli__ref_mOTU_v25_10237_	0.501618847095157	0.859901091721127	0.547458728264194	0.884862675248452	-0.511941768739328	-0.399428049888751	-0.561486283938511	-0.0149349897938755	4.05488487620313	-0.00304553095228855	0.498666666754459
Clostridium_species_incertae_sedis__meta_mOTU_v25_12234_	0.492052795518923	0.860666748340133	0.508771873945993	0.875016414799713	-0.342195269279205	-0.130881978605018	-0.406377716325187	-0.574653581980303	4.70224275468848	-0.114869248387788	0.439609240262506
Actinobacteria_sp___ref_mOTU_v25_01911_	0.491012431567483	0.860963173572586	0.514105792508198	0.877697142687823	0.14480337586479	0.364543046646124	0.0675308982369254	-0.330843582197146	3.60275957286702	-0.0773909961487483	0.454706930177439
Ruminococcaceae_species_incertae_sedis__meta_mOTU_v25_12259_	0.38855664521032	0.861150791702037	0.717145662368959	0.950733019699137	5.84412603865035	5.37235279337637	5.89604689266712	0.247756508292683	3.9008869779999	0.0540449847517068	0.469333335360161
Faecalibacterium_species_incertae_sedis__meta_mOTU_v25_12403_	0.419842277276744	0.861167231738962	0.261511854876337	0.797975603611035	3.98597733219961	2.18542694557656	4.355063154068	1.29960462752557	5.07258011567922	0.231751467947253	0.390222229816464
Clostridiales_species_incertae_sedis__ext_mOTU_v26_16417_	0.485571659298409	0.861550364482628	0.516731546346673	0.873085937404281	-0.383842667157617	-0.323502609102382	-0.403816157544705	-0.201278550501032	4.04377009595502	-0.0411652737890864	0.474666668338998
Clostridiales_species_incertae_sedis__ext_mOTU_v26_18011_	0.495337686606216	0.86164428319844	0.551841836874452	0.888931249730569	0.2229502273297	0.547527447171571	0.123847036364569	-0.39371020112101	3.8465935693402	-0.0808139210751548	0.456483128992176
Anaeromassilibacillus_species_incertae_sedis__meta_mOTU_v25_13295_	0.487504376222374	0.86171931614589	0.538338936572589	0.87836917160768	0.242210890402868	0.125796093290329	0.278056582450467	0.119621112229054	3.89016484120336	0.0286912216296222	0.490666667281421
Alistipes_species_incertae_sedis__ext_mOTU_v26_33183_	0.472272902966995	0.86228500032755	0.460551277841316	0.85071754526435	0.267693083761924	0.0270261910028271	0.386923538490834	0.577699685756538	4.41553667374893	0.109544908712772	0.436444448697895
Clostridium__leptum__ref_mOTU_v25_03688_	0.506570648678193	0.862795022028212	0.500388752526379	0.864444898041305	0.953436026864559	1.23678116552509	0.870312225171626	-0.459463404553806	3.52020609850434	-0.110094655121062	0.434666671043172
Ruminococcus_species_incertae_sedis__ext_mOTU_v26_26707_	0.515458727844198	0.862823868769271	0.502332012257769	0.853975721538408	-0.638303677947284	-0.0658141319179846	-0.822987655060576	-0.6926857626325	4.66344001992546	-0.143584438205843	0.423111116296372
Firmicutes_bacterium_CAG_114__ref_mOTU_v25_07728_	0.488400339424368	0.862863159584227	0.568925942893618	0.903788056744324	0.744633868052177	1.68361362429224	0.43732065387209	-0.458325669636415	4.96389665090423	-0.0790410293471247	0.456483128992176
Bifidobacterium_pseudocatenulatum__ref_mOTU_v25_02700_	0.466452577855259	0.863561643817109	0.471133018733444	0.863026414349888	-0.129849785500105	-0.408682715176488	-0.0493146296738729	0.581283220996473	4.96329662506328	0.102440438389289	0.459147427214696
Firmicutes_bacterium_CAG_170__ref_mOTU_v25_07733_	0.483532061459596	0.863588051205774	0.474593797834712	0.84995738871836	-0.217826962575265	-0.527687491916612	-0.103181004486774	0.680552152626342	4.51671410083804	0.118438060251077	0.434666671043172
Clostridiales_species_incertae_sedis__meta_mOTU_v25_12229_	0.500981202191883	0.863767414591151	0.523469045200195	0.875815142380384	-0.626966270219478	-0.299973605131246	-0.722780689429939	-0.317448478967328	4.58372696931938	-0.0564715512042345	0.478685614192107
Lachnospiraceae_species_incertae_sedis__ext_mOTU_v26_16311_	0.482469030632985	0.864037047761508	0.490787428098672	0.866108194611214	-0.626536207183605	-0.821512161914358	-0.557688468080803	0.141803714307974	4.09616412166386	0.0287792141503539	0.484902310051842
Clostridiales_species_incertae_sedis__ext_mOTU_v26_28979_	0.505016879585352	0.864054431297426	0.479551689514055	0.843440671164814	-0.528479040160841	-1.01412417631651	-0.37388094302456	0.646246341881335	4.22832653535067	0.130343455918621	0.435555559870491
Flavobacteriia_species_incertae_sedis__meta_mOTU_v25_14202_	0.516676331730234	0.864076593924974	0.504857545696836	0.872236837339512	-0.53396448548314	-0.339663845176275	-0.56798047302971	-0.16032956320841	4.18469540134397	-0.0273827101930082	0.48622222313009
Ruminococcaceae_species_incertae_sedis__ext_mOTU_v26_17393_	0.501387289035707	0.864083488911254	0.559884519669901	0.895637603304654	0.578271009196811	0.789341231109441	0.516754373420981	-0.280633595455793	4.01426770091646	-0.0668112454401121	0.460035526622308
Collinsella_species_incertae_sedis__ext_mOTU_v26_17334_	0.537659757202958	0.86491513210727	0.522202631836115	0.877890198491698	-0.0331951879694623	0.317854213785871	-0.145069484459433	-0.491908861844047	4.35232869115961	-0.0899107892090198	0.452444447604258
Anaerotruncus_rubiinfantis__ref_mOTU_v25_09169_	0.49504140322151	0.86492522114892	0.475751117484157	0.856252019608893	-0.206304004013246	-0.321889905661925	-0.16785920136557	0.119495315425378	3.97837955898561	0.03062901229903	0.47957371360057
Clostridiales_species_incertae_sedis__meta_mOTU_v25_13686_	0.528877242999047	0.865003120536761	0.541237838221756	0.882919275284611	-0.501065038839221	-0.286181405032453	-0.568522625222807	-0.243971081164681	4.42380465470113	-0.0424495487282827	0.473777779509105
Ruminococcaceae_species_incertae_sedis__ext_mOTU_v26_16294_	0.513018044520815	0.86508222212209	0.521103964422712	0.876484547316569	-0.0570809342666347	-0.00858425434176802	-0.0775462914475149	-0.0575153234873538	3.8454441880376	-0.0141979649680958	0.490230906503792
Actinomyces_sp___ref_mOTU_v25_01913_	0.506222882691258	0.865314732151976	0.55174894992317	0.889714873406225	-0.606550880118784	-0.552544887404623	-0.620682733516397	-0.132644401669701	4.23773857605588	-0.026823628374777	0.484902310051842
Butyricicoccus_species_incertae_sedis__meta_mOTU_v25_12336_	0.470839224139618	0.865325635109139	0.499190935729875	0.873305892106741	-0.347267217848816	-0.588122191739067	-0.262931971096373	0.451275287747514	4.82950624709596	0.0840680951298988	0.458259327807136
Ruminococcaceae_species_incertae_sedis__ext_mOTU_v26_16292_	0.519369552398936	0.865527738086196	0.518427584244864	0.871063846930566	-0.543573119121134	-0.532690935137706	-0.545631749150987	-0.238910592799781	4.22339176131783	-0.0529821229085892	0.477797514783672
Rikenellaceae_sp___ref_mOTU_v25_03593_	0.488976958028059	0.865895970409668	0.533558179118995	0.875114408516635	-0.656235307306188	-0.767315415567952	-0.613666065825685	0.225531631264689	4.42648089019291	0.0437465460205528	0.477797514783672
Tyzzerella_nexilis__ref_mOTU_v25_03689_	0.535032147981896	0.865954155532563	0.505525669173043	0.857572350190443	-0.696483184064781	-0.224643653076067	-0.808319126203529	-0.640952777039253	5.0526775422906	-0.109619183415723	0.442666670491997
Bacteroides_cellulosilyticus_fragilis__ref_mOTU_v25_01597_	0.491603652045976	0.866109821287708	0.519835019971055	0.871177683885965	-0.194624904612806	-0.410081462414521	-0.140874016706182	0.330043058299372	4.6913579581027	0.0523311108461936	0.467555557700847
Lachnospira_sp___ref_mOTU_v25_05263_	0.508343251814428	0.866413499657931	0.521128187193472	0.877134921232729	-0.55245421435535	-0.365076122777793	-0.59566756308485	-0.248017879527538	4.3590972570625	-0.0400497893438747	0.478685614192107
Clostridium_sp___ref_mOTU_v25_03621_	0.48951070310336	0.86658140964895	0.50338425280316	0.86146272208145	-0.398758337191961	-0.781626865853294	-0.262978213904597	0.654483640173249	4.71131884067863	0.116933800575549	0.451154532548668
Clostridiales_species_incertae_sedis__ext_mOTU_v26_26595_	0.49455614413073	0.866728099753298	0.487444668186316	0.860751619353453	-0.343957708348651	-0.608287865006741	-0.260376794082039	0.307151179635097	4.17992910554033	0.0607233415779037	0.46625222247695
Mogibacterium_sp__BX12__mags_db_all_26_	0.496454126738176	0.866894322309513	0.476698900582193	0.84437392903797	0.0210004133489736	-0.356006271326436	0.138274969376051	0.483716077934612	4.09376978123123	0.0909293186269702	0.448888892289766
Clostridiales_species_incertae_sedis__ext_mOTU_v26_26617_	0.49529688820355	0.86722575792522	0.478414346513158	0.859675671119723	-0.258602964008517	-0.530900198578165	-0.14488846176946	0.492954644492781	4.21465393981913	0.100863091517671	0.446714035514126
Actinomyces_species_incertae_sedis__ext_mOTU_v26_19569_	0.530839627688446	0.867678519169916	0.543202484337889	0.880336190365622	-0.629845297560622	-0.286737835091489	-0.734986798619006	-0.352238519951538	4.27865868546642	-0.058278393252395	0.46625222247695
Ruminococcaceae_species_incertae_sedis__ext_mOTU_v26_17886_	0.491663232025351	0.867973566265338	0.455878633040542	0.841004285376127	0.0116766145090343	-0.468168133161549	0.181700810758396	0.676983760230004	4.44850440917233	0.152069444616275	0.425399649775084
Firmicutes_sp___ref_mOTU_v25_03629_	0.510220961836159	0.86821754649807	0.555286273557429	0.892334496067653	-0.264736016282872	-0.0666528637814645	-0.311813376770142	-0.350543265946939	4.50963955756136	-0.0624070286120408	0.469333335360161
Clostridiales_species_incertae_sedis__meta_mOTU_v25_12755_	0.484853936331486	0.868510422197991	0.556899880972896	0.892619357718516	0.143821889857839	0.141855949483229	0.14697864661739	0.374329880384367	4.68700209375576	0.0637793792375159	0.473357017741933
Clostridium_sp__CAG_58__ref_mOTU_v25_07640_	0.500183568818333	0.868852802537895	0.575297764952624	0.901133836255174	0.865862105664211	0.885810700588008	0.859798949736765	-0.280148515312493	4.1299916029456	-0.056434268378651	0.471580818925463
Oscillibacter_species_incertae_sedis__ext_mOTU_v26_28927_	0.487972564413461	0.869107155236169	0.496210394313139	0.864660294647628	0.216650379257382	-0.380377343133889	0.368675341185776	0.516738557290905	4.236868713835	0.101594730167801	0.443161637887725
Desulfovibrio_species_incertae_sedis__ext_mOTU_v26_16415_	0.505364570448308	0.869301553823932	0.534370544751118	0.887186838577411	0.00659709654770335	0.260135548089916	-0.058398730588185	-0.268842899714619	4.11848249177525	-0.0554457117292678	0.471111113019631
Clostridiales_species_incertae_sedis__meta_mOTU_v25_12554_	0.500976579409469	0.869779319506723	0.517083895699488	0.86396072632345	-0.435981844329479	-0.872787989145469	-0.306363374670269	0.499208716141589	4.66502011721344	0.077018015615183	0.456000002919729
Acinetobacter_sp___ref_mOTU_v25_03673_	0.52324876924431	0.870121872794916	0.532881821378113	0.882314484856148	-0.701226444776319	-0.342574397589782	-0.787451471066691	-0.398131912888501	4.86406457016249	-0.0790908517827524	0.455595029584779
Clostridium__saccharolyticum__ref_mOTU_v25_03601_	0.504347508781817	0.870237103256654	0.530448733373984	0.876624229144412	-0.684637676716698	-0.915443429585808	-0.639129258580178	0.338107664158049	4.42670771496266	0.0704552216421349	0.463111113553302
Lactobacillus_sakei__ref_mOTU_v25_01607_	0.530769889393837	0.870281412866231	0.543683118489476	0.880200590550891	-0.620671331776029	-0.291618723598511	-0.733604873708288	-0.169884641731844	4.13055303507892	-0.035702416218979	0.480888890149074
Clostridiales_species_incertae_sedis__ext_mOTU_v26_16427_	0.515361726757294	0.87035940301772	0.559355962848571	0.889150142191384	-0.0306562196129692	0.185151277414984	-0.0791215427048328	-0.257329413985151	3.97690905932937	-0.0548513811405306	0.471111113019631
Phascolarctobacterium_sp__CAG_266__ref_mOTU_v25_07691_	0.495580602100284	0.870368388386637	0.480132895002115	0.867988677986791	-0.484284438328064	-0.0316959118353077	-0.611155180928209	-0.564454776643242	6.01823332232875	-0.0785610149610994	0.460035526622308
Clostridiales_species_incertae_sedis__meta_mOTU_v25_12690_	0.482579571815622	0.87045437150602	0.527282021588205	0.878846444134671	-0.425647105344892	-0.64941393417072	-0.379007064071285	0.504808930969374	4.64652767465585	0.0981437841643999	0.454222225261876
Coprococcus_comes__ref_mOTU_v25_03690_	0.433385433426694	0.870543081824312	0.406003925576619	0.851720137789822	4.54512329211693	4.37955845132594	4.60287692335249	0.359943526346192	2.09125780267968	0.120686737131738	0.423111116296372
Pseudoflavonifractor_capillosus__ref_mOTU_v25_02969_	0.514333190803257	0.871122858563792	0.546077864526328	0.879856809550647	-0.253151926600852	-0.187667488539755	-0.272832737512342	0.041325037468817	4.19660588650522	0.00797931433918058	0.494222222602703
Clostridiales_species_incertae_sedis__ext_mOTU_v26_16181_	0.508818814033057	0.871238155388335	0.484237916937895	0.857432899015019	0.0934518365624832	-0.262155521913032	0.193195505266036	0.425799988248432	3.93969838464774	0.0845058662880699	0.449777781118292
Ruminococcaceae_species_incertae_sedis__ext_mOTU_v26_16451_	0.514677425688145	0.871254261646306	0.536850265299243	0.890830851617258	-0.126642823684098	-0.0812011375286215	-0.138314746837253	-0.0884657594691891	4.13165198692739	-0.0170261546759651	0.487566608277747
Ruminococcaceae_species_incertae_sedis__ext_mOTU_v26_17626_	0.524568929386103	0.871495143518972	0.560367523320411	0.89272698726934	0.0462910226782416	0.0530311165654069	0.0428270394064425	-0.20721938998632	4.56915796074794	-0.0358508760159799	0.476909415375263
Clostridiales_Family_XIII__Incertae_Sedis_species_incertae_sedis__ext_mOTU_v26_17436_	0.485447226124605	0.871731566907323	0.539947472093119	0.876611653976937	0.282539638036526	0.0814004030027293	0.338478882707712	0.226767687102006	3.99998736758092	0.0420317635372474	0.477797514783672
Eubacterium_sp__CAG_202__meta_mOTU_v25_12308_	0.499899465994807	0.871828092006657	0.539283152869709	0.874460957294001	-0.0470263319283477	-0.324547550409	0.0568869668298335	0.521905937255287	6.06193752318813	0.0860953938941864	0.460035526622308
Oscillibacter_species_incertae_sedis__meta_mOTU_v25_12353_	0.511827325895493	0.871899155530983	0.527298965740197	0.875884254899858	0.247637702620573	-0.1324665193413	0.385362413416243	0.862308418833881	5.69174673287793	0.142403231582719	0.431616345610504
Pseudoflavonifractor_species_incertae_sedis__meta_mOTU_v25_14283_	0.497195083479274	0.87195594369618	0.494199285365862	0.863752906535319	0.471583611730098	0.129212527327608	0.587559812526335	0.390862703335546	4.18368481846776	0.0669324071164064	0.45155555877554
Clostridiales_species_incertae_sedis__meta_mOTU_v25_13304_	0.516382238928253	0.872140358959041	0.527932321361699	0.882489219342412	-0.496418249858169	-0.658268879269886	-0.453308906957364	0.333011766830186	4.07520296175492	0.0641831859761191	0.462222224723929
Collinsella_species_incertae_sedis__ext_mOTU_v26_28721_	0.52373393714204	0.872240417694011	0.55186411082625	0.883441619213515	-0.375852045338217	-0.442617059809599	-0.353665543492462	-0.0739136279075172	4.30813165596294	-0.0205459906581112	0.488888889620846
uncultured_Clostridium_sp___ref_mOTU_v25_11607_	0.515245618799284	0.87243757069763	0.540240881208887	0.878279558492443	-0.0535749420909415	-0.0642041012431021	-0.0524087868365939	0.148169388274142	4.00956687775406	0.0308010920183219	0.484014210643243
Anaerostipes_hadrus__ref_mOTU_v25_00857_	0.442892824747538	0.872683137641123	0.558819443444888	0.913920678725913	3.83034240033118	3.71306072803548	3.86332778574744	0.452067757718543	3.01746130034717	0.13095978007516	0.437333337525383
Clostridiales_species_incertae_sedis__meta_mOTU_v25_13165_	0.524262607973247	0.872793578052857	0.542263296990824	0.876894342973308	-0.391979847465369	-0.384603256077137	-0.394808579791285	0.0233206646329833	4.24790857814801	0.00500329619744245	0.493333333772369
Clostridiales_species_incertae_sedis__ext_mOTU_v26_17865_	0.52686196914861	0.872984346957682	0.522998163013146	0.876782731307986	0.220016522518732	-0.0336214776370793	0.283879913908244	0.325324673139528	4.05945275050031	0.0727659476673002	0.458259327807136
Faecalibacterium_species_incertae_sedis__ext_mOTU_v26_18129_	0.505578673076769	0.873182983486642	0.501620919559863	0.871421152875666	-0.113301367460092	-0.515493703962931	0.00364505172650009	0.425952723758961	4.40006122395597	0.0871313988027033	0.460444447065328
Collinsella_species_incertae_sedis__ext_mOTU_v26_26704_	0.528381436534379	0.873289889897773	0.563251902986829	0.890621460456867	-0.51705303630701	-0.48483267566729	-0.522753444736781	0.147414359921227	4.52135305488511	0.024503529510213	0.484902310051842
Anaerotruncus_colihominis__ref_mOTU_v25_03438_	0.502420793707168	0.873420007309457	0.519106808202851	0.879858487784621	-0.241545345349238	-0.453899553821315	-0.182623272944276	0.091971314788279	4.27687697237024	0.0199117889117424	0.488454707686415
Bacteroides_species_incertae_sedis__ext_mOTU_v26_17504_	0.527857358094577	0.873523395931994	0.554046231775826	0.884249582889359	-0.17070087479287	-0.130474433806929	-0.180495010869284	-0.173249613339662	4.23030134541969	-0.0330189100790903	0.483126111234664
Ruminococcaceae_bacterium_D16__ref_mOTU_v25_11463_	0.524614395040026	0.873560764676969	0.543937293263599	0.872504712323016	-0.45362517796548	-0.61200958022381	-0.400539553266215	0.415159919236626	4.68434345321155	0.0770355048017797	0.460035526622308
Collinsella_bouchesdurhonensis__ref_mOTU_v25_03627_	0.509035770199683	0.87397339357146	0.591298613230786	0.903834310833614	0.204185515888012	0.62315964112297	0.0458634274926446	-0.325717644916462	4.50293766206267	-0.062677584252351	0.475133216558536
Sutterellaceae_species_incertae_sedis__ext_mOTU_v26_17688_	0.497735991691907	0.874232987531705	0.473791372209621	0.864727792410261	-0.10725661018574	-0.529768273628433	0.0221437460253124	0.506955749433059	4.47912746442801	0.110411350834415	0.447111114632911
Blautia_sp___ref_mOTU_v25_03597_	0.515076348997778	0.874375725180416	0.557149228085155	0.882810098214525	-0.44491191848639	-0.561237111158031	-0.406293201630702	0.243739752508325	4.81937503414417	0.0441582036249219	0.480461813009057
Collinsella_species_incertae_sedis__ext_mOTU_v26_17328_	0.536111502444121	0.874615778087023	0.535499878275992	0.883862724744408	-0.651518647200472	-0.314137093994149	-0.753755835859832	-0.267759463474263	4.5637585073276	-0.0458724011545624	0.472888890679246
Clostridiales_species_incertae_sedis__meta_mOTU_v25_12747_	0.520422882766683	0.874689897627442	0.544118341771146	0.885402709743796	-0.539921523347447	-0.097516909175873	-0.654841002597339	-0.371286999475537	4.9825825829664	-0.0702580668339269	0.46891652070103
Clostridiales_species_incertae_sedis__meta_mOTU_v25_12691_	0.536008177504262	0.874762672817556	0.568366972139396	0.893290450271497	-0.326761564625184	0.237753690703924	-0.510316184583957	-0.573293592241605	4.93172957086476	-0.107368606986643	0.447111114632911
Eubacterium_sp__CAG_38__ref_mOTU_v25_07679_	0.538242194574295	0.875066456433238	0.541677825700087	0.884566917948771	0.822537486115514	1.28130630503392	0.716275199739014	-0.541940950913124	4.55860970325944	-0.101776674733677	0.442666670491997
Lachnospiraceae_species_incertae_sedis__ext_mOTU_v26_17428_	0.522861396985356	0.875317974665853	0.509838755971975	0.861932262163131	0.423610308572953	-0.0451289219688791	0.558134630593335	0.353167256494368	3.85472693839242	0.072167523975239	0.456000002919729
Phocea_massiliensis__ref_mOTU_v25_05236_	0.507760283577953	0.875336288954322	0.464650615344135	0.844658274435932	0.0824791636883146	-0.439481481123255	0.210427630611536	0.432291893835629	3.84805446387071	0.0979147608415242	0.437833041450365
Clostridiales_sp___ref_mOTU_v25_02968_	0.521162025725124	0.875376425101631	0.526674689372102	0.883901712485433	1.10192864477901	1.26237106647332	1.06917608517197	-0.265357727458162	3.15618657502175	-0.0659151153689603	0.462699824845445
Eubacterium_ramulus__ref_mOTU_v25_03570_	0.520263385567196	0.876303923370544	0.584783259057575	0.905137889884717	2.1233477004901	2.17883001545924	2.11169970384296	-0.458947885132873	3.92117033578411	-0.0908804798509516	0.453333336433036
Bilophila_wadsworthia__ref_mOTU_v25_04300_	0.47718764011947	0.876449354006041	0.527601542350573	0.894230793657884	2.49673277168089	2.0769994934838	2.59067710324076	0.527262522081593	4.00704726579908	0.109662996771005	0.443161637887725
Coriobacteriia_species_incertae_sedis__ext_mOTU_v26_26765_	0.519795426971975	0.876764084422274	0.528356417013808	0.878992401950882	-0.460340114040909	-0.772090345037754	-0.346399385830935	0.391716797856197	4.25932378597345	0.0773080526195608	0.46891652070103
Firmicutes_species_incertae_sedis__meta_mOTU_v25_12231_	0.520260598458561	0.876850021055068	0.563015056851435	0.894933619364466	-0.122095365705094	0.0857591075198965	-0.172271712734792	-0.237118866376617	4.64487242882316	-0.0389916068465651	0.482666667809329
Lachnospiraceae_species_incertae_sedis__ext_mOTU_v26_16268_	0.535951963468501	0.877157452001055	0.541164636150306	0.890674493900756	-0.210203217426209	-0.160707688457133	-0.225175135568878	-0.03725477130856	4.18436316612157	-0.00582946486259577	0.496447602364938
Firmicutes_bacterium_CAG_102__ref_mOTU_v25_07726_	0.489417125481637	0.877460185478301	0.382572565503139	0.840683629368458	2.81843084260112	2.4468387219161	2.93888099579705	0.513390759740648	3.43475518337756	0.118808293925958	0.428952047394753
Streptococcus_sp___ref_mOTU_v25_01350_	0.499339274235281	0.877649264570856	0.614774235684147	0.911159307622954	1.73831368986247	1.63854284926034	1.76259854281884	0.356617188108505	3.65411551726867	0.0856936930762789	0.460444447065328
Clostridium_sp__CAG_167__ref_mOTU_v25_07613_	0.527559328121498	0.877658293887054	0.513404861793244	0.86569090339623	-0.214555953413256	-0.507018923787335	-0.0975873325856682	0.383541525668234	4.64913262874135	0.0696807463787315	0.461811725437683
Clostridiales_species_incertae_sedis__ext_mOTU_v26_17987_	0.519445554200067	0.87780097971131	0.625645753934525	0.916136593875972	1.3132312232282	1.4307105900507	1.26233256301965	-0.146336298864083	3.34247109318133	-0.0334947393700163	0.475555557168922
Ruminococcaceae_species_incertae_sedis__ext_mOTU_v26_17494_	0.525561298891297	0.8781892031456	0.548698061392387	0.877324877602773	0.18038861065333	0.116435224213889	0.203456796703172	0.136132857899491	4.11989149299592	0.028556849760245	0.482666667809329
Clostridiales_species_incertae_sedis__meta_mOTU_v25_13486_	0.496884625062261	0.878223643618072	0.551121256501708	0.893611994505476	-0.171757860496728	-0.324361120037103	-0.119548820032012	0.649771901214246	5.67343801833369	0.103456226999191	0.452444447604258
Senegalimassilia_anaerobia__ref_mOTU_v25_06538_	0.493847379138053	0.878350396142474	0.486523787906994	0.865795507231896	1.33271307916245	0.827423725429385	1.47673999085896	0.56373021774146	4.52353915944066	0.104100289830467	0.445333336976331
Lachnospiraceae_species_incertae_sedis__ext_mOTU_v26_17986_	0.565118521790423	0.878675493366839	0.587263232828799	0.894973189522358	0.404901810708276	0.660848328197279	0.330331406003861	-0.242639372258296	3.88330346402058	-0.0570773478169331	0.475133216558536
Ruminococcus_species_incertae_sedis__meta_mOTU_v25_12766_	0.501870473039923	0.879158167947865	0.533132707725456	0.89350634632397	-0.51082693095341	-0.494271434644008	-0.516260025333454	0.119814430599384	5.00824900645305	0.023660139734264	0.487111111960326
Burkholderiales_species_incertae_sedis__meta_mOTU_v25_12785_	0.536744118526492	0.879475201266083	0.561045717880593	0.891239683741835	-0.381117661523579	-0.226224635266465	-0.441690894514265	-0.164916816511559	5.23475338512337	-0.0336072751240326	0.484444445469671
Roseburia_sp__CAG_182__meta_mOTU_v25_12852_	0.539401541356476	0.879698998416937	0.559120066898606	0.892317796430832	-0.0352537423423138	0.0950142172160389	-0.0733291862738952	-0.0783859104679747	4.52549706287352	-0.0134770287337428	0.494222222602703
Ruminococcaceae_species_incertae_sedis__ext_mOTU_v26_17884_	0.548056491401582	0.879923467852714	0.554969800731616	0.88765546700175	-0.395265835323056	-0.362025226001398	-0.407474214566302	0.0436216059315431	3.9029895881217	0.010475762617422	0.493333333772369
Firmicutes_bacterium_CAG_227__ref_mOTU_v25_07734_	0.539384873658125	0.880375215862263	0.561854253807621	0.895943276747302	-0.496652875107666	-0.549615807772986	-0.48562089470949	0.213670180798866	4.64273032563017	0.0374276737147811	0.48134991241757
Clostridium_sp___ref_mOTU_v25_03675_	0.527252071251315	0.880427915541201	0.492092905535318	0.861463917031105	-0.338210138650102	-0.784479879933797	-0.218832323535304	0.297657305870282	4.36393488869406	0.0566603730378615	0.470222224189877
Bifidobacterium_adolescentis__ref_mOTU_v25_02703_	0.539175123587466	0.880430517566324	0.554434039206707	0.884142302909233	-0.386271853315943	-0.570261754628932	-0.326045037057329	0.43590926524446	5.01187709049409	0.0834603953820813	0.459555558236102
Clostridiales_species_incertae_sedis__ext_mOTU_v26_18262_	0.524926882209218	0.880430655264264	0.538659989178568	0.888025432741693	-0.536758958855581	-0.604481323315791	-0.519411645305587	0.0994915353045336	4.06307913368534	0.0267588510984362	0.487566608277747
Ruminococcaceae_species_incertae_sedis__meta_mOTU_v25_12664_	0.558563240472222	0.88052244178808	0.586189578590635	0.899881995299689	-0.0934691283652604	0.188540784523166	-0.187164827571208	-0.325588017436615	4.96070250385117	-0.0544520561454799	0.472888890679246
Clostridium_species_incertae_sedis__meta_mOTU_v25_13210_	0.5429173288976	0.881067996213135	0.536953191977227	0.880730166935267	-0.648747324537727	-0.530389973990738	-0.687766645734254	-0.168007635181436	4.4743818421373	-0.034311048055434	0.488454707686415
Firmicutes_sp___ref_mOTU_v25_02743_	0.533411850665344	0.881068748738789	0.549178122985557	0.890513932038561	-0.111689865973271	0.0194741902260134	-0.141457093507561	-0.233340152553122	4.49639631792171	-0.0450870436951995	0.470222224189877
Bacteroides_rodentium_uniformis__ref_mOTU_v25_00855_	0.466878746451109	0.881107258221818	0.476537904417335	0.890831094836014	3.92192634892101	3.49008648982992	4.08881316046385	0.54080859929837	3.98646503727768	0.123596809252168	0.429840146799911
Clostridiales_species_incertae_sedis__meta_mOTU_v25_12434_	0.529794937023303	0.881180258637071	0.518466410325015	0.874725635903956	-0.0313880641238411	-0.259339808686671	0.0506581087977755	0.541292618666821	4.2442707020288	0.107372241421117	0.434666671043172
Clostridiales_bacterium__mags_db_all_53_	0.550617486152146	0.881309684208687	0.552504721756413	0.883945201753227	-0.465840377412931	-0.54185320143652	-0.443844391247173	0.0370287115351733	4.28582083137854	0.00562190305748341	0.496000000263391
Clostridiales_species_incertae_sedis__meta_mOTU_v25_13155_	0.552214400014714	0.881385759084841	0.593045468579013	0.901461447327272	-0.479459154052944	-0.550813908810307	-0.454425818078494	-0.0103721925237332	4.32973519076338	-0.00327967244301964	0.498223801182465
Clostridiales_species_incertae_sedis__meta_mOTU_v25_12351_	0.518944124961732	0.881685211048367	0.558722337642255	0.896793425803527	0.0528113867082141	0.0302887750587191	0.0615889012725104	0.150739626974741	4.08459676607525	0.028542201636779	0.486678508869095
Ruminococcaceae_species_incertae_sedis__ext_mOTU_v26_17614_	0.53642437858688	0.881989183216144	0.542628188505718	0.887777102395994	-0.265808034705604	-0.298849449820784	-0.260937143704048	0.0427206171525993	4.233654667247	0.00729545332191036	0.495111111433044
Clostridiales_species_incertae_sedis__meta_mOTU_v25_12437_	0.539797083410577	0.882163246963782	0.574314434976441	0.901108102382541	0.535973898639101	0.901132087237534	0.427064600607475	-0.734367238102803	6.03238911670822	-0.116001438757703	0.444049737294218
Clostridiales_species_incertae_sedis__ext_mOTU_v26_17600_	0.542613171524214	0.882768573956132	0.559675174260501	0.892960376850597	-0.0686306472627596	0.0608800343334721	-0.117878761111762	-0.0934136797014284	4.45034459011178	-0.0181566375944975	0.486678508869095
Roseburia_species_incertae_sedis__meta_mOTU_v25_12537_	0.540586883270437	0.882872706165685	0.563844469908425	0.888194531560976	-0.175534605326062	-0.517043670081457	-0.0660055807034174	0.493429370003756	4.68297279106494	0.0974212462603232	0.453818830770156
Alistipes_ihumii__ref_mOTU_v25_07379_	0.539899703532166	0.882880218100881	0.678102988356056	0.936692850175546	1.93028326713137	2.07209303252665	1.86720307890944	-0.187436560748854	3.52454397054684	-0.0412077068215	0.479111112488915
Clostridium_species_incertae_sedis__ext_mOTU_v26_17403_	0.526556147806728	0.883166658350294	0.519984063827117	0.871999109809089	-0.519949490269927	-0.590555514195632	-0.493414844078348	0.0375140237884617	4.19245307753133	0.00491774399348826	0.498223801182465
Prevotella_sp__CAG_279__meta_mOTU_v25_12279_	0.51486566389559	0.883246113854033	0.537576902379899	0.886489164648968	-0.0196963512418451	-0.237681494944905	0.0468179840617733	0.620660300004442	6.194947261843	0.0960907590349223	0.452930731362933
Bacteroides_plebeius__ref_mOTU_v25_05069_	0.524193928932233	0.883671367723335	0.538429111441529	0.892714443661398	0.0199419280023241	0.390367961025461	-0.101853152488641	-0.63016276383876	6.32651086920039	-0.101008448254716	0.448490234327745
Clostridium__spiroforme__ref_mOTU_v25_11181_	0.547817702188133	0.883721914117035	0.562463496973943	0.888704857599637	-0.465219441313812	-0.646741762999931	-0.405268550445727	0.191165298708488	4.21332634492973	0.0406995478910111	0.474666668338998
Oscillibacter_species_incertae_sedis__ext_mOTU_v26_17772_	0.517778543556436	0.884021025932199	0.535291799550425	0.884511396822379	-0.03892126487791	-0.139870867875371	-0.0107559269790682	0.197296972678958	4.20369725073983	0.036322396716399	0.480000001318982
Clostridiales_species_incertae_sedis__meta_mOTU_v25_12887_	0.550318313935656	0.884127304510649	0.592618136347937	0.905265432217613	-0.504508248778299	-0.512152532083941	-0.504254007118576	0.182609821174256	4.6962260651445	0.033356986962001	0.484902310051842
Eubacterium_sp__CAG_156__ref_mOTU_v25_07673_	0.545302985249012	0.884520619123862	0.583584779126562	0.898807220723275	-0.112322077491613	-0.10595080348949	-0.112714226781524	0.149885642617646	4.14150416050601	0.0339696143337663	0.484444445469671
uncultured_Clostridium_sp___ref_mOTU_v25_11606_	0.532049527448592	0.88486980727439	0.542487843839937	0.886575680914294	0.0229756268133219	0.121846831115927	-0.00632400393855193	-0.0703401464202429	3.90956012765978	-0.0167593010730993	0.492007105321218
Clostridiales_Family_XIII__Incertae_Sedis_species_incertae_sedis__ext_mOTU_v26_26457_	0.555442625569963	0.885351697395375	0.586190608811413	0.899636718544771	-0.273951660049214	-0.328803888811442	-0.253090972005444	-0.102757209056241	4.27088663994095	-0.0221305035467325	0.490230906503792
Desulfovibrio_piger__ref_mOTU_v25_06282_	0.532749485381728	0.885447613546378	0.551251587175904	0.887076027134631	-0.181982961760109	-0.427539200729741	-0.102547774207278	0.588561670457469	5.16812440953723	0.097045749653535	0.453333336433036
Ruminococcaceae_species_incertae_sedis__ext_mOTU_v26_17927_	0.543529770644631	0.885480666107653	0.578066796178371	0.902161935848514	0.2253391244823	0.222916698273736	0.2253391244823	-0.145106490297602	4.06516607610602	-0.0260679691825531	0.480000001318982
Allisonella_histaminiformans__ref_mOTU_v25_10689_	0.529379975076364	0.885539324462849	0.54096367151556	0.885765498789299	-0.502191101466722	-0.669918246169543	-0.446283086674404	0.151173534138553	4.55711991179196	0.0265792391884241	0.483126111234664
Clostridium_sp__CAG_226__meta_mOTU_v25_12471_	0.531240428379873	0.885635412521488	0.596166139231657	0.903487253140896	-0.309188335274253	-0.180720641469864	-0.334194650960429	-0.480076619888947	5.56075678045358	-0.0761229276841871	0.459147427214696
Clostridiales_species_incertae_sedis__meta_mOTU_v25_13659_	0.535193353229067	0.885655246287274	0.522933842784655	0.8842626453319	0.310884567507827	-0.0785298458291184	0.474843257266153	0.42197786503425	4.56464417590426	0.0822949716297936	0.456000002919729
Oscillibacter_species_incertae_sedis__ext_mOTU_v26_26398_	0.546314256139172	0.886007116279352	0.551320880070772	0.889268968458792	-0.452637229086651	-0.587212778133543	-0.381018281927609	0.264867223086508	4.34092034808346	0.0515694490064127	0.477333334828862
3576_121_bin_27_clean__mags_db_all_113_	0.571863539657961	0.88604299657998	0.569160537882472	0.892958714182103	0.157702267232403	0.0307404355166954	0.19235766830172	0.135189331378358	3.67634379391759	0.0308856353805457	0.48134991241757
Prevotellaceae_species_incertae_sedis__ext_mOTU_v26_26669_	0.563871739214937	0.886090724617608	0.549513733616219	0.884198070992724	-0.604087983799025	-0.838928157059715	-0.539769730330462	0.163221376691656	4.3985525141794	0.0320886078168863	0.482666667809329
Dorea_longicatena__ref_mOTU_v25_03693_	0.522639558287852	0.886180464537276	0.573731102438161	0.900059533458726	-0.388413947029922	-0.451175191194194	-0.370934175596958	0.390934057926117	5.14915193844229	0.068111756319065	0.464888891212187
Oscillibacter_species_incertae_sedis__ext_mOTU_v26_17930_	0.539278872161248	0.886919197396359	0.524637311783856	0.880083949639074	0.597606810050106	0.380478079748245	0.644757049068466	0.285339267556573	3.48760074038959	0.0627595833557665	0.463587924253253
Firmicutes_bacterium_ADurb_Bin467__meta_mOTU_v25_12694_	0.539095872157055	0.887224042415853	0.543147859281687	0.889494863694884	0.0747544630121686	-0.072392188841091	0.117373587954114	0.180088762552683	3.94777926194535	0.0314658106407652	0.484014210643243
Clostridiales_species_incertae_sedis__meta_mOTU_v25_13332_	0.53888930306935	0.887290953084297	0.56037857336739	0.902371346268919	0.273488078764227	0.244053713205462	0.287509893949025	-0.146952789286618	4.29754269622427	-0.0281574354752768	0.487566608277747
Senegalimassilia_anaerobia__mags_db_all_14_	0.518139257142342	0.887569500127718	0.467062441191304	0.87016455783934	1.26843861467151	0.904028983783828	1.42037677505992	0.631857315622877	4.34239900421015	0.121277116098343	0.428952047394753
uncultured_Blautia_sp___ref_mOTU_v25_11916_	0.555955121939799	0.887658422047676	0.555421724428545	0.885337767649001	1.03739052084357	1.02881022959214	1.03930125649741	0.0308291837083789	3.12973763781221	0.00968677785852037	0.496447602364938
Eggerthellaceae_species_incertae_sedis__ext_mOTU_v26_17307_	0.562767618975777	0.887902069913039	0.551805508989278	0.887757060265693	-0.533237097454331	-0.590447113030607	-0.51330748069909	0.196445246276536	4.33886970812789	0.0342174307042663	0.476444445998877
Clostridiales_species_incertae_sedis__meta_mOTU_v25_13176_	0.570698140914284	0.887925953920631	0.565577269222421	0.8827743118335	-0.585983737948236	-0.793553129707123	-0.517487652363126	0.261504853508814	4.56635698586219	0.0440076351678182	0.475133216558536
Lachnospiraceae_species_incertae_sedis__ext_mOTU_v26_26654_	0.553953508071593	0.888012702541634	0.582703313420381	0.903073922043424	-0.0658386909769471	-0.00398908601297698	-0.0802108713678988	-0.0630010508207324	4.155109700806	-0.0111111708897494	0.494222222602703
Oscillibacter_species_incertae_sedis__ext_mOTU_v26_16336_	0.557638585561162	0.888220136681168	0.574922278406248	0.892492901138696	-0.198033568711858	-0.333621904926853	-0.148395298829668	0.223526667333844	3.93491170780244	0.0474715237283854	0.476021315966884
Clostridiales_species_incertae_sedis__meta_mOTU_v25_13792_	0.540197567039885	0.888301971733841	0.541592908927885	0.890729716425977	-0.010783604127071	-0.134429406364053	0.0426577346780759	0.267638542929786	4.12377929357821	0.0486498598753376	0.475555557168922
Oscillibacter_sp___ref_mOTU_v25_04664_	0.505659009373837	0.888318964865279	0.295809619638125	0.820812035805381	4.68931551620811	4.53229461295294	4.74849747468117	0.733730607077896	4.19987664535942	0.149751032548602	0.404973363495827
Clostridium_sp___ref_mOTU_v25_03599_	0.545023218252498	0.888586414045103	0.555355643275732	0.894761200088832	-0.458686590219213	-0.602340486405197	-0.409407990248108	0.251435435000054	4.41865476977458	0.0440224772148253	0.473357017741933
Roseburia_species_incertae_sedis__ext_mOTU_v26_17394_	0.567600401833314	0.888748670382704	0.590021036879152	0.903331988585032	-0.482451013412577	-0.303263601725436	-0.534336643762281	-0.212518222591846	4.49834815728537	-0.0384662980496331	0.48134991241757
Clostridium_sp___ref_mOTU_v25_03618_	0.545678388774416	0.889458511766153	0.568100862053174	0.902981127947968	-0.12830108401008	-0.100994247069866	-0.136986796211098	-0.0111457437586182	4.32270678155561	-0.00241903119708126	0.499111900591232
Clostridium_species_incertae_sedis__ext_mOTU_v26_17477_	0.534100482070965	0.889470224906264	0.553553300867003	0.888190577077982	0.552582537272708	0.218136857079442	0.64902420537722	0.366777690855357	4.05592585311311	0.0824461215080486	0.457371228399629
Parabacteroides_species_incertae_sedis__ext_mOTU_v26_26659_	0.544540079921933	0.889653563218942	0.572091344774587	0.896241467288704	0.214909933658622	-0.0559325958300043	0.296300085764051	0.172616661552137	4.29910037679967	0.0388818409782331	0.483126111234664
Ruminococcus__torques__ref_mOTU_v25_03703_	0.553698689830605	0.889685131321406	0.525543455682847	0.879576143854589	0.819310845400409	0.487601076451695	0.95629539048106	0.646094010550526	4.26342986454987	0.125230164913842	0.432504445015937
Clostridium_species_incertae_sedis__ext_mOTU_v26_17323_	0.558643355018761	0.890622094789968	0.545592832672879	0.886704181062139	0.730731253735952	0.988873449622202	0.68606755316601	-0.336272298686106	3.50709636717943	-0.0757167811879794	0.454706930177439
Clostridiales_species_incertae_sedis__meta_mOTU_v25_12382_	0.563657718986472	0.890746429956557	0.563325523634849	0.892967559545001	-0.625871754577314	-0.730213752042439	-0.587065859556025	0.0132087646017967	4.47740800599094	0.00277850291075915	0.4973357017737
Roseburia_sp__CAG_471__ref_mOTU_v25_03598_	0.565544997567752	0.890893071615336	0.592726685680055	0.903673133641052	-0.449596209708967	-0.302723752313188	-0.490256035994939	0.0275380931844911	4.90541118609899	0.00416018901690011	0.496888889093744
Bacteroidales_species_incertae_sedis__meta_mOTU_v25_12262_	0.55713027344939	0.890954074901302	0.613971312106143	0.91556307229452	1.65491946958598	1.6330795092764	1.66093166099765	-0.140716799873594	2.97564153661451	-0.038667181958749	0.476909415375263
Clostridiales_species_incertae_sedis__ext_mOTU_v26_26672_	0.557739688694071	0.89130499437024	0.590572668614969	0.905644181476996	-0.586301462899522	-0.378632465577375	-0.652694456882771	-0.167926642196274	4.8943585452778	-0.0365227451749469	0.484014210643243
Oscillibacter_species_incertae_sedis__ext_mOTU_v26_17998_	0.553489956477943	0.89155457137109	0.626299346462628	0.911033308249813	0.0949597942854945	0.164702524392654	0.065582491571841	-0.113388859099361	4.34873179334574	-0.0202910165900602	0.484902310051842
Clostridiales_species_incertae_sedis__meta_mOTU_v25_12587_	0.556789750968264	0.891631468771284	0.591415225952822	0.907690613653875	-0.283035116142694	-0.396689849775288	-0.249969851274978	0.0900444834208827	4.56762004059451	0.0193382506119638	0.491555556111727
Alistipes_senegalensis__ref_mOTU_v25_01017_	0.547844037188791	0.891930221483479	0.56569651684164	0.897224928739994	0.703931228011808	0.312805825937412	0.792839310310081	0.415741117023775	4.17933727775968	0.0930215713395706	0.453818830770156
Clostridiales_species_incertae_sedis__meta_mOTU_v25_12272_	0.558206890235105	0.89211772777891	0.641704811233281	0.922010489384574	1.15707866256321	1.43146299080901	1.09425336788478	-0.358443392762179	5.2061589456649	-0.0601380225772129	0.475133216558536
Parabacteroides_johnsonii__ref_mOTU_v25_05400_	0.54933370289547	0.892657431047906	0.624467157179463	0.917808705833197	-0.160854793339577	-0.142406996693407	-0.167930366361343	-0.0242674797253493	4.84629051354725	-0.00351059894748756	0.4977777779241
Intestinibacter_bartlettii__ref_mOTU_v25_03687_	0.563343297175304	0.892888277642818	0.542401197303799	0.878276934659587	0.149633892700188	-0.187156691917664	0.260266010073154	0.443242430113942	4.35189098791215	0.0814943166832914	0.455111114090774
Flavonifractor_species_incertae_sedis__ext_mOTU_v26_17316_	0.546983761373635	0.89338531546931	0.552437722901027	0.893299744009862	0.76909347409717	0.617192845197878	0.814871135602467	0.240227974935144	3.72789599198153	0.0534182647999221	0.468444446530485
Butyricicoccus_sp___ref_mOTU_v25_02967_	0.582983427060594	0.893585549677124	0.575426322932239	0.900228512217134	0.219560216678497	0.220071780320954	0.219560216678497	-0.113716344858465	3.711688826642	-0.0294099364202123	0.484902310051842
Oscillibacter_species_incertae_sedis__ext_mOTU_v26_17503_	0.571323032619609	0.894560969355048	0.587816772492391	0.902765370447937	-0.283470590690537	-0.296635337743488	-0.276609151708357	0.0785144888558804	4.64518844557521	0.0136651208177744	0.4911190059125
Lachnospiraceae_species_incertae_sedis__ext_mOTU_v26_16177_	0.56907673445996	0.894858488492827	0.601314913556003	0.906951925963607	1.30769553230963	1.17333167418493	1.35293887868486	0.0632550360563613	3.17674288135438	0.0121045780551512	0.4911190059125
Faecalibacterium_species_incertae_sedis__meta_mOTU_v25_12325_	0.556734891262511	0.894974464776375	0.598400466365	0.906891149024376	-0.418417809794728	-0.430739395715734	-0.409947080083685	0.419821632281056	5.47545360597694	0.0689847510722804	0.466666668871252
Bacteroides_dorei_vulgatus__ref_mOTU_v25_02367_	0.517948413458007	0.895245065306404	0.751769315784572	0.957370864480542	5.57554368193538	5.14095088302856	5.6290583933524	-0.189520239448738	3.18990835447527	-0.0458266628454459	0.474666668338998
Firmicutes_sp___ref_mOTU_v25_02374_	0.543546674730676	0.895475682983317	0.560403404995763	0.899861942367379	1.89212684020347	1.62366320363828	1.97116432226878	0.556471485663008	4.78309752723132	0.107275637940205	0.444444448148147
Flavonifractor_plautii__ref_mOTU_v25_05238_	0.576571548128219	0.895631092799603	0.562532534256363	0.899454231403129	0.651200149661021	0.944346710374213	0.573609543725823	-0.294481474953671	3.83662134542269	-0.0625471107093923	0.464000002382722
Flavonifractor_plautii__ref_mOTU_v25_02971_	0.590282811452219	0.896200704862425	0.590036702350985	0.906814082741416	1.08006695213691	1.439552413089	0.951291230964483	-0.39645382378049	4.12212201714134	-0.0813673037679545	0.456000002919729
Dehalococcoidales_species_incertae_sedis__meta_mOTU_v25_12342_	0.550850689169966	0.896463354856103	0.533322077083371	0.889708314382606	-0.487631908359076	-0.0736402347932064	-0.639799485886362	-0.34941475014499	5.87079346696352	-0.0570240408092072	0.467555557700847
Clostridiaceae_species_incertae_sedis__meta_mOTU_v25_12983_	0.576024048313677	0.897103339426766	0.619116034733703	0.911414451039785	0.658350046170437	0.626209669834458	0.670728092618441	-0.150180782255632	4.3106457879703	-0.0249048031773098	0.489777778451127
Oscillibacter_species_incertae_sedis__ext_mOTU_v26_18125_	0.563800795758669	0.897560510284729	0.573694362412987	0.903882056722501	1.46942084575713	1.34004267579592	1.53105855180511	0.299528099306476	3.67122149823435	0.06799950591371	0.464000002382722
Eggerthellales_species_incertae_sedis__meta_mOTU_v25_13811_	0.552363599464173	0.897739187238798	0.547463378727336	0.892310345648745	-0.290618251796139	-0.532058421207558	-0.233841368665767	0.290275636295032	4.67403154457352	0.0550523675086634	0.467555557700847
Clostridiales_species_incertae_sedis__ext_mOTU_v26_17443_	0.566945854999541	0.897879821562934	0.603698972142341	0.905121858905278	0.785392664372987	0.683649944872522	0.824793977061783	0.12437390887621	3.85337718582115	0.0323126153753346	0.477333334828862
Clostridiales_sp___ref_mOTU_v25_05137_	0.584602216560762	0.897884906506988	0.609912943755008	0.911395631785054	1.79632346772899	1.81705042096219	1.79168305678233	-0.217853222655231	3.06300402588959	-0.0552746524742569	0.470692719517281
Clostridium_sp___ref_mOTU_v25_03676_	0.570964713932943	0.897906704352754	0.585799649846759	0.899983390948006	-0.465525500797779	-0.717697764846825	-0.388326912110658	0.228100938177662	4.46639615677998	0.038211781340578	0.482666667809329
Firmicutes_species_incertae_sedis__ext_mOTU_v26_26969_	0.576582069783322	0.897956453642538	0.60248185183085	0.915189625960527	1.16660737923818	1.188108358014	1.1600521650573	-0.00144309846730817	3.9341085303732	0.000296812092792284	0.5
Clostridiales_species_incertae_sedis__meta_mOTU_v25_13390_	0.55248392131104	0.897982080990262	0.552784810558015	0.8901532120107	0.135405045516289	-0.109551383692899	0.231858115227765	0.583945151028912	5.51745596397646	0.0989855388472011	0.448000003461305
Ruminococcus_sp___ref_mOTU_v25_03681_	0.558614973633885	0.898122969544063	0.581906378025196	0.905201268450178	0.658584705377133	0.408911426958923	0.747591425590907	0.378508285164385	4.77694324592529	0.0696471202989354	0.471580818925463
Ruminococcus_bicirculans__ref_mOTU_v25_02792_	0.544247805442183	0.898716690110279	0.541176666098157	0.899328107166991	2.57649294929686	2.48382410634115	2.60398578062442	0.697076265303707	5.22527913756468	0.119256852518628	0.442273538481307
Clostridium_sp___ref_mOTU_v25_03622_	0.563024412322254	0.898996043641402	0.599611967740903	0.905347027044872	-0.365355152823013	-0.493035752861774	-0.318275457677432	0.208691750005603	4.61995747393335	0.0378839370870364	0.476444445998877
Clostridiales_species_incertae_sedis__meta_mOTU_v25_12323_	0.56015301363733	0.899689698156854	0.592517008097639	0.910737850402592	-0.398424420103218	-0.467105599911924	-0.373019442263002	0.0751310987723466	4.8908787359681	0.00869186968521666	0.495111111433044
Clostridium_species_incertae_sedis__meta_mOTU_v25_12640_	0.56300533561207	0.899916456922367	0.503812549861699	0.889260880387425	1.82162169317492	1.60027050564518	1.90808050525294	0.664497877244486	4.78742718454927	0.115766138053259	0.429840146799911
Bacteroidales_species_incertae_sedis__meta_mOTU_v25_12895_	0.571842629416537	0.899920075086904	0.60069436835613	0.912064971491089	-0.379826551186879	-0.398342306966311	-0.371111865183817	0.478582630551786	5.59836196110094	0.0732430362144381	0.456888891748741
Clostridium_species_incertae_sedis__meta_mOTU_v25_12399_	0.585220960052215	0.899950959689168	0.589805863998996	0.902696960336046	0.49858715565879	0.365647896420333	0.545203677600703	0.314714552002072	4.28589338966838	0.0618596578035091	0.46891652070103
Clostridiales_species_incertae_sedis__meta_mOTU_v25_12522_	0.584825354711447	0.89997280570988	0.671861797969725	0.927774916022456	1.6900608641981	1.80753429465527	1.64788874233814	-0.0180955182568603	3.02546290945472	-0.00521996782944886	0.4973357017737
Clostridiales_species_incertae_sedis__ext_mOTU_v26_26621_	0.57601917068177	0.900052899413395	0.625050686278513	0.921962320255437	0.0164669811705718	-0.146055670308315	0.0804978551719531	0.148240391734696	4.79661447537366	0.0309497874032272	0.482666667809329
Clostridiales_species_incertae_sedis__meta_mOTU_v25_12476_	0.582069490978921	0.900076617026592	0.627520043832583	0.916864153039525	-0.401765713320482	-0.394339005171314	-0.402098550839385	0.138275517503491	4.99892472828554	0.022214795046783	0.487566608277747
Adlercreutzia_equolifaciens__mags_db_all_3_	0.582086983255187	0.900237387827297	0.58688557705362	0.902849692667764	0.51748994380455	0.350947434890605	0.559940514436184	0.282269923061928	4.23434843529394	0.0586449392869195	0.46625222247695
Faecalibacterium_species_incertae_sedis__meta_mOTU_v25_12376_	0.57901541449836	0.900585885219785	0.618545697635194	0.915184591998232	-0.0804314102140147	0.150999074250161	-0.155313678949279	-0.197333611234653	5.94204774970917	-0.0346889293807655	0.48134991241757
Clostridiales_species_incertae_sedis__meta_mOTU_v25_14425_	0.553035551819569	0.900762840841804	0.599935604931221	0.912849680025035	0.477716268904751	0.191665608458813	0.559162348514507	0.363948809127806	4.18485587479335	0.079527473313331	0.458666669406929
Parabacteroides_species_incertae_sedis__ext_mOTU_v26_26689_	0.579783525499985	0.901439557421315	0.620961398680579	0.917574127562841	-0.202348031358508	-0.240564350060012	-0.192727830529849	0.0542666339769333	4.76264856641046	0.0101186752527698	0.494222222602703
Clostridium_species_incertae_sedis__ext_mOTU_v26_17404_	0.581653470929074	0.901570872994076	0.59964992865497	0.909210133498282	1.15891098938912	0.994766769080616	1.19028553005596	0.164105731499752	3.6754566637056	0.036468177960777	0.476021315966884
Collinsella_species_incertae_sedis__ext_mOTU_v26_17337_	0.585432615727444	0.901857709476803	0.62018623626078	0.915846585691301	-0.226277008132191	-0.263681047871021	-0.219067325925533	0.0938325704101288	5.26691210915927	0.0124970265292879	0.492007105321218
Clostridium_phoceensis__ref_mOTU_v25_08865_	0.580287066914986	0.902536225649999	0.651553886389947	0.925318105013099	1.83950170511956	1.84440221981779	1.83657431246341	-0.111839167372277	3.53942458603417	-0.0261660611178515	0.48622222313009
Ruminococcus_sp__CAG_177__meta_mOTU_v25_12400_	0.56018197632934	0.902850109827203	0.558109183773166	0.899431010505628	0.968352363841233	0.654268307162883	1.11005267190497	0.523207432237604	6.43275141020936	0.0775976020900448	0.46891652070103
uncultured_Clostridium_sp___ref_mOTU_v25_06391_	0.589990227639758	0.90295306357909	0.532764063848864	0.880741491587787	0.692500742266664	0.366834274207954	0.772655745119089	0.391167205953421	3.62911173701658	0.0992171752506483	0.443161637887725
Azospirillum_sp__CAG_239__ref_mOTU_v25_07592_	0.578829900441452	0.903961208258837	0.587885183674798	0.902892394805042	-0.404594572606177	-0.422787104658437	-0.398373658002096	0.130111750517917	5.4177011942086	0.0201272763118158	0.485790409460459
Lachnospiraceae_species_incertae_sedis__ext_mOTU_v26_16248_	0.577405297267753	0.903974306314645	0.629295952113511	0.917340721837244	2.19881590522131	2.12944687131199	2.21860541288813	0.183704842126994	2.7044444248823	0.0469612562342097	0.473357017741933
Clostridiales_species_incertae_sedis__meta_mOTU_v25_13415_	0.599050542514715	0.90409304291839	0.608615764059561	0.912011464290867	0.570733973696255	0.240138544372556	0.696893134022302	0.324807311563212	5.10202070900909	0.0581011335507193	0.473357017741933
Clostridiales_species_incertae_sedis__meta_mOTU_v25_13200_	0.579982917540466	0.904220342347824	0.57292479550599	0.903034268035956	1.31976046167437	1.12658537353682	1.38111819026807	0.410654906422717	3.79354244086163	0.0915058261252003	0.444444448148147
Firmicutes_species_incertae_sedis__meta_mOTU_v25_12744_	0.599969469337959	0.904444565628277	0.60115323902392	0.909617360744102	-0.581822658087976	-0.621276030661777	-0.576536588610399	-0.140842459974883	4.82044700196986	-0.0245134261834068	0.487111111960326
Prevotella_species_incertae_sedis__meta_mOTU_v25_12332_	0.601023718416387	0.905199247045998	0.60152957987663	0.905976563723031	-0.252247060074715	-0.165075034184974	-0.272726383482014	0.0171570314491163	6.07619816042401	0.00179110801407328	0.499111900591232
Clostridiales_species_incertae_sedis__meta_mOTU_v25_12470_	0.59006368692844	0.905321629615146	0.60895880115052	0.913379485692153	0.518021773317655	0.386882831267683	0.566253800654107	0.248757966632217	4.98786288369489	0.0417497989709882	0.480888890149074
Odoribacter_splanchnicus__ref_mOTU_v25_03697_	0.560695405189708	0.905479797580531	0.632369265482555	0.921601523129935	2.77740082145352	2.76276155116664	2.78273204526634	0.0995559253863352	2.16943758553277	0.0331245613682435	0.480461813009057
Clostridiales_species_incertae_sedis__meta_mOTU_v25_12494_	0.590327152264383	0.905495149807022	0.650446055309347	0.931296798297007	0.873478606795583	0.796005703885839	0.891031634847066	-0.145391938595569	5.00534568632766	-0.0318766811257665	0.48134991241757
Bifidobacterium_ruminantium__ref_mOTU_v25_02702_	0.592219745052597	0.905699333415406	0.62798048481348	0.919558329465	0.0551978761085214	0.165281685891408	0.0106638308775562	-0.224679554413858	5.26853488247809	-0.0401960046925899	0.482238011826106
Clostridiales_sp___ref_mOTU_v25_03658_	0.568597884599764	0.905810576003749	0.447050678018429	0.879088136102233	3.50613546352786	3.02808428618073	3.61167654069939	0.582964019589071	3.3105831069327	0.155662413153163	0.413854357522675
Azospirillum_sp__51_20__ref_mOTU_v25_10408_	0.607358908621635	0.907301252685166	0.588048189185177	0.906995662452126	-0.333704654089755	-0.24399338640819	-0.364372548072835	-0.153231764487565	5.34778373433802	-0.0267057270573677	0.48355555663949
Clostridiales_sp___ref_mOTU_v25_03605_	0.600442423897519	0.907522154998189	0.594231738128977	0.904635252302679	0.0587705431401169	0.0118506589004603	0.0811608115478357	0.09744437137081	5.87419505252594	0.0146742555856015	0.488888889620846
Ruminococcaceae_species_incertae_sedis__meta_mOTU_v25_13305_	0.608103516419956	0.907930953122378	0.603677472324422	0.904886407566325	-0.413669813241282	-0.258365993987625	-0.462714618845546	-0.079396028756971	5.55563180009399	-0.0108061959671609	0.492007105321218
Clostridiales_species_incertae_sedis__meta_mOTU_v25_12873_	0.590540996275886	0.908205758244931	0.631359302819306	0.917452411474708	0.750389517347573	0.66689704106669	0.777255439527683	0.508708399200698	5.02078423776261	0.0799339497476306	0.463111113553302
Clostridiales_species_incertae_sedis__meta_mOTU_v25_13006_	0.59698206238377	0.90855621056914	0.610994648224285	0.914848339539061	0.588888113517413	0.484177790635103	0.629442155669362	0.13401170098491	4.19761358654582	0.0245685490551551	0.485333334299871
Collinsella_species_incertae_sedis__ext_mOTU_v26_17348_	0.599314038975193	0.908642682645836	0.621383693240649	0.919948040785919	-0.2211445416821	-0.323331242438591	-0.176845023399517	0.240223678416848	5.01611814377268	0.0379225911644139	0.484444445469671
Eubacterium__rectale__ref_mOTU_v25_03657_	0.545214067721226	0.909897857459649	0.340771778793905	0.849303171637251	6.83037643356269	6.04893822401299	6.96528671948871	0.725232009165231	3.53732819468056	0.167626283544738	0.402309065290309
Clostridiales_species_incertae_sedis__meta_mOTU_v25_13187_	0.616648470174065	0.910096177459968	0.673995592343004	0.934984767710414	1.01036998636969	0.931549664877934	1.042998455167	-0.112045950229755	4.42278246343842	-0.0260427916406539	0.490230906503792
Oscillibacter_sp__57_20__meta_mOTU_v25_12282_	0.592936492356345	0.91067585305914	0.644355991979247	0.923385473004577	1.39800953014912	1.40063715163824	1.39720175698136	0.083902477194278	3.64919158784156	0.0215795588733538	0.484902310051842
Ruminococcaceae_species_incertae_sedis__meta_mOTU_v25_13455_	0.597759900505953	0.910939685323313	0.604020257754567	0.909711860133917	0.625001765366511	0.293164425497088	0.708251637613594	0.207372403323766	4.23134646982876	0.0365793062036071	0.48134991241757
Clostridiales_species_incertae_sedis__meta_mOTU_v25_12521_	0.604605697053208	0.911820945535115	0.689997685979873	0.939669501108528	1.26570024690632	1.26143972011608	1.26791167406672	0.00188069286679049	5.0224666726426	0.000275597542314498	0.499111900591232
Eggerthellaceae_species_incertae_sedis__meta_mOTU_v25_12569_	0.608698490155248	0.914437273153353	0.69597567126542	0.941760785706861	1.64376956802857	1.51739019854228	1.679153384197	0.18199308340646	4.46925751823214	0.0334175085866851	0.48355555663949
Clostridiales_species_incertae_sedis__meta_mOTU_v25_13701_	0.595802710640096	0.914658223263034	0.610029779670788	0.92005174777635	1.17715352821235	1.0415774387484	1.20810810959602	0.0275024309106824	4.2758257741165	0.00530733550324832	0.496888889093744
Bifidobacterium_catenulatum_kashiwanohense__ref_mOTU_v25_02701_	0.617025947702561	0.916248160924388	0.653209968314516	0.927881184784158	0.275336701346871	0.190537189519038	0.299322909597351	0.395398925988453	5.27406679012899	0.066764763616145	0.472000001849421
Clostridiales_sp___ref_mOTU_v25_03634_	0.619624857552212	0.916645539050397	0.612185574084279	0.915687821673783	-0.103665592309035	-0.187395946508961	-0.0868475414084884	0.102128312321869	6.03577175501434	0.0131963573160758	0.492444444942043
Clostridiales_species_incertae_sedis__meta_mOTU_v25_12631_	0.614295767282765	0.916678660188263	0.677166176022177	0.937332109717973	1.64236483248672	1.59706011443188	1.65400994738428	0.0121121454529014	3.69260789465327	0.00227788866445562	0.4977777779241
Streptococcus_parasanguinis__ref_mOTU_v25_00312_	0.620906216325271	0.917264214826643	0.67653734710195	0.934046239991478	1.22665328833518	1.36376520498799	1.20565207694612	-0.145086095589681	3.95404411345155	-0.0299746236206312	0.47957371360057
Ruminococcaceae_species_incertae_sedis__ext_mOTU_v26_17469_	0.62880690992282	0.918500151980999	0.653633620582216	0.930006069911646	0.184056947363752	0.252308267194981	0.166817348675322	0.0162881790312777	5.37098069099356	0.00281450390529126	0.498666666754459
Roseburia_intestinalis__ref_mOTU_v25_03702_	0.634502763480761	0.919124232060872	0.681739920185974	0.938383462551417	1.04108008894258	1.24776645202644	0.968996064827269	-0.328041516590085	5.33403014797599	-0.0590621915814798	0.475133216558536
Alistipes_finegoldii__ref_mOTU_v25_03682_	0.645785055911089	0.919831408347597	0.657173800819699	0.933451220178757	1.62895117653979	1.74734119230565	1.5869661175488	-0.110266172562808	3.96189140857576	-0.0239278417245362	0.48622222313009
Firmicutes_sp___ref_mOTU_v25_03641_	0.627646771215052	0.920041822861592	0.667867464107301	0.932131795819824	0.60533235036411	0.615266716089221	0.602600391599038	-0.041391654812613	5.98527910808714	-0.00850435331064633	0.495559502956181
Ruminococcaceae_species_incertae_sedis__meta_mOTU_v25_12396_	0.644125922335698	0.92049662810375	0.718553606215984	0.945504208754908	1.64470529708833	1.93430071154596	1.55099688043235	-0.136595975800926	5.08246947910804	-0.0236523569853851	0.488888889620846
Clostridiales_species_incertae_sedis__meta_mOTU_v25_12251_	0.634027890636457	0.920573361967383	0.678424183260355	0.936185323886444	0.650992505648109	0.589178266305173	0.663990250564323	0.0958264337937944	5.72164718534435	0.0175744423568183	0.495559502956181
Dialister_invisus__ref_mOTU_v25_03691_	0.617456017629173	0.921046779754661	0.655998008878558	0.934083800633875	0.159120503617777	0.398447226024935	0.0592528194876998	0.0750784767077821	6.72127771510586	0.0126993120705525	0.490666667281421
Prevotella_species_incertae_sedis__meta_mOTU_v25_12765_	0.65100119995902	0.921916718780145	0.618126775124043	0.911664537503104	-0.296403611429189	-0.117790605803869	-0.350853680460317	-0.162318994868696	6.54569345118849	-0.0247846052610626	0.488888889620846
Bacteroides_massiliensis__ref_mOTU_v25_02135_	0.641956748669497	0.922135424318552	0.718105689017597	0.94788330634651	1.86672808112275	1.93676516320006	1.83201711133982	-0.349100547058732	5.47266281362925	-0.057903223543856	0.470692719517281
Bacteroides_faecis_thetaiotaomicron__ref_mOTU_v25_01657_	0.63541877465261	0.922432685352885	0.697740685359016	0.943922381428417	2.5892313369835	2.64521357849074	2.55432594000559	0.173731932897609	3.51218680133992	0.0445715394094725	0.476021315966884
Clostridiales_species_incertae_sedis__meta_mOTU_v25_12327_	0.644326282536473	0.924067991974977	0.678939016280833	0.93599952217622	0.898046096829969	0.589072740577996	0.973706012725876	0.19222605658674	5.01600627217933	0.0372121356306591	0.48177777897919
Alistipes_obesi__ref_mOTU_v25_06695_	0.635027179975752	0.924075414815865	0.642330697359835	0.928792897236992	2.76500618247382	2.52148553571414	2.84226508904106	0.242376172189405	3.65034366440908	0.0639424049620563	0.467140321884935
Clostridiales_species_incertae_sedis__meta_mOTU_v25_12463_	0.645543248348326	0.924291757901145	0.679599747047654	0.939828400400951	2.83302369207011	3.12278155503939	2.79611342274746	-0.412953372954339	4.71861639818213	-0.0656478357716011	0.468028421292962
Parabacteroides_distasonis__ref_mOTU_v25_03640_	0.65937282875804	0.924510692950798	0.640160197715442	0.924400198361909	3.25311545418273	3.31225550234463	3.24025395453619	-0.231815822377932	2.77496902149015	-0.0807055172791658	0.458259327807136
Ruminococcaceae_species_incertae_sedis__meta_mOTU_v25_12264_	0.645350687340083	0.924925175435974	0.659097685162638	0.929054899653359	0.530206581854505	0.466453536134835	0.548482360601913	0.289268858194286	5.12264801138417	0.0443897207291483	0.480000001318982
Clostridiales_species_incertae_sedis__meta_mOTU_v25_12253_	0.659432005030899	0.925561689758078	0.755329664922516	0.956644950392067	2.13905391107166	2.34603890249507	2.06189270185392	0.127582846476311	4.96432843379828	0.0283099276850683	0.488454707686415
Bacteroides_sp___ref_mOTU_v25_03475_	0.653359658149264	0.926779256620357	0.68694125154777	0.941991960458728	2.50295238611033	2.65640077437726	2.46145753717849	-0.227150249101023	3.40694199923281	-0.0596420283205432	0.472000001849421
Bacteroides_stercoris__ref_mOTU_v25_01579_	0.65437670284256	0.927634506450829	0.745592332757254	0.954769541596513	2.03213628321462	2.27468968362978	1.97315695397399	-0.279518120311272	5.52104951343362	-0.0561099075338907	0.477333334828862
Clostridiales_species_incertae_sedis__meta_mOTU_v25_13147_	0.657507120105452	0.927840733841109	0.679863016056481	0.938660926195703	1.48153981760768	1.31185573901694	1.5346346017794	0.1336559896981	4.1984386881047	0.0296575975140908	0.485333334299871
Clostridiales_species_incertae_sedis__meta_mOTU_v25_12334_	0.66423802557823	0.928159833147312	0.741778796582364	0.951946308270667	1.78136170000073	1.41924010747025	1.87756802256721	-0.0294001446799417	5.3548385708156	-0.00481912011548447	0.496888889093744
Fusicatenibacter_saccharivorans__ref_mOTU_v25_02680_	0.656006915034245	0.930568561905525	0.500091502490949	0.891444864667519	3.09485855467084	2.88226444769632	3.24339332109715	0.650854164459892	5.27412055682232	0.114234656198348	0.4302222269079
Roseburia_sp___ref_mOTU_v25_03650_	0.678527313098017	0.930579510250462	0.708603317323921	0.946573996303016	2.14103016573678	2.02034467107451	2.1668095398343	-0.00205037777954864	4.90050872675262	-0.000916141987176693	0.499555555584819
Clostridium_sp__CAG_127__meta_mOTU_v25_12306_	0.663908411999282	0.931675702757044	0.731955324883012	0.950443263117938	1.54513350093131	1.47878187418444	1.55257678190063	0.11043174492308	6.00528000717672	0.0217433443890986	0.494671403547429
Ruminococcaceae_species_incertae_sedis__meta_mOTU_v25_12286_	0.687911460108601	0.933590135738263	0.781048621946914	0.958226432968658	3.29306280727287	3.15983444160283	3.32900174418834	0.209448323339357	4.24240048235278	0.0409559770087489	0.468028421292962
Faecalibacterium_sp___ref_mOTU_v25_03636_	0.677649426925396	0.934104331825263	0.768740236265789	0.957705629472228	2.51189941393547	2.67052361447387	2.46410354005092	0.108858518274292	5.33109625105833	0.0243769810523115	0.4911190059125
Oscillibacter_sp___ref_mOTU_v25_03341_	0.683599344586475	0.934248497335592	0.707498752910473	0.945334494322348	2.00641196044493	2.10855520413141	1.98233685716294	-0.122492847025344	3.44612583696104	-0.0249046077366887	0.485790409460459
Parabacteroides_merdae__ref_mOTU_v25_05401_	0.685012992226361	0.936100216661799	0.619321980959917	0.92699013651743	3.56240577968162	3.14878160527774	3.70138147552508	0.247812150445276	3.40391909030628	0.0601782592433298	0.47246891833368
Bifidobacterium_bifidum__ref_mOTU_v25_03116_	0.691281249292701	0.936703307746684	0.706272876666998	0.943068948032917	0.555633690793412	0.550024038934366	0.556506773185587	-0.337925611060297	6.64616250543482	-0.0490296070430236	0.480000001318982
unassigned	0.690009302041306	0.938360889201758	0.674814946990503	0.9410572899315	8.20639836367091	8.17382017606809	8.22252493439332	0.101578143739531	7.49431225092325	0.0138176565947284	0.465777780041698
Eubacterium__siraeum__ref_mOTU_v25_02370_	0.708454175633441	0.940038339289284	0.727493428642039	0.951692881764656	1.98530535385287	1.71112468640722	2.05002914425771	-0.0410556679178735	5.54618525629146	-0.00436463955708992	0.498223801182465
Alistipes_putredinis__ref_mOTU_v25_03683_	0.704207083459249	0.943787109971421	0.822242043284267	0.970070647470858	4.56674522238358	4.21042865168178	4.64066500059564	0.0566584330668047	3.95198208696787	0.0156612880001726	0.493783304138684
Bifidobacterium_longum__ref_mOTU_v25_01099_	0.728776937143764	0.945742234080054	0.77788309273214	0.958038210200561	2.60337999870249	2.76372588953108	2.57103612680709	-0.0985633358382518	4.19826915345275	-0.0203895913318243	0.4911190059125
Prevotella_copri__ref_mOTU_v25_03701_	0.766211145459073	0.956047828501921	0.813594266804408	0.969477174325228	3.61737218364773	2.63194292818107	3.9421024195315	0.312985006036076	7.09202114227636	0.0441857602086699	0.482238011826106
Blautia_obeum_wexlerae__ref_mOTU_v25_02154_	0.777183301887815	0.959639149826247	0.834884815980673	0.971947716615933	5.99619870859427	5.98381869312447	5.99769022044788	0.114698969074062	2.28781875926334	0.0446480573704294	0.477333334828862
