Feature	Level1	N_level1	Level2	N_level2	mean.level1	mean.level2	median.level1	median.level2	sd.level1	sd.level2	statistic	EffectSize_r	p.value	N	Dominant	q.value
Actinomycetaceae_sp___ref_mOTU_v25_02100_	Non_responder	15	Responder	49	0.2	0	0	0	0.414039335605413	0	441	0.397675108352633	0.00157899860123741	64	Responder	0.124282021908711
Clostridiales_species_incertae_sedis__ext_mOTU_v26_26752_	Non_responder	15	Responder	49	0.466666666666667	0.0204081632653061	0	0	1.06009882737862	0.142857142857143	458.5	0.344226003307977	0.00204481972179969	64	Responder	0.124282021908711
Coraliomargarita_sp__CAG_312__ref_mOTU_v25_07662_	Non_responder	15	Responder	49	1	0	0	0	3.33809184158512	0	441	0.259804591361845	0.00158338853739801	64	Responder	0.124282021908711
Anaerotruncus_sp__CAG_528__ref_mOTU_v25_07590_	Non_responder	15	Responder	49	4	0.0408163265306122	0	0	12.0534523803645	0.285714285714286	459.5	0.282660399384818	0.00183176812086177	64	Responder	0.124282021908711
Clostridium_sp__AT4__meta_mOTU_v25_12609_	Non_responder	15	Responder	49	4.46666666666667	0.285714285714286	0	0	8.98305282714279	1.15470053837925	508	0.376445721259819	0.00111377174457175	64	Responder	0.124282021908711
Clostridiales_species_incertae_sedis__meta_mOTU_v25_13863_	Non_responder	15	Responder	49	0.866666666666667	2.18367346938776	1	2	1.06009882737862	1.52306529444947	175.5	0.365227374364823	0.00183540359401424	64	Responder	0.124282021908711
Clostridiales_species_incertae_sedis__meta_mOTU_v25_12786_	Non_responder	15	Responder	49	2.53333333333333	3.87755102040816	1	3	5.54032833821589	3.2572525044201	176	0.145889661088503	0.00220618973802446	64	Responder	0.124282021908711
Clostridiales_species_incertae_sedis__meta_mOTU_v25_12563_	Non_responder	15	Responder	49	3.26666666666667	8.6530612244898	1	8	4.35015051737403	6.85124994802701	154.5	0.339168627362212	0.000728788780808512	64	Responder	0.124282021908711
Clostridiales_species_incertae_sedis__meta_mOTU_v25_12288_	Non_responder	15	Responder	49	1.86666666666667	10.3265306122449	1	4	2.89991789703154	19.7298291037349	174	0.20304801129509	0.00205017335867218	64	Responder	0.124282021908711
Oscillibacter_species_incertae_sedis__ext_mOTU_v26_26586_	Non_responder	15	Responder	49	0.733333333333333	0.122448979591837	0	0	1.03279555898864	0.484452141651805	488	0.372009751754119	0.0025992541386052	64	Responder	0.131782184827284
Eggerthellaceae_species_incertae_sedis__ext_mOTU_v26_17675_	Non_responder	15	Responder	49	0.6	0.0612244897959184	0	0	1.18321595661992	0.316765111801192	452	0.343882696395601	0.00846174203920601	64	Responder	0.252470956018198
Intestinimonas_massiliensis__ref_mOTU_v25_02970_	Non_responder	15	Responder	49	1.86666666666667	0.122448979591837	0	0	3.44065331559215	0.331200660553418	484.5	0.408664523835144	0.00662069883784276	64	Responder	0.252470956018198
uncultured_Eubacterium_sp___ref_mOTU_v25_08868_	Non_responder	15	Responder	49	0.4	1.44897959183673	0	1	0.828078671210825	2.18003463743312	210	0.222904625124734	0.00838320058514367	64	Responder	0.252470956018198
Clostridiales_species_incertae_sedis__meta_mOTU_v25_12556_	Non_responder	15	Responder	49	0.266666666666667	4.79591836734694	0	1	0.457737708217063	9.05533818583624	212	0.235699687347184	0.00857153535732473	64	Responder	0.252470956018198
Clostridiales_species_incertae_sedis__meta_mOTU_v25_12356_	Non_responder	15	Responder	49	2	7.61224489795918	1	4	2.26778683805536	14.337910596461	198.5	0.185918803141006	0.00709676142121218	64	Responder	0.252470956018198
Faecalibacterium_species_incertae_sedis__meta_mOTU_v25_12331_	Non_responder	15	Responder	49	6.73333333333333	10.9183673469388	0	5	14.3749120080123	14.2036332421994	203.5	0.124481774021982	0.00896346589413719	64	Responder	0.252470956018198
Faecalibacterium_prausnitzii__ref_mOTU_v25_06110_	Non_responder	15	Responder	49	35.7333333333333	84.9183673469388	27	56	37.5337308614658	74.4512806960291	202	0.295325007416113	0.00889109741698036	64	Responder	0.252470956018198
Faecalibacterium_prausnitzii__ref_mOTU_v25_06109_	Non_responder	15	Responder	49	26.2	93.1632653061225	14	43	31.6661152834202	122.606305394335	196.5	0.253781240885027	0.00685914920141862	64	Responder	0.252470956018198
Clostridium_sp__AT4__ref_mOTU_v25_09167_	Non_responder	15	Responder	49	0.2	0.0408163265306122	0	0	0.414039335605413	0.285714285714286	432	0.20818637167102	0.0156048644279133	64	Responder	0.275743721447114
Clostridiales_species_incertae_sedis__ext_mOTU_v26_16216_	Non_responder	15	Responder	49	0.266666666666667	0.0204081632653061	0	0	0.593616839704664	0.142857142857143	434	0.322066096345766	0.012645793198264	64	Responder	0.275743721447114
uncultured_Flavonifractor_sp___ref_mOTU_v25_07315_	Non_responder	15	Responder	49	0.4	0.0204081632653061	0	0	0.9102589898328	0.142857142857143	434.5	0.33828413690859	0.0120051706063542	64	Responder	0.275743721447114
Clostridiales_species_incertae_sedis__meta_mOTU_v25_12974_	Non_responder	15	Responder	49	0.466666666666667	0.0204081632653061	0	0	1.30201309334357	0.142857142857143	434	0.288761037032243	0.012645793198264	64	Responder	0.275743721447114
Firmicutes_bacterium__ref_mOTU_v25_00858_	Non_responder	15	Responder	49	0.666666666666667	0.0408163265306122	0	0	2.05866345916355	0.285714285714286	433	0.255652364080374	0.0140754986675452	64	Responder	0.275743721447114
Clostridium_sp__CAG_299__ref_mOTU_v25_07619_	Non_responder	15	Responder	49	1.66666666666667	0.163265306122449	0	0	3.65799841183022	0.624063924861007	463	0.33187882356628	0.012706446293252	64	Responder	0.275743721447114
Roseburia_faecis__ref_mOTU_v25_00859_	Non_responder	15	Responder	49	2.46666666666667	0.142857142857143	0	0	5.75532879371887	0.5	461.5	0.336933573445751	0.0141848887017488	64	Responder	0.275743721447114
Clostridiales_species_incertae_sedis__meta_mOTU_v25_13012_	Non_responder	15	Responder	49	5.13333333333333	0.122448979591837	0	0	14.6232040004267	0.439348621124903	461	0.293670753722323	0.0146885920764201	64	Responder	0.275743721447114
Eggerthella_species_incertae_sedis__meta_mOTU_v25_12316_	Non_responder	15	Responder	49	0.2	4.71428571428571	0	0	0.774596669241483	9.71682389809894	230	0.219665526965038	0.0103481414595534	64	Responder	0.275743721447114
Clostridiales_species_incertae_sedis__meta_mOTU_v25_12411_	Non_responder	15	Responder	49	0.266666666666667	7.53061224489796	0	0	0.703731550548997	18.0728871988036	232.5	0.191351214196833	0.0163161965353322	64	Responder	0.275743721447114
Coprococcus_catus__ref_mOTU_v25_11851_	Non_responder	15	Responder	49	5	7.83673469387755	2	7	7.54983443527075	5.81430326427678	215.5	0.190259782253211	0.0160407107364109	64	Responder	0.275743721447114
Lachnospiraceae_species_incertae_sedis__meta_mOTU_v25_12240_	Non_responder	15	Responder	49	24.4666666666667	49.2040816326531	15	37	26.5998567844337	40.2191805360726	212.5	0.270454687586497	0.0143064835295817	64	Responder	0.275743721447114
Collinsella_aerofaciens__ref_mOTU_v25_03626_	Non_responder	15	Responder	49	7.6	22.0408163265306	5	15	7.86311461372473	27.0169385013623	217	0.248111289877056	0.0171711739459859	64	Responder	0.280831780342415
Clostridiales_species_incertae_sedis__meta_mOTU_v25_12252_	Non_responder	15	Responder	49	7.66666666666667	26.7551020408163	2	7	13.7563837994618	46.2878361506585	218	0.193796819186129	0.017867081170244	64	Responder	0.283081567291053
Faecalibacterium_prausnitzii__ref_mOTU_v25_06108_	Non_responder	15	Responder	49	50.6	80.6938775510204	7	52	74.4396207866291	72.6114672077904	221	0.173260705521912	0.0206561972084284	64	Responder	0.317354302565854
Clostridiales_species_incertae_sedis__meta_mOTU_v25_13690_	Non_responder	15	Responder	49	1.2	0.102040816326531	0	0	2.78259899066631	0.420560041253707	445.5	0.322868196965559	0.0233727880664196	64	Responder	0.348529516166904
Clostridiales_species_incertae_sedis__meta_mOTU_v25_13923_	Non_responder	15	Responder	49	0.866666666666667	0.224489795918367	0	0	1.35576371027375	0.510934850806546	475.5	0.329271697080601	0.0242307082068061	64	Responder	0.350999116024306
Clostridium_species_incertae_sedis__ext_mOTU_v26_18071_	Non_responder	15	Responder	49	0.4	0.0612244897959184	0	0	0.828078671210825	0.242226070825902	444.5	0.307355881247926	0.0250485182824194	64	Responder	0.352766632477407
Haemophilus_influenzae_parainfluenzae__ref_mOTU_v25_01068_	Non_responder	15	Responder	49	0.333333333333333	1.48979591836735	0	0	1.29099444873581	4.31626019151028	250	0.127303188642198	0.0257639445921117	64	Responder	0.353035673194611
Clostridiales_species_incertae_sedis__meta_mOTU_v25_13377_	Non_responder	15	Responder	49	1.33333333333333	2.08163265306122	1	2	2.05866345916355	1.6309089323375	231.5	0.180900174314894	0.0276617736940879	64	Responder	0.369066296392172
Alistipes_species_incertae_sedis__ext_mOTU_v26_26506_	Non_responder	15	Responder	49	0.4	0.346938775510204	0	0	0.632455532033676	1.29985608831906	450.5	0.0191564756339805	0.0304790544761864	64	Responder	0.383981068964032
Eubacterium__eligens__ref_mOTU_v25_02376_	Non_responder	15	Responder	49	2.33333333333333	6.79591836734694	0	2	3.90360029179413	10.3218610883179	234	0.201297951985655	0.0317223282859887	64	Responder	0.383981068964032
Clostridiales_species_incertae_sedis__meta_mOTU_v25_13280_	Non_responder	15	Responder	49	2.4	8.73469387755102	0	2	4.86679712806218	13.8289784965667	239.5	0.21328900484417	0.0318090826360737	64	Responder	0.383981068964032
Roseburia_species_incertae_sedis__meta_mOTU_v25_12366_	Non_responder	15	Responder	49	8.2	41.9183673469388	1	16	14.1985914794391	63.4713966860578	232.5	0.247836163596808	0.0303680970270684	64	Responder	0.383981068964032
Christensenella_minuta__ref_mOTU_v25_06399_	Non_responder	15	Responder	49	0.4	0.122448979591837	0	0	0.632455532033676	0.389050824723052	452.5	0.251666523322112	0.0336460510739927	64	Responder	0.396710416151495
Faecalibacterium_species_incertae_sedis__ext_mOTU_v26_26216_	Non_responder	15	Responder	49	2.33333333333333	4.75510204081633	0	2	5.27347359996462	6.23341336483236	240	0.1689891830359	0.0344472261845238	64	Responder	0.396925992626218
Clostridiales_species_incertae_sedis__ext_mOTU_v26_28979_	Non_responder	15	Responder	49	0	0.387755102040816	0	0	0	0.785714285714286	277.5	0.232813302782711	0.0369612663614788	64	Responder	0.416430267672662
Oscillibacter_species_incertae_sedis__ext_mOTU_v26_16208_	Non_responder	15	Responder	49	2.46666666666667	0.918367346938776	1	0	4.40562411123825	1.70583233219981	485	0.248477775502223	0.0397226600824523	64	Non_responder	0.428497631102198
Bacteroides_eggerthii__ref_mOTU_v25_01577_	Non_responder	15	Responder	49	1.66666666666667	8.59183673469388	0	0	6.45497224367903	27.648024618517	262	0.11972078704183	0.0391910614317897	64	Responder	0.428497631102198
Ruminococcus__torques__ref_mOTU_v25_03659_	Non_responder	15	Responder	49	4.8	8.14285714285714	2	6	7.2525857457875	7.88194138521722	240	0.181219817404571	0.0430603168137853	64	Responder	0.454824596345607
Clostridium_species_incertae_sedis__meta_mOTU_v25_12762_	Non_responder	15	Responder	49	0	1.16326530612245	0	0	0	4.38912927382105	285	0.12755417655473	0.0479256820812994	64	Responder	0.458458883306015
uncultured_Blautia_sp___ref_mOTU_v25_03662_	Non_responder	15	Responder	49	0.133333333333333	1.22448979591837	0	0	0.351865775274498	2.33867222053499	263	0.220063201126315	0.0476664205009761	64	Responder	0.458458883306015
Adlercreutzia_equolifaciens__ref_mOTU_v25_08094_	Non_responder	15	Responder	49	0.466666666666667	2.77551020408163	0	1	0.833809387832792	7.0215896411308	250	0.157238015265541	0.0471428028023955	64	Responder	0.458458883306015
Anaerostipes_hadrus__ref_mOTU_v25_00856_	Non_responder	15	Responder	49	4.93333333333333	11.734693877551	0	6	8.62278266874337	15.7807576790587	241.5	0.196629801509014	0.0443891716332534	64	Responder	0.458458883306015
Roseburia_inulinivorans__ref_mOTU_v25_00860_	Non_responder	15	Responder	49	9.66666666666667	17.5714285714286	3	8	16.7275079975926	23.0081507296871	242	0.153333521928284	0.0468748197493015	64	Responder	0.458458883306015
Oscillibacter_sp__57_20__ref_mOTU_v25_10413_	Non_responder	15	Responder	49	0.4	1.28571428571429	0	0	1.12122382116278	2.54132511366282	259.5	0.162317190134201	0.0493298926956432	64	Responder	0.463152881420205
Eubacterium_species_incertae_sedis__meta_mOTU_v25_12314_	Non_responder	15	Responder	49	0.533333333333333	2.55102040816327	0	1	1.30201309334357	5.03347636864836	254	0.189131743644926	0.0506320641980917	64	Responder	0.466735573607864
Oscillibacter_species_incertae_sedis__meta_mOTU_v25_13278_	Non_responder	15	Responder	49	0.533333333333333	0.204081632653061	0	0	1.55226409142382	1.17224129762773	424	0.110188361504548	0.0564942579414973	64	Responder	0.474177658802019
Phocea_massiliensis__ref_mOTU_v25_05236_	Non_responder	15	Responder	49	0.2	0.612244897959184	0	0	0.414039335605413	0.785714285714286	261	0.237765925792533	0.0532499317620531	64	Responder	0.474177658802019
Atopobiaceae_species_incertae_sedis__meta_mOTU_v25_13944_	Non_responder	15	Responder	49	0.866666666666667	2.22448979591837	0	0	2.85022973176015	4.50122810150393	263	0.137188453291077	0.0546640434600554	64	Responder	0.474177658802019
Faecalibacterium_species_incertae_sedis__ext_mOTU_v26_18130_	Non_responder	15	Responder	49	1.53333333333333	4.30612244897959	0	2	3.02056443795022	5.9273521408265	252.5	0.213744826529234	0.055219823490194	64	Responder	0.474177658802019
Eubacterium_species_incertae_sedis__ext_mOTU_v26_16236_	Non_responder	15	Responder	49	3.73333333333333	7.59183673469388	0	3	6.43058169626831	10.7080934487014	248.5	0.164052404343526	0.057050960920953	64	Responder	0.474177658802019
Clostridiales_species_incertae_sedis__meta_mOTU_v25_12284_	Non_responder	15	Responder	49	9	19.2857142857143	3	7	18.6968293721537	30.8760964717584	246	0.151849892611286	0.0538203281928165	64	Responder	0.474177658802019
Ruminococcus_lactaris__ref_mOTU_v25_01595_	Non_responder	15	Responder	49	1.26666666666667	6.06122448979592	0	2	1.94446712004919	8.5474366607415	253.5	0.260698051951522	0.0587616863958852	64	Responder	0.480518951656674
Clostridiales_species_incertae_sedis__meta_mOTU_v25_12265_	Non_responder	15	Responder	49	9.26666666666667	25.1836734693878	0	15	14.1545886889157	31.5678326976131	251	0.231272670430721	0.0597190226775437	64	Responder	0.480595944404995
Faecalibacterium_species_incertae_sedis__ext_mOTU_v26_26377_	Non_responder	15	Responder	49	0	0.979591836734694	0	0	0	2.80245276438313	292.5	0.167210391929948	0.0616720584730214	64	Responder	0.488558338215966
Clostridiales_species_incertae_sedis__meta_mOTU_v25_12309_	Non_responder	15	Responder	49	2.86666666666667	11	0	2	5.60442002436682	19.5309583311555	257.5	0.195785339249076	0.0668021178946468	64	Responder	0.521056519578245
Alistipes_species_incertae_sedis__ext_mOTU_v26_18141_	Non_responder	15	Responder	49	0.0666666666666667	0.775510204081633	0	0	0.258198889747161	1.71105847019772	282.5	0.196417304117076	0.0710050469218118	64	Responder	0.537751285506139
Clostridium_sp___ref_mOTU_v25_02380_	Non_responder	15	Responder	49	0.0666666666666667	3.28571428571429	0	0	0.258198889747161	16.0455081980389	282.5	0.0968924569127268	0.0710637793469651	64	Responder	0.537751285506139
Ruminococcus__gnavus__ref_mOTU_v25_01594_	Non_responder	15	Responder	49	10.7333333333333	3.36734693877551	0	0	22.4514290562242	15.3156971186849	458.5	0.179962221041943	0.0756054222951908	64	Responder	0.563705133877379
Clostridium_sp___ref_mOTU_v25_03675_	Non_responder	15	Responder	49	0.133333333333333	0.571428571428571	0	0	0.516397779494322	1.20761472884912	282.5	0.169034111540238	0.0775044459777305	64	Responder	0.569489190010281
Ruminococcaceae_species_incertae_sedis__ext_mOTU_v26_18286_	Non_responder	15	Responder	49	0.2	0.0612244897959184	0	0	0.414039335605413	0.242226070825902	418.5	0.200100036558072	0.112942213530713	64	Responder	0.570762258966985
Clostridium_species_incertae_sedis__ext_mOTU_v26_16329_	Non_responder	15	Responder	49	0.2	0.0612244897959184	0	0	0.414039335605413	0.242226070825902	418.5	0.200100036558072	0.112942213530713	64	Responder	0.570762258966985
Clostridium_species_incertae_sedis__meta_mOTU_v25_12696_	Non_responder	15	Responder	49	0.533333333333333	0.183673469387755	0	0	1.55226409142382	0.833503384010205	418	0.142063989386043	0.117060434710645	64	Responder	0.570762258966985
Bacteroides_sp__CAG_144__ref_mOTU_v25_07595_	Non_responder	15	Responder	49	0.533333333333333	0.183673469387755	0	0	1.24594580635795	0.905388254372931	418.5	0.14872844574377	0.113491703856257	64	Responder	0.570762258966985
Desulfovibrionaceae_bacterium__mags_db_all_62_	Non_responder	15	Responder	49	0.733333333333333	0.183673469387755	0	0	1.79151438998513	0.486204234682432	437	0.239088694974385	0.107235602669953	64	Responder	0.570762258966985
X3576_135_bin_26_clean__mags_db_all_122_	Non_responder	15	Responder	49	0.533333333333333	0.285714285714286	0	0	0.915475416434127	0.866025403784439	439.5	0.119626434666288	0.0845408331331804	64	Responder	0.570762258966985
Erysipelotrichaceae_species_incertae_sedis__ext_mOTU_v26_28734_	Non_responder	15	Responder	49	0.333333333333333	0.489795918367347	0	0	0.816496580927726	3.14326296081259	418	0.0239157988210559	0.116962049647561	64	Responder	0.570762258966985
Eubacterium_species_incertae_sedis__meta_mOTU_v25_13196_	Non_responder	15	Responder	49	0.4	0.530612244897959	0	0	0.50709255283711	1.69683579072351	442.5	0.0368530716950455	0.101369546498555	64	Responder	0.570762258966985
Firmicutes_bacterium_CAG_170__ref_mOTU_v25_07733_	Non_responder	15	Responder	49	0.133333333333333	1.04081632653061	0	0	0.351865775274498	2.4062348153068	287.5	0.179449138493627	0.111210150687822	64	Responder	0.570762258966985
Lachnospiraceae_species_incertae_sedis__ext_mOTU_v26_17428_	Non_responder	15	Responder	49	0.533333333333333	0.938775510204082	0	0	1.30201309334357	1.17983337921975	276.5	0.14178777898087	0.111365875922769	64	Responder	0.570762258966985
Escherichia_coli__ref_mOTU_v25_00095_	Non_responder	15	Responder	49	2.2	0.469387755102041	0	0	7.2130833510068	2.51745606396886	418.5	0.178135933013546	0.113491703856257	64	Responder	0.570762258966985
Clostridium_sp___ref_mOTU_v25_03621_	Non_responder	15	Responder	49	0.133333333333333	1.12244897959184	0	0	0.516397779494322	2.62704406971366	293	0.178729380608376	0.104763373504792	64	Responder	0.570762258966985
Alistipes_species_incertae_sedis__ext_mOTU_v26_17843_	Non_responder	15	Responder	49	0.133333333333333	1.38775510204082	0	0	0.516397779494322	4.15239050894488	293	0.144714429664154	0.104824206778644	64	Responder	0.570762258966985
Ruminococcaceae_species_incertae_sedis__ext_mOTU_v26_17886_	Non_responder	15	Responder	49	0.8	1.30612244897959	0	0	2.83347338589432	2.52655959782479	285	0.0828632619411286	0.113179941606247	64	Responder	0.570762258966985
Clostridiales_species_incertae_sedis__meta_mOTU_v25_13202_	Non_responder	15	Responder	49	0.0666666666666667	1.87755102040816	0	0	0.258198889747161	5.5175200236052	297	0.157216967710369	0.114358767462402	64	Responder	0.570762258966985
Flavonifractor_species_incertae_sedis__ext_mOTU_v26_17315_	Non_responder	15	Responder	49	1.33333333333333	1.89795918367347	0	1	3.03942350423485	3.64717298030945	269.5	0.0683488419455544	0.0987917299495181	64	Responder	0.570762258966985
Clostridiales_Family_XIII__Incertae_Sedis_species_incertae_sedis__ext_mOTU_v26_17501_	Non_responder	15	Responder	49	1.33333333333333	2.22448979591837	0	1	1.87718127089781	2.14345229830338	260.5	0.179389901299941	0.0830889700330913	64	Responder	0.570762258966985
Clostridiales_species_incertae_sedis__meta_mOTU_v25_12707_	Non_responder	15	Responder	49	0.266666666666667	2.57142857142857	0	0	1.03279555898864	5.54526825320471	297.5	0.196708407997656	0.117079437736817	64	Responder	0.570762258966985
Bacteroides_species_incertae_sedis__ext_mOTU_v26_18052_	Non_responder	15	Responder	49	2.06666666666667	2.85714285714286	1	0	2.8900486072696	9.26912437432289	457	0.0407779058342671	0.0909283558897456	64	Non_responder	0.570762258966985
Eggerthellaceae_species_incertae_sedis__ext_mOTU_v26_15443_	Non_responder	15	Responder	49	0.666666666666667	3.55102040816327	0	1	1.29099444873581	8.06241595431594	264.5	0.170402914358569	0.0840194775615385	64	Responder	0.570762258966985
Eubacterium_ventriosum__ref_mOTU_v25_11151_	Non_responder	15	Responder	49	2.46666666666667	3.57142857142857	0	2	5.19431924133975	4.5	262	0.100585476735739	0.0863501146630595	64	Responder	0.570762258966985
Clostridiales_species_incertae_sedis__meta_mOTU_v25_13168_	Non_responder	15	Responder	49	1.66666666666667	3.87755102040816	0	2	2.6903708365382	6.58164319990717	264.5	0.157178373529713	0.0942069360646314	64	Responder	0.570762258966985
Clostridiales_species_incertae_sedis__meta_mOTU_v25_14166_	Non_responder	15	Responder	49	3.2	4.42857142857143	2	3	4.07430975749267	3.90512483795333	263.5	0.131837021442461	0.0983783953812005	64	Responder	0.570762258966985
Roseburia_sp__40_7__meta_mOTU_v25_12352_	Non_responder	15	Responder	49	2.2	5.55102040816327	1	2	2.85857107160703	7.58579051167872	264.5	0.205519864911537	0.0987626388963679	64	Responder	0.570762258966985
Clostridium_species_incertae_sedis__meta_mOTU_v25_12417_	Non_responder	15	Responder	49	3.86666666666667	5.87755102040816	0	2	7.81817175072341	8.62320670502285	263.5	0.101110785170593	0.094383798853276	64	Responder	0.570762258966985
Faecalibacterium_species_incertae_sedis__meta_mOTU_v25_12303_	Non_responder	15	Responder	49	0.2	7.97959183673469	0	0	0.774596669241483	22.6195801942314	293	0.164570942436461	0.104907846101929	64	Responder	0.570762258966985
Clostridium_sp___ref_mOTU_v25_03680_	Non_responder	15	Responder	49	3.6	7.18367346938776	2	4	4.10226418317634	7.41247110558662	259.5	0.219243877868976	0.0863474041764841	64	Responder	0.570762258966985
Eubacterium__hallii__ref_mOTU_v25_03632_	Non_responder	15	Responder	49	6.13333333333333	9.3469387755102	3	6	6.25490283887844	8.24507686543957	264	0.17236986113511	0.10177203288996	64	Responder	0.570762258966985
Clostridium_sp__CAG_217__meta_mOTU_v25_12270_	Non_responder	15	Responder	49	4.06666666666667	10.734693877551	0	0	15.7501322745768	22.2146493615925	285	0.134777702301483	0.0874167737326469	64	Responder	0.570762258966985
Clostridiales_species_incertae_sedis__meta_mOTU_v25_12361_	Non_responder	15	Responder	49	4.26666666666667	11.0204081632653	2	5	6.21595489350552	15.3507461761071	267	0.204123327899595	0.109792597537287	64	Responder	0.570762258966985
Dorea_formicigenerans__ref_mOTU_v25_03668_	Non_responder	15	Responder	49	7.73333333333333	10.2448979591837	5	8	8.34494429209058	8.03775106462441	267	0.131110070879537	0.112371736833672	64	Responder	0.570762258966985
Barnesiella_intestinihominis__ref_mOTU_v25_03595_	Non_responder	15	Responder	49	15.6	8.75510204081633	12	6	14.6424041741785	9.70723658807545	467	0.256306589841858	0.115393392328397	64	Non_responder	0.570762258966985
Ruminococcus_sp__CAG_254__meta_mOTU_v25_12276_	Non_responder	15	Responder	49	4.06666666666667	13.1020408163265	0	0	14.9306332593032	33.1839851547143	275	0.127340573356021	0.0934398449232408	64	Responder	0.570762258966985
Blautia_obeum__ref_mOTU_v25_05139_	Non_responder	15	Responder	49	6.66666666666667	14.2857142857143	3	6	7.8619033197772	21.9526004534011	267.5	0.163118381023416	0.112610066205833	64	Responder	0.570762258966985
Dorea_longicatena__ref_mOTU_v25_03692_	Non_responder	15	Responder	49	18	28.734693877551	12	20	19.5009157294142	24.973131820522	267.5	0.188705408143002	0.114436896765357	64	Responder	0.570762258966985
Oscillibacter_species_incertae_sedis__ext_mOTU_v26_28927_	Non_responder	15	Responder	49	0.466666666666667	0.857142857142857	0	0	1.12546286774228	1.59426053914242	280.5	0.110375907569717	0.119331643444532	64	Responder	0.573852258087143
Coprococcus_comes__ref_mOTU_v25_03690_	Non_responder	15	Responder	49	11.6666666666667	16.6938775510204	10	15	10.2446269308541	13.1167896250579	269	0.168877153035188	0.11997700070461	64	Responder	0.573852258087143
Ruminococcaceae_species_incertae_sedis__ext_mOTU_v26_26976_	Non_responder	15	Responder	49	0.2	0.0816326530612245	0	0	0.414039335605413	0.343798311385563	417	0.138691729281928	0.124296000679041	64	Responder	0.584932907998899
Clostridiales_species_incertae_sedis__ext_mOTU_v26_26923_	Non_responder	15	Responder	49	0.533333333333333	0.408163265306122	0	0	1.24594580635795	2.11067097691448	416.5	0.0274099730063541	0.128508201187957	64	Responder	0.584932907998899
X3576_016_bin_50_clean__mags_db_all_10_	Non_responder	15	Responder	49	1.33333333333333	0.285714285714286	0	0	2.66368881351371	1.19023807142381	428.5	0.262588991514771	0.129076854164477	64	Responder	0.584932907998899
Clostridiales_species_incertae_sedis__meta_mOTU_v25_12554_	Non_responder	15	Responder	49	0.266666666666667	0.836734693877551	0	0	1.03279555898864	2.15393959579022	298	0.123375398341878	0.130369661940583	64	Responder	0.584932907998899
Methanobrevibacter_smithii__ref_mOTU_v25_03695_	Non_responder	15	Responder	49	6.4	2.46938775510204	1	0	12.1584773482773	5.28402482652636	452.5	0.220655266140995	0.127721721314585	64	Non_responder	0.584932907998899
Clostridium_species_incertae_sedis__ext_mOTU_v26_17427_	Non_responder	15	Responder	49	2.66666666666667	4.3265306122449	2	3	2.22539456105675	3.57880191254723	272	0.208605513868035	0.129596753781911	64	Responder	0.584932907998899
Alistipes_shahii__ref_mOTU_v25_01014_	Non_responder	15	Responder	49	10.9333333333333	16.3469387755102	5	10	20.9811706968301	20.3127125839216	271.5	0.112228883373447	0.128336925022881	64	Responder	0.584932907998899
Oscillibacter_sp__57_20__meta_mOTU_v25_12610_	Non_responder	15	Responder	49	3.73333333333333	11.5714285714286	3	5	4.11385579764405	16.4266044371116	274	0.223575025555521	0.134138491004412	64	Responder	0.596563288940673
Eubacterium__rectale__ref_mOTU_v25_03657_	Non_responder	15	Responder	49	61	95.4285714285714	30	63	85.1997652578926	96.9643405244079	273.5	0.153793566647833	0.138296571154752	64	Responder	0.609707491960516
Coriobacteriia_species_incertae_sedis__ext_mOTU_v26_26765_	Non_responder	15	Responder	49	0.133333333333333	0.571428571428571	0	0	0.516397779494322	1.25830573921179	302.5	0.162727573440689	0.145562846213533	64	Responder	0.630772333591977
bacterium_LF_3__ref_mOTU_v25_03628_	Non_responder	15	Responder	49	1.2	4.83673469387755	1	1	1.47357679522601	9.80507296160069	278	0.176547445490051	0.145353276214139	64	Responder	0.630772333591977
uncultured_Clostridium_sp___ref_mOTU_v25_11611_	Non_responder	15	Responder	49	0.2	0.0816326530612245	0	0	0.414039335605413	0.276641667586244	411	0.159393065413229	0.207493485973495	64	Responder	0.637570893264012
Ruminococcaceae_species_incertae_sedis__ext_mOTU_v26_17698_	Non_responder	15	Responder	49	0.2	0.0816326530612245	0	0	0.414039335605413	0.276641667586244	411	0.159393065413229	0.207493485973495	64	Responder	0.637570893264012
Clostridiales_species_incertae_sedis__ext_mOTU_v26_28740_	Non_responder	15	Responder	49	0.2	0.0816326530612245	0	0	0.414039335605413	0.276641667586244	411	0.159393065413229	0.207493485973495	64	Responder	0.637570893264012
Lachnospiraceae_species_incertae_sedis__ext_mOTU_v26_16226_	Non_responder	15	Responder	49	0.266666666666667	0.102040816326531	0	0	0.593616839704664	0.367701076463821	411.5	0.16158536366518	0.202876003559121	64	Responder	0.637570893264012
Streptococcus_gordonii_cristatus__ref_mOTU_v25_03970_	Non_responder	15	Responder	49	0.266666666666667	0.142857142857143	0	0	0.457737708217063	0.408248290463863	418.5	0.124894470221796	0.203790291448926	64	Responder	0.637570893264012
Lachnospiraceae_species_incertae_sedis__ext_mOTU_v26_18295_	Non_responder	15	Responder	49	0.333333333333333	0.122448979591837	0	0	0.617213399848368	0.331200660553418	423.5	0.212732339388774	0.162518492817353	64	Responder	0.637570893264012
Lachnospiraceae_species_incertae_sedis__ext_mOTU_v26_16311_	Non_responder	15	Responder	49	0.0666666666666667	0.285714285714286	0	0	0.258198889747161	0.577350269189626	308	0.17613572484219	0.16838701000369	64	Responder	0.637570893264012
Bacteria_species_incertae_sedis__ext_mOTU_v26_16372_	Non_responder	15	Responder	49	0.4	0.183673469387755	0	0	0.736788397613007	0.56544486128752	421.5	0.150090862129518	0.179212028168402	64	Responder	0.637570893264012
Lachnospiraceae_species_incertae_sedis__ext_mOTU_v26_16332_	Non_responder	15	Responder	49	0.4	0.224489795918367	0	0	0.632455532033676	0.550200952775778	426.5	0.130384204806515	0.185821231951026	64	Responder	0.637570893264012
Clostridiales_species_incertae_sedis__ext_mOTU_v26_18072_	Non_responder	15	Responder	49	0.533333333333333	0.183673469387755	0	0	1.35576371027375	0.726678212477707	412	0.16227990306085	0.19803055394366	64	Responder	0.637570893264012
Clostridiales_species_incertae_sedis__ext_mOTU_v26_17897_	Non_responder	15	Responder	49	0.733333333333333	0.183673469387755	0	0	1.79151438998513	0.882077788230605	413	0.199577203044362	0.187906818730247	64	Responder	0.637570893264012
Lachnospiraceae_species_incertae_sedis__ext_mOTU_v26_16262_	Non_responder	15	Responder	49	0.733333333333333	0.285714285714286	0	0	1.43759057685652	0.735980072193987	426	0.198936309407446	0.202609120690452	64	Responder	0.637570893264012
Clostridiales_sp___ref_mOTU_v25_03444_	Non_responder	15	Responder	49	1.26666666666667	0.163265306122449	0	0	4.09645607579922	0.514252644439409	422	0.229372228357042	0.174624236523296	64	Responder	0.637570893264012
Faecalicoccus_pleomorphus__ref_mOTU_v25_07086_	Non_responder	15	Responder	49	0.866666666666667	0.306122448979592	0	0	2.58751581545661	1.7224507931125	412.5	0.121720727480109	0.192877179411029	64	Responder	0.637570893264012
Clostridiales_species_incertae_sedis__meta_mOTU_v25_14223_	Non_responder	15	Responder	49	1.26666666666667	0.183673469387755	0	0	3.17280107581088	0.486204234682432	421.5	0.282834856258336	0.196648779409785	64	Responder	0.637570893264012
Lachnospiraceae_species_incertae_sedis__ext_mOTU_v26_17479_	Non_responder	15	Responder	49	0.733333333333333	0.36734693877551	0	0	0.961150104723255	0.635540372144721	441.5	0.211475199111257	0.163435755419378	64	Responder	0.637570893264012
Clostridiales_species_incertae_sedis__ext_mOTU_v26_26595_	Non_responder	15	Responder	49	0.133333333333333	0.571428571428571	0	0	0.351865775274498	1.20761472884912	298	0.171305032620713	0.157589281962344	64	Responder	0.637570893264012
Anaerotruncus_colihominis__ref_mOTU_v25_03438_	Non_responder	15	Responder	49	0.4	0.489795918367347	0	0	1.2983506020002	0.915661167763305	301.5	0.0377583268199166	0.188084379327106	64	Responder	0.637570893264012
Clostridiales_species_incertae_sedis__ext_mOTU_v26_26617_	Non_responder	15	Responder	49	0.133333333333333	0.693877551020408	0	0	0.351865775274498	1.4318414954272	303.5	0.185033257465598	0.184885517568554	64	Responder	0.637570893264012
Clostridiales_species_incertae_sedis__meta_mOTU_v25_12473_	Non_responder	15	Responder	49	0.4	0.653061224489796	0	0	0.9102589898328	4.0028688691579	411.5	0.0304377433778411	0.203158089508141	64	Responder	0.637570893264012
Clostridiales_species_incertae_sedis__ext_mOTU_v26_16181_	Non_responder	15	Responder	49	0.333333333333333	0.714285714285714	0	0	0.723746864455746	1.09924216318941	294	0.156483035177963	0.17519246018333	64	Responder	0.637570893264012
Intestinibacter_bartlettii__ref_mOTU_v25_03687_	Non_responder	15	Responder	49	0.666666666666667	0.73469387755102	0	0	1.79947082168487	1.13239256672325	291.5	0.0221182937767788	0.174283695465078	64	Responder	0.637570893264012
Mogibacterium_sp__BX12__mags_db_all_26_	Non_responder	15	Responder	49	0.266666666666667	0.877551020408163	0	0	0.593616839704664	1.67869807019736	293.5	0.170876574928124	0.166507484792945	64	Responder	0.637570893264012
Faecalibacterium_species_incertae_sedis__ext_mOTU_v26_18129_	Non_responder	15	Responder	49	0.4	1	0	0	1.12122382116278	1.89296944860009	304.5	0.144937871001751	0.202245159003648	64	Responder	0.637570893264012
Clostridiales_species_incertae_sedis__meta_mOTU_v25_12434_	Non_responder	15	Responder	49	0.266666666666667	1.04081632653061	0	0	0.593616839704664	2.44062136618141	299	0.150849685140013	0.194905593817725	64	Responder	0.637570893264012
Lentisphaerae_bacterium_ADurb_Bin242__meta_mOTU_v25_12416_	Non_responder	15	Responder	49	1.6	0.693877551020408	0	0	2.87352446607696	2.45122487776225	429	0.149835916085801	0.192616278721671	64	Responder	0.637570893264012
Firmicutes_bacterium_CAG_272__ref_mOTU_v25_07736_	Non_responder	15	Responder	49	2.13333333333333	0.530612244897959	0	0	4.40562411123825	1.60859722553957	430	0.261260670854059	0.173803691850831	64	Responder	0.637570893264012
Clostridium_sp__CAG_167__ref_mOTU_v25_07613_	Non_responder	15	Responder	49	0.4	1.16326530612245	0	0	1.2983506020002	2.76395654493932	296	0.128802053081825	0.15537723236143	64	Responder	0.637570893264012
Clostridium__clostridioforme_bolteae__ref_mOTU_v25_03442_	Non_responder	15	Responder	49	0.8	1.18367346938776	1	0	1.08232553856433	5.69236868311337	444	0.0325215316564213	0.161045419001343	64	Non_responder	0.637570893264012
Sutterellaceae_species_incertae_sedis__ext_mOTU_v26_17688_	Non_responder	15	Responder	49	0.2	1.42857142857143	0	0	0.414039335605413	2.84312035153866	301.5	0.204571777121467	0.198341360675012	64	Responder	0.637570893264012
Eggerthella_lenta__ref_mOTU_v25_00719_	Non_responder	15	Responder	49	1.4	1.08163265306122	1	0	3.04255531702266	2.67579220896882	436	0.0491442808498868	0.206778547406285	64	Non_responder	0.637570893264012
Clostridiales_species_incertae_sedis__meta_mOTU_v25_12690_	Non_responder	15	Responder	49	0.2	1.46938775510204	0	0	0.774596669241483	3.64635686231435	308	0.165493804596018	0.169664070084239	64	Responder	0.637570893264012
Bacteroides_finegoldii__ref_mOTU_v25_03474_	Non_responder	15	Responder	49	0.333333333333333	1.51020408163265	0	0	1.04653623694457	3.51853691764295	300.5	0.158217495675838	0.17460159226881	64	Responder	0.637570893264012
Eubacterium_species_incertae_sedis__meta_mOTU_v25_12260_	Non_responder	15	Responder	49	0.466666666666667	1.87755102040816	0	1	0.743223352957207	3.50376376832367	284	0.190536770805814	0.150477608745236	64	Responder	0.637570893264012
Clostridium_species_incertae_sedis__ext_mOTU_v26_17477_	Non_responder	15	Responder	49	0.8	1.77551020408163	0	1	1.52127765851133	3.26129643267347	288	0.139368951005996	0.168784313549226	64	Responder	0.637570893264012
Parasutterella_excrementihominis__ref_mOTU_v25_03674_	Non_responder	15	Responder	49	0.4	2.42857142857143	0	0	0.632455532033676	4.65922024949812	290.5	0.206131851383976	0.17831978067149	64	Responder	0.637570893264012
Bacteroides_clarus__ref_mOTU_v25_01578_	Non_responder	15	Responder	49	6.66666666666667	0.836734693877551	0	0	15.4488403016753	1.86354208850948	438.5	0.313947132838672	0.17343958790493	64	Responder	0.637570893264012
Sutterella_wadsworthensis__ref_mOTU_v25_04772_	Non_responder	15	Responder	49	4.46666666666667	2.20408163265306	0	0	10.6359677285995	6.93415337248876	440	0.121035761307273	0.170982457851604	64	Responder	0.637570893264012
Bacteroides_caecimuris__ref_mOTU_v25_03476_	Non_responder	15	Responder	49	0.333333333333333	4.22448979591837	0	0	0.816496580927726	10.1658441732648	293	0.182420120408369	0.153364805073175	64	Responder	0.637570893264012
Firmicutes_bacterium_CAG_102__ref_mOTU_v25_07726_	Non_responder	15	Responder	49	3.8	6.40816326530612	2	4	4.26279586321332	8.3239573104457	287.5	0.14498583071038	0.204072885458948	64	Responder	0.637570893264012
Butyricicoccus_species_incertae_sedis__meta_mOTU_v25_12617_	Non_responder	15	Responder	49	3.86666666666667	7.75510204081633	0	3	7.15009157450515	10.4393698170374	287	0.167115842191957	0.18721159132984	64	Responder	0.637570893264012
Roseburia_hominis__ref_mOTU_v25_00861_	Non_responder	15	Responder	49	3.33333333333333	8.42857142857143	2	3	4.06494889559629	14.4625954332778	286.5	0.166637043888979	0.196587207875363	64	Responder	0.637570893264012
Ruminococcus_callidus__ref_mOTU_v25_11153_	Non_responder	15	Responder	49	3.26666666666667	11.3469387755102	0	0	12.3777834772436	28.5967298687048	300.5	0.132334230169997	0.174953436381427	64	Responder	0.637570893264012
Faecalibacterium_prausnitzii__ref_mOTU_v25_06112_	Non_responder	15	Responder	49	0.8	12.5918367346939	0	0	2.39642591015394	32.171363021163	306	0.174950481456446	0.192856667169513	64	Responder	0.637570893264012
Holdemanella_biformis__meta_mOTU_v25_12329_	Non_responder	15	Responder	49	7.26666666666667	11.1020408163265	0	2	17.1191900119914	19.5408172146143	283	0.0857796035168249	0.157174786569637	64	Responder	0.637570893264012
Ruminococcus__torques__ref_mOTU_v25_03660_	Non_responder	15	Responder	49	16.5333333333333	20.3061224489796	8	16	18.8219729748681	17.1174911538274	283	0.0915769271102173	0.182354135577815	64	Responder	0.637570893264012
Blautia_massiliensis__ref_mOTU_v25_03342_	Non_responder	15	Responder	49	15	24.265306122449	13	15	13.8821570987468	25.2988599135449	285	0.167950074474373	0.193350787143362	64	Responder	0.637570893264012
Coprococcus_eutactus__ref_mOTU_v25_02378_	Non_responder	15	Responder	49	11.9333333333333	27.9183673469388	0	1	25.5914792367266	54.6606335852922	284.5	0.1362882601327	0.164734760714136	64	Responder	0.637570893264012
Clostridium__spiroforme__ref_mOTU_v25_11181_	Non_responder	15	Responder	49	0.133333333333333	0.408163265306122	0	0	0.351865775274498	0.761532647224737	307.5	0.167491785151638	0.212302512491422	64	Responder	0.647747096712054
Clostridium__saccharolyticum__ref_mOTU_v25_03601_	Non_responder	15	Responder	49	0.0666666666666667	0.428571428571429	0	0	0.258198889747161	1.38443731048635	315.5	0.125214904608841	0.213360483532373	64	Responder	0.647747096712054
Oscillibacter_species_incertae_sedis__ext_mOTU_v26_17930_	Non_responder	15	Responder	49	0.666666666666667	0.877551020408163	0	1	1.11269728052837	0.904448567296313	295	0.0938263076197898	0.217389832710897	64	Responder	0.651310920896347
Clostridiales_species_incertae_sedis__meta_mOTU_v25_12445_	Non_responder	15	Responder	49	1.13333333333333	2.3469387755102	0	1	1.59761727343596	3.58556725177576	292	0.157672198933196	0.217185771177423	64	Responder	0.651310920896347
Clostridiales_species_incertae_sedis__meta_mOTU_v25_13662_	Non_responder	15	Responder	49	2.66666666666667	4.14285714285714	2	3	2.87020822207993	4.07737660757502	290	0.162028634027885	0.218388277223627	64	Responder	0.651310920896347
Clostridiales_species_incertae_sedis__meta_mOTU_v25_13774_	Non_responder	15	Responder	49	2.53333333333333	0.897959183673469	0	0	6.34560215162176	1.92835095741568	432.5	0.197778423049778	0.220198792169662	64	Responder	0.652870103099523
Anaerotruncus_rubiinfantis__ref_mOTU_v25_09169_	Non_responder	15	Responder	49	0.2	0.387755102040816	0	0	0.414039335605413	0.532929268704747	304.5	0.155706891521714	0.224959465221735	64	Responder	0.657733224485428
Clostridiales_species_incertae_sedis__meta_mOTU_v25_12382_	Non_responder	15	Responder	49	0.666666666666667	0.428571428571429	0	0	2.58198889747161	0.957427107756338	315	0.0681506063971876	0.225730929113342	64	Responder	0.657733224485428
Butyricicoccus_species_incertae_sedis__meta_mOTU_v25_12336_	Non_responder	15	Responder	49	0.4	2.42857142857143	0	0	1.2983506020002	5.12754002097172	310	0.186823760310989	0.223685568960235	64	Responder	0.657733224485428
Clostridiales_sp___ref_mOTU_v25_03658_	Non_responder	15	Responder	49	8.26666666666667	12.0612244897959	4	7	10.579404970215	18.3705019021271	291	0.0952777660121995	0.22746070355679	64	Responder	0.658986152590243
Sutterella_species_incertae_sedis__ext_mOTU_v26_26637_	Non_responder	15	Responder	49	0.733333333333333	0.306122448979592	0	0	1.43759057685652	0.870921007531994	417	0.174914393390669	0.237271200590359	64	Responder	0.65900127652136
Clostridiales_species_incertae_sedis__ext_mOTU_v26_26505_	Non_responder	15	Responder	49	1.13333333333333	0.591836734693878	0	0	1.35576371027375	0.887843063904004	434	0.222533274867758	0.2363744248257	64	Responder	0.65900127652136
Clostridiales_species_incertae_sedis__meta_mOTU_v25_13176_	Non_responder	15	Responder	49	0.2	0.897959183673469	0	0	0.774596669241483	2.73286249470514	317.5	0.121593389947115	0.232581153662762	64	Responder	0.65900127652136
uncultured_Clostridium_sp___ref_mOTU_v25_06391_	Non_responder	15	Responder	49	0.6	1.04081632653061	0	1	0.828078671210825	1.20691037490827	297	0.163925969449707	0.233982192491893	64	Responder	0.65900127652136
Rikenellaceae_sp___ref_mOTU_v25_03593_	Non_responder	15	Responder	49	0.133333333333333	1.71428571428571	0	0	0.516397779494322	7.44143803306861	317.5	0.102480516464308	0.232457326444802	64	Responder	0.65900127652136
Ruminococcaceae_bacterium_D16__ref_mOTU_v25_11463_	Non_responder	15	Responder	49	0.133333333333333	2.10204081632653	0	0	0.351865775274498	5.91342011148929	312	0.159387424383882	0.239556322115589	64	Responder	0.65900127652136
Roseburia_species_incertae_sedis__meta_mOTU_v25_12537_	Non_responder	15	Responder	49	0.8	2.12244897959184	0	0	2.39642591015394	5.63335547232296	309	0.110345166442286	0.236689998627967	64	Responder	0.65900127652136
Eggerthella_sp__CAG_298__mags_db_all_15_	Non_responder	15	Responder	49	3	1.73469387755102	0	0	5.41162769282166	4.31941117806236	430.5	0.116921892966929	0.241972967589328	64	Responder	0.65900127652136
Desulfovibrio_piger__ref_mOTU_v25_06282_	Non_responder	15	Responder	49	1.4	3.28571428571429	0	0	3.81350981942582	6.97913557207004	311	0.124765626497111	0.243063587198213	64	Responder	0.65900127652136
Bifidobacterium_pseudocatenulatum__ref_mOTU_v25_02700_	Non_responder	15	Responder	49	1	3.51020408163265	0	0	3.35942171894424	10.3925503145675	310.5	0.114698948426617	0.238881758972193	64	Responder	0.65900127652136
Oscillibacter_species_incertae_sedis__meta_mOTU_v25_12353_	Non_responder	15	Responder	49	3.4	9.36734693877551	0	0	11.8188711087698	23.9397628413057	305.5	0.116083107240824	0.235475444323963	64	Responder	0.65900127652136
Bacteroides_rodentium_uniformis__ref_mOTU_v25_00855_	Non_responder	15	Responder	49	16.6666666666667	30.1224489795918	5	9	24.3506135641873	42.6573717022535	293.5	0.144724628742559	0.243049366664258	64	Responder	0.65900127652136
Clostridiales_species_incertae_sedis__meta_mOTU_v25_13847_	Non_responder	15	Responder	49	0.466666666666667	0.183673469387755	0	0	1.06009882737862	0.486204234682432	413.5	0.179817083931059	0.271580046778728	64	Responder	0.665695674332894
Dielma_fastidiosa__ref_mOTU_v25_01061_	Non_responder	15	Responder	49	0.4	0.224489795918367	0	0	0.828078671210825	0.770965469461532	414	0.0951248801436411	0.265901996139276	64	Responder	0.665695674332894
Clostridiales_species_incertae_sedis__meta_mOTU_v25_13392_	Non_responder	15	Responder	49	0.2	0.285714285714286	0	0	0.414039335605413	1.17260393995586	406.5	0.0348250246354891	0.259933351316431	64	Responder	0.665695674332894
Prevotellaceae_species_incertae_sedis__ext_mOTU_v26_26669_	Non_responder	15	Responder	49	0.2	0.408163265306122	0	0	0.774596669241483	0.955649154304261	319.5	0.0963809406173529	0.251761317955959	64	Responder	0.665695674332894
Ruminococcaceae_species_incertae_sedis__meta_mOTU_v25_12898_	Non_responder	15	Responder	49	0.6	0.306122448979592	0	0	0.9102589898328	0.54787778566685	425	0.190159707313916	0.258645193729916	64	Responder	0.665695674332894
Oscillibacter_species_incertae_sedis__meta_mOTU_v25_12663_	Non_responder	15	Responder	49	0.933333333333333	0.224489795918367	0	0	2.25092573548455	0.918905737876329	408.5	0.220118664025467	0.263855638805474	64	Responder	0.665695674332894
Bifidobacterium_species_incertae_sedis__ext_mOTU_v26_26736_	Non_responder	15	Responder	49	1	0.428571428571429	0	0	1.77281052085584	1.42886901662352	415.5	0.159144502122273	0.268694333470948	64	Responder	0.665695674332894
Clostridiales_species_incertae_sedis__ext_mOTU_v26_17865_	Non_responder	15	Responder	49	0.466666666666667	1	0	0	1.06009882737862	1.87082869338697	306.5	0.131132969214356	0.267846863266552	64	Responder	0.665695674332894
Pseudoflavonifractor_species_incertae_sedis__meta_mOTU_v25_14283_	Non_responder	15	Responder	49	0.533333333333333	1.20408163265306	0	0	0.915475416434127	1.69533172561123	305.5	0.181227792072452	0.271550174134033	64	Responder	0.665695674332894
Alistipes_species_incertae_sedis__ext_mOTU_v26_33183_	Non_responder	15	Responder	49	0.466666666666667	1.55102040816327	0	0	0.833809387832792	2.76180213274017	306	0.184769223870099	0.265150513158334	64	Responder	0.665695674332894
Clostridiales_species_incertae_sedis__meta_mOTU_v25_13659_	Non_responder	15	Responder	49	0.8	1.63265306122449	0	0	2.07708587070581	3.01174006701981	305	0.124735629685385	0.257576899320763	64	Responder	0.665695674332894
Ruminococcus__torques__ref_mOTU_v25_03703_	Non_responder	15	Responder	49	1	2.48979591836735	0	1	2.26778683805536	4.09329965196983	300.5	0.166809752318884	0.258244148725371	64	Responder	0.665695674332894
Dorea_longicatena__ref_mOTU_v25_03693_	Non_responder	15	Responder	49	0.4	2.83673469387755	0	0	1.12122382116278	6.24615528003531	316.5	0.185132285028635	0.268478810377275	64	Responder	0.665695674332894
Senegalimassilia_anaerobia__ref_mOTU_v25_06538_	Non_responder	15	Responder	49	2	2.73469387755102	0	1	3.83592045202787	4.36737674031411	298.5	0.0735586877667554	0.248167046219257	64	Responder	0.665695674332894
Bacteroides_cellulosilyticus_fragilis__ref_mOTU_v25_01597_	Non_responder	15	Responder	49	0.266666666666667	5.71428571428571	0	0	0.593616839704664	30.0215200592286	310	0.0877119690033943	0.268596067652773	64	Responder	0.665695674332894
Blautia_obeum__ref_mOTU_v25_05140_	Non_responder	15	Responder	49	3.86666666666667	6.81632653061224	3	3	5.54032833821589	8.81209743616636	295.5	0.152003673582063	0.252445667049823	64	Responder	0.665695674332894
Bilophila_wadsworthia__ref_mOTU_v25_04300_	Non_responder	15	Responder	49	5.86666666666667	7.18367346938776	1	3	10.3913883760041	10.674489584573	296	0.0529226947419379	0.255205951105857	64	Responder	0.665695674332894
Firmicutes_sp___ref_mOTU_v25_02374_	Non_responder	15	Responder	49	3.86666666666667	9.06122448979592	0	1	6.52321860375543	18.5992922841002	300	0.131987881051072	0.27248889553876	64	Responder	0.665695674332894
Faecalibacterium_species_incertae_sedis__meta_mOTU_v25_12403_	Non_responder	15	Responder	49	14.8	20.3265306122449	1	11	29.0546283502548	29.2840882243114	296	0.080462379089754	0.252989173501922	64	Responder	0.665695674332894
Clostridiales_species_incertae_sedis__meta_mOTU_v25_12301_	Non_responder	15	Responder	49	12.8666666666667	24.1224489795918	4	7	17.4596132614126	45.2127529267007	298	0.117440795396828	0.273105917675034	64	Responder	0.665695674332894
Ruminococcaceae_species_incertae_sedis__meta_mOTU_v25_12259_	Non_responder	15	Responder	49	32.4666666666667	40.3877551020408	16	30	38.3328778440848	40.344256265365	295	0.0844660313781338	0.2534050782396	64	Responder	0.665695674332894
uncultured_Clostridium_sp___ref_mOTU_v25_11607_	Non_responder	15	Responder	49	0.266666666666667	1.04081632653061	0	0	0.457737708217063	3.71909029912709	309	0.100280050603128	0.279056537783984	64	Responder	0.67052921638142
Clostridiales_species_incertae_sedis__meta_mOTU_v25_13922_	Non_responder	15	Responder	49	1.86666666666667	1.46938775510204	0	0	3.92549663221404	4.14378068523745	417.5	0.041385454409441	0.27798806073426	64	Responder	0.67052921638142
Clostridium_sp__CAG_7__ref_mOTU_v25_07647_	Non_responder	15	Responder	49	9.53333333333333	4.08163265306122	2	2	14.1868483697637	5.92957535963396	435	0.263294243572815	0.276901390148875	64	Responder	0.67052921638142
Clostridium_sp___ref_mOTU_v25_03622_	Non_responder	15	Responder	49	0.333333333333333	1.26530612244898	0	0	1.04653623694457	3.54010069421338	316.5	0.12515613412798	0.280820527429215	64	Responder	0.671584940597227
Clostridiales_Family_XIII__Incertae_Sedis_species_incertae_sedis__ext_mOTU_v26_16322_	Non_responder	15	Responder	49	0.333333333333333	0.183673469387755	0	0	0.617213399848368	0.486204234682432	412.5	0.122268521951483	0.282216411920789	64	Responder	0.671754557952301
Oscillibacter_sp___ref_mOTU_v25_04664_	Non_responder	15	Responder	49	16.5333333333333	28.5714285714286	13	13	19.6463979492667	35.2999055711674	300	0.156510548316878	0.285622182938825	64	Responder	0.676684330607403
Oscillibacter_species_incertae_sedis__ext_mOTU_v26_17772_	Non_responder	15	Responder	49	0.4	0.693877551020408	0	0	0.9102589898328	1.31028116627458	312	0.101376800300156	0.293982479306142	64	Responder	0.693251707014949
Alistipes_senegalensis__ref_mOTU_v25_01017_	Non_responder	15	Responder	49	1.13333333333333	1.53061224489796	0	1	2.06559111797729	2.37260441301964	306	0.0733371480264575	0.297675174648233	64	Responder	0.694363388878636
Senegalimassilia_anaerobia__mags_db_all_14_	Non_responder	15	Responder	49	1.26666666666667	2.87755102040816	0	1	1.90737915425729	4.91016230664028	305.5	0.153935225151946	0.296627509407289	64	Responder	0.694363388878636
Adlercreutzia_equolifaciens__mags_db_all_3_	Non_responder	15	Responder	49	0.866666666666667	3.06122448979592	0	1	2.03071650503204	8.18130023097721	307	0.127946690687735	0.298562561687461	64	Responder	0.694363388878636
Massilimaliae_massiliensis__ref_mOTU_v25_10172_	Non_responder	15	Responder	49	0.2	0.122448979591837	0	0	0.414039335605413	0.389050824723052	402	0.0835732806314102	0.347389692195455	64	Responder	0.696152466178243
Clostridiales_species_incertae_sedis__ext_mOTU_v26_33163_	Non_responder	15	Responder	49	0.266666666666667	0.122448979591837	0	0	0.593616839704664	0.389050824723052	404.5	0.137494697411296	0.313427625467983	64	Responder	0.696152466178243
Clostridiales_species_incertae_sedis__ext_mOTU_v26_18262_	Non_responder	15	Responder	49	0.133333333333333	0.346938775510204	0	0	0.351865775274498	0.723159168975592	323.5	0.137307164133363	0.338202151009445	64	Responder	0.696152466178243
Clostridium_species_incertae_sedis__ext_mOTU_v26_17403_	Non_responder	15	Responder	49	0.133333333333333	0.408163265306122	0	0	0.351865775274498	0.911006022367095	322.5	0.14184796343143	0.327790709914659	64	Responder	0.696152466178243
Clostridiales_species_incertae_sedis__meta_mOTU_v25_13304_	Non_responder	15	Responder	49	0.133333333333333	0.448979591836735	0	0	0.351865775274498	1.06186205337989	321.5	0.140571470597219	0.317495801191788	64	Responder	0.696152466178243
Christensenella_massiliensis__ref_mOTU_v25_10002_	Non_responder	15	Responder	49	0.466666666666667	0.408163265306122	0	0	0.639940473422184	0.911006022367095	415	0.0291264816052392	0.344835779106184	64	Responder	0.696152466178243
Ruminococcaceae_species_incertae_sedis__ext_mOTU_v26_26965_	Non_responder	15	Responder	49	0.266666666666667	0.530612244897959	0	0	0.593616839704664	3.14312769398258	404	0.0405094193951999	0.320119492281362	64	Responder	0.696152466178243
Oscillibacter_species_incertae_sedis__ext_mOTU_v26_16336_	Non_responder	15	Responder	49	0.266666666666667	0.530612244897959	0	0	0.593616839704664	0.915196718751551	317.5	0.130937692435339	0.329269175054112	64	Responder	0.696152466178243
Streptococcus_sp___ref_mOTU_v25_00283_	Non_responder	15	Responder	49	0.533333333333333	0.489795918367347	1	0	0.516397779494322	0.892619015864548	420.5	0.0225876975726313	0.332809172149464	64	Non_responder	0.696152466178243
Clostridium_sp___ref_mOTU_v25_03676_	Non_responder	15	Responder	49	0.266666666666667	0.571428571428571	0	0	0.703731550548997	1.76776695296637	320.5	0.0815203632244924	0.330680379942185	64	Responder	0.696152466178243
Clostridium__glycyrrhizinilyticum__ref_mOTU_v25_03672_	Non_responder	15	Responder	49	0.666666666666667	0.489795918367347	0	0	1.23442679969674	1.76920943950012	413	0.045352860031872	0.345534479012187	64	Responder	0.696152466178243
Clostridiales_species_incertae_sedis__meta_mOTU_v25_12587_	Non_responder	15	Responder	49	0.466666666666667	0.673469387755102	0	0	1.55226409142382	1.34455313366624	321	0.06321170927053	0.325864395753682	64	Responder	0.696152466178243
Oscillibacter_species_incertae_sedis__ext_mOTU_v26_26398_	Non_responder	15	Responder	49	0.133333333333333	0.795918367346939	0	0	0.351865775274498	1.97884216817072	325	0.159644617953997	0.343420489938942	64	Responder	0.696152466178243
Clostridiales_Family_XIII__Incertae_Sedis_species_incertae_sedis__ext_mOTU_v26_17436_	Non_responder	15	Responder	49	0.6	0.795918367346939	0	0	1.12122382116278	1.13614098004192	314.5	0.0736485379546474	0.346436905415739	64	Responder	0.696152466178243
Parabacteroides_species_incertae_sedis__ext_mOTU_v26_26659_	Non_responder	15	Responder	49	0.466666666666667	0.897959183673469	0	0	0.833809387832792	1.35776927898888	311	0.144752782076418	0.305802107091338	64	Responder	0.696152466178243
Clostridiales_species_incertae_sedis__meta_mOTU_v25_14425_	Non_responder	15	Responder	49	0.6	1.14285714285714	0	0	0.985610760609162	1.81429508808977	312	0.137981191720773	0.333935827695445	64	Responder	0.696152466178243
Clostridiales_species_incertae_sedis__meta_mOTU_v25_13006_	Non_responder	15	Responder	49	1	1.16326530612245	0	1	2.10441712323661	1.66266526466181	311.5	0.0393106813770719	0.342178641597256	64	Responder	0.696152466178243
Clostridiales_species_incertae_sedis__meta_mOTU_v25_12323_	Non_responder	15	Responder	49	0.866666666666667	1.44897959183673	0	0	3.09069263311332	3.83547706990167	319	0.0674036643533122	0.304979684233024	64	Responder	0.696152466178243
Blautia_sp___ref_mOTU_v25_03597_	Non_responder	15	Responder	49	0.333333333333333	1.63265306122449	0	0	0.899735410842437	4.07581217648203	322.5	0.151812017600474	0.329469055576853	64	Responder	0.696152466178243
Flavonifractor_species_incertae_sedis__ext_mOTU_v26_17316_	Non_responder	15	Responder	49	0.733333333333333	1.53061224489796	0	1	1.03279555898864	3.17609587922241	306.5	0.119119076859623	0.307234296983259	64	Responder	0.696152466178243
Ruminococcaceae_species_incertae_sedis__meta_mOTU_v25_13455_	Non_responder	15	Responder	49	1.93333333333333	1.28571428571429	0	1	4.97804704487135	2.02072594216369	307.5	0.0930384337773611	0.306563858341551	64	Responder	0.696152466178243
Eggerthellales_species_incertae_sedis__meta_mOTU_v25_13811_	Non_responder	15	Responder	49	2.26666666666667	1.55102040816327	0	0	8.50602027697918	5.01273887414936	321	0.051012131132931	0.325854337913134	64	Responder	0.696152466178243
Clostridiales_species_incertae_sedis__meta_mOTU_v25_12776_	Non_responder	15	Responder	49	2.66666666666667	1.59183673469388	2	1	2.81999662276056	1.91396585813918	429.5	0.208495484065452	0.312155815206374	64	Non_responder	0.696152466178243
Clostridiales_species_incertae_sedis__meta_mOTU_v25_13200_	Non_responder	15	Responder	49	1.73333333333333	2.40816326530612	0	1	3.12745141943922	3.45759048656562	308.5	0.0847953030291305	0.336870900514067	64	Responder	0.696152466178243
Tyzzerella_nexilis__ref_mOTU_v25_03689_	Non_responder	15	Responder	49	1.6	3.42857142857143	0	0	5.1241724070471	17.4272296517069	410	0.0502263961504468	0.311008186569483	64	Responder	0.696152466178243
Clostridiales_species_incertae_sedis__meta_mOTU_v25_12873_	Non_responder	15	Responder	49	2	5.40816326530612	0	0	4.0178174601215	11.7666873831503	313	0.13691247656786	0.344893934876086	64	Responder	0.696152466178243
Faecalibacterium_species_incertae_sedis__meta_mOTU_v25_12325_	Non_responder	15	Responder	49	2.13333333333333	6.36734693877551	0	0	7.7262693517142	14.8642382324589	323	0.131910443890816	0.335016856837976	64	Responder	0.696152466178243
Streptococcus_sp___ref_mOTU_v25_01350_	Non_responder	15	Responder	49	2	8.89795918367347	1	1	2.32992949004287	26.3883219893756	309.5	0.125694294237687	0.347183287320679	64	Responder	0.696152466178243
Clostridiales_species_incertae_sedis__meta_mOTU_v25_12635_	Non_responder	15	Responder	49	7.4	8.71428571428571	2	4	11.0634533487515	12.3541491006058	304.5	0.0464272693408982	0.31919935067705	64	Responder	0.696152466178243
Fusicatenibacter_saccharivorans__ref_mOTU_v25_02680_	Non_responder	15	Responder	49	4.66666666666667	12.4897959183673	4	5	5.39400019421932	19.9531977898485	308.5	0.184977626205804	0.338791587511191	64	Responder	0.696152466178243
Prevotella_sp__CAG_279__meta_mOTU_v25_12279_	Non_responder	15	Responder	49	3.06666666666667	13.7142857142857	0	0	6.39717199423382	32.017573299674	318	0.158400681253143	0.327398332706563	64	Responder	0.696152466178243
Anaerostipes_hadrus__ref_mOTU_v25_00857_	Non_responder	15	Responder	49	10.2666666666667	15.530612244898	7	8	10.5184644905088	18.770657554652	306.5	0.129153141524643	0.336831101036449	64	Responder	0.696152466178243
Eubacterium_sp__CAG_202__meta_mOTU_v25_12308_	Non_responder	15	Responder	49	3.73333333333333	19.7551020408163	0	0	9.7428850718773	45.7295175516887	318.5	0.166520042122638	0.332349743830844	64	Responder	0.696152466178243
Ruminococcus_bicirculans__ref_mOTU_v25_02792_	Non_responder	15	Responder	49	9.46666666666667	21.1020408163265	3	4	19.0408083061718	38.1200105467146	305	0.141553839425337	0.314127408928148	64	Responder	0.696152466178243
Ruminococcaceae_species_incertae_sedis__meta_mOTU_v25_12239_	Non_responder	15	Responder	49	58.5333333333333	59.9591836734694	21	33	71.2278704146735	64.1693589858358	306	0.00924854198616455	0.333385589826651	64	Responder	0.696152466178243
Ruminococcus_sp___ref_mOTU_v25_03681_	Non_responder	15	Responder	49	1.13333333333333	2.83673469387755	0	0	2.16684980910955	5.26919877992024	314	0.151362176562052	0.349277583530491	64	Responder	0.697180058464404
Clostridium_species_incertae_sedis__meta_mOTU_v25_12399_	Non_responder	15	Responder	49	0.8	2.3265306122449	0	0	1.37321312465119	4.90912311883888	315	0.147556389307624	0.357658473070336	64	Responder	0.708331429088516
Clostridiales_species_incertae_sedis__meta_mOTU_v25_13390_	Non_responder	15	Responder	49	2.53333333333333	5.55102040816327	0	0	5.43621016447865	13.9777520016778	320	0.101992615712048	0.356376796809844	64	Responder	0.708331429088516
Clostridium_sp___ref_mOTU_v25_03599_	Non_responder	15	Responder	49	0.266666666666667	1.04081632653061	0	0	0.79880863671798	2.95775241014658	325.5	0.124694697573426	0.362317705702552	64	Responder	0.714766835763401
Clostridium_sp___ref_mOTU_v25_03604_	Non_responder	15	Responder	49	0.2	0.306122448979592	0	0	0.414039335605413	1.27808583489551	400.5	0.0396612448225151	0.369423999266482	64	Responder	0.714877739038574
Allisonella_histaminiformans__ref_mOTU_v25_10689_	Non_responder	15	Responder	49	0.2	0.448979591836735	0	0	0.560611910581388	0.980247088106614	326	0.116954516962938	0.368087638078236	64	Responder	0.714877739038574
Eggerthellaceae_species_incertae_sedis__ext_mOTU_v26_17307_	Non_responder	15	Responder	49	0.133333333333333	0.489795918367347	0	0	0.351865775274498	1.10156042691704	327	0.152908333442863	0.366601602966209	64	Responder	0.714877739038574
Firmicutes_bacterium_ADurb_Bin467__meta_mOTU_v25_12694_	Non_responder	15	Responder	49	0.333333333333333	0.816326530612245	0	0	0.617213399848368	1.49545797594688	319	0.151198867076562	0.366760722548643	64	Responder	0.714877739038574
Bifidobacterium_adolescentis__ref_mOTU_v25_02703_	Non_responder	15	Responder	49	1.8	2.10204081632653	0	0	6.69968016294168	5.75269827254707	326	0.0215637830458521	0.368958991620192	64	Responder	0.714877739038574
Ruminococcaceae_species_incertae_sedis__ext_mOTU_v26_17317_	Non_responder	15	Responder	49	0.266666666666667	0.244897959183673	0	0	0.457737708217063	0.662401321106836	405	0.0149403576166799	0.371616887963109	64	Responder	0.7160315732099
Clostridiales_species_incertae_sedis__meta_mOTU_v25_12254_	Non_responder	15	Responder	49	21.8	15.469387755102	1	0	33.1666786312493	31.9492449316205	418.5	0.083579876760746	0.372844842854859	64	Non_responder	0.7160315732099
Clostridium_species_incertae_sedis__meta_mOTU_v25_12640_	Non_responder	15	Responder	49	3	9.18367346938776	1	1	4.67516233484388	17.3645633755787	313.5	0.168536828582697	0.375408634170098	64	Responder	0.718234632166942
Eggerthellaceae_species_incertae_sedis__ext_mOTU_v26_16295_	Non_responder	15	Responder	49	0.6	0.857142857142857	1	1	0.632455532033676	0.866025403784439	315.5	0.132841467185175	0.379251282342843	64	Responder	0.722858647172261
Clostridiales_species_incertae_sedis__meta_mOTU_v25_13415_	Non_responder	15	Responder	49	3.06666666666667	3.63265306122449	0	0	6.85009558501263	6.64170496920476	319	0.0361055396984248	0.38149178838388	64	Responder	0.724405755470515
Bacteroidales_species_incertae_sedis__meta_mOTU_v25_12895_	Non_responder	15	Responder	49	1.4	6.28571428571429	0	0	4.06729113082124	14.7507061977837	328.5	0.156985754405076	0.385321024143638	64	Responder	0.728946862838897
Eubacteriaceae_bacterium_CHKCI005__ref_mOTU_v25_09413_	Non_responder	15	Responder	49	0.4	0.26530612244898	0	0	0.632455532033676	0.531331276295748	408	0.102928622257533	0.400998073439259	64	Responder	0.734812999780226
Collinsella_species_incertae_sedis__ext_mOTU_v26_28721_	Non_responder	15	Responder	49	0.533333333333333	0.571428571428571	0	0	1.59761727343596	1.2747548783982	327.5	0.0120096115353815	0.398295831917015	64	Responder	0.734812999780226
Ruminococcaceae_species_incertae_sedis__ext_mOTU_v26_17494_	Non_responder	15	Responder	49	0.466666666666667	0.714285714285714	0	0	0.833809387832792	1.08012344973464	321	0.102143651265682	0.398982329005142	64	Responder	0.734812999780226
Clostridiales_species_incertae_sedis__ext_mOTU_v26_26501_	Non_responder	15	Responder	49	0.8	0.673469387755102	0	0	1.42427926635594	1.94065877025948	411.5	0.0294024400529959	0.397773278250273	64	Responder	0.734812999780226
Ruminococcaceae_species_incertae_sedis__ext_mOTU_v26_17505_	Non_responder	15	Responder	49	0.6	0.795918367346939	0	0	1.40407570003493	2.76872106333062	399	0.0331025561064281	0.392436943094517	64	Responder	0.734812999780226
Lachnospiraceae_species_incertae_sedis__ext_mOTU_v26_16177_	Non_responder	15	Responder	49	1.46666666666667	2.12244897959184	1	1	2.13363093162359	3.55101307763728	316	0.0849344459597599	0.4007502466405	64	Responder	0.734812999780226
Bacteroides_species_incertae_sedis__ext_mOTU_v26_17779_	Non_responder	15	Responder	49	5.73333333333333	3.75510204081633	2	1	9.27721222494488	6.33288577007913	419	0.118043872269357	0.395503626354857	64	Non_responder	0.734812999780226
Clostridium_sp__CAG_349__ref_mOTU_v25_07622_	Non_responder	15	Responder	49	14.1333333333333	4.75510204081633	0	0	29.5535027333398	18.3831111488291	400	0.183715985189173	0.401465879564344	64	Responder	0.734812999780226
Parabacteroides_merdae__ref_mOTU_v25_05401_	Non_responder	15	Responder	49	7.46666666666667	12.5918367346939	3	7	8.92721894518321	16.4252325799704	314	0.143765825744257	0.399602960558335	64	Responder	0.734812999780226
Anaeromassilibacillus_species_incertae_sedis__meta_mOTU_v25_13295_	Non_responder	15	Responder	49	0.533333333333333	0.714285714285714	0	0	1.06009882737862	1.06066017177982	320.5	0.0726624813328566	0.404125998432862	64	Responder	0.735018451772221
Romboutsia_timonensis__ref_mOTU_v25_09389_	Non_responder	15	Responder	49	0.866666666666667	0.775510204081633	1	0	1.06009882737862	1.46152469078312	415.5	0.0281721571497892	0.404477609555127	64	Non_responder	0.735018451772221
Collinsella_species_incertae_sedis__ext_mOTU_v26_17351_	Non_responder	15	Responder	49	0.533333333333333	0.428571428571429	0	0	0.990430401872025	1.24163870214594	403.5	0.0375788340840774	0.408391943501635	64	Responder	0.739481126269033
Clostridiales_species_incertae_sedis__ext_mOTU_v26_26621_	Non_responder	15	Responder	49	1.06666666666667	1.38775510204082	0	0	2.63131326979695	2.67563330922647	325.5	0.05136536222568	0.415322212492543	64	Responder	0.746696318204679
Clostridiales_species_incertae_sedis__meta_mOTU_v25_12755_	Non_responder	15	Responder	49	0.733333333333333	3.51020408163265	0	0	1.43759057685652	7.47251198554741	324	0.176516942559132	0.413968605511018	64	Responder	0.746696318204679
Oscillibacter_sp__57_20__meta_mOTU_v25_12282_	Non_responder	15	Responder	49	1.46666666666667	2.02040816326531	1	1	1.84648959096005	2.75748825865109	317.5	0.0912582357448643	0.419120879980425	64	Responder	0.75086320194373
Clostridiales_bacterium__mags_db_all_53_	Non_responder	15	Responder	49	0.266666666666667	0.448979591836735	0	0	0.703731550548997	0.980247088106614	330.5	0.0838548841988946	0.423166430368408	64	Responder	0.75279080770801
Clostridiales_species_incertae_sedis__meta_mOTU_v25_13792_	Non_responder	15	Responder	49	0.333333333333333	1.04081632653061	0	0	0.617213399848368	1.95745565800639	325.5	0.170346285967312	0.422819533846017	64	Responder	0.75279080770801
Clostridiales_species_incertae_sedis__ext_mOTU_v26_26944_	Non_responder	15	Responder	49	0.266666666666667	0.142857142857143	0	0	0.593616839704664	0.408248290463863	397.5	0.114973308816294	0.438432054665564	64	Responder	0.75386174519276
X3576_121_bin_27_clean__mags_db_all_113_	Non_responder	15	Responder	49	0.4	0.653061224489796	0	0	0.632455532033676	0.947607082958686	324	0.12101280423971	0.436814301374416	64	Responder	0.75386174519276
Clostridium_species_incertae_sedis__ext_mOTU_v26_17404_	Non_responder	15	Responder	49	1.33333333333333	1.93877551020408	1	1	1.79947082168487	2.97495212332139	319.5	0.0934658366975886	0.435015217306579	64	Responder	0.75386174519276
Clostridiales_species_incertae_sedis__meta_mOTU_v25_13701_	Non_responder	15	Responder	49	1.53333333333333	2.12244897959184	0	1	2.38646979767985	3.23800770189804	321	0.0817563053671753	0.440124411394589	64	Responder	0.75386174519276
Oscillibacter_species_incertae_sedis__ext_mOTU_v26_18125_	Non_responder	15	Responder	49	1.46666666666667	2.6734693877551	1	1	1.76743020337707	3.65369536167404	320	0.153228183232677	0.435584134478907	64	Responder	0.75386174519276
Clostridiales_species_incertae_sedis__meta_mOTU_v25_13147_	Non_responder	15	Responder	49	3.4	3.22448979591837	0	1	7.33679571942489	6.06308951127795	320	0.0117589003804534	0.439216570951283	64	Responder	0.75386174519276
Azospirillum_sp__CAG_239__ref_mOTU_v25_07592_	Non_responder	15	Responder	49	1.2	4	0	0	3.25576411921994	12.1449578014911	332	0.11004816808886	0.430009099444453	64	Responder	0.75386174519276
Ruminococcaceae_species_incertae_sedis__meta_mOTU_v25_12264_	Non_responder	15	Responder	49	3.6	5.57142857142857	0	0	9.36406505133931	13.2051126462443	324.5	0.0675034819059073	0.438289668996906	64	Responder	0.75386174519276
Ruminococcus_species_incertae_sedis__meta_mOTU_v25_12766_	Non_responder	15	Responder	49	0.4	11.5510204081633	0	0	1.12122382116278	41.7053459924953	333.5	0.128649597318232	0.435551725867424	64	Responder	0.75386174519276
Ruminococcus_sp__CAG_177__meta_mOTU_v25_12400_	Non_responder	15	Responder	49	14.5333333333333	26	0	0	31.5183997660021	51.4785554057868	323.5	0.102089557810323	0.438139910901385	64	Responder	0.75386174519276
Blautia_obeum_wexlerae__ref_mOTU_v25_02154_	Non_responder	15	Responder	49	33.6666666666667	45.5510204081633	31	33	24.2388904350799	39.4683740610176	318	0.137364450504754	0.437285738754293	64	Responder	0.75386174519276
Clostridiales_species_incertae_sedis__meta_mOTU_v25_12470_	Non_responder	15	Responder	49	2.4	2.16326530612245	0	0	5.55234828055404	4.11980449968761	325	0.0225410185548319	0.448888460972654	64	Responder	0.765347807285894
Clostridiales_sp___ref_mOTU_v25_03605_	Non_responder	15	Responder	49	12.2666666666667	11.1836734693878	0	0	37.9293830062934	34.2963029284181	328.5	0.0131554690998228	0.449849401521097	64	Responder	0.765347807285894
Clostridia_species_incertae_sedis__ext_mOTU_v26_26753_	Non_responder	15	Responder	49	0.266666666666667	0.163265306122449	0	0	0.593616839704664	0.472005419085691	396	0.087603194735644	0.462321857459645	64	Responder	0.772860314846695
Ruminococcaceae_species_incertae_sedis__ext_mOTU_v26_17884_	Non_responder	15	Responder	49	0.2	0.346938775510204	0	0	0.414039335605413	0.596902435081984	331.5	0.111169803164456	0.465207588806866	64	Responder	0.772860314846695
Actinomyces_viscosus_oris__ref_mOTU_v25_02019_	Non_responder	15	Responder	49	0.666666666666667	0.510204081632653	1	0	0.723746864455746	0.616524160772574	408.5	0.10345118256003	0.470247994082253	64	Non_responder	0.772860314846695
Clostridium_sp___ref_mOTU_v25_03618_	Non_responder	15	Responder	49	0.466666666666667	0.755102040816326	0	0	1.12546286774228	1.57494195984193	330	0.0826297974868614	0.458836360095089	64	Responder	0.772860314846695
Clostridiales_species_incertae_sedis__meta_mOTU_v25_12351_	Non_responder	15	Responder	49	0.4	0.816326530612245	0	0	0.736788397613007	1.55018102958648	329	0.12523382689416	0.469410335599235	64	Responder	0.772860314846695
Clostridiales_species_incertae_sedis__meta_mOTU_v25_12887_	Non_responder	15	Responder	49	0.466666666666667	0.877551020408163	0	0	1.24594580635795	2.10784895352688	334.5	0.089750457957725	0.463583302806715	64	Responder	0.772860314846695
Bilophila_wadsworthia__Bilophila_wadsworthia_Bilophila_sp__4_1_30___mags_db_all_17_	Non_responder	15	Responder	49	2.66666666666667	0.469387755102041	0	0	7.31599682366043	1.51522881682832	397	0.244237484860804	0.467023880320944	64	Responder	0.772860314846695
Faecalibacterium_prausnitzii__meta_mOTU_v25_13917_	Non_responder	15	Responder	49	2.46666666666667	1.30612244897959	0	0	3.70070778301099	2.57555885224169	407.5	0.170201785182623	0.471033209640293	64	Responder	0.772860314846695
Ruthenibacterium_lactatiformans__ref_mOTU_v25_04716_	Non_responder	15	Responder	49	6.53333333333333	1.93877551020408	1	1	14.8654280927578	3.83192816600047	410	0.2430155736473	0.468269737863726	64	Responder	0.772860314846695
uncultured_Eubacterium_sp___meta_mOTU_v25_13514_	Non_responder	15	Responder	49	5.13333333333333	5.73469387755102	3	4	5.27618188068751	5.20326624264382	321.5	0.0491342480729442	0.468829600235194	64	Responder	0.772860314846695
unassigned	Non_responder	15	Responder	49	130	173.081632653061	124	163	105.424312728543	152.982547579603	321.5	0.127029868316622	0.467339264703191	64	Responder	0.772860314846695
Alistipes_obesi__ref_mOTU_v25_06695_	Non_responder	15	Responder	49	5	8.12244897959184	1	4	5.90399380564909	13.5102316983913	322.5	0.108508250599671	0.475959225650256	64	Responder	0.77842363678929
Actinomyces_sp___ref_mOTU_v25_01913_	Non_responder	15	Responder	49	0.133333333333333	0.306122448979592	0	0	0.351865775274498	0.683254516775321	337.5	0.117410203533947	0.491397625576437	64	Responder	0.784068503905286
Clostridium_sp__Marseille_P3244__ref_mOTU_v25_10248_	Non_responder	15	Responder	49	0.2	0.306122448979592	0	0	0.414039335605413	0.508432297715777	334.5	0.0923213772673369	0.501932999205066	64	Responder	0.784068503905286
Clostridiales_species_incertae_sedis__meta_mOTU_v25_13155_	Non_responder	15	Responder	49	0.2	0.510204081632653	0	0	0.560611910581388	1.15690767745298	337	0.124884739486784	0.484829536196378	64	Responder	0.784068503905286
Pseudoflavonifractor_capillosus__ref_mOTU_v25_02969_	Non_responder	15	Responder	49	0.4	0.530612244897959	0	0	0.9102589898328	1.00212359551119	333.5	0.0566946709513841	0.501759736301904	64	Responder	0.784068503905286
Eubacterium_sp__CAG_156__ref_mOTU_v25_07673_	Non_responder	15	Responder	49	0.266666666666667	1.08163265306122	0	0	0.457737708217063	3.08110325677533	331.5	0.126902830338207	0.490808082283484	64	Responder	0.784068503905286
Faecalitalea_cylindroides__ref_mOTU_v25_03678_	Non_responder	15	Responder	49	0.466666666666667	1.14285714285714	0	0	1.12546286774228	6.30806362259185	394.5	0.0517117039220899	0.487056603471086	64	Responder	0.784068503905286
Clostridiales_species_incertae_sedis__ext_mOTU_v26_17443_	Non_responder	15	Responder	49	1	1.46938775510204	0	1	1.69030850945703	2.53395311072382	326.5	0.0842706919575447	0.487553568660377	64	Responder	0.784068503905286
Parabacteroides_johnsonii__ref_mOTU_v25_05400_	Non_responder	15	Responder	49	1	1.57142857142857	0	0	2.47847879612821	3.65148371670111	333	0.0711228039197701	0.496492126526807	64	Responder	0.784068503905286
Clostridiaceae_species_incertae_sedis__meta_mOTU_v25_12983_	Non_responder	15	Responder	49	2.73333333333333	1.71428571428571	0	1	6.46381871504395	3.23393465198871	327.5	0.103361163654461	0.494901987181956	64	Responder	0.784068503905286
Collinsella_species_incertae_sedis__ext_mOTU_v26_26704_	Non_responder	15	Responder	49	0.333333333333333	3.10204081632653	0	0	0.899735410842437	13.5080915533974	337.5	0.0989114695067064	0.492297663780047	64	Responder	0.784068503905286
Sutterella_wadsworthensis__ref_mOTU_v25_03066_	Non_responder	15	Responder	49	4.4	4.38775510204082	2	0	6.47853598982274	8.47254469480346	408	0.000648279682339227	0.487752621910301	64	Non_responder	0.784068503905286
Odoribacter_splanchnicus__ref_mOTU_v25_03697_	Non_responder	15	Responder	49	3.66666666666667	4.87755102040816	4	4	2.74295634741232	4.4843833330293	325	0.123462334644351	0.502608015323901	64	Responder	0.784068503905286
Clostridiales_species_incertae_sedis__meta_mOTU_v25_13486_	Non_responder	15	Responder	49	2.6	6.73469387755102	0	0	9.52290471892449	13.8078714118133	334.5	0.134916950391226	0.498139069984161	64	Responder	0.784068503905286
Bifidobacterium_catenulatum_kashiwanohense__ref_mOTU_v25_02701_	Non_responder	15	Responder	49	2.33333333333333	7.40816326530612	0	0	5.57631043748804	21.7714629421051	331.5	0.111347187540635	0.50021360006996	64	Responder	0.784068503905286
Eubacterium__siraeum__ref_mOTU_v25_02370_	Non_responder	15	Responder	49	34.8666666666667	11.8571428571429	0	2	73.4719253152101	20.6478408879314	325.5	0.242097581480798	0.50174307404726	64	Responder	0.784068503905286
Eggerthellaceae_species_incertae_sedis__ext_mOTU_v26_17308_	Non_responder	15	Responder	49	0.133333333333333	0.387755102040816	0	0	0.351865775274498	1.01686459543155	338.5	0.118503262112448	0.505864611722274	64	Responder	0.786728092463782
Lachnospiraceae_species_incertae_sedis__ext_mOTU_v26_16248_	Non_responder	15	Responder	49	2.66666666666667	3.51020408163265	1	2	2.74295634741232	4.27259897963948	326	0.0901520414345703	0.50892721015979	64	Responder	0.789070628596372
Clostridiales_Family_XIII__Incertae_Sedis_species_incertae_sedis__ext_mOTU_v26_26457_	Non_responder	15	Responder	49	0.4	0.571428571428571	0	0	1.0555973258235	1.09924216318941	335	0.0670324040689745	0.51301690662493	64	Responder	0.792986498959877
Clostridiales_species_incertae_sedis__meta_mOTU_v25_13165_	Non_responder	15	Responder	49	0.2	0.530612244897959	0	0	0.414039335605413	1.25999406110251	336	0.12439128416249	0.516362727244151	64	Responder	0.794334046603042
Clostridiales_species_incertae_sedis__meta_mOTU_v25_13332_	Non_responder	15	Responder	49	1.13333333333333	1.30612244897959	0	0	2.87518115371304	3.5249354700515	332	0.0217652008837642	0.517022160510856	64	Responder	0.794334046603042
Clostridiales_species_incertae_sedis__meta_mOTU_v25_12327_	Non_responder	15	Responder	49	4.66666666666667	5.24489795918367	0	0	9.6633820363759	12.4139213054083	330.5	0.020833896707887	0.523263335353063	64	Responder	0.801493991009073
Ruminococcaceae_species_incertae_sedis__ext_mOTU_v26_16365_	Non_responder	15	Responder	49	0.733333333333333	0.510204081632653	0	0	1.33452327853522	1.22682600266555	401.5	0.0758808341182512	0.525316335790724	64	Responder	0.80221500676475
Bacteroidales_species_incertae_sedis__meta_mOTU_v25_12636_	Non_responder	15	Responder	49	2.26666666666667	3.51020408163265	0	0	7.44951260789846	13.2257993598679	392	0.0436126946234335	0.529182398813016	64	Responder	0.805692120715313
Collinsella_species_incertae_sedis__ext_mOTU_v26_17348_	Non_responder	15	Responder	49	0.933333333333333	2.06122448979592	0	0	2.28243812830136	4.36084932125854	337	0.119901092006505	0.531726064084733	64	Responder	0.807141061350179
Ruminococcaceae_species_incertae_sedis__ext_mOTU_v26_18070_	Non_responder	15	Responder	49	0.533333333333333	0.510204081632653	0	0	0.639940473422184	0.868966075756888	401.5	0.0120019470481665	0.535322000193245	64	Responder	0.810173892829777
uncultured_Blautia_sp___ref_mOTU_v25_11916_	Non_responder	15	Responder	49	1.2	1.14285714285714	1	1	1.56752762563945	0.957427107756338	330.5	0.0216937209782111	0.53739709997854	64	Responder	0.810893838360476
Bacteroides_species_incertae_sedis__ext_mOTU_v26_17504_	Non_responder	15	Responder	49	0.333333333333333	0.530612244897959	0	0	0.617213399848368	0.9596449173246	335.5	0.0938204475634812	0.546013129738696	64	Responder	0.815286191604624
Ruminococcaceae_species_incertae_sedis__ext_mOTU_v26_17614_	Non_responder	15	Responder	49	0.4	0.755102040816326	0	0	0.9102589898328	1.85439356939245	337.5	0.089463059995066	0.546740246835448	64	Responder	0.815286191604624
Ruminococcaceae_species_incertae_sedis__ext_mOTU_v26_17927_	Non_responder	15	Responder	49	0.733333333333333	0.714285714285714	0	0	1.38701460836198	1.09924216318941	333	0.00694904189244518	0.543671777399079	64	Responder	0.815286191604624
Alistipes_indistinctus__ref_mOTU_v25_11860_	Non_responder	15	Responder	49	2.2	2.10204081632653	0	0	3.56971387408811	5.52737467051939	403	0.00812075066742715	0.541977426517119	64	Responder	0.815286191604624
Clostridiales_species_incertae_sedis__meta_mOTU_v25_12952_	Non_responder	15	Responder	49	1.13333333333333	0.918367346938776	0	0	1.4573295865416	1.76584180461092	402.5	0.0538818969601739	0.549148172451157	64	Responder	0.816475435286617
Candidatus_Pseudobutyricicoccus_lothianensis__mags_db_all_58_	Non_responder	15	Responder	49	0.6	0.653061224489796	0	0	1.24211800681624	1.832018699961	394	0.0131977869140833	0.557427631363007	64	Responder	0.824077766115173
Ruminococcaceae_species_incertae_sedis__meta_mOTU_v25_12789_	Non_responder	15	Responder	49	1.8	0.408163265306122	0	0	5.41426686766415	1.07854777646725	394.5	0.21173708342816	0.560762976942278	64	Responder	0.824077766115173
Firmicutes_bacterium_CAG_227__ref_mOTU_v25_07734_	Non_responder	15	Responder	49	0.733333333333333	0.959183673469388	0	0	2.57645012334709	2.92944237920141	342	0.0337769934017053	0.560537224804059	64	Responder	0.824077766115173
Collinsella_species_incertae_sedis__ext_mOTU_v26_26711_	Non_responder	15	Responder	49	1.33333333333333	1.10204081632653	0	0	2.66368881351371	2.62396724096027	394	0.0374835316159083	0.557646925648569	64	Responder	0.824077766115173
Flavobacteriia_species_incertae_sedis__meta_mOTU_v25_14202_	Non_responder	15	Responder	49	0.333333333333333	0.612244897959184	0	0	1.04653623694457	2.14880127949876	342.5	0.0608051487941194	0.567993063523981	64	Responder	0.828162217432532
Ruminococcaceae_species_incertae_sedis__ext_mOTU_v26_16287_	Non_responder	15	Responder	49	1.6	0.244897959183673	0	0	5.38251136287036	0.560156683619933	394	0.216779240579565	0.566471219916528	64	Responder	0.828162217432532
Firmicutes_species_incertae_sedis__meta_mOTU_v25_12744_	Non_responder	15	Responder	49	1	0.693877551020408	0	0	3.60555127546399	1.77017044415518	342.5	0.0563626499992473	0.568442705456649	64	Responder	0.828162217432532
Lachnospiraceae_species_incertae_sedis__ext_mOTU_v26_17374_	Non_responder	15	Responder	49	0.266666666666667	0.163265306122449	0	0	0.593616839704664	0.425584831707607	390.5	0.0937581165317671	0.571639297143133	64	Responder	0.82821892197547
Clostridium_sp__CAG_138__meta_mOTU_v25_12233_	Non_responder	15	Responder	49	14.1333333333333	8.28571428571429	0	0	21.3871345394731	17.0232683896679	400.5	0.136634492938524	0.573269199650744	64	Responder	0.82821892197547
Roseburia_sp___ref_mOTU_v25_03650_	Non_responder	15	Responder	49	14.7333333333333	12.3265306122449	1	2	25.0755050274357	26.3520933348615	332	0.0393918830225135	0.573382330598402	64	Responder	0.82821892197547
Bacteroides_faecis_thetaiotaomicron__ref_mOTU_v25_01657_	Non_responder	15	Responder	49	3.2	8.06122448979592	3	2	2.62406445913859	12.9637445774509	332	0.177970147453253	0.576455831278043	64	Non_responder	0.830292916073772
Bifidobacterium_species_incertae_sedis__ext_mOTU_v26_26696_	Non_responder	15	Responder	49	0.266666666666667	0.26530612244898	0	0	0.593616839704664	1.03632986632478	390	0.000608670799582479	0.580226988107617	64	Responder	0.833357175554
Lachnospiraceae_species_incertae_sedis__ext_mOTU_v26_16452_	Non_responder	15	Responder	49	0.266666666666667	0.387755102040816	0	0	0.457737708217063	1.35117736515561	392	0.0427415937208318	0.586962681626193	64	Responder	0.833557104635134
Actinomyces_species_incertae_sedis__ext_mOTU_v26_19569_	Non_responder	15	Responder	49	0.266666666666667	0.387755102040816	0	0	0.457737708217063	1.35117736515561	392	0.0427415937208318	0.586962681626193	64	Responder	0.833557104635134
Lachnospiraceae_species_incertae_sedis__ext_mOTU_v26_16268_	Non_responder	15	Responder	49	0.333333333333333	0.489795918367347	0	0	0.617213399848368	0.793789670389031	339	0.0878502726318703	0.586970166159958	64	Responder	0.833557104635134
Clostridiales_species_incertae_sedis__meta_mOTU_v25_13115_	Non_responder	15	Responder	49	0.866666666666667	1	0	0	1.55226409142382	2.82842712474619	397.5	0.0219289095698233	0.588586673489897	64	Responder	0.833557104635134
Clostridiales_species_incertae_sedis__meta_mOTU_v25_12774_	Non_responder	15	Responder	49	4.33333333333333	1.63265306122449	0	0	9.11565895013839	4.43797005750293	396	0.193927272257674	0.582537828743485	64	Responder	0.833557104635134
Ruminococcaceae_species_incertae_sedis__ext_mOTU_v26_16292_	Non_responder	15	Responder	49	0.266666666666667	0.306122448979592	0	0	0.79880863671798	0.652050663696626	344	0.0244833717041236	0.591933215065433	64	Responder	0.833700872513841
Streptococcus_parasanguinis__ref_mOTU_v25_00312_	Non_responder	15	Responder	49	1.46666666666667	3.10204081632653	1	1	1.95910572407291	7.8984304821675	334.5	0.0990947536373106	0.592422933588063	64	Responder	0.833700872513841
Alistipes_finegoldii_onderdonkii__ref_mOTU_v25_03069_	Non_responder	15	Responder	49	22.4	6.02040816326531	2	2	60.8191699102465	11.1532689451687	401	0.223280362967322	0.593621331316561	64	Responder	0.833700872513841
Clostridium_species_incertae_sedis__meta_mOTU_v25_13210_	Non_responder	15	Responder	49	0.333333333333333	0.346938775510204	0	0	1.04653623694457	1.18235323980335	345	0.00503830233459808	0.607159312081624	64	Responder	0.844594228539643
Collinsella_species_incertae_sedis__meta_mOTU_v25_12451_	Non_responder	15	Responder	49	1.86666666666667	2.22448979591837	0	0	3.15926453165169	6.35827972713024	395	0.0263687609379537	0.608041209895404	64	Responder	0.844594228539643
Clostridiales_species_incertae_sedis__meta_mOTU_v25_12228_	Non_responder	15	Responder	49	4.06666666666667	3.59183673469388	0	0	8.9479979138725	10.5808757658707	391.5	0.019806311900297	0.606587304608923	64	Responder	0.844594228539643
Akkermansia_muciniphila__ref_mOTU_v25_03591_	Non_responder	15	Responder	49	24.3333333333333	12.6326530612245	0	0	44.5720390678581	30.3676732436203	396.5	0.144962529486105	0.60338271769386	64	Responder	0.844594228539643
Roseburia_species_incertae_sedis__ext_mOTU_v26_17371_	Non_responder	15	Responder	49	2.46666666666667	2.02040816326531	0	0	3.60290887769208	5.30129620909817	396.5	0.0383221086182121	0.610571908420432	64	Responder	0.845792233795516
Clostridiales_species_incertae_sedis__ext_mOTU_v26_17908_	Non_responder	15	Responder	49	0.4	0.26530612244898	0	0	0.828078671210825	0.569192051803901	391	0.0899316481930162	0.612995719872545	64	Responder	0.846297193708977
uncultured_Clostridium_sp___ref_mOTU_v25_11605_	Non_responder	15	Responder	49	0.533333333333333	0.285714285714286	0	0	1.55226409142382	0.816496580927726	388	0.102143651265682	0.615761880705474	64	Responder	0.846297193708977
Acinetobacter_sp___ref_mOTU_v25_03673_	Non_responder	15	Responder	49	1.06666666666667	0.755102040816326	0	0	2.63131326979695	2.26872405627864	388	0.0563902129888192	0.615944111397658	64	Responder	0.846297193708977
Ruminococcaceae_species_incertae_sedis__ext_mOTU_v26_16202_	Non_responder	15	Responder	49	1.06666666666667	0.183673469387755	0	0	3.34806269498106	0.44127983316311	388	0.224275418648531	0.628906563799429	64	Responder	0.850281674256828
Ruminococcaceae_species_incertae_sedis__ext_mOTU_v26_16451_	Non_responder	15	Responder	49	0.6	0.795918367346939	0	0	1.2983506020002	1.8481927189908	343	0.0480430088471585	0.624223041420897	64	Responder	0.850281674256828
Oscillibacter_species_incertae_sedis__ext_mOTU_v26_17503_	Non_responder	15	Responder	49	0.6	0.795918367346939	0	0	1.59463385855724	1.91463216481146	343.5	0.0452419372274998	0.62381610186039	64	Responder	0.850281674256828
Ruminococcaceae_species_incertae_sedis__ext_mOTU_v26_17626_	Non_responder	15	Responder	49	1.13333333333333	0.979591836734694	0	0	2.44559857314163	2.00509554965974	341	0.0310597130652112	0.625629162765875	64	Responder	0.850281674256828
Clostridiales_species_incertae_sedis__meta_mOTU_v25_13187_	Non_responder	15	Responder	49	3.8	2.3265306122449	0	1	8.08172541690731	3.89651422803147	338.5	0.121300565696892	0.626209398497045	64	Responder	0.850281674256828
Eggerthellaceae_species_incertae_sedis__meta_mOTU_v25_12569_	Non_responder	15	Responder	49	3.26666666666667	4.3265306122449	0	1	4.75795073935147	7.16876254751021	338	0.0673857682889596	0.628888857744361	64	Responder	0.850281674256828
Ruminococcaceae_species_incertae_sedis__ext_mOTU_v26_17708_	Non_responder	15	Responder	49	0.4	0.326530612244898	0	0	0.828078671210825	0.800722462895249	389.5	0.0388461731850057	0.636367599652768	64	Responder	0.853540669375538
Eubacterium_sp___ref_mOTU_v25_02373_	Non_responder	15	Responder	49	0.266666666666667	0.551020408163265	0	0	0.457737708217063	1.10040190555156	343	0.121437216499828	0.634997996657481	64	Responder	0.853540669375538
Alistipes_putredinis__ref_mOTU_v25_03683_	Non_responder	15	Responder	49	27.0666666666667	29.1020408163265	7	14	32.3407453458298	39.0567135169909	337	0.0230811059527261	0.633675098582087	64	Responder	0.853540669375538
Ruminococcaceae_species_incertae_sedis__ext_mOTU_v26_16294_	Non_responder	15	Responder	49	0.333333333333333	0.469387755102041	0	0	0.487950036474267	0.680136040813605	342.5	0.0901483982286431	0.645982762682882	64	Responder	0.864151083588974
Butyricicoccus_sp___ref_mOTU_v25_02967_	Non_responder	15	Responder	49	0.666666666666667	0.612244897959184	0	1	1.11269728052837	0.701674382299589	341.5	0.0285768723037008	0.652043210224717	64	Responder	0.865676445015822
Clostridium_phoceensis__ref_mOTU_v25_08865_	Non_responder	15	Responder	49	4.06666666666667	3.83673469387755	1	1	6.7661623082034	5.73493293616525	339	0.0164071793178919	0.6494058595096	64	Responder	0.865676445015822
Faecalibacterium_sp___ref_mOTU_v25_03636_	Non_responder	15	Responder	49	15.0666666666667	16.1428571428571	2	1	28.1386025307042	27.1177985832184	339.5	0.0167989349299802	0.653952817437988	64	Non_responder	0.865676445015822
Eubacterium_sp__CAG_180__ref_mOTU_v25_07675_	Non_responder	15	Responder	49	20.6666666666667	25.4489795918367	0	0	41.3826510693045	59.6594715952162	392	0.0364051847300441	0.65337076370039	64	Responder	0.865676445015822
Eisenbergiella_tayi__ref_mOTU_v25_03446_	Non_responder	15	Responder	49	0.2	0.183673469387755	0	0	0.414039335605413	0.486204234682432	385.5	0.0148039131365948	0.659979589866018	64	Responder	0.867528883469897
Ruminococcaceae_species_incertae_sedis__meta_mOTU_v25_12286_	Non_responder	15	Responder	49	7.73333333333333	9.59183673469388	4	4	9.58769052086109	11.7967480818284	339.5	0.0698357291019841	0.660485501024418	64	Responder	0.867528883469897
Clostridium_sp__CAG_127__meta_mOTU_v25_12306_	Non_responder	15	Responder	49	9.53333333333333	16.7959183673469	0	1	14.1009962498433	33.2032751847344	341	0.102906384241334	0.657314537627692	64	Responder	0.867528883469897
Clostridiales_species_incertae_sedis__ext_mOTU_v26_16178_	Non_responder	15	Responder	49	0.333333333333333	0.285714285714286	0	0	0.617213399848368	0.612372435695794	387.5	0.0331271493907317	0.668244755091121	64	Responder	0.869186987253086
Clostridiales_species_incertae_sedis__ext_mOTU_v26_26664_	Non_responder	15	Responder	49	0.533333333333333	0.714285714285714	0	0	0.833809387832792	1.45773797371133	390	0.0574615459963677	0.67031974756599	64	Responder	0.869186987253086
Oscillibacter_species_incertae_sedis__ext_mOTU_v26_17998_	Non_responder	15	Responder	49	0.8	1.04081632653061	0	0	1.56752762563945	2.1404748662531	344.5	0.0507064391467726	0.66882157868314	64	Responder	0.869186987253086
Collinsella_species_incertae_sedis__ext_mOTU_v26_17337_	Non_responder	15	Responder	49	2.06666666666667	1.89795918367347	0	0	6.19292991663727	4.87016810951799	346.5	0.0138568240460568	0.669071190042938	64	Responder	0.869186987253086
Bacteroidales_species_incertae_sedis__meta_mOTU_v25_12262_	Non_responder	15	Responder	49	1.8	2.18367346938776	1	2	1.97122152121832	2.31546853958829	340.5	0.0728652169257045	0.667699410049267	64	Responder	0.869186987253086
Erysipelotrichaceae_species_incertae_sedis__ext_mOTU_v26_16223_	Non_responder	15	Responder	49	0.466666666666667	0.469387755102041	0	0	0.833809387832792	1.04287345062266	388.5	0.0011625182807437	0.679989091631783	64	Responder	0.877237835769247
Bacteroides_species_incertae_sedis__ext_mOTU_v26_26380_	Non_responder	15	Responder	49	0.466666666666667	0.530612244897959	0	0	1.12546286774228	1.54248231778529	384.5	0.0187147154851587	0.678993117647433	64	Responder	0.877237835769247
Roseburia_sp__CAG_182__meta_mOTU_v25_12852_	Non_responder	15	Responder	49	3.06666666666667	1.20408163265306	0	0	10.2710874835744	2.67690424306336	346.5	0.145180366669543	0.691929772514125	64	Responder	0.888122518138383
Firmicutes_bacterium_CAG_114__ref_mOTU_v25_07728_	Non_responder	15	Responder	49	3.26666666666667	3.44897959183673	0	0	5.75036230742609	6.3902961084555	390	0.0124518969437008	0.691679549431364	64	Responder	0.888122518138383
Prevotella_copri__ref_mOTU_v25_03701_	Non_responder	15	Responder	49	53.6	61.7142857142857	4	10	95.3286046113277	101.831560268252	343	0.0344899251783047	0.693715782462374	64	Responder	0.888166418455616
Clostridiales_species_incertae_sedis__meta_mOTU_v25_12668_	Non_responder	15	Responder	49	2.2	1.30612244897959	0	0	3.76449579245728	2.74016484930388	389.5	0.126108339263132	0.700831036724594	64	Responder	0.892767174923038
Prevotella_species_incertae_sedis__meta_mOTU_v25_12332_	Non_responder	15	Responder	49	16.2	19.4081632653061	0	0	60.2805346454629	62.8102029819953	349	0.0220020198806143	0.700806267533145	64	Responder	0.892767174923038
Firmicutes_species_incertae_sedis__ext_mOTU_v26_26969_	Non_responder	15	Responder	49	1.53333333333333	1.85714285714286	0	1	2.13363093162359	3.01385688667085	344.5	0.0486442840994279	0.707836329882718	64	Responder	0.897182548126346
Clostridiales_sp___ref_mOTU_v25_03634_	Non_responder	15	Responder	49	6.46666666666667	6.79591836734694	0	0	14.4759241830144	15.4932506700992	349	0.00920712088866557	0.707521510915585	64	Responder	0.897182548126346
Clostridiales_species_incertae_sedis__meta_mOTU_v25_12251_	Non_responder	15	Responder	49	7.53333333333333	8.77551020408163	0	0	16.4224004973462	21.5447840808033	346.5	0.0258650729877191	0.711771983137579	64	Responder	0.899921185662724
Bittarella_massiliensis__ref_mOTU_v25_04646_	Non_responder	15	Responder	49	0.733333333333333	0.795918367346939	1	1	0.703731550548997	1.13614098004192	389	0.0253440897575071	0.715135755293829	64	Responder	0.901379771587173
Firmicutes_species_incertae_sedis__ext_mOTU_v26_26597_	Non_responder	15	Responder	49	2.33333333333333	1.38775510204082	0	0	4.18614494777827	2.49846891891324	388	0.134925259774218	0.718259226274592	64	Responder	0.901379771587173
Ruminococcaceae_species_incertae_sedis__ext_mOTU_v26_17469_	Non_responder	15	Responder	49	5.93333333333333	8.20408163265306	0	0	17.3018028237632	21.2328161814018	348.5	0.0474499790815456	0.716606681177973	64	Responder	0.901379771587173
Clostridiales_species_incertae_sedis__meta_mOTU_v25_12631_	Non_responder	15	Responder	49	3.33333333333333	3.40816326530612	1	1	4.67006678855065	5.98581088682136	345	0.00559077063732801	0.72071557720299	64	Responder	0.902229129980039
Ruminococcaceae_species_incertae_sedis__ext_mOTU_v26_16263_	Non_responder	15	Responder	49	0.466666666666667	0.346938775510204	0	0	1.12546286774228	0.990602098224511	382.5	0.0499312714451762	0.726481187894042	64	Responder	0.904977794256215
Clostridiales_species_incertae_sedis__meta_mOTU_v25_12334_	Non_responder	15	Responder	49	8	6.73469387755102	0	2	13.7995859151125	13.3553602069919	346	0.0401173046930469	0.725129884773239	64	Responder	0.904977794256215
Oxalobacteraceae_species_incertae_sedis__ext_mOTU_v26_17454_	Non_responder	15	Responder	49	0.666666666666667	0.673469387755102	0	0	1.11269728052837	1.17947295966675	386	0.00249398841985473	0.731901908326964	64	Responder	0.907664310111023
Clostridiales_species_incertae_sedis__meta_mOTU_v25_12522_	Non_responder	15	Responder	49	1.93333333333333	2.40816326530612	1	1	2.05171240906805	2.69195071267209	346	0.0789077550440295	0.732218348787788	64	Responder	0.907664310111023
Clostridiales_species_incertae_sedis__ext_mOTU_v26_17847_	Non_responder	15	Responder	49	0.8	0.387755102040816	0	0	1.85933936040274	0.785714285714286	384	0.154983934501851	0.738247515132205	64	Responder	0.90905148843903
Firmicutes_bacterium_CAG_313__ref_mOTU_v25_07737_	Non_responder	15	Responder	49	2.86666666666667	0.877551020408163	0	0	8.80638296648408	3.70040905993977	382.5	0.158145602458131	0.735625377572218	64	Responder	0.90905148843903
Dialister_invisus__ref_mOTU_v25_03691_	Non_responder	15	Responder	49	10.8666666666667	22.9795918367347	0	0	19.4123181314879	69.1813708655006	350	0.0837127210207128	0.738716396916924	64	Responder	0.90905148843903
Bifidobacterium_longum__ref_mOTU_v25_01099_	Non_responder	15	Responder	49	11.8	10.2448979591837	2	3	20.9870708498624	18.6732101019135	346.5	0.034528613933031	0.743467854285277	64	Responder	0.912683298117761
Bacteroides_plebeius__ref_mOTU_v25_05069_	Non_responder	15	Responder	49	9.26666666666667	9.08163265306122	0	0	20.1935869122093	24.4069975747171	384.5	0.00335907335422181	0.74611521933434	64	Responder	0.913720812083359
Oscillibacter_species_incertae_sedis__ext_mOTU_v26_17445_	Non_responder	15	Responder	49	0.266666666666667	0.26530612244898	0	0	0.593616839704664	0.757614408414158	381	0.000802618883884812	0.753433826671498	64	Responder	0.918390961365373
Collinsella_species_incertae_sedis__ext_mOTU_v26_17328_	Non_responder	15	Responder	49	0.266666666666667	2.22448979591837	0	0	0.593616839704664	9.10646589454083	380.5	0.103700938573383	0.753877093404017	64	Responder	0.918390961365373
Clostridiales_species_incertae_sedis__meta_mOTU_v25_12691_	Non_responder	15	Responder	49	1.33333333333333	2.89795918367347	0	0	3.59894164336975	9.62471838973134	382	0.0770976074012284	0.758985824086965	64	Responder	0.918390961365373
Oscillibacter_sp___ref_mOTU_v25_03341_	Non_responder	15	Responder	49	5.06666666666667	5.22448979591837	1	1	10.4229600036696	7.89848431167453	348	0.00789659155637267	0.758207977164346	64	Responder	0.918390961365373
Bifidobacterium_bifidum__ref_mOTU_v25_03116_	Non_responder	15	Responder	49	9.6	20.0816326530612	0	0	14.3118332658179	49.5032981791339	350	0.100998735363608	0.756649496017575	64	Responder	0.918390961365373
Bifidobacterium_ruminantium__ref_mOTU_v25_02702_	Non_responder	15	Responder	49	4.26666666666667	5.36734693877551	0	0	13.1446168594201	14.5024335279046	351.5	0.0330636060773925	0.760977677094503	64	Responder	0.918608767349793
Ruminococcus_species_incertae_sedis__ext_mOTU_v26_26707_	Non_responder	15	Responder	49	0.666666666666667	1.93877551020408	0	0	1.44749372891149	7.41172540434329	380	0.0825481947938881	0.763395803486149	64	Responder	0.919338889233914
Bacteroidales_species_incertae_sedis__meta_mOTU_v25_13203_	Non_responder	15	Responder	49	0.333333333333333	0.306122448979592	0	0	0.487950036474267	0.508432297715777	382.5	0.0230534722988537	0.772229364625469	64	Responder	0.925579876749676
Flavonifractor_plautii__ref_mOTU_v25_02971_	Non_responder	15	Responder	49	1.73333333333333	4.04081632653061	1	1	2.15362374571215	8.52437481498758	385.5	0.129056060823671	0.772025750288173	64	Responder	0.925579876749676
Clostridiales_sp___ref_mOTU_v25_02968_	Non_responder	15	Responder	49	1.4	1.24489795918367	1	1	1.80475562255471	1.19948968741048	350	0.0486430288470847	0.778960065725793	64	Responder	0.93144517293155
uncultured_Clostridium_sp___ref_mOTU_v25_11606_	Non_responder	15	Responder	49	0.533333333333333	0.63265306122449	0	0	0.915475416434127	1.20232201647168	353	0.0370509689111495	0.796067838825727	64	Responder	0.947432850433436
Clostridiales_species_incertae_sedis__meta_mOTU_v25_12494_	Non_responder	15	Responder	49	3.6	3.48979591836735	0	0	5.57801808120821	6.36436187223954	352.5	0.00759529413784955	0.795987582089595	64	Responder	0.947432850433436
Faecalicatena_contorta__ref_mOTU_v25_03445_	Non_responder	15	Responder	49	0.333333333333333	0.387755102040816	0	0	0.487950036474267	0.785714285714286	380	0.0318529494648516	0.811190689993029	64	Responder	0.94982374093872
Ruminococcaceae_species_incertae_sedis__ext_mOTU_v26_16264_	Non_responder	15	Responder	49	0.266666666666667	0.448979591836735	0	0	0.593616839704664	1.4586127040473	378	0.0591389327199186	0.809293156310558	64	Responder	0.94982374093872
Clostridiales_species_incertae_sedis__ext_mOTU_v26_17522_	Non_responder	15	Responder	49	0.533333333333333	0.428571428571429	0	0	1.12546286774228	1.04083299973307	379.5	0.0421429573310379	0.809946962269583	64	Responder	0.94982374093872
Clostridiales_species_incertae_sedis__meta_mOTU_v25_12307_	Non_responder	15	Responder	49	0.466666666666667	0.510204081632653	0	0	1.06009882737862	0.938137538325978	355	0.0192212936109622	0.809923407590073	64	Responder	0.94982374093872
Roseburia_sp__CAG_471__ref_mOTU_v25_03598_	Non_responder	15	Responder	49	2.93333333333333	1.51020408163265	0	0	10.8131313468306	4.60580453060588	356	0.0924565230821115	0.809458002108204	64	Responder	0.94982374093872
Alistipes_finegoldii__ref_mOTU_v25_03682_	Non_responder	15	Responder	49	5.73333333333333	3.63265306122449	1	1	11.5725455075281	5.57783514438704	352	0.120793725747667	0.807575114470925	64	Responder	0.94982374093872
Azospirillum_sp__51_20__ref_mOTU_v25_10408_	Non_responder	15	Responder	49	3.73333333333333	4.87755102040816	0	0	12.8478273130778	17.9775701141974	355.5	0.0288041140148506	0.806008401967096	64	Responder	0.94982374093872
Lactobacillus_sakei__ref_mOTU_v25_01607_	Non_responder	15	Responder	49	0.2	0.36734693877551	0	0	0.414039335605413	1.1123151073141	376.5	0.071395882007683	0.837273078323961	64	Responder	0.955094093307826
Firmicutes_sp___ref_mOTU_v25_02743_	Non_responder	15	Responder	49	0.466666666666667	0.551020408163265	0	0	0.833809387832792	1.06186205337989	356	0.0354699433762853	0.836202876482065	64	Responder	0.955094093307826
Lachnospiraceae_species_incertae_sedis__ext_mOTU_v26_26654_	Non_responder	15	Responder	49	0.466666666666667	0.755102040816326	0	0	0.833809387832792	1.43658466865134	356	0.0925721238418648	0.833906688892052	64	Responder	0.955094093307826
Clostridiales_species_incertae_sedis__meta_mOTU_v25_12256_	Non_responder	15	Responder	49	0.733333333333333	0.938775510204082	0	0	2.05171240906805	3.90730172916312	378.5	0.02454125325816	0.822346862703102	64	Responder	0.955094093307826
Parabacteroides_species_incertae_sedis__ext_mOTU_v26_26689_	Non_responder	15	Responder	49	0.733333333333333	1.46938775510204	0	0	2.05171240906805	4.13875001669348	357	0.0830795480464472	0.838297576966435	64	Responder	0.955094093307826
Clostridiales_species_incertae_sedis__meta_mOTU_v25_12447_	Non_responder	15	Responder	49	1.26666666666667	1.38775510204082	0	0	2.21896586810377	3.43884868409601	379.5	0.0161345734930029	0.833230453735983	64	Responder	0.955094093307826
Clostridiales_species_incertae_sedis__meta_mOTU_v25_12229_	Non_responder	15	Responder	49	0.333333333333333	1.91836734693878	0	0	0.816496580927726	6.6044074131531	377	0.11542324496006	0.828067175695326	64	Responder	0.955094093307826
Collinsella_bouchesdurhonensis__ref_mOTU_v25_03627_	Non_responder	15	Responder	49	1.13333333333333	1.95918367346939	0	0	1.80739222823013	4.42981933262835	379.5	0.0880071786215438	0.827062605069636	64	Responder	0.955094093307826
Lachnospiraceae_species_incertae_sedis__ext_mOTU_v26_18135_	Non_responder	15	Responder	49	2.4	3.16326530612245	2	0	3.5213633723318	5.59518743644747	381	0.0625560690678052	0.822989491146936	64	Non_responder	0.955094093307826
Clostridiales_species_incertae_sedis__meta_mOTU_v25_12521_	Non_responder	15	Responder	49	5.06666666666667	6.61224489795918	0	0	10.2849867467563	16.3755614745096	354	0.0433356704092964	0.824368571033774	64	Responder	0.955094093307826
Clostridiales_species_incertae_sedis__meta_mOTU_v25_12253_	Non_responder	15	Responder	49	8.33333333333333	10.1020408163265	3	2	13.1728436384787	18.7663760686047	354.5	0.0427295162190155	0.837410813869002	64	Non_responder	0.955094093307826
Ruminococcaceae_species_incertae_sedis__meta_mOTU_v25_12396_	Non_responder	15	Responder	49	4.86666666666667	14.1020408163265	0	1	8.11406773684416	44.2366952210677	353.5	0.100307580585344	0.82013825302636	64	Responder	0.955094093307826
Clostridiales_species_incertae_sedis__meta_mOTU_v25_12437_	Non_responder	15	Responder	49	14.6	7.06122448979592	0	0	31.6561887427133	16.0018334408713	378.5	0.154336722970137	0.844236390130818	64	Responder	0.959703699094899
Massilioclostridium_coli__ref_mOTU_v25_10237_	Non_responder	15	Responder	49	0.2	0.224489795918367	0	0	0.414039335605413	0.421569790705376	358.5	0.024897750082762	0.850785457033189	64	Responder	0.96389356667232
Clostridiales_species_incertae_sedis__ext_mOTU_v26_16417_	Non_responder	15	Responder	49	0.266666666666667	0.326530612244898	0	0	0.593616839704664	0.718440298553077	358.5	0.0369025028675177	0.851724492838658	64	Responder	0.96389356667232
Intestinimonas_butyriciproducens__ref_mOTU_v25_03928_	Non_responder	15	Responder	49	0.266666666666667	0.306122448979592	0	0	0.457737708217063	0.508432297715777	358.5	0.0338499364110155	0.863069138992588	64	Responder	0.969213718070239
Clostridiales_species_incertae_sedis__ext_mOTU_v26_17995_	Non_responder	15	Responder	49	0.533333333333333	0.653061224489796	0	0	0.833809387832792	1.76246773502575	377.5	0.0319249878896143	0.860099402929627	64	Responder	0.969213718070239
Clostridium_species_incertae_sedis__meta_mOTU_v25_12234_	Non_responder	15	Responder	49	2.8	0.755102040816326	0	0	8.6039857873297	2.17495797128835	359	0.189855879667432	0.864242660775825	64	Responder	0.969213718070239
Eubacterium_sp__CAG_38__ref_mOTU_v25_07679_	Non_responder	15	Responder	49	2.93333333333333	2.93877551020408	0	1	4.69751707465408	6.44660169929768	378	0.000381231649697334	0.864924795105171	64	Responder	0.969213718070239
Phascolarctobacterium_sp__CAG_266__ref_mOTU_v25_07691_	Non_responder	15	Responder	49	5.2	6.85714285714286	0	0	12.0249740124459	18.5652004208591	375	0.0408543379461954	0.865983854607137	64	Responder	0.969213718070239
Clostridiales_species_incertae_sedis__meta_mOTU_v25_13729_	Non_responder	15	Responder	49	0.533333333333333	0.387755102040816	0	0	1.35576371027375	0.908669506536256	374.5	0.0604292853975991	0.879637584226756	64	Responder	0.975878020137779
Collinsella_species_incertae_sedis__ext_mOTU_v26_17334_	Non_responder	15	Responder	49	0.8	0.816326530612245	0	0	1.61245154965971	2.04810348643726	376	0.00356014440871516	0.877113571004913	64	Responder	0.975878020137779
Collinsella_species_incertae_sedis__ext_mOTU_v26_17335_	Non_responder	15	Responder	49	1.06666666666667	1.14285714285714	0	0	1.57963226582585	2.29128784747792	377	0.0151214594727283	0.875302085161802	64	Responder	0.975878020137779
Clostridiales_species_incertae_sedis__meta_mOTU_v25_12476_	Non_responder	15	Responder	49	1.06666666666667	1.24489795918367	0	0	2.63131326979695	2.64205264460623	360	0.0288201002172694	0.878072481256214	64	Responder	0.975878020137779
Clostridium__asparagiforme_lavalense__ref_mOTU_v25_06317_	Non_responder	15	Responder	49	0.266666666666667	0.285714285714286	0	0	0.457737708217063	0.577350269189626	373.5	0.0147167985110839	0.907711164128822	64	Responder	0.980970951033705
Lachnospira_sp___ref_mOTU_v25_05263_	Non_responder	15	Responder	49	0.266666666666667	0.346938775510204	0	0	0.593616839704664	0.778647877417516	362.5	0.0462127445691961	0.91905562473572	64	Responder	0.980970951033705
Clostridiales_species_incertae_sedis__meta_mOTU_v25_13140_	Non_responder	15	Responder	49	0.266666666666667	0.551020408163265	0	0	0.593616839704664	2.45001041230607	373	0.0557610307270164	0.907157213824377	64	Responder	0.980970951033705
Clostridium_sp__CAG_433__meta_mOTU_v25_12886_	Non_responder	15	Responder	49	0.8	0.836734693877551	0	0	2.14476105895272	2.5523431944613	372.5	0.00636028725904575	0.91657232348694	64	Responder	0.980970951033705
Clostridiales_species_incertae_sedis__ext_mOTU_v26_17600_	Non_responder	15	Responder	49	1	0.836734693877551	0	0	2.20389266007736	1.89678388743849	361.5	0.0353605780515854	0.913813180905167	64	Responder	0.980970951033705
Clostridiales_species_incertae_sedis__ext_mOTU_v26_26672_	Non_responder	15	Responder	49	0.933333333333333	0.918367346938776	0	0	2.40436111700227	2.53177091095901	372.5	0.00255259949863213	0.916574376134317	64	Responder	0.980970951033705
Clostridiales_species_incertae_sedis__ext_mOTU_v26_18011_	Non_responder	15	Responder	49	0.8	1.10204081632653	0	0	1.26491106406735	2.61601556091817	375	0.0541335904952756	0.898091040223341	64	Responder	0.980970951033705
Clostridiales_species_incertae_sedis__ext_mOTU_v26_17987_	Non_responder	15	Responder	49	1.66666666666667	1.91836734693878	1	1	2.05866345916355	2.51525955166557	358.5	0.044373755537271	0.888434830881879	64	Responder	0.980970951033705
Firmicutes_species_incertae_sedis__meta_mOTU_v25_12231_	Non_responder	15	Responder	49	1.13333333333333	2.40816326530612	0	0	2.66904655707043	7.3226770131869	373.5	0.0826094611885768	0.906537729590665	64	Responder	0.980970951033705
Clostridiales_sp___ref_mOTU_v25_05137_	Non_responder	15	Responder	49	3.06666666666667	2.10204081632653	2	2	4.65167660506352	1.69858885008487	358.5	0.152535563237839	0.890957935962887	64	Responder	0.980970951033705
Clostridiales_species_incertae_sedis__meta_mOTU_v25_12747_	Non_responder	15	Responder	49	1.06666666666667	3.10204081632653	0	0	2.68505564365505	9.13383111012566	373	0.106193334791631	0.904041885798559	64	Responder	0.980970951033705
Clostridium__leptum__ref_mOTU_v25_03688_	Non_responder	15	Responder	49	2.8	2.6530612244898	1	1	6.5813589564987	8.20454909488268	375.5	0.00797502487795934	0.896797550493454	64	Responder	0.980970951033705
Burkholderiales_species_incertae_sedis__meta_mOTU_v25_12785_	Non_responder	15	Responder	49	1.4	3.24489795918367	0	0	3.5213633723318	10.5505343708366	362	0.0832213915271429	0.910230918212483	64	Responder	0.980970951033705
Ruminococcaceae_species_incertae_sedis__meta_mOTU_v25_13305_	Non_responder	15	Responder	49	11.1333333333333	5.16326530612245	0	0	42.5673695731948	15.5326899081361	361	0.103853920145623	0.892377268076956	64	Responder	0.980970951033705
Clostridiales_species_incertae_sedis__meta_mOTU_v25_12272_	Non_responder	15	Responder	49	9.2	6.04081632653061	0	1	19.5382408917194	11.2656542635745	361	0.0988326020638993	0.918397712069897	64	Responder	0.980970951033705
Firmicutes_sp___ref_mOTU_v25_03641_	Non_responder	15	Responder	49	7.26666666666667	6.97959183673469	0	0	16.9008311996214	15.0395171076046	361	0.00791891315502802	0.915645304320725	64	Responder	0.980970951033705
Clostridiales_species_incertae_sedis__meta_mOTU_v25_12463_	Non_responder	15	Responder	49	13.4666666666667	12.0204081632653	3	4	19.6899781131224	25.2837973446092	374.5	0.0255802888400763	0.91643548755601	64	Responder	0.980970951033705
Bacteroides_stercoris__ref_mOTU_v25_01579_	Non_responder	15	Responder	49	14.2	16.7142857142857	1	1	24.8975041778431	35.0576905495309	358.5	0.0324795478321681	0.889744592841596	64	Responder	0.980970951033705
Lachnospiraceae_species_incertae_sedis__ext_mOTU_v26_17986_	Non_responder	15	Responder	49	0.933333333333333	0.979591836734694	0	0	1.62422142520509	1.76174387939866	361.5	0.0114062281590509	0.922231160072974	64	Responder	0.981443234971225
Eubacterium_ramulus__ref_mOTU_v25_03570_	Non_responder	15	Responder	49	8.86666666666667	3.81632653061224	1	2	14.999365065927	4.58109097899432	374	0.254550874428968	0.923369670771744	64	Responder	0.981443234971225
Alistipes_ihumii__ref_mOTU_v25_07379_	Non_responder	15	Responder	49	2.73333333333333	3.87755102040816	2	1	3.17280107581088	5.14632819372716	361.5	0.101834510091741	0.929086575969887	64	Non_responder	0.985453753173081
Bacteroides_dorei_vulgatus__ref_mOTU_v25_02367_	Non_responder	15	Responder	49	33.1333333333333	35.530612244898	23	31	34.8463293140994	36.5832965304388	362	0.0282677605839037	0.936814167436169	64	Responder	0.991575747161039
Flavonifractor_plautii__ref_mOTU_v25_05238_	Non_responder	15	Responder	49	0.866666666666667	1.12244897959184	1	1	0.915475416434127	1.75157849121424	372.5	0.0680430930248151	0.939221181085778	64	Responder	0.992052372521853
Ruminococcus_species_incertae_sedis__ext_mOTU_v26_16285_	Non_responder	15	Responder	49	0.266666666666667	0.204081632653061	0	0	0.593616839704664	0.407205508963978	371	0.058503154168122	0.945708887745805	64	Responder	0.9946650965291
Lachnoclostridium_species_incertae_sedis__ext_mOTU_v26_16281_	Non_responder	15	Responder	49	0.266666666666667	0.204081632653061	0	0	0.593616839704664	0.407205508963978	371	0.058503154168122	0.945708887745805	64	Responder	0.9946650965291
Bacteroides_caccae__ref_mOTU_v25_03473_	Non_responder	15	Responder	49	9.06666666666667	3.16326530612245	0	0	22.2565132253995	14.3648107928941	371	0.151171325768016	0.947580358231865	64	Responder	0.9946650965291
Ruminococcaceae_species_incertae_sedis__meta_mOTU_v25_12664_	Non_responder	15	Responder	49	4.66666666666667	2.06122448979592	0	0	14.9363729899611	7.17753486948835	364	0.116296476796992	0.952158621098376	64	Responder	0.996530864946586
Bacteroides_massiliensis__ref_mOTU_v25_02135_	Non_responder	15	Responder	49	11.0666666666667	12.469387755102	1	1	18.9528236368496	25.9880597910017	363.5	0.0243649199746112	0.953288894475531	64	Responder	0.996530864946586
Holdemania_sp__Marseille_P2844__ref_mOTU_v25_05920_	Non_responder	15	Responder	49	0.2	0.244897959183673	0	0	0.414039335605413	0.560156683619933	369	0.0361023535390824	0.981374398151693	64	Responder	0.997501276723277
Clostridium__citroniae__ref_mOTU_v25_04828_	Non_responder	15	Responder	49	0.266666666666667	0.306122448979592	0	0	0.457737708217063	0.584668055133746	366	0.0301508085400855	0.983516842797634	64	Responder	0.997501276723277
Streptococcus_sanguinis_cristatus__ref_mOTU_v25_01591_	Non_responder	15	Responder	49	0.266666666666667	0.346938775510204	0	0	0.457737708217063	0.751415897050452	369.5	0.0491867097802657	0.974877089137907	64	Responder	0.997501276723277
Bacteroidales_sp___ref_mOTU_v25_03666_	Non_responder	15	Responder	49	0.333333333333333	0.36734693877551	0	0	0.487950036474267	0.566196283361625	365	0.0264220819556206	0.969125745946072	64	Responder	0.997501276723277
X3576_143_bin_2_clean__mags_db_all_128_	Non_responder	15	Responder	49	0.6	0.387755102040816	0	0	1.2983506020002	0.861595577272487	369.5	0.0923213772673369	0.973755338684925	64	Responder	0.997501276723277
Clostridiales_species_incertae_sedis__ext_mOTU_v26_16427_	Non_responder	15	Responder	49	1	0.510204081632653	0	0	2.56347977784662	0.793789670389031	365	0.147297075909295	0.969947112936577	64	Responder	0.997501276723277
Actinobacteria_sp___ref_mOTU_v25_01911_	Non_responder	15	Responder	49	0.533333333333333	0.73469387755102	0	0	0.639940473422184	1.75327681551908	370.5	0.0546010235893384	0.964300409907982	64	Responder	0.997501276723277
Clostridium_species_incertae_sedis__ext_mOTU_v26_17323_	Non_responder	15	Responder	49	1	0.897959183673469	1	1	1.25356634105602	0.940852848022821	365	0.0426835099027672	0.973064300974379	64	Responder	0.997501276723277
Ruminococcaceae_species_incertae_sedis__ext_mOTU_v26_17393_	Non_responder	15	Responder	49	1	0.979591836734694	0	0	1.51185789203691	1.33056685787123	371	0.00634415756500431	0.958011230050268	64	Responder	0.997501276723277
X3576_012_bin_41_clean__mags_db_all_7_	Non_responder	15	Responder	49	1.46666666666667	1.40816326530612	1	1	1.72654347786332	1.86991942057827	370	0.0135865670152034	0.973391883342613	64	Responder	0.997501276723277
Clostridium_sp__CAG_58__ref_mOTU_v25_07640_	Non_responder	15	Responder	49	1.4	1.55102040816327	1	1	1.91982142026655	3.6231962437064	370.5	0.0194438560727203	0.966553390029703	64	Responder	0.997501276723277
Clostridium_sp__CAG_226__meta_mOTU_v25_12471_	Non_responder	15	Responder	49	4.33333333333333	3	0	0	9.31716286267036	8.31915460448556	365.5	0.0664044917501893	0.973779460906064	64	Responder	0.997501276723277
Bacteroides_sp___ref_mOTU_v25_03475_	Non_responder	15	Responder	49	6.53333333333333	6.55102040816327	3	3	9.13288146257926	9.71909894762583	365.5	0.000787556522140504	0.980881323370298	64	Responder	0.997501276723277
Faecalibacterium_species_incertae_sedis__meta_mOTU_v25_12376_	Non_responder	15	Responder	49	14.4666666666667	9.24489795918367	0	0	48.3482407224129	36.1711963055809	366	0.0567124410291889	0.983729069746821	64	Responder	0.997501276723277
Prevotella_species_incertae_sedis__meta_mOTU_v25_12765_	Non_responder	15	Responder	49	16.6	18.4897959183673	0	0	60.195870764886	45.9529299251689	369	0.0162907176905875	0.983369668294097	64	Responder	0.997501276723277
Roseburia_intestinalis__ref_mOTU_v25_03702_	Non_responder	15	Responder	49	8.93333333333333	10.6122448979592	0	0	23.270050238348	23.5741881501522	366	0.0304849001521546	0.986272863874704	64	Responder	0.998084514939072
Roseburia_species_incertae_sedis__ext_mOTU_v26_17394_	Non_responder	15	Responder	49	0.466666666666667	0.63265306122449	0	0	0.990430401872025	1.66700676802041	367	0.0459623772220882	1	64	Responder	1
Clostridiales_species_incertae_sedis__meta_mOTU_v25_13686_	Non_responder	15	Responder	49	0.666666666666667	0.693877551020408	0	0	1.83873662631503	1.97066065099005	367	0.00598412720927934	1	64	Responder	1
Desulfovibrio_species_incertae_sedis__ext_mOTU_v26_16415_	Non_responder	15	Responder	49	0.933333333333333	0.836734693877551	0	0	1.75119007154183	2.1345075424977	368	0.0200758803003876	1	64	Responder	1
Firmicutes_sp___ref_mOTU_v25_03629_	Non_responder	15	Responder	49	1	1.48979591836735	0	0	2.61861468283191	5.11583509385154	366.5	0.044738300715045	0.991851437461948	64	Responder	1
Parabacteroides_distasonis__ref_mOTU_v25_03640_	Non_responder	15	Responder	49	8.2	6.87755102040816	6	5	9.19005673851597	5.94640175884131	368.5	0.082571964575209	0.993658132264829	64	Non_responder	1
Dehalococcoidales_species_incertae_sedis__meta_mOTU_v25_12342_	Non_responder	15	Responder	49	3.06666666666667	8.91836734693878	0	0	7.62014872995709	27.6147882594136	368	0.101184395791764	1	64	Responder	1
