"OTU"	"Var1"	"Var2"	"estimate"	"statistic"	"p.val"	"N"	"Method"	"q.val"	"Sig"
"s_Alistipes_timonensis"	"Abundance"	"colon_TNF"	-0.561419992715872	23702.3554894269	6.01375928631913e-05	45	"spearman"	0.00168385260016936	"***"
"s_Bacteroides_ovatus"	"Abundance"	"colon_TNF"	-0.557116008508981	23637.0210091663	7.03896211697658e-05	45	"spearman"	0.00197090939275344	"***"
"s_Enterocloster_clostridioformis"	"Abundance"	"colon_IL1b"	-0.54791618664192	23497.3677132243	9.78409441434797e-05	45	"spearman"	0.00273954643601743	"***"
"s_Blautia_pseudococcoides"	"Abundance"	"colon_TNF"	-0.53947770070357	23369.2714966802	0.000131243657382552	45	"spearman"	0.00367482240671146	"***"
"s_Bilophila_wadsworthia"	"Abundance"	"colon_TNF"	-0.531088850019587	23241.9287432973	0.000174410365315754	45	"spearman"	0.00488349022884111	"***"
"s_Parasutterella_gallistercoris"	"Abundance"	"colon_TNF"	-0.516416807631203	23019.2071398417	0.000281801787473978	45	"spearman"	0.00789045004927137	"***"
"s_Bacteroides_caccae"	"Abundance"	"colon_TNF"	-0.513332676034898	22972.3900222098	0.000310851073207903	45	"spearman"	0.00870383004982129	"***"
"s_Phocaeicola_massiliensis"	"Abundance"	"colon_TNF"	-0.51242145533599	22958.5576920003	0.000319936584283774	45	"spearman"	0.00895822435994568	"***"
"s_Diplocloster_modestus"	"Abundance"	"colon_TNF"	0.509319483496425	7448.53024052427	0.000352690155885279	45	"spearman"	0.00987532436478781	"***"
"s_Desulfovibrio_sp900556755"	"Abundance"	"colon_TNF"	-0.508839986210661	22904.1909906778	0.000358014463395183	45	"spearman"	0.0100244049750651	"**"
"s_Anaerostipes_caccae"	"Abundance"	"colon_TNF"	-0.50500686223147	22846.0041686737	0.000403252055057954	45	"spearman"	0.0112910575416227	"**"
"s_Hungatella_hathewayi"	"Abundance"	"colon_TNF"	-0.502955784086894	22814.8688024391	0.000429516172678181	45	"spearman"	0.0120264528349891	"**"
"s_Duodenibacillus_intestinigallinarum"	"Abundance"	"colon_TNF"	-0.500855961849848	22782.9935008807	0.000457989940018191	45	"spearman"	0.0128237183205093	"**"
"s_Pseudoscilispira_sp018369915"	"Abundance"	"colon_TNF"	0.500444859637012	7583.24703071016	0.000463759305626759	45	"spearman"	0.0129852605575493	"**"
"s_Fournierella_sp900543285"	"Abundance"	"colon_TNF"	0.500023159791926	7589.64843435857	0.000469745241469668	45	"spearman"	0.0131528667611507	"**"
"s_Enterocloster_lavalensis"	"Abundance"	"colon_TNF"	0.498395572376809	7614.35521132004	0.0004935056593727	45	"spearman"	0.0138181584624356	"**"
"s_Bacteroides_intestinalis"	"Abundance"	"colon_TNF"	-0.490611458652338	22627.4819423425	0.000622764173586205	45	"spearman"	0.0174373968604138	"**"
"s_Bacteroides_fragilis"	"Abundance"	"colon_TNF"	0.489125400577666	7755.07641923103	0.000650639961958133	45	"spearman"	0.0182179189348277	"**"
"s_Bacteroides_finegoldii"	"Abundance"	"colon_TNF"	0.478776383376305	7912.17450034769	0.000877860702699105	45	"spearman"	0.0186480665591412	"**"
"s_Bacteroides_finegoldii"	"Abundance"	"synov_IL6"	0.812127437869482	53.7315527693282	0.00133200475422437	12	"spearman"	0.0186480665591412	"**"
"s_Bacteroides_finegoldii"	"Abundance"	"synov_CXCL1"	0.790374024355121	59.9530290344355	0.00221510532230025	12	"spearman"	0.020674316341469	"**"
"s_Agathobaculum_hominis"	"Abundance"	"synov_IL6"	0.833880851383843	47.5100765042209	0.000748444730074879	12	"spearman"	0.0209564524420966	"**"
"s_Thomasclavelia_sp000508865"	"Abundance"	"colon_TNF"	0.484030344321649	7832.41937319737	0.000754908805975384	45	"spearman"	0.0211374465673108	"**"
"s_Alistipes_finegoldii"	"Abundance"	"Femur_Joint"	0.400559669276229	13247.6313089953	0.00358334701234523	51	"spearman"	0.0253773629379378	"**"
"s_Alistipes_finegoldii"	"Abundance"	"colon_IL1b"	0.470379504383426	8039.6391234596	0.00111178409119904	45	"spearman"	0.0253773629379378	"**"
"s_Alistipes_finegoldii"	"Abundance"	"ileum_S100A8"	0.466311580768376	4502.19550463798	0.00362533756256254	37	"spearman"	0.0253773629379378	"**"
"s_Alistipes_finegoldii"	"Abundance"	"colon_IFNg"	0.503385993302863	2709.52602053958	0.00331517237910316	32	"spearman"	0.0253773629379378	"**"
"s_Blautia_celeris"	"Abundance"	"colon_TNF"	0.47696818406681	7939.62296586583	0.000924142354733953	45	"spearman"	0.0258759859325507	"**"
"s_Agathobaculum_hominis"	"Abundance"	"synov_CXCL1"	0.797625162193241	57.879203612733	0.00188209431876127	12	"spearman"	0.0263493204626578	"**"
"s_CAG-267_sp001917135"	"Abundance"	"colon_TNF"	0.449674733627671	8353.93754353195	0.0019417323414087	45	"spearman"	0.0271842527797218	"**"
"s_CAG-267_sp001917135"	"Abundance"	"synov_IL6"	0.812127437869482	53.7315527693282	0.00133200475422437	12	"spearman"	0.0271842527797218	"**"
"s_Bacteroides_cellulosilyticus"	"Abundance"	"colon_TNF"	0.469594082487308	8051.56182784267	0.00113627816420706	45	"spearman"	0.0318157885977977	"**"
"s_Parasutterella_excrementihominis"	"Abundance"	"colon_TNF"	-0.466056118085143	22254.7318725325	0.00125267985906776	45	"spearman"	0.0350750360538972	"**"
"s_Bifidobacterium_bifidum"	"Abundance"	"synov_CXCL1"	0.77587174867888	64.1006798778403	0.00301454660095217	12	"spearman"	0.0422036524133304	"**"
"s_Bifidobacterium_bifidum"	"Abundance"	"synov_IL6"	0.804876300031362	55.8053781910306	0.00158884768026894	12	"spearman"	0.0422036524133304	"**"
"s_Butyricimonas_virosa"	"Abundance"	"colon_TNF"	0.446742461010775	8398.44944185644	0.00209549405733334	45	"spearman"	0.0422036524133304	"**"
"s_Butyricimonas_virosa"	"Abundance"	"synov_IL6"	0.77587174867888	64.1006798778403	0.00301454660095217	12	"spearman"	0.0422036524133304	"**"
"s_Hungatella_effluvii"	"Abundance"	"colon_TNF"	0.456998240296668	8242.76671229658	0.00160046709295827	45	"spearman"	0.0448130786028315	"**"
"s_Collinsella_intestinalis"	"Abundance"	"colon_TNF"	0.453955359477102	8288.95764313759	0.00173519533743197	45	"spearman"	0.0485854694480953	"**"
"s_Bacteroides_cellulosilyticus"	"Abundance"	"synov_IL6"	0.76862061084076	66.1745052995427	0.00348836716603999	12	"spearman"	0.0488371403245599	"**"
"s_Bacteroides_stercoris"	"Abundance"	"colon_TNF"	0.450523891640131	8341.04732490281	0.00189911118525891	45	"spearman"	0.0531751131872494	"*"
"s_Christensenella_massiliensis"	"Abundance"	"ileum_S100A8"	-0.493272976230177	12597.2508274778	0.00192126815803769	37	"spearman"	0.0537955084250553	"*"
"s_Cuneatibacter_caecimuris"	"Abundance"	"colon_IL1b"	0.449578529275415	8355.3979255992	0.00194661405764262	45	"spearman"	0.0545051936139933	"*"
"s_Dielma_fastidiosa"	"Abundance"	"colon_TNF"	-0.447361264533767	21970.9439956226	0.00206217753995044	45	"spearman"	0.0577409711186125	"*"
"s_Escherichia_coli"	"Abundance"	"ileum_IL10"	-0.495908033519862	11623.2054204493	0.00209980139635595	36	"spearman"	0.0587944390979665	"*"
"s_Turicibacter_sp002311155"	"Abundance"	"colon_TNF"	0.445778184471484	8413.08715972288	0.00214836012405123	45	"spearman"	0.0601540834734345	"*"
"s_Alistipes_timonensis"	"Abundance"	"synov_IL6"	-0.753043169475573	501.370346470014	0.00469586236779542	12	"spearman"	0.0657420731491359	"*"
"s_Enterococcus_B_hirae"	"Abundance"	"ileum_S100A8"	-0.484598362847575	12524.0717889821	0.00236994966083718	37	"spearman"	0.066358590503441	"*"
"s_Bacteroides_nordii"	"Abundance"	"colon_IFNg"	-0.516232664191617	8272.56541582946	0.00248987453616836	32	"spearman"	0.0697164870127142	"*"
"s_Bacteroides_intestinigallinarum"	"Abundance"	"score_day5"	0.530953994615413	2108.36179420372	0.00253791518730353	30	"spearman"	0.0710616252444988	"*"
"s_Massiliimalia_timonensis"	"Abundance"	"colon_TNF"	0.438383292250744	8525.3416236337	0.00259453756546474	45	"spearman"	0.0726470518330128	"*"
"s_Avimicrobium_caecorum"	"Abundance"	"colon_TNF"	0.436122662581041	8559.65798201979	0.00274633665577448	45	"spearman"	0.0768974263616853	"*"
"s_Eisenbergiella_tayi"	"Abundance"	"colon_TNF"	-0.435982740115961	21798.2179949603	0.00275598426205414	45	"spearman"	0.0771675593375158	"*"
"s_Bacteroides_xylanisolvens"	"Abundance"	"colon_IL1b"	0.389830724551387	9262.36960130995	0.00811832609437361	45	"spearman"	0.079336663823027	"*"
"s_Bacteroides_xylanisolvens"	"Abundance"	"colon_TNF"	0.397040013485235	9152.93259529414	0.0069241115903078	45	"spearman"	0.079336663823027	"*"
"s_Bacteroides_xylanisolvens"	"Abundance"	"synov_CXCL1"	0.718327671508079	80.5582859486895	0.00850035683818146	12	"spearman"	0.079336663823027	"*"
"s_Alistipes_finegoldii"	"Abundance"	"Patella_Joint"	0.359908710419192	9716.58577583667	0.0151658134517455	45	"spearman"	0.084928555329775	"*"
"s_Cryptobacteroides_sp000431015"	"Abundance"	"colon_TNF"	-0.430956841654801	21721.9248563199	0.00312291706944658	45	"spearman"	0.0874416779445043	"*"
"s_Bacteroides_xylanisolvens"	"Abundance"	"synov_IL6"	0.690157958899919	88.6148237546233	0.0129864256750896	12	"spearman"	0.0909049797256269	"*"
"s_Muricomes_contortus_B"	"Abundance"	"colon_CXCL1"	-0.481338481338481	11510	0.00328337115852464	36	"spearman"	0.0919343924386899	"*"
"s_Blautia_A_sp028767025"	"Abundance"	"colon_IL10"	0.455630428310899	4592.30170676926	0.00459878765983832	37	"spearman"	0.0919757531967663	"*"
"s_Sutterella_wadsworthensis"	"Abundance"	"colon_TNF"	0.410983038853505	8941.2774702038	0.0050399457051149	45	"spearman"	0.0945989035958737	"*"
"s_Sutterella_wadsworthensis"	"Abundance"	"synov_IL6"	0.732364921650158	76.5436324080549	0.00675706454256241	12	"spearman"	0.0945989035958737	"*"
"s_Fournierella_sp900543285"	"Abundance"	"synov_IL6"	0.732364921650158	76.5436324080549	0.00675706454256241	12	"spearman"	0.0945989035958737	"*"
"s_Enterococcus_faecalis"	"Abundance"	"ileum_IL1b"	0.404112966966529	8455.63699874495	0.00651787732930036	44	"spearman"	0.100526759828449	""
"s_Enterococcus_faecalis"	"Abundance"	"ileum_TNF"	0.404222759231029	7890.47377674426	0.00718048284488924	43	"spearman"	0.100526759828449	""
"s_Parabacteroides_sp003473295"	"Abundance"	"colon_IL1b"	0.375727739097483	9476.45292050021	0.0109753147131431	45	"spearman"	0.102436270656002	""
"s_Parabacteroides_sp003473295"	"Abundance"	"synov_CXCL1"	0.725113783812038	78.6174578297573	0.00762017432721259	12	"spearman"	0.102436270656002	""
"s_Parabacteroides_sp003473295"	"Abundance"	"synov_IL6"	0.754118335164519	70.3221561429476	0.00460360942341888	12	"spearman"	0.102436270656002	""
"s_Parabacteroides_sp003473295"	"Abundance"	"colon_TNF"	0.350065780138732	9866.00145749405	0.0184052983837729	45	"spearman"	0.103069670949128	""
"s_Parabacteroides_sp003473295"	"Abundance"	"score_day5"	0.432673595520632	2550.13218813476	0.0169371219177458	30	"spearman"	0.103069670949128	""
"s_Blautia_celeris"	"Abundance"	"colon_IFNg"	0.443050979199603	3038.71385748696	0.0110995429744763	32	"spearman"	0.103595734428445	""
"s_Blautia_celeris"	"Abundance"	"synov_IL6"	0.710611508135797	82.7651086731622	0.00959110166160971	12	"spearman"	0.103595734428445	""
"s_Allocoprobacillus_merdigallinarum"	"Abundance"	"synov_IL6"	0.765245707736861	67.1397275872578	0.0037272553345626	12	"spearman"	0.104363149367753	""
"s_Allocoprobacillus_merdigallinarum"	"Abundance"	"synov_CXCL1"	0.726093601759626	78.337229896747	0.00749896809957269	12	"spearman"	0.104985553394018	""
"s_Sellimonas_intestinalis"	"Abundance"	"Femur_Inflammation"	-0.398535136748258	30907.6265221365	0.00377220594545884	51	"spearman"	0.105621766472848	""
"s_Thomasclavelia_sp000508865"	"Abundance"	"synov_IL6"	0.725113783812038	78.6174578297573	0.00762017432721259	12	"spearman"	0.106682440580976	""
"s_Enterococcus_B_faecium"	"Abundance"	"score_day5"	0.511845762034235	2194.25329965611	0.00383673148176587	30	"spearman"	0.107428481489444	""
"s_Luxibacter_massiliensis"	"Abundance"	"colon_TNF"	0.422252787217438	8770.20269003928	0.00386070541980842	45	"spearman"	0.108099751754636	""
"s_Enterocloster_asparagiformis"	"Abundance"	"colon_TNF"	0.421138714746169	8787.11431015315	0.00396537339368187	45	"spearman"	0.111030455023092	""
"s_Bacteroides_nordii"	"Abundance"	"colon_TNF"	-0.390886243601119	21113.653177865	0.00793308016982436	45	"spearman"	0.111063122377541	""
"s_Phascolarctobacterium_faecium"	"Abundance"	"synov_MMP3"	0.686813186813187	114	0.0120133547062648	13	"spearman"	0.112124643925138	""
"s_Phascolarctobacterium_faecium"	"Abundance"	"synov_CXCL1"	0.727272727272727	78	0.0100009174971863	12	"spearman"	0.112124643925138	""
"s_Phascolarctobacterium_faecium"	"Abundance"	"synov_IL6"	0.769230769230769	66	0.0052529205777348	12	"spearman"	0.112124643925138	""
"s_Bacteroides_finegoldii"	"Abundance"	"score_day5"	0.435849695474883	2535.8556188404	0.0160586349783021	30	"spearman"	0.112410444848115	""
"s_Prevotella_intestinigallinarum"	"Abundance"	"colon_TNF"	0.418363250910379	8829.24585118045	0.00423700554527884	45	"spearman"	0.118636155267808	""
"s_Bacteroides_rodentium"	"Abundance"	"synov_CXCL1"	0.757203628975438	69.4397621130246	0.00434647899040016	12	"spearman"	0.121701411731205	""
"s_UBA3282_sp003611805"	"Abundance"	"colon_TNF"	0.416954862353769	8850.62518946979	0.00438096558299553	45	"spearman"	0.122667036323875	""
"s_Akkermansia_sp004167605"	"Abundance"	"colon_TNF"	0.416733142940086	8853.99089016949	0.00440401408111703	45	"spearman"	0.123312394271277	""
"s_CAG-267_sp001917135"	"Abundance"	"synov_CXCL1"	0.688858094621436	88.9865849382694	0.0132286641980361	12	"spearman"	0.123467532515004	""
"s_Pseudoscilispira_sp018369915"	"Abundance"	"synov_CXCL1"	0.696109232459556	86.912759516567	0.0119190491084001	12	"spearman"	0.123467532515004	""
"s_Pseudoscilispira_sp018369915"	"Abundance"	"synov_IL6"	0.688858094621436	88.9865849382694	0.0132286641980361	12	"spearman"	0.123467532515004	""
"s_Diplocloster_modestus"	"Abundance"	"colon_CCL2"	0.389958846523619	8656.48396782984	0.00887777947274698	44	"spearman"	0.124288912618458	""
"s_Clostridium_AP_scindens"	"Abundance"	"synov_IL1b"	0.731962776973689	97.5655491815771	0.0044491973524508	13	"spearman"	0.124577525868622	""
"s_Fournierella_sp900543285"	"Abundance"	"score_day5"	0.42637328184066	2578.45209812623	0.0187978546013265	30	"spearman"	0.131584982209286	""
"s_Fournierella_sp900543285"	"Abundance"	"synov_CXCL1"	0.681606956783315	91.0604103599719	0.0146417460736653	12	"spearman"	0.131584982209286	""
"s_Eggerthella_lenta"	"Abundance"	"colon_TNF"	0.413882591357862	8897.26226318765	0.00470991648672621	45	"spearman"	0.131877661628334	""
"s_Tidjanibacter_inops"	"Abundance"	"colon_TNF"	0.413140853108393	8908.5218498146	0.00479249329274651	45	"spearman"	0.134189812196902	""
"s_Bacteroides_finegoldii"	"Abundance"	"Femur_Joint"	0.314658086908331	15146.0562793259	0.0245214200627066	51	"spearman"	0.137319952351157	""
"s_Enterocloster_aldenensis"	"Abundance"	"colon_TNF"	-0.411937152303582	21433.2059719684	0.00492918955498564	45	"spearman"	0.138017307539598	""
"s_Neobittarella_massiliensis"	"Abundance"	"colon_IL1b"	-0.411665704976617	21429.085401545	0.0049604817490772	45	"spearman"	0.138893488974162	""
"s_Bacteroides_finegoldii"	"Abundance"	"colon_IL1b"	0.320749686015661	10311.0197662823	0.0316959499860792	45	"spearman"	0.14791443326837	""
"s_Eisenbergiella_tayi"	"Abundance"	"colon_IL10"	0.364433908903673	5361.63554448861	0.0265844730988208	37	"spearman"	0.148873049353397	""
"s_Eisenbergiella_tayi"	"Abundance"	"synov_IL1b"	-0.642857142857143	598	0.0209018820886229	13	"spearman"	0.148873049353397	""
"s_Eisenbergiella_tayi"	"Abundance"	"synov_CXCL1"	-0.65034965034965	472	0.0259115168459695	12	"spearman"	0.148873049353397	""
"s_Eisenbergiella_tayi"	"Abundance"	"synov_IL6"	-0.685314685314685	482	0.0173050234870596	12	"spearman"	0.148873049353397	""
"s_Butyricimonas_virosa"	"Abundance"	"synov_CXCL1"	0.674355818945195	93.1342357816743	0.0161631236320451	12	"spearman"	0.150855820565755	""
"s_Bacteroides_cellulosilyticus"	"Abundance"	"score_day5"	0.434238188660527	2543.09934197093	0.0164995142269623	30	"spearman"	0.153995466118315	""
"s_Bacteroides_finegoldii"	"Abundance"	"Femur_Inflammation"	0.287608479668007	15743.852599337	0.0407093535907436	51	"spearman"	0.156065445305606	""
"s_Bacteroides_finegoldii"	"Abundance"	"colon_IFNg"	0.341528245987301	3592.62188989328	0.0557376590377165	32	"spearman"	0.156065445305606	""
"s_Bacteroides_finegoldii"	"Abundance"	"synov_CCL2"	0.551930922378508	163.097144254223	0.0505084580110396	13	"spearman"	0.156065445305606	""
"s_Bacteroides_finegoldii"	"Abundance"	"synov_MMP3"	0.560599994457752	159.941602017378	0.0462698706803084	13	"spearman"	0.156065445305606	""
"s_Phocaeicola_vulgatus"	"Abundance"	"colon_TNF"	-0.404163510216292	21315.2020850833	0.00589668725384834	45	"spearman"	0.156278717904096	""
"s_Phocaeicola_vulgatus"	"Abundance"	"score_day1"	-0.402648774089973	7652.85171143489	0.0223255311291566	32	"spearman"	0.156278717904096	""
"s_Phocaeicola_vulgatus"	"Abundance"	"synov_CXCL1"	-0.664335664335664	476	0.0221592071503023	12	"spearman"	0.156278717904096	""
"s_Phocaeicola_vulgatus"	"Abundance"	"synov_IL6"	-0.664335664335664	476	0.0221592071503023	12	"spearman"	0.156278717904096	""
"s_Bacteroides_finegoldii"	"Abundance"	"score_day1"	0.327144068009289	3671.10196494132	0.0676040435865692	32	"spearman"	0.159674752980525	""
"s_Bacteroides_finegoldii"	"Abundance"	"synov_IL1b"	0.520144324754615	174.66746578932	0.0684320369916536	13	"spearman"	0.159674752980525	""
"s_Parabacteroides_sp003473295"	"Abundance"	"ileum_S100A8"	0.348869305334943	5492.93854019442	0.0343234437111649	37	"spearman"	0.160176070652103	""
"s_Bacteroides_finegoldii"	"Abundance"	"ileum_S100A8"	0.29656895620116	5934.14428548701	0.0746866923592568	37	"spearman"	0.160863645081476	""
"s_Bacteroides_sp902362375"	"Abundance"	"colon_TNF"	0.38763254542147	9295.73796050208	0.00851612888909341	45	"spearman"	0.163270440041175	""
"s_Bacteroides_sp902362375"	"Abundance"	"synov_CXCL1"	0.697600089045469	86.486374532996	0.0116621742886554	12	"spearman"	0.163270440041175	""
"s_Anaerotruncus_colihominis"	"Abundance"	"score_day1"	0.441402032483344	3047.71051077087	0.0114391501100078	32	"spearman"	0.163270440041175	""
"s_Anaerotruncus_colihominis"	"Abundance"	"synov_CXCL1"	0.697600089045469	86.486374532996	0.0116621742886554	12	"spearman"	0.163270440041175	""
"s_UBA3282_sp003611805"	"Abundance"	"synov_IL6"	0.696109232459556	86.912759516567	0.0119190491084001	12	"spearman"	0.166866687517601	""
"s_Enterocloster_asparagiformis"	"Abundance"	"synov_IL6"	0.696109232459556	86.912759516567	0.0119190491084001	12	"spearman"	0.166866687517601	""
"s_Anaerostipes_hadrus"	"Abundance"	"synov_IL6"	0.739616059488278	74.4698069863524	0.00596951924605372	12	"spearman"	0.167146538889504	""
"s_Blautia_A_sp028767025"	"Abundance"	"ileum_IL10"	0.396244337928165	4691.18149429816	0.0167379891968721	36	"spearman"	0.167379891968721	""
"s_Bacteroides_ovatus"	"Abundance"	"synov_IL6"	-0.6940217287139	484.490214412175	0.0122857447533631	12	"spearman"	0.172000426547083	""
"s_Otoolea_symbiosa"	"Abundance"	"ileum_S100A8"	0.441724618727297	4709.61111641652	0.00619937810773978	37	"spearman"	0.173582587016714	""
"s_Coprobacter_secundus"	"Abundance"	"synov_IL6"	-0.736771448844326	496.716634369477	0.00626974786455641	12	"spearman"	0.175552940207579	""
"s_Bacteroides_nordii"	"Abundance"	"synov_IL6"	-0.662829740906533	475.569305899269	0.0188162951202378	12	"spearman"	0.175618754455553	""
"s_Muricomes_contortus_B"	"Abundance"	"colon_IL1b"	-0.348628084118112	20472.1743169129	0.0189241259617302	45	"spearman"	0.176625175642816	""
"s_Muricomes_contortus_B"	"Abundance"	"colon_TNF"	-0.368193945981883	20769.184100005	0.0128273673619773	45	"spearman"	0.176625175642816	""
"s_Enterocloster_pacaense"	"Abundance"	"colon_TNF"	0.401129455477978	9090.85486584429	0.0063168419165113	45	"spearman"	0.176871573662316	""
"s_Eisenbergiella_tayi"	"Abundance"	"synov_MMP13"	-0.587912087912088	578	0.0381069702238849	13	"spearman"	0.177832527711463	""
"s_Eisenbergiella_tayi"	"Abundance"	"synov_CCL2"	-0.571428571428571	572	0.0448907229145101	13	"spearman"	0.17956289165804	""
"s_Alistipes_finegoldii"	"Abundance"	"colon_TNF"	0.290469679769521	10770.6702610987	0.0529093631434509	45	"spearman"	0.185182771002078	""
"s_Alistipes_finegoldii"	"Abundance"	"colon_IL10"	-0.333985300617971	11253.4999960132	0.0433573153445831	37	"spearman"	0.185182771002078	""
"s_Alistipes_finegoldii"	"Abundance"	"synov_CXCL1"	0.583722307296954	119.055420113071	0.0463025447197961	12	"spearman"	0.185182771002078	""
"s_Avimicrobium_caecorum"	"Abundance"	"synov_IL6"	0.688858094621436	88.9865849382694	0.0132286641980361	12	"spearman"	0.185201298772506	""
"s_CAG-267_sp001917135"	"Abundance"	"ileum_S100A8"	0.364664705073744	5359.6885479979	0.0264816065578049	37	"spearman"	0.185371245904634	""
"s_Hominimerdicola_aceti"	"Abundance"	"colon_TNF"	0.39901665058097	9122.92724418088	0.00662455089394072	45	"spearman"	0.18548742503034	""
"s_Christensenella_hongkongensis"	"Abundance"	"colon_TNF"	-0.360932128065233	20658.9497040302	0.0148586671718228	45	"spearman"	0.188044793607593	""
"s_Christensenella_hongkongensis"	"Abundance"	"synov_CCL2"	-0.590564127009295	578.965342231383	0.0335794274299273	13	"spearman"	0.188044793607593	""
"s_Christensenella_hongkongensis"	"Abundance"	"synov_MMP3"	-0.590564127009295	578.965342231383	0.0335794274299273	13	"spearman"	0.188044793607593	""
"s_Christensenella_hongkongensis"	"Abundance"	"synov_CXCL1"	-0.660884294885181	475.012908337162	0.0192937138907801	12	"spearman"	0.188044793607593	""
"s_Christensenella_hongkongensis"	"Abundance"	"synov_IL6"	-0.614989552184821	461.887011924859	0.0333149976621794	12	"spearman"	0.188044793607593	""
"s_Alistipes_shahii"	"Abundance"	"synov_CXCL1"	0.711856472313359	82.4090489183794	0.00940842559432084	12	"spearman"	0.190286722302928	""
"s_Alistipes_shahii"	"Abundance"	"synov_IL6"	0.686941495782391	89.5347322062361	0.0135919087359235	12	"spearman"	0.190286722302928	""
"s_Massiliimalia_timonensis"	"Abundance"	"ileum_TNF"	0.336362128841961	8789.21996561707	0.0274273443873618	43	"spearman"	0.191991410711533	""
"s_Massiliimalia_timonensis"	"Abundance"	"ileum_CXCL1"	0.377200163570207	6153.26238392636	0.0179252890324195	39	"spearman"	0.191991410711533	""
"s_Massiliimalia_timonensis"	"Abundance"	"score_day5"	0.418629173730561	2613.26186408113	0.021313252666911	30	"spearman"	0.191991410711533	""
"s_Duodenibacillus_intestinigallinarum"	"Abundance"	"colon_IL1b"	-0.312548699725488	19924.4892618329	0.0365884837832616	45	"spearman"	0.197320425145077	""
"s_Duodenibacillus_intestinigallinarum"	"Abundance"	"colon_IFNg"	-0.363032814625927	7436.70703659906	0.0411333011138348	32	"spearman"	0.197320425145077	""
"s_Duodenibacillus_intestinigallinarum"	"Abundance"	"synov_IL1b"	-0.609262035862309	585.77138105388	0.0270787004035192	13	"spearman"	0.197320425145077	""
"s_Duodenibacillus_intestinigallinarum"	"Abundance"	"synov_CXCL1"	-0.592647768339959	455.497261745228	0.0422829482453735	12	"spearman"	0.197320425145077	""
"s_Duodenibacillus_intestinigallinarum"	"Abundance"	"synov_IL6"	-0.64723374700285	471.108851642815	0.0228964047520301	12	"spearman"	0.197320425145077	""
"s_Enterococcus_faecalis"	"Abundance"	"Femur_Joint"	0.268819189099275	16159.095920906	0.0564643493464542	51	"spearman"	0.19762522271259	""
"s_Enterococcus_faecalis"	"Abundance"	"Femur_Inflammation"	0.270247005160357	16127.5411859561	0.0551161725133687	51	"spearman"	0.19762522271259	""
"s_Enterococcus_faecalis"	"Abundance"	"colon_IL1b"	0.308830549220387	10491.9522628345	0.0390026287428736	45	"spearman"	0.19762522271259	""
"s_Enterococcus_faecalis"	"Abundance"	"ileum_S100A8"	0.331568162941681	5638.89097742398	0.0449909565054479	37	"spearman"	0.19762522271259	""
"s_Enterococcus_faecalis"	"Abundance"	"score_day5"	0.388808728359169	2747.30476602554	0.033715288282266	30	"spearman"	0.19762522271259	""
"s_Enterococcus_faecalis"	"Abundance"	"score_day9"	0.585481064943583	232.130603631593	0.0218418636020709	15	"spearman"	0.19762522271259	""
"s_UBA3282_sp003611805"	"Abundance"	"score_day1"	0.387839852074997	3339.94576707882	0.0282839448342099	32	"spearman"	0.197987613839469	""
"s_UBA3282_sp003611805"	"Abundance"	"synov_CXCL1"	0.630848991916473	105.577188311889	0.0278387856885029	12	"spearman"	0.197987613839469	""
"s_Barnesiella_intestinihominis"	"Abundance"	"colon_TNF"	0.395961652541647	9169.30211441779	0.00709243190750801	45	"spearman"	0.198588093410224	""
"s_UBA3282_sp003611805"	"Abundance"	"synov_IL1b"	0.583717520002402	151.526822719126	0.0362228373301427	13	"spearman"	0.202847889048799	""
"s_CAG-267_sp001917135"	"Abundance"	"Femur_Joint"	0.28374255844775	15829.2894583047	0.0436150438951152	51	"spearman"	0.203625700517971	""
"s_CAG-267_sp001917135"	"Abundance"	"synov_IL1b"	0.560599994457752	159.941602017378	0.0462698706803084	13	"spearman"	0.203625700517971	""
"s_CAG-267_sp001917135"	"Abundance"	"synov_MMP13"	0.549041231685427	164.148991666504	0.0519810569019307	13	"spearman"	0.203625700517971	""
"s_CAG-267_sp001917135"	"Abundance"	"synov_MMP3"	0.537482468913102	168.356381315631	0.0581787715765633	13	"spearman"	0.203625700517971	""
"s_Coprobacillus_cateniformis"	"Abundance"	"Femur_Inflammation"	0.27556199921041	16010.0798174499	0.0503244206702271	51	"spearman"	0.209094836323933	""
"s_Coprobacillus_cateniformis"	"Abundance"	"Patella_Joint"	0.291217762978023	10759.3143579936	0.0522737090809833	45	"spearman"	0.209094836323933	""
"s_Coprobacillus_cateniformis"	"Abundance"	"ileum_TNF"	0.300018977812092	9270.54865785665	0.0506215484370714	43	"spearman"	0.209094836323933	""
"s_Coprobacillus_cateniformis"	"Abundance"	"ileum_IL10"	-0.362619275962129	10587.5517742257	0.0297416912171556	36	"spearman"	0.209094836323933	""
"s_Coprobacillus_cateniformis"	"Abundance"	"colon_IFNg"	0.352282402447642	3533.94721224566	0.0479927940837006	32	"spearman"	0.209094836323933	""
"s_Coprobacillus_cateniformis"	"Abundance"	"score_day5"	0.396326591064804	2713.51197316371	0.0301431565870716	30	"spearman"	0.209094836323933	""
"s_Coprobacillus_cateniformis"	"Abundance"	"score_day9"	0.585481064943583	232.130603631593	0.0218418636020709	15	"spearman"	0.209094836323933	""
"s_Bacteroides_eggerthii"	"Abundance"	"colon_TNF"	-0.374436909408775	20863.9522848252	0.0112753222483532	45	"spearman"	0.211203968155145	""
"s_Bacteroides_eggerthii"	"Abundance"	"colon_IFNg"	-0.404052112654285	7660.50832664178	0.0218191868075146	32	"spearman"	0.211203968155145	""
"s_Bacteroides_eggerthii"	"Abundance"	"synov_CXCL1"	-0.623839756147325	464.418170258135	0.030171995450735	12	"spearman"	0.211203968155145	""
"s_Bacteroides_eggerthii"	"Abundance"	"synov_IL6"	-0.64723374700285	471.108851642815	0.0228964047520301	12	"spearman"	0.211203968155145	""
"s_Blautia_celeris"	"Abundance"	"synov_CXCL1"	0.623597854078352	107.651013733591	0.0302549487275087	12	"spearman"	0.211784641092561	""
"s_Enterococcus_B_faecium"	"Abundance"	"ileum_IL10"	-0.401773806677297	10891.7824778826	0.0151447398582968	36	"spearman"	0.212026358016156	""
"s_Phocaeicola_vulgatus"	"Abundance"	"synov_IL1b"	-0.587912087912088	578	0.0381069702238849	13	"spearman"	0.213399033253755	""
"s_Bacteroides_intestinalis"	"Abundance"	"colon_IL1b"	-0.302306671190363	19769.0152686697	0.0435530941568256	45	"spearman"	0.213994273878342	""
"s_Bacteroides_intestinalis"	"Abundance"	"colon_IFNg"	-0.358575130765403	7412.38591345604	0.0438751269514058	32	"spearman"	0.213994273878342	""
"s_Bacteroides_intestinalis"	"Abundance"	"synov_IL1b"	-0.561476778147618	568.377547245733	0.0458559158310733	13	"spearman"	0.213994273878342	""
"s_Bacteroides_intestinalis"	"Abundance"	"synov_CXCL1"	-0.616041759195484	462.187943129908	0.0329295532197527	12	"spearman"	0.213994273878342	""
"s_Bacteroides_intestinalis"	"Abundance"	"synov_IL6"	-0.623839756147325	464.418170258135	0.030171995450735	12	"spearman"	0.213994273878342	""
"s_Alistipes_finegoldii"	"Abundance"	"Femur_Inflammation"	0.250390241611889	16566.3756603773	0.0763674468488809	51	"spearman"	0.21431179575557	""
"s_Alistipes_finegoldii"	"Abundance"	"ileum_IL1b"	0.269798174872752	10361.5638985557	0.0765399270555608	44	"spearman"	0.21431179575557	""
"s_Enterocloster_pacaense"	"Abundance"	"Femur_Inflammation"	0.302979870347346	15404.1448653237	0.0306839120255522	51	"spearman"	0.214787384178865	""
"s_Enterocloster_pacaense"	"Abundance"	"ileum_S100A8"	0.376806648112761	5257.25911652074	0.0215151674363483	37	"spearman"	0.214787384178865	""
"s_Enterocloster_pacaense"	"Abundance"	"score_day5"	0.409788282416691	2653.00167053697	0.02451692324927	30	"spearman"	0.214787384178865	""
"s_Anaerostipes_caccae"	"Abundance"	"colon_IL1b"	-0.359012762769022	20629.8137388337	0.0154391137906855	45	"spearman"	0.216147593069597	""
"s_Hungatella_effluvii"	"Abundance"	"colon_IFNg"	0.412795542588683	3203.78751963615	0.0188735714092809	32	"spearman"	0.218671141552763	""
"s_Hungatella_effluvii"	"Abundance"	"synov_IL6"	0.645351267592713	101.429537468484	0.0234290508806532	12	"spearman"	0.218671141552763	""
"s_Enterocloster_sp005845215"	"Abundance"	"colon_TNF"	0.391455864896032	9237.69997087823	0.00783463557088045	45	"spearman"	0.219369795984653	""
"s_Duodenibacillus_intestinigallinarum"	"Abundance"	"ileum_S100A8"	-0.316272749237508	11104.0769125676	0.0565129943258952	37	"spearman"	0.226051977303581	""
"s_Akkermansia_sp004167605"	"Abundance"	"synov_IL6"	0.674355818945195	93.1342357816743	0.0161631236320451	12	"spearman"	0.226283730848632	""
"s_Enterococcus_faecalis"	"Abundance"	"colon_IFNg"	0.32043257054435	3707.71989511003	0.0737752601244146	32	"spearman"	0.229523031498179	""
"s_Bacteroides_cellulosilyticus"	"Abundance"	"synov_CXCL1"	0.616346716240232	109.724839155294	0.0328184415966935	12	"spearman"	0.229729091176855	""
"s_Odoribacter_splanchnicus"	"Abundance"	"colon_TNF"	0.38888912198365	9276.66312828819	0.00828671879858283	45	"spearman"	0.232028126360319	""
"s_Coprobacillus_cateniformis"	"Abundance"	"Femur_Joint"	0.259001589497382	16376.0648721079	0.0664698830496485	51	"spearman"	0.23264459067377	""
"s_Bacteroides_finegoldii"	"Abundance"	"synov_MMP13"	0.456571129506829	197.808108859514	0.116806127400998	13	"spearman"	0.233612254801995	""
"s_UBA7173_sp001689485"	"Abundance"	"synov_CXCL1"	0.718975037036492	80.3731394075632	0.0084132642319011	12	"spearman"	0.235571398493231	""
"s_Parasutterella_gallistercoris"	"Abundance"	"colon_IL1b"	-0.350960156879461	20507.5751814302	0.0180886388700829	45	"spearman"	0.236784510174092	""
"s_Parasutterella_gallistercoris"	"Abundance"	"colon_IFNg"	-0.388893759866414	7577.80435383115	0.0278209021649442	32	"spearman"	0.236784510174092	""
"s_Parasutterella_gallistercoris"	"Abundance"	"synov_IL1b"	-0.585369407004964	577.074464149807	0.0355716655988023	13	"spearman"	0.236784510174092	""
"s_Parasutterella_gallistercoris"	"Abundance"	"synov_IL6"	-0.592647768339959	455.497261745228	0.0422829482453735	12	"spearman"	0.236784510174092	""
"s_Bacteroides_cellulosilyticus"	"Abundance"	"Femur_Joint"	0.247108185477689	16638.9091009431	0.0804328313196306	51	"spearman"	0.237623841699253	""
"s_Bacteroides_cellulosilyticus"	"Abundance"	"Femur_Inflammation"	0.236791917376538	16866.8986259785	0.0943279982669081	51	"spearman"	0.237623841699253	""
"s_Bacteroides_cellulosilyticus"	"Abundance"	"ileum_S100A8"	0.309679873805102	5823.54058458016	0.0621531006744748	37	"spearman"	0.237623841699253	""
"s_Bacteroides_cellulosilyticus"	"Abundance"	"score_day1"	0.349728933988854	3547.87893615681	0.0497490822747659	32	"spearman"	0.237623841699253	""
"s_Bacteroides_cellulosilyticus"	"Abundance"	"synov_IL1b"	0.520144324754615	174.66746578932	0.0684320369916536	13	"spearman"	0.237623841699253	""
"s_Bacteroides_cellulosilyticus"	"Abundance"	"synov_MMP13"	0.491247417823803	185.185939912136	0.0882326763742368	13	"spearman"	0.237623841699253	""
"s_Bacteroides_cellulosilyticus"	"Abundance"	"synov_MMP3"	0.473909273665316	191.497024385825	0.10183878929968	13	"spearman"	0.237623841699253	""
"s_Bacteroides_cellulosilyticus"	"Abundance"	"synov_IL17"	-0.550268751543036	255.794344004601	0.0993224803649861	10	"spearman"	0.237623841699253	""
"s_Parasutterella_excrementihominis"	"Abundance"	"synov_IL6"	-0.670627737858375	477.799533027495	0.0169890574526987	12	"spearman"	0.237846804337782	""
"s_Duodenibacillus_intestinigallinarum"	"Abundance"	"synov_MMP13"	-0.519664677647264	553.157942663604	0.0687325402320419	13	"spearman"	0.240563890812147	""
"s_Odoribacter_splanchnicus"	"Abundance"	"synov_CXCL1"	0.669002777263121	94.6652057027475	0.0173585858460833	12	"spearman"	0.243020201845166	""
"s_CAG-267_sp001917135"	"Abundance"	"ileum_CXCL1"	0.277824347123868	7135.09545041618	0.0868121597924725	39	"spearman"	0.243315574645856	""
"s_CAG-267_sp001917135"	"Abundance"	"colon_IFNg"	0.307492088300487	3778.32316623254	0.0868984195163771	32	"spearman"	0.243315574645856	""
"s_Fournierella_sp900543285"	"Abundance"	"Femur_Joint"	0.254244130333681	16481.2047196257	0.0718029250584368	51	"spearman"	0.244297939926683	""
"s_Fournierella_sp900543285"	"Abundance"	"Femur_Inflammation"	0.248632246221171	16605.2273585121	0.0785243378335766	51	"spearman"	0.244297939926683	""
"s_Fournierella_sp900543285"	"Abundance"	"colon_IL1b"	0.289639795220542	10783.2679085522	0.0536217981299812	45	"spearman"	0.244297939926683	""
"s_Fournierella_sp900543285"	"Abundance"	"ileum_S100A8"	0.31713449841898	5760.65337133749	0.0558069085887102	37	"spearman"	0.244297939926683	""
"s_Fournierella_sp900543285"	"Abundance"	"synov_MMP3"	0.514364943368453	176.771160613883	0.072114743373222	13	"spearman"	0.244297939926683	""
"s_Christensenella_hongkongensis"	"Abundance"	"colon_CCL2"	-0.28450660153285	18227.1486757511	0.0612395584728688	44	"spearman"	0.2465287158464	""
"s_Christensenella_hongkongensis"	"Abundance"	"score_day1"	-0.334110746369819	7278.90823219373	0.0616321789616001	32	"spearman"	0.2465287158464	""
"s_Fusicatenibacter_saccharivorans"	"Abundance"	"synov_CXCL1"	0.715957986125613	81.2360159680748	0.00882491661043278	12	"spearman"	0.247097665092118	""
"s_Mediterraneibacter_faecis"	"Abundance"	"synov_CXCL1"	0.715957986125613	81.2360159680748	0.00882491661043278	12	"spearman"	0.247097665092118	""
"s_Parasutterella_gallistercoris"	"Abundance"	"synov_MMP13"	-0.537584149290273	559.680630341659	0.0581220707809909	13	"spearman"	0.247280268388706	""
"s_Parasutterella_gallistercoris"	"Abundance"	"synov_CXCL1"	-0.553657783580751	444.346126104095	0.0618200670971765	12	"spearman"	0.247280268388706	""
"s_Enterocloster_asparagiformis"	"Abundance"	"Femur_Joint"	0.283666119180926	15830.9787661015	0.0436741641423282	51	"spearman"	0.247714694531307	""
"s_Enterocloster_asparagiformis"	"Abundance"	"ileum_S100A8"	0.309932958084823	5821.40556559643	0.0619286736328268	37	"spearman"	0.247714694531307	""
"s_Enterocloster_asparagiformis"	"Abundance"	"colon_IFNg"	0.349318676998396	3550.11729829675	0.0500359659805742	32	"spearman"	0.247714694531307	""
"s_Enterocloster_asparagiformis"	"Abundance"	"score_day5"	0.353513741727294	2905.95573093581	0.0553144837566398	30	"spearman"	0.247714694531307	""
"s_Enterocloster_asparagiformis"	"Abundance"	"synov_CXCL1"	0.616346716240232	109.724839155294	0.0328184415966935	12	"spearman"	0.247714694531307	""
"s_UBA11524_sp000437595"	"Abundance"	"score_day1"	0.45519884060489	2972.43512565972	0.00884982111454348	32	"spearman"	0.247794991207217	""
"s_Collinsella_intestinalis"	"Abundance"	"synov_IL6"	0.667104681107074	95.2080612033767	0.0177976558062859	12	"spearman"	0.249167181288003	""
"s_Parasutterella_gallistercoris"	"Abundance"	"ileum_S100A8"	-0.299588073560122	10963.3249885532	0.0716388591711614	37	"spearman"	0.250736007099065	""
"s_Coprobacter_secundus"	"Abundance"	"synov_CCL2"	-0.635159099276066	595.197912136488	0.0196699327934076	13	"spearman"	0.251764306270964	""
"s_Coprobacter_secundus"	"Abundance"	"synov_CXCL1"	-0.633552260358889	467.195946462642	0.0269747471004604	12	"spearman"	0.251764306270964	""
"s_Massiliimalia_timonensis"	"Abundance"	"Patella_Joint"	0.300352608240288	10620.6474069124	0.0449972689570092	45	"spearman"	0.251984706159252	""
"s_Parabacteroides_sp003473295"	"Abundance"	"Femur_Joint"	0.222786008508938	17176.4292119525	0.116092413752273	51	"spearman"	0.252121384007278	""
"s_Parabacteroides_sp003473295"	"Abundance"	"Femur_Inflammation"	0.234180405567529	16924.6130369576	0.0981252605611163	51	"spearman"	0.252121384007278	""
"s_Parabacteroides_sp003473295"	"Abundance"	"colon_IFNg"	0.28821171818727	3883.51686557026	0.109673915862108	32	"spearman"	0.252121384007278	""
"s_Parabacteroides_sp003473295"	"Abundance"	"score_day9"	0.422097743060913	323.625263885889	0.117056356860522	15	"spearman"	0.252121384007278	""
"s_Parabacteroides_sp003473295"	"Abundance"	"synov_CCL2"	0.471019582972235	192.548871798106	0.104237441026836	13	"spearman"	0.252121384007278	""
"s_Parabacteroides_sp003473295"	"Abundance"	"synov_IL1b"	0.468129892279154	193.600719210388	0.106674152213936	13	"spearman"	0.252121384007278	""
"s_Parabacteroides_sp003473295"	"Abundance"	"synov_MMP3"	0.479688655051479	189.393329561262	0.0971547208097372	13	"spearman"	0.252121384007278	""
"s_Barnesiella_intestinihominis"	"Abundance"	"colon_IL1b"	0.313408515821109	10422.4587298356	0.0360480664748908	45	"spearman"	0.252336465324236	""
"s_Barnesiella_intestinihominis"	"Abundance"	"score_day5"	0.38780178032213	2751.83099745202	0.0342186816485356	30	"spearman"	0.252336465324236	""
"s_Barnesiella_intestinihominis"	"Abundance"	"synov_IL6"	0.615755848551055	109.893827314398	0.0330339699851744	12	"spearman"	0.252336465324236	""
"uc_g_Dialister"	"Abundance"	"synov_IL6"	0.714536997705113	81.6424186563376	0.00902392513944253	12	"spearman"	0.252669903904391	""
"s_Blautia_pseudococcoides"	"Abundance"	"colon_IL1b"	-0.304838370734727	19807.4464677532	0.0417383948390864	45	"spearman"	0.253934411366005	""
"s_Blautia_pseudococcoides"	"Abundance"	"ileum_S100A8"	-0.385219717845529	11685.7135397449	0.0185500295953557	37	"spearman"	0.253934411366005	""
"s_Blautia_pseudococcoides"	"Abundance"	"colon_IFNg"	-0.350102342005684	7366.15837798301	0.0494891052605885	32	"spearman"	0.253934411366005	""
"s_Blautia_pseudococcoides"	"Abundance"	"synov_IL1b"	-0.513691520432927	550.983713437585	0.0725526889617158	13	"spearman"	0.253934411366005	""
"s_Blautia_pseudococcoides"	"Abundance"	"synov_MMP13"	-0.513691520432927	550.983713437585	0.0725526889617158	13	"spearman"	0.253934411366005	""
"s_Blautia_pseudococcoides"	"Abundance"	"synov_CXCL1"	-0.561455780532593	446.576353232322	0.0574918287668379	12	"spearman"	0.253934411366005	""
"s_Blautia_pseudococcoides"	"Abundance"	"synov_IL6"	-0.553657783580751	444.346126104095	0.0618200670971765	12	"spearman"	0.253934411366005	""
"s_Enterococcus_B_hirae"	"Abundance"	"colon_IL1b"	-0.3417873969576	20368.3326858164	0.0215648446053615	45	"spearman"	0.255209512972123	""
"s_Enterococcus_B_hirae"	"Abundance"	"synov_CXCL1"	-0.632389843979487	466.863495378133	0.0273438763898703	12	"spearman"	0.255209512972123	""
"s_Parabacteroides_sp003473295"	"Abundance"	"score_day1"	0.274541737727297	3958.10027895987	0.128349347363479	32	"spearman"	0.256698694726958	""
"s_Bacteroides_sp902362375"	"Abundance"	"synov_CCL2"	0.59448753459792	147.606537406357	0.0321296768485538	13	"spearman"	0.257925942160519	""
"s_Bacteroides_sp902362375"	"Abundance"	"synov_MMP3"	0.561047610776787	159.778669677249	0.0460582039572355	13	"spearman"	0.257925942160519	""
"s_Bacteroides_sp902362375"	"Abundance"	"synov_IL6"	0.587452706564605	117.988525922523	0.0445911324005284	12	"spearman"	0.257925942160519	""
"s_Anaerotruncus_colihominis"	"Abundance"	"synov_CCL2"	0.59448753459792	147.606537406357	0.0321296768485538	13	"spearman"	0.257925942160519	""
"s_Anaerotruncus_colihominis"	"Abundance"	"synov_MMP3"	0.561047610776787	159.778669677249	0.0460582039572355	13	"spearman"	0.257925942160519	""
"s_Anaerotruncus_colihominis"	"Abundance"	"synov_IL6"	0.587452706564605	117.988525922523	0.0445911324005284	12	"spearman"	0.257925942160519	""
"s_Bacteroides_intestinalis"	"Abundance"	"synov_MMP13"	-0.5256378348616	555.332171889622	0.0650558287432006	13	"spearman"	0.260223314972802	""
"s_Enterocloster_asparagiformis"	"Abundance"	"colon_IL1b"	0.268624779245413	11102.2758510546	0.0743852646313247	45	"spearman"	0.260348426209637	""
"s_Coprobacter_secundus"	"Abundance"	"synov_MMP3"	-0.579443388813253	574.917393528024	0.0379478949790573	13	"spearman"	0.265635264853401	""
"s_Fournierella_sp900543285"	"Abundance"	"score_day1"	0.298877258721451	3825.32567641577	0.0965795863563804	32	"spearman"	0.270422841797865	""
"uc_uc_k"	"Abundance"	"colon_TNF"	0.325768306115658	10234.8371131643	0.0289783310347264	45	"spearman"	0.27046442299078	""
"uc_uc_k"	"Abundance"	"synov_CXCL1"	0.699300699300699	85.9999999999999	0.0145393118705073	12	"spearman"	0.27046442299078	""
"uc_uc_k"	"Abundance"	"synov_IL6"	0.664335664335664	96	0.0221592071503023	12	"spearman"	0.27046442299078	""
"s_Bifidobacterium_bifidum"	"Abundance"	"score_day1"	0.385924233090152	3350.39738426013	0.0291417112665969	32	"spearman"	0.271989305154905	""
"s_Alistipes_putredinis"	"Abundance"	"synov_IL6"	-0.709617722617583	488.950668668629	0.00973880859217063	12	"spearman"	0.272686640580778	""
"s_CAG-267_sp001917135"	"Abundance"	"colon_IL1b"	0.243307108358065	11486.5980951246	0.107282005902883	45	"spearman"	0.273081469570976	""
"s_Christensenella_hongkongensis"	"Abundance"	"colon_IL1b"	-0.260760087049181	19138.3381214066	0.0836159296764475	45	"spearman"	0.273648313319827	""
"s_Christensenella_hongkongensis"	"Abundance"	"ileum_S100A8"	-0.284443908655582	10835.5688134185	0.0879583864242302	37	"spearman"	0.273648313319827	""
"s_Bacteroides_fragilis"	"Abundance"	"synov_IL6"	0.659853543268954	97.2818866250791	0.01955022353071	12	"spearman"	0.27370312942994	""
"s_Bacteroides_nordii"	"Abundance"	"colon_IL1b"	-0.308675332061555	19865.6915406944	0.0391061797123497	45	"spearman"	0.273743257986448	""
"s_CAG-267_sp001917135"	"Abundance"	"Femur_Inflammation"	0.205991870222762	17547.579668077	0.146999655713116	51	"spearman"	0.27439935733115	""
"s_CAG-267_sp001917135"	"Abundance"	"score_day5"	0.280753340418277	3233.01373481984	0.132885166820817	30	"spearman"	0.27439935733115	""
"s_CAG-267_sp001917135"	"Abundance"	"synov_CCL2"	0.430563913269098	207.274735570048	0.141913105567733	13	"spearman"	0.27439935733115	""
"s_CAG-267_sp001917135"	"Abundance"	"synov_IL17"	-0.512750427574192	249.603820549742	0.129645690800727	10	"spearman"	0.27439935733115	""
"s_Hungatella_effluvii"	"Abundance"	"colon_IL1b"	0.30853396216994	10496.4544542603	0.0392006885169289	45	"spearman"	0.274404819618502	""
"s_Alistipes_shahii"	"Abundance"	"colon_TNF"	0.3040658926077	10564.2797502151	0.0422854337221015	45	"spearman"	0.277787366613555	""
"s_Alistipes_shahii"	"Abundance"	"score_day5"	0.336028594886058	2984.55146598717	0.0694468416533888	30	"spearman"	0.277787366613555	""
"s_Alistipes_shahii"	"Abundance"	"synov_IL1b"	0.52372767835044	173.36312508044	0.0662161643389413	13	"spearman"	0.277787366613555	""
"s_Alistipes_shahii"	"Abundance"	"synov_MMP13"	0.554371319104987	162.208839845785	0.0492882675336615	13	"spearman"	0.277787366613555	""
"s_Alistipes_shahii"	"Abundance"	"synov_IL17"	-0.600293183501493	264.048375277746	0.0665200154554157	10	"spearman"	0.277787366613555	""
"s_Paramuribaculum_sp910588065"	"Abundance"	"colon_IL1b"	-0.317767841015262	20003.7158266117	0.0334081588536549	45	"spearman"	0.281369081003518	""
"s_Paramuribaculum_sp910588065"	"Abundance"	"ileum_IL1b"	-0.310556539378992	18596.7972937879	0.0401955830005025	44	"spearman"	0.281369081003518	""
"s_Paramuribaculum_sp910588065"	"Abundance"	"ileum_S100A8"	-0.352427898115702	11409.0817485041	0.0324089891008915	37	"spearman"	0.281369081003518	""
"s_Paramuribaculum_sp910588065"	"Abundance"	"synov_CXCL1"	-0.615748005980027	462.103929710288	0.0330368374927039	12	"spearman"	0.281369081003518	""
"s_Anaerostipes_hadrus"	"Abundance"	"colon_TNF"	0.330724125556694	10159.6077740494	0.0264874137643693	45	"spearman"	0.282379521456748	""
"s_Anaerostipes_hadrus"	"Abundance"	"synov_CXCL1"	0.623597854078352	107.651013733591	0.0302549487275087	12	"spearman"	0.282379521456748	""
"s_Tidjanibacter_inops"	"Abundance"	"colon_IL1b"	0.336721735770424	10068.564051005	0.0237140012620677	45	"spearman"	0.282379521456748	""
"s_Tidjanibacter_inops"	"Abundance"	"synov_IL6"	0.623597854078352	107.651013733591	0.0302549487275087	12	"spearman"	0.282379521456748	""
"s_Coprobacter_secundus"	"Abundance"	"colon_IL10"	0.323878059466236	5703.76469034283	0.0505210384874679	37	"spearman"	0.28291781552982	""
"s_Blautia_celeris"	"Abundance"	"Femur_Joint"	0.221268773934835	17209.9600960401	0.118662461825958	51	"spearman"	0.283355967773252	""
"s_Blautia_celeris"	"Abundance"	"Femur_Inflammation"	0.234479671871148	16917.9992516476	0.0976842045562088	51	"spearman"	0.283355967773252	""
"s_Blautia_celeris"	"Abundance"	"colon_IL1b"	0.273907537049442	11022.0835875895	0.0686498036858345	45	"spearman"	0.283355967773252	""
"s_Blautia_celeris"	"Abundance"	"colon_CCL2"	0.219739470190817	11071.8969179923	0.151797839878528	44	"spearman"	0.283355967773252	""
"s_Blautia_celeris"	"Abundance"	"ileum_S100A8"	0.267040074856388	6183.24992851151	0.110096840092992	37	"spearman"	0.283355967773252	""
"s_Blautia_celeris"	"Abundance"	"score_day5"	0.279446501077823	3238.88797765518	0.134775657659834	30	"spearman"	0.283355967773252	""
"s_Blautia_celeris"	"Abundance"	"synov_CCL2"	0.424784531882936	209.378430394611	0.147937183486643	13	"spearman"	0.283355967773252	""
"s_Blautia_celeris"	"Abundance"	"synov_IL1b"	0.445012366734504	202.01549850864	0.127564632253034	13	"spearman"	0.283355967773252	""
"s_Blautia_celeris"	"Abundance"	"synov_MMP13"	0.427674222576017	208.32658298233	0.144904644404321	13	"spearman"	0.283355967773252	""
"s_Blautia_celeris"	"Abundance"	"synov_MMP3"	0.491247417823803	185.185939912136	0.0882326763742368	13	"spearman"	0.283355967773252	""
"s_Blautia_celeris"	"Abundance"	"synov_IL17"	-0.550268751543036	255.794344004601	0.0993224803649861	10	"spearman"	0.283355967773252	""
"s_Hungatella_hathewayi"	"Abundance"	"ileum_S100A8"	-0.336883230956631	11277.9469363501	0.0414622486609816	37	"spearman"	0.290235740626871	""
"s_Hungatella_hathewayi"	"Abundance"	"synov_IL1b"	-0.5913425642193	579.248693375825	0.0332880607767975	13	"spearman"	0.290235740626871	""
"s_Hungatella_hathewayi"	"Abundance"	"synov_IL6"	-0.655031743954692	473.339078771042	0.0207833797307009	12	"spearman"	0.290235740626871	""
"s_Bacteroides_xylanisolvens"	"Abundance"	"colon_S100A8"	0.317580608025138	6236.63082325827	0.0520245040901816	38	"spearman"	0.291337222905017	""
"s_Fournierella_sp900543285"	"Abundance"	"colon_IFNg"	0.276633747572482	3946.68627324454	0.125348841531795	32	"spearman"	0.292480630240856	""
"s_Fournierella_sp900543285"	"Abundance"	"synov_CCL2"	0.453681438813748	198.859956271796	0.119436496946119	13	"spearman"	0.292480630240856	""
"s_Alistipes_finegoldii"	"Abundance"	"score_day9"	0.413345867971475	328.526313935974	0.125659445098102	15	"spearman"	0.293205371895572	""
"s_Alistipes_finegoldii"	"Abundance"	"synov_IL6"	0.473384554088384	150.612017530722	0.120074698350944	12	"spearman"	0.293205371895572	""
"s_Alistipes_timonensis"	"Abundance"	"synov_CCL2"	-0.570087712549569	571.511927368043	0.0419308600844572	13	"spearman"	0.2935160205912	""
"s_Alistipes_timonensis"	"Abundance"	"synov_CXCL1"	-0.619908465479892	463.293821127249	0.0315405436993689	12	"spearman"	0.2935160205912	""
"s_Paramuribaculum_sp910588065"	"Abundance"	"ileum_IFNg"	-0.330398656697497	9499.04640882013	0.0525613966565378	35	"spearman"	0.294343821276611	""
"s_Enterococcus_B_hirae"	"Abundance"	"colon_TNF"	-0.304156770995722	19797.0997837151	0.0422207751567993	45	"spearman"	0.295545426097595	""
"s_Enterococcus_B_hirae"	"Abundance"	"Femur_Inflammation"	-0.258184486615721	27805.8771542074	0.0673626481583058	51	"spearman"	0.295598698247084	""
"s_Enterococcus_B_hirae"	"Abundance"	"colon_IFNg"	-0.323152829468865	7219.12183758213	0.0712233687323568	32	"spearman"	0.295598698247084	""
"s_Enterococcus_B_hirae"	"Abundance"	"score_day1"	-0.288142386224995	7028.10485924357	0.109763180887974	32	"spearman"	0.295598698247084	""
"s_Enterococcus_B_hirae"	"Abundance"	"synov_CCL2"	-0.457323110067237	530.465612064474	0.11612806002564	13	"spearman"	0.295598698247084	""
"s_Enterococcus_B_hirae"	"Abundance"	"synov_MMP13"	-0.504308361101542	547.568243440961	0.0788495643339272	13	"spearman"	0.295598698247084	""
"s_Enterococcus_B_hirae"	"Abundance"	"synov_MMP3"	-0.46045546013619	531.605787489573	0.113332043753999	13	"spearman"	0.295598698247084	""
"s_Enterococcus_B_hirae"	"Abundance"	"synov_IL6"	-0.503415599483671	429.97686145233	0.0952192058666825	12	"spearman"	0.295598698247084	""
"uc_g_Dialister"	"Abundance"	"colon_TNF"	0.342144905697084	9986.24033151826	0.0214195573671259	45	"spearman"	0.299873803139762	""
"s_Enterococcus_faecalis"	"Abundance"	"Patella_Joint"	0.243272677442545	11487.1207564222	0.107333278798784	45	"spearman"	0.300533180636596	""
"s_Bifidobacterium_bifidum"	"Abundance"	"synov_CCL2"	0.540372159606184	167.304533903349	0.0565826049109538	13	"spearman"	0.302789271753353	""
"s_Bifidobacterium_bifidum"	"Abundance"	"synov_IL1b"	0.525923706140778	172.563770964757	0.0648834153757185	13	"spearman"	0.302789271753353	""
"s_Bifidobacterium_bifidum"	"Abundance"	"synov_MMP3"	0.566379375843914	157.837907192815	0.043590197866946	13	"spearman"	0.302789271753353	""
"s_Anaerostipes_caccae"	"Abundance"	"ileum_IFNg"	-0.303302229178608	9305.57791633526	0.0765304579204989	35	"spearman"	0.306121831681996	""
"s_Anaerostipes_caccae"	"Abundance"	"synov_IL1b"	-0.531610992075936	557.506401115641	0.0615199060700306	13	"spearman"	0.306121831681996	""
"s_Anaerostipes_caccae"	"Abundance"	"synov_MMP13"	-0.507718363218591	548.809484211567	0.0765188669159634	13	"spearman"	0.306121831681996	""
"s_Anaerostipes_caccae"	"Abundance"	"synov_CXCL1"	-0.577051774436276	451.036807488775	0.0494774473452526	12	"spearman"	0.306121831681996	""
"s_Anaerostipes_caccae"	"Abundance"	"synov_IL6"	-0.569253777484434	448.806580360548	0.0533794042068554	12	"spearman"	0.306121831681996	""
"s_Bacteroides_cellulosilyticus"	"Abundance"	"colon_IFNg"	0.264902078615646	4010.69425907303	0.142862210406584	32	"spearman"	0.30770322241418	""
"s_Phocaeicola_vulgatus"	"Abundance"	"colon_IL1b"	-0.266346058973833	19223.1331752228	0.0769729616515728	45	"spearman"	0.307891846606291	""
"s_Phocaeicola_vulgatus"	"Abundance"	"synov_MMP13"	-0.527472527472527	556	0.0673418377599845	13	"spearman"	0.307891846606291	""
"s_Christensenella_hongkongensis"	"Abundance"	"colon_CXCL1"	-0.270551962144125	9872.18874585985	0.110500349142364	36	"spearman"	0.30940097759862	""
"s_Butyricimonas_virosa"	"Abundance"	"Femur_Joint"	0.269422935796202	16145.7531189039	0.0558910680329363	51	"spearman"	0.31010063424188	""
"s_Butyricimonas_virosa"	"Abundance"	"Femur_Inflammation"	0.233136920954767	16947.6740468997	0.0996752038634615	51	"spearman"	0.31010063424188	""
"s_Butyricimonas_virosa"	"Abundance"	"colon_IL1b"	0.266336176227347	11137.0168448689	0.0769843365470769	45	"spearman"	0.31010063424188	""
"s_Butyricimonas_virosa"	"Abundance"	"ileum_S100A8"	0.277392664723077	6095.91548039612	0.0964724339942526	37	"spearman"	0.31010063424188	""
"s_Butyricimonas_virosa"	"Abundance"	"score_day5"	0.343195933957826	2952.33427685957	0.0633490320338856	30	"spearman"	0.31010063424188	""
"s_Butyricimonas_virosa"	"Abundance"	"synov_MMP3"	0.491247417823803	185.185939912136	0.0882326763742368	13	"spearman"	0.31010063424188	""
"s_Clostridium_AQ_innocuum"	"Abundance"	"colon_TNF"	-0.352251391870662	20527.1761285966	0.0176395944353153	45	"spearman"	0.310350195584866	""
"s_Clostridium_AQ_innocuum"	"Abundance"	"score_day1"	-0.357848312788927	7408.42039457639	0.0443357422264094	32	"spearman"	0.310350195584866	""
"s_Clostridium_AQ_innocuum"	"Abundance"	"synov_IL1b"	-0.637362637362637	596	0.0222885067534625	13	"spearman"	0.310350195584866	""
"s_Clostridium_AQ_innocuum"	"Abundance"	"synov_MMP13"	-0.582417582417582	576	0.0402766973377867	13	"spearman"	0.310350195584866	""
"s_Caecibacter_massiliensis"	"Abundance"	"colon_TNF"	0.369204346735827	9575.47801655015	0.0125644572087904	45	"spearman"	0.310439135799763	""
"s_Caecibacter_massiliensis"	"Abundance"	"colon_IFNg"	0.403065348550679	3256.8754583075	0.0221742239856973	32	"spearman"	0.310439135799763	""
"s_Eisenbergiella_tayi"	"Abundance"	"synov_MMP3"	-0.494505494505495	544	0.0888742939549121	13	"spearman"	0.311060028842192	""
"s_Phocaeicola_dorei"	"Abundance"	"colon_TNF"	0.301089004922094	10609.4689052826	0.0444485198021446	45	"spearman"	0.311139638615012	""
"s_Phocaeicola_dorei"	"Abundance"	"colon_IFNg"	0.393112493971254	3311.17823289284	0.0260290257183	32	"spearman"	0.311139638615012	""
"s_Phocaeicola_dorei"	"Abundance"	"score_day5"	0.373914835812593	2814.25281302239	0.0418006851307749	30	"spearman"	0.311139638615012	""
"s_Phocaeicola_dorei"	"Abundance"	"synov_IL1b"	0.63899941406655	131.404213279776	0.0187157570091788	13	"spearman"	0.311139638615012	""
"s_Enterocloster_pacaense"	"Abundance"	"Femur_Joint"	0.267143467989533	16196.1293574313	0.0580803945156921	51	"spearman"	0.313241471636151	""
"s_Enterocloster_pacaense"	"Abundance"	"colon_IL1b"	0.255706777285707	11298.371120803	0.090003644023057	45	"spearman"	0.313241471636151	""
"s_Enterocloster_pacaense"	"Abundance"	"colon_IFNg"	0.306480196372227	3783.84404859313	0.0879953976518037	32	"spearman"	0.313241471636151	""
"s_Enterocloster_pacaense"	"Abundance"	"synov_IL6"	0.496399989524779	144.029602995913	0.100684758740191	12	"spearman"	0.313241471636151	""
"s_Enterocloster_pacaense"	"Abundance"	"synov_IL17"	-0.549531956259951	255.672772782892	0.0998696630009896	10	"spearman"	0.313241471636151	""
"s_Bacteroides_caccae"	"Abundance"	"colon_IL1b"	-0.255912828593352	19064.7567380471	0.0897359829807095	45	"spearman"	0.314075940432483	""
"s_Bacteroides_caccae"	"Abundance"	"colon_IL10"	0.296382223809439	5935.71955994358	0.0748784753572849	37	"spearman"	0.314075940432483	""
"s_Bacteroides_caccae"	"Abundance"	"colon_IFNg"	-0.325025061772484	7229.33673703067	0.0695072790906572	32	"spearman"	0.314075940432483	""
"s_Bacteroides_caccae"	"Abundance"	"synov_IL1b"	-0.501745206004254	546.635254985549	0.0806336062537556	13	"spearman"	0.314075940432483	""
"s_Bacteroides_caccae"	"Abundance"	"synov_MMP13"	-0.507718363218591	548.809484211567	0.0765188669159634	13	"spearman"	0.314075940432483	""
"s_Bacteroides_caccae"	"Abundance"	"synov_CXCL1"	-0.584849771388118	453.267034617002	0.0457804891770828	12	"spearman"	0.314075940432483	""
"s_Bacteroides_caccae"	"Abundance"	"synov_IL6"	-0.592647768339959	455.497261745228	0.0422829482453735	12	"spearman"	0.314075940432483	""
"s_Fournierella_sp900543285"	"Abundance"	"ileum_CXCL1"	0.236655575547242	7541.84291359325	0.146911968895714	39	"spearman"	0.31642577916	""
"s_UBA3282_sp003611805"	"Abundance"	"colon_IL10"	-0.299809741902749	10965.1949826916	0.0714189816439758	37	"spearman"	0.316428186090405	""
"s_UBA3282_sp003611805"	"Abundance"	"synov_CCL2"	0.488357727130722	186.237787324417	0.0904080531686872	13	"spearman"	0.316428186090405	""
"s_UBA3282_sp003611805"	"Abundance"	"synov_MMP13"	0.491247417823803	185.185939912136	0.0882326763742368	13	"spearman"	0.316428186090405	""
"s_Bacteroides_rodentium"	"Abundance"	"synov_CCL2"	0.624118906953005	136.820717869106	0.0226150286561503	13	"spearman"	0.316610401186104	""
"s_Barnesiella_intestinihominis"	"Abundance"	"synov_CXCL1"	0.562366613127553	125.16314864552	0.057000453350039	12	"spearman"	0.319202538760218	""
"s_Bacteroides_finegoldii"	"Abundance"	"ileum_CXCL1"	0.223230716406806	7674.48052190075	0.171930109325392	39	"spearman"	0.320936204074065	""
"s_Alistipes_timonensis"	"Abundance"	"synov_MMP3"	-0.538764211860032	560.110173117052	0.057466888813765	13	"spearman"	0.321814577357084	""
"s_Hungatella_hathewayi"	"Abundance"	"synov_CXCL1"	-0.561455780532593	446.576353232322	0.0574918287668379	12	"spearman"	0.321954241094292	""
"s_Bacteroides_nordii"	"Abundance"	"Femur_Joint"	-0.247208148335892	27563.3000782232	0.0803065453234732	51	"spearman"	0.322534425015022	""
"s_Bacteroides_nordii"	"Abundance"	"Femur_Inflammation"	-0.265872057421535	27975.7724690159	0.059331204325623	51	"spearman"	0.322534425015022	""
"s_Bacteroides_nordii"	"Abundance"	"synov_IL1b"	-0.501745206004254	546.635254985549	0.0806336062537556	13	"spearman"	0.322534425015022	""
"s_Bacteroides_cellulosilyticus"	"Abundance"	"colon_IL1b"	0.210842450947358	11979.4115946191	0.164450284161425	45	"spearman"	0.326980761285875	""
"s_Bacteroides_cellulosilyticus"	"Abundance"	"ileum_CXCL1"	0.221598515214458	7690.60666968115	0.175168264974576	39	"spearman"	0.326980761285875	""
"s_Bacteroides_rodentium"	"Abundance"	"colon_TNF"	0.304935461373394	10551.0796963519	0.0416700496586447	45	"spearman"	0.327698046839657	""
"s_Bacteroides_rodentium"	"Abundance"	"synov_MMP3"	0.536876479099359	168.576961607833	0.0585175083642245	13	"spearman"	0.327698046839657	""
"s_Bacteroides_rodentium"	"Abundance"	"synov_IL6"	0.565822491981646	124.174767293249	0.0551627100059504	12	"spearman"	0.327698046839657	""
"s_Barnesiella_intestinihominis"	"Abundance"	"ileum_S100A8"	0.301023230606903	5896.56802660017	0.0702246534286016	37	"spearman"	0.327715049333474	""
"s_Enterocloster_lavalensis"	"Abundance"	"synov_IL6"	0.645351267592713	101.429537468484	0.0234290508806532	12	"spearman"	0.328006712329145	""
"s_Muricomes_contortus_B"	"Abundance"	"colon_S100A8"	-0.310427836743626	11976	0.0582861325415282	38	"spearman"	0.328347920227864	""
"s_Muricomes_contortus_B"	"Abundance"	"ileum_IFNg"	-0.32273427967553	9444.32275688328	0.0586335571835472	35	"spearman"	0.328347920227864	""
"s_Sutterella_wadsworthensis"	"Abundance"	"synov_CXCL1"	0.609095578402111	111.798664576996	0.0355340726385335	12	"spearman"	0.331651344626313	""
"s_UBA11524_sp000437595"	"Abundance"	"ileum_CCL2"	0.319621779977842	9654.56694211443	0.0344364851544654	44	"spearman"	0.331651344626313	""
"s_UBA11524_sp000437595"	"Abundance"	"synov_IL6"	0.609095578402111	111.798664576996	0.0355340726385335	12	"spearman"	0.331651344626313	""
"s_Butyricimonas_virosa"	"Abundance"	"score_day1"	0.2646463644753	4012.08943542277	0.143262808844767	32	"spearman"	0.331963420842103	""
"s_Butyricimonas_virosa"	"Abundance"	"synov_CCL2"	0.419005150496773	211.482125219174	0.154125873962405	13	"spearman"	0.331963420842103	""
"s_Butyricimonas_virosa"	"Abundance"	"synov_IL1b"	0.439232985348342	204.119193333204	0.133182865277108	13	"spearman"	0.331963420842103	""
"s_Butyricimonas_virosa"	"Abundance"	"synov_IL17"	-0.512750427574192	249.603820549742	0.129645690800727	10	"spearman"	0.331963420842103	""
"s_Agathobaculum_hominis"	"Abundance"	"synov_CCL2"	0.557710303764671	160.99344942966	0.0476531923993986	13	"spearman"	0.33357234679579	""
"s_Agathobaculum_hominis"	"Abundance"	"synov_MMP3"	0.572158757230077	155.734212368252	0.0410242637734678	13	"spearman"	0.33357234679579	""
"s_Alistipes_finegoldii"	"Abundance"	"synov_MMP3"	0.418246005888101	211.758453856731	0.154951076939679	13	"spearman"	0.333740781100847	""
"s_Bilophila_wadsworthia"	"Abundance"	"synov_CXCL1"	-0.608243762243642	459.957716001682	0.0358632943063754	12	"spearman"	0.334724080192837	""
"s_Bilophila_wadsworthia"	"Abundance"	"synov_IL6"	-0.608243762243642	459.957716001682	0.0358632943063754	12	"spearman"	0.334724080192837	""
"s_CAG-267_sp001917135"	"Abundance"	"ileum_IL1b"	0.200154265244119	11349.8109761859	0.192684170448986	44	"spearman"	0.337197298285725	""
"s_Dorea_A_longicatena"	"Abundance"	"colon_IL10"	-0.349936508075496	11388.0643821249	0.0337398522380937	37	"spearman"	0.337398522380937	""
"s_Dorea_A_longicatena"	"Abundance"	"score_day5"	-0.40525595966765	6316.62553870609	0.0263061389349652	30	"spearman"	0.337398522380937	""
"s_Hungatella_hathewayi"	"Abundance"	"colon_IFNg"	-0.321984703299076	7212.74854119976	0.0723106508606853	32	"spearman"	0.337449704016531	""
"s_Eggerthella_lenta"	"Abundance"	"ileum_CXCL1"	0.3180293912893	6737.86961406171	0.048491510466877	39	"spearman"	0.339440573268139	""
"s_Eggerthella_lenta"	"Abundance"	"ileum_IFNg"	-0.378467500955536	9842.25795682253	0.0249706990752746	35	"spearman"	0.339440573268139	""
"s_Eggerthella_lenta"	"Abundance"	"synov_CCL2"	0.577938138616239	153.630517543689	0.0385693802628265	13	"spearman"	0.339440573268139	""
"s_Tidjanibacter_inops"	"Abundance"	"ileum_S100A8"	0.326321883734894	5683.14858881244	0.0487075846705788	37	"spearman"	0.340953092694052	""
"s_Diplocloster_modestus"	"Abundance"	"colon_IFNg"	0.371034094100546	3431.63798258742	0.0365582651950601	32	"spearman"	0.341210475153894	""
"s_Lawsonibacter_sp000177015"	"Abundance"	"colon_TNF"	0.334912571060719	10096.0271712983	0.0245237480727932	45	"spearman"	0.343332473019105	""
"s_Lawsonibacter_sp000177015"	"Abundance"	"synov_IL6"	0.667104681107074	95.2080612033767	0.0177976558062859	12	"spearman"	0.343332473019105	""
"s_Anaerostipes_caccae"	"Abundance"	"score_day1"	-0.297454324649936	7078.91079529005	0.0982544307027264	32	"spearman"	0.343890507459542	""
"s_UBA7173_sp001689485"	"Abundance"	"colon_IL10"	-0.344247348379687	11340.070630931	0.0369468956311452	37	"spearman"	0.344837692557355	""
"s_UBA7173_sp001689485"	"Abundance"	"synov_IL6"	0.615755848551055	109.893827314398	0.0330339699851744	12	"spearman"	0.344837692557355	""
"s_Luxibacter_massiliensis"	"Abundance"	"score_day5"	0.344864247525677	2944.83520737208	0.0619915594082849	30	"spearman"	0.347152732686395	""
"s_Luxibacter_massiliensis"	"Abundance"	"synov_IL1b"	0.589496901388564	149.423127894563	0.0339819062446941	13	"spearman"	0.347152732686395	""
"s_Luxibacter_massiliensis"	"Abundance"	"synov_MMP13"	0.53170308752694	170.460076140194	0.0614664763870838	13	"spearman"	0.347152732686395	""
"s_Luxibacter_massiliensis"	"Abundance"	"synov_IL6"	0.565588751373389	124.241617107211	0.0552856836520332	12	"spearman"	0.347152732686395	""
"s_Fusicatenibacter_saccharivorans"	"Abundance"	"synov_CCL2"	0.609349722962868	142.196700841516	0.0270505907892171	13	"spearman"	0.347643702866624	""
"s_Fusicatenibacter_saccharivorans"	"Abundance"	"synov_MMP3"	0.553616516594313	162.48358795967	0.0496633861238034	13	"spearman"	0.347643702866624	""
"s_Fusicatenibacter_saccharivorans"	"Abundance"	"synov_IL6"	0.596631655104677	115.363346640062	0.0405712358994523	12	"spearman"	0.347643702866624	""
"s_Mediterraneibacter_faecis"	"Abundance"	"synov_CCL2"	0.609349722962868	142.196700841516	0.0270505907892171	13	"spearman"	0.347643702866624	""
"s_Mediterraneibacter_faecis"	"Abundance"	"synov_MMP3"	0.553616516594313	162.48358795967	0.0496633861238034	13	"spearman"	0.347643702866624	""
"s_Mediterraneibacter_faecis"	"Abundance"	"synov_IL6"	0.596631655104677	115.363346640062	0.0405712358994523	12	"spearman"	0.347643702866624	""
"s_Alistipes_A_ihumii"	"Abundance"	"colon_IL1b"	-0.33788543460673	20309.1008973302	0.0232050694413396	45	"spearman"	0.348442897623929	""
"s_Alistipes_A_ihumii"	"Abundance"	"colon_TNF"	-0.276520970656359	19377.5883345635	0.0659450637960135	45	"spearman"	0.348442897623929	""
"s_Alistipes_A_ihumii"	"Abundance"	"ileum_CXCL1"	-0.335427941564499	13194.0280626572	0.0368431380758708	39	"spearman"	0.348442897623929	""
"s_Alistipes_A_ihumii"	"Abundance"	"ileum_S100A8"	-0.342240026804413	11323.136866122	0.0381360068464251	37	"spearman"	0.348442897623929	""
"s_Alistipes_A_ihumii"	"Abundance"	"colon_IFNg"	-0.328850278087348	7250.20711724457	0.0661013384327311	32	"spearman"	0.348442897623929	""
"s_Alistipes_A_ihumii"	"Abundance"	"synov_IL6"	-0.532538815982726	438.30610137106	0.0746663352051277	12	"spearman"	0.348442897623929	""
"s_Bacteroides_nordii"	"Abundance"	"ileum_S100A8"	-0.262421832753582	10649.7905811092	0.116623643193262	37	"spearman"	0.349259513910834	""
"s_Bacteroides_nordii"	"Abundance"	"synov_CCL2"	-0.447986791075227	527.067191951383	0.124735540682441	13	"spearman"	0.349259513910834	""
"s_Bacteroides_nordii"	"Abundance"	"synov_CXCL1"	-0.475677814062336	422.043854821828	0.11804066418377	12	"spearman"	0.349259513910834	""
"s_UBA7173_sp001689485"	"Abundance"	"colon_TNF"	0.293846305645329	10719.4130803039	0.0500888904769637	45	"spearman"	0.350622233338746	""
"s_UBA3282_sp003611805"	"Abundance"	"score_day5"	0.294816663761619	3169.79909639152	0.113753323913454	30	"spearman"	0.353899229952968	""
"s_Bilophila_wadsworthia"	"Abundance"	"ileum_S100A8"	-0.323655101243158	11166.3544340873	0.0506891427351894	37	"spearman"	0.354823999146326	""
"s_Enterocloster_asparagiformis"	"Abundance"	"Femur_Inflammation"	0.223996751658474	17149.6717883477	0.114072115847875	51	"spearman"	0.354891027082278	""
"s_Tidjanibacter_inops"	"Abundance"	"colon_IFNg"	0.324414027418773	3685.99706640318	0.0700637750788231	32	"spearman"	0.356383822290078	""
"s_Tidjanibacter_inops"	"Abundance"	"score_day1"	0.317742560509532	3722.39658985999	0.0763679619193024	32	"spearman"	0.356383822290078	""
"s_Bilophila_wadsworthia"	"Abundance"	"colon_IFNg"	-0.323989724582931	7223.68793732447	0.070452242775423	32	"spearman"	0.357088045607829	""
"s_Bilophila_wadsworthia"	"Abundance"	"synov_IL1b"	-0.507718363218591	548.809484211567	0.0765188669159634	13	"spearman"	0.357088045607829	""
"s_Enterococcus_B_hirae"	"Abundance"	"score_day5"	-0.267434144269389	5697.11647849091	0.153081426181244	30	"spearman"	0.357189994422904	""
"s_Hungatella_effluvii"	"Abundance"	"ileum_S100A8"	0.296063324848669	5938.40979157663	0.0752068886828363	37	"spearman"	0.358233221263253	""
"s_Hungatella_effluvii"	"Abundance"	"synov_CXCL1"	0.529333062182787	134.610744215723	0.0767642616992685	12	"spearman"	0.358233221263253	""
"s_Enterocloster_pacaense"	"Abundance"	"colon_CXCL1"	-0.258313718437904	9777.09759226252	0.128226413910399	36	"spearman"	0.359033958949118	""
"s_Bacteroides_finegoldii"	"Abundance"	"score_day9"	0.346617387043345	365.894263255727	0.205632329510796	15	"spearman"	0.359856576643894	""
"s_Phocaeicola_vulgatus"	"Abundance"	"colon_CXCL1"	-0.276190476190476	9916	0.103058129268319	36	"spearman"	0.360703452439118	""
"s_Agathobaculum_hominis"	"Abundance"	"synov_IL1b"	0.525923706140778	172.563770964757	0.0648834153757185	13	"spearman"	0.363347126104023	""
"s_Parasutterella_excrementihominis"	"Abundance"	"synov_CXCL1"	-0.600445765291801	457.727488873455	0.0389791413269752	12	"spearman"	0.363805319051768	""
"s_Pseudoflavonifractor_sp902362925"	"Abundance"	"colon_TNF"	0.322163819668716	10289.5532174289	0.0309096816627385	45	"spearman"	0.364409308920808	""
"s_Pseudoflavonifractor_sp902362925"	"Abundance"	"score_day5"	0.378710379119318	2792.69684585867	0.0390438545272294	30	"spearman"	0.364409308920808	""
"s_Pseudoflavonifractor_sp902362925"	"Abundance"	"synov_IL6"	0.616346716240232	109.724839155294	0.0328184415966935	12	"spearman"	0.364409308920808	""
"s_Enterococcus_B_hirae"	"Abundance"	"synov_IL1b"	-0.404073158895024	511.082629837789	0.170885456848952	13	"spearman"	0.368060983982358	""
"s_Butyricimonas_virosa"	"Abundance"	"synov_MMP13"	0.392997934259043	220.948751929708	0.184041199216278	13	"spearman"	0.368082398432555	""
"s_Thomasclavelia_sp000508865"	"Abundance"	"Femur_Joint"	0.259591328312921	16363.0316442844	0.065831422065327	51	"spearman"	0.370145144721558	""
"s_Thomasclavelia_sp000508865"	"Abundance"	"colon_IL1b"	0.236920115904807	11583.552640565	0.117117548472874	45	"spearman"	0.370145144721558	""
"s_Thomasclavelia_sp000508865"	"Abundance"	"ileum_S100A8"	0.294996429984349	5947.41011665203	0.0763137945488859	37	"spearman"	0.370145144721558	""
"s_Thomasclavelia_sp000508865"	"Abundance"	"colon_IFNg"	0.292894796473697	3857.96599043951	0.103769582931356	32	"spearman"	0.370145144721558	""
"s_Thomasclavelia_sp000508865"	"Abundance"	"synov_IL1b"	0.497026799209966	183.082245087572	0.0839906369029196	13	"spearman"	0.370145144721558	""
"s_Thomasclavelia_sp000508865"	"Abundance"	"synov_CXCL1"	0.57283988921151	122.167791685508	0.0515591765955828	12	"spearman"	0.370145144721558	""
"s_Thomasclavelia_sp000508865"	"Abundance"	"synov_IL17"	-0.525256535563807	251.667328368028	0.118975225089072	10	"spearman"	0.370145144721558	""
"s_Agathobaculum_hominis"	"Abundance"	"colon_TNF"	0.255824560232407	11296.5831756721	0.0898505679717418	45	"spearman"	0.370480064535887	""
"s_Agathobaculum_hominis"	"Abundance"	"synov_MMP13"	0.485468036437641	187.289634736699	0.0926200161339717	13	"spearman"	0.370480064535887	""
"s_Bacteroides_rodentium"	"Abundance"	"colon_IFNg"	0.314590560723595	3739.59390069206	0.0794950173960159	32	"spearman"	0.370976747848074	""
"s_Agathobaculum_hominis"	"Abundance"	"ileum_TNF"	-0.249790493532859	16552.2252963492	0.106214627767296	43	"spearman"	0.371751197185535	""
"s_Enterocloster_aldenensis"	"Abundance"	"Patella_Joint"	0.276403164521872	10984.199962558	0.0660651343316674	45	"spearman"	0.373489147224131	""
"s_Enterocloster_aldenensis"	"Abundance"	"ileum_S100A8"	-0.305120910384068	11010	0.0666944905757377	37	"spearman"	0.373489147224131	""
"s_Enterocloster_aldenensis"	"Abundance"	"synov_IL1b"	-0.543956043956044	562	0.0581339946181927	13	"spearman"	0.373489147224131	""
"s_Enterocloster_aldenensis"	"Abundance"	"synov_MMP13"	-0.582417582417582	576	0.0402766973377867	13	"spearman"	0.373489147224131	""
"s_Alistipes_shahii"	"Abundance"	"synov_MMP3"	0.468011967887627	193.643643688904	0.106774402731811	13	"spearman"	0.37371040956134	""
"s_Bacteroides_nordii"	"Abundance"	"synov_MMP13"	-0.424094162217882	518.370275047309	0.148667765627983	13	"spearman"	0.37842703978032	""
"s_Bacteroides_intestinalis"	"Abundance"	"ileum_S100A8"	-0.266786748847492	10686.6130132774	0.110447542437564	37	"spearman"	0.378663116009777	""
"s_Bacteroides_intestinalis"	"Abundance"	"colon_IL10"	0.258953599526209	6251.4674343969	0.121713144431714	37	"spearman"	0.378663116009777	""
"s_Bacteroides_finegoldii"	"Abundance"	"ileum_IL1b"	0.184429060334223	11572.9516338574	0.230738393990096	44	"spearman"	0.380039707748393	""
"s_Phascolarctobacterium_faecium"	"Abundance"	"Femur_Joint"	0.246190712681169	16659.1852497462	0.0815992149732219	51	"spearman"	0.380796336541702	""
"s_Phascolarctobacterium_faecium"	"Abundance"	"Femur_Inflammation"	0.252114564474758	16528.2681251079	0.0742976146314099	51	"spearman"	0.380796336541702	""
"s_Phascolarctobacterium_faecium"	"Abundance"	"synov_CCL2"	0.505494505494506	180	0.0812151207256341	13	"spearman"	0.380796336541702	""
"s_Bacteroides_eggerthii"	"Abundance"	"synov_IL1b"	-0.519664677647264	553.157942663604	0.0687325402320419	13	"spearman"	0.384902225299435	""
"s_Bacteroides_nordii"	"Abundance"	"colon_IL10"	0.232743210863702	6472.57827315381	0.165669606852051	37	"spearman"	0.386562415988118	""
"s_Clostridium_AP_scindens"	"Abundance"	"ileum_CCL2"	0.294469442014005	10011.4786178213	0.0523407585735006	44	"spearman"	0.38664992995555	""
"s_Clostridium_AP_scindens"	"Abundance"	"score_day1"	0.325535959430146	3679.87580534912	0.0690446303492054	32	"spearman"	0.38664992995555	""
"s_Clostridium_AP_scindens"	"Abundance"	"score_day5"	0.340765384271238	2963.25959770078	0.0653681306633436	30	"spearman"	0.38664992995555	""
"s_Clostridium_AP_scindens"	"Abundance"	"synov_MMP13"	0.59448753459792	147.606537406357	0.0321296768485538	13	"spearman"	0.38664992995555	""
"s_Blautia_A_ammoniilytica"	"Abundance"	"colon_TNF"	0.336569103232561	10070.8810129297	0.0237814411221672	45	"spearman"	0.386780446206403	""
"s_Blautia_A_ammoniilytica"	"Abundance"	"synov_CXCL1"	0.594593302725871	115.946315420401	0.0414407620935431	12	"spearman"	0.386780446206403	""
"s_Blautia_A_ammoniilytica"	"Abundance"	"synov_IL6"	0.609095578402111	111.798664576996	0.0355340726385335	12	"spearman"	0.386780446206403	""
"s_Blautia_pseudococcoides"	"Abundance"	"ileum_IL1b"	-0.235015934504365	17524.8761106169	0.124627015930757	44	"spearman"	0.3877284940068	""
"s_Clostridium_AP_scindens"	"Abundance"	"synov_TNF"	0.497883310225758	182.770475077824	0.0833741953979196	13	"spearman"	0.389079578523625	""
"s_Thomasclavelia_sp000508865"	"Abundance"	"synov_MMP13"	0.433453603962179	206.222888157767	0.138962407173683	13	"spearman"	0.389094740086312	""
"s_Enterocloster_asparagiformis"	"Abundance"	"synov_MMP3"	0.433453603962179	206.222888157767	0.138962407173683	13	"spearman"	0.389094740086312	""
"s_Eubacterium_R_sp000436835"	"Abundance"	"colon_TNF"	0.337408881313277	10058.1331816645	0.0234123682383548	45	"spearman"	0.389742999639041	""
"s_Eubacterium_R_sp000436835"	"Abundance"	"synov_IL6"	0.630848991916473	105.577188311889	0.0278387856885029	12	"spearman"	0.389742999639041	""
"s_Enterococcus_faecalis"	"Abundance"	"colon_TNF"	0.209380422901042	12001.6051803622	0.167464164471919	45	"spearman"	0.390749717101143	""
"s_Enterococcus_faecalis"	"Abundance"	"ileum_IFNg"	0.24612301409386	5382.68167936984	0.154089459170144	35	"spearman"	0.390749717101143	""
"s_Bifidobacterium_bifidum"	"Abundance"	"Femur_Inflammation"	0.233886276501735	16931.1132893117	0.0985602456677515	51	"spearman"	0.390819342823263	""
"s_Bifidobacterium_bifidum"	"Abundance"	"synov_MMP13"	0.462350510892991	195.704414034951	0.111662669378075	13	"spearman"	0.390819342823263	""
"s_Christensenella_hongkongensis"	"Abundance"	"colon_S100A8"	-0.228506303036177	11227.3191034476	0.167620890303503	38	"spearman"	0.391115410708173	""
"s_Christensenella_hongkongensis"	"Abundance"	"score_day5"	-0.266143648713455	5691.31570096698	0.155149338632881	30	"spearman"	0.391115410708173	""
"s_Bacteroides_nordii"	"Abundance"	"colon_CXCL1"	-0.227392405925992	9536.83899404496	0.182284466513592	36	"spearman"	0.392612697106198	""
"s_Hungatella_hathewayi"	"Abundance"	"colon_IL1b"	-0.249219212620644	18963.1476475814	0.0987522171290926	45	"spearman"	0.39500886851637	""
"s_Enterocloster_clostridioformis"	"Abundance"	"colon_TNF"	-0.303654062389335	19789.4686670701	0.0425794579389655	45	"spearman"	0.397408274097011	""
"s_Enterocloster_clostridioformis"	"Abundance"	"colon_IL10"	0.345551640323328	5520.9263622324	0.0361905609619507	37	"spearman"	0.397408274097011	""
"s_Extibacter_hylemonae"	"Abundance"	"colon_TNF"	0.362740174312629	9673.60415393429	0.0143289520647734	45	"spearman"	0.397594810016031	""
"s_Extibacter_hylemonae"	"Abundance"	"colon_IFNg"	0.387578752383487	3341.37032699569	0.0283996292868593	32	"spearman"	0.397594810016031	""
"s_Clostridium_AP_sp000509125"	"Abundance"	"ileum_CCL2"	0.344915075058144	9295.65508492494	0.0218533943456446	44	"spearman"	0.398112578839523	""
"s_Clostridium_AP_sp000509125"	"Abundance"	"ileum_CXCL1"	0.326264109341344	6656.51059970753	0.0426549191613775	39	"spearman"	0.398112578839523	""
"s_Clostridium_AP_sp000509125"	"Abundance"	"colon_IFNg"	-0.381118240146655	7535.38111824015	0.0313874977811349	32	"spearman"	0.398112578839523	""
"s_Dorea_A_longicatena"	"Abundance"	"Femur_Inflammation"	-0.239577104172442	27394.654002211	0.0904050271078806	51	"spearman"	0.398260643108167	""
"s_Dorea_A_longicatena"	"Abundance"	"colon_TNF"	0.2788824480193	10946.564439067	0.0635745758472047	45	"spearman"	0.398260643108167	""
"s_Dorea_A_longicatena"	"Abundance"	"score_day9"	-0.441367414752375	807.16575226133	0.0995651607770416	15	"spearman"	0.398260643108167	""
"s_Otoolea_symbiosa"	"Abundance"	"ileum_TNF"	0.334305139058512	8816.46273830906	0.028447582933955	43	"spearman"	0.39826616107537	""
"s_Hungatella_hathewayi"	"Abundance"	"synov_MMP13"	-0.4599331055039	531.41565040342	0.113795129693871	13	"spearman"	0.398282953928549	""
"s_Eggerthella_lenta"	"Abundance"	"score_day5"	0.327683843217982	3022.06112473517	0.077109558285205	30	"spearman"	0.401770252977887	""
"s_Eggerthella_lenta"	"Abundance"	"synov_MMP3"	0.494137108516885	184.134092499854	0.0860936256381186	13	"spearman"	0.401770252977887	""
"s_Blautia_celeris"	"Abundance"	"score_day1"	0.218410848373497	4264.3504112742	0.229779448575853	32	"spearman"	0.402114035007743	""
"s_Alistipes_putredinis"	"Abundance"	"colon_TNF"	-0.294929228318787	19657.0256858792	0.0492105258359927	45	"spearman"	0.402442801367865	""
"s_Alistipes_putredinis"	"Abundance"	"colon_IFNg"	-0.384259558450185	7552.52015090421	0.0299042478545607	32	"spearman"	0.402442801367865	""
"s_Alistipes_putredinis"	"Abundance"	"synov_CXCL1"	-0.561455780532593	446.576353232322	0.0574918287668379	12	"spearman"	0.402442801367865	""
"s_Paramuribaculum_sp910588065"	"Abundance"	"colon_TNF"	-0.216052433961312	18459.6759475327	0.154030643105222	45	"spearman"	0.402576126637399	""
"s_Paramuribaculum_sp910588065"	"Abundance"	"colon_CCL2"	-0.209621414172155	17164.5278671029	0.172042519302998	44	"spearman"	0.402576126637399	""
"s_Paramuribaculum_sp910588065"	"Abundance"	"colon_S100A8"	-0.256494578299269	11483.103951077	0.12007593795354	38	"spearman"	0.402576126637399	""
"s_Paramuribaculum_sp910588065"	"Abundance"	"colon_IFNg"	-0.287042290401916	7022.10273643286	0.111186856894834	32	"spearman"	0.402576126637399	""
"s_Paramuribaculum_sp910588065"	"Abundance"	"synov_IL1b"	-0.402657359324519	510.567278794125	0.172532625701742	13	"spearman"	0.402576126637399	""
"s_Paramuribaculum_sp910588065"	"Abundance"	"synov_MMP13"	-0.409368315313261	513.010066774027	0.164814429150464	13	"spearman"	0.402576126637399	""
"s_Paramuribaculum_sp910588065"	"Abundance"	"synov_IL6"	-0.46181100448502	418.077947282716	0.130690960343227	12	"spearman"	0.402576126637399	""
"s_CAG-267_sp001917135"	"Abundance"	"ileum_TNF"	0.181257774979167	10843.4220281759	0.244736741416407	43	"spearman"	0.403095809391729	""
"s_Allocoprobacillus_merdigallinarum"	"Abundance"	"colon_TNF"	0.242179975773018	11503.7079677656	0.108970222878376	45	"spearman"	0.403342149157816	""
"s_Allocoprobacillus_merdigallinarum"	"Abundance"	"colon_IL10"	-0.320073167710742	11136.1372428078	0.0534517573067498	37	"spearman"	0.403342149157816	""
"s_Allocoprobacillus_merdigallinarum"	"Abundance"	"colon_IFNg"	0.278984738915691	3933.85926447599	0.122039145225388	32	"spearman"	0.403342149157816	""
"s_Allocoprobacillus_merdigallinarum"	"Abundance"	"synov_IL1b"	0.512584536257878	177.419228802132	0.0732766266000226	13	"spearman"	0.403342149157816	""
"s_Allocoprobacillus_merdigallinarum"	"Abundance"	"synov_MMP13"	0.526513463873581	172.349099150017	0.0645287410700322	13	"spearman"	0.403342149157816	""
"s_Allocoprobacillus_merdigallinarum"	"Abundance"	"synov_MMP3"	0.484726681026471	187.559488106364	0.0931934275560139	13	"spearman"	0.403342149157816	""
"s_Allocoprobacillus_merdigallinarum"	"Abundance"	"synov_IL17"	-0.512750427574192	249.603820549742	0.129645690800727	10	"spearman"	0.403342149157816	""
"s_Alitiscatomonas_sp900541255"	"Abundance"	"colon_IL10"	-0.297108052216434	10942.4035284978	0.0741351675680223	37	"spearman"	0.404558222127518	""
"s_Alitiscatomonas_sp900541255"	"Abundance"	"colon_IFNg"	0.307684473500869	3777.27351257926	0.0866910475987539	32	"spearman"	0.404558222127518	""
"s_Alitiscatomonas_sp900541255"	"Abundance"	"synov_CCL2"	0.564763157868024	158.426210536039	0.0443280037819658	13	"spearman"	0.404558222127518	""
"s_Alitiscatomonas_sp900541255"	"Abundance"	"synov_MMP3"	0.501598857316995	181.418015936614	0.0807363073245699	13	"spearman"	0.404558222127518	""
"s_Alitiscatomonas_sp900541255"	"Abundance"	"synov_CXCL1"	0.679242191965325	91.7367330979171	0.0151257673246729	12	"spearman"	0.404558222127518	""
"s_Alitiscatomonas_sp900541255"	"Abundance"	"synov_IL6"	0.569094809484461	123.238884487444	0.0534611191493467	12	"spearman"	0.404558222127518	""
"s_UBA3282_sp003611805"	"Abundance"	"synov_MMP3"	0.427674222576017	208.32658298233	0.144904644404321	13	"spearman"	0.4057330043321	""
"s_Odoribacter_splanchnicus"	"Abundance"	"synov_MMP3"	0.563962019077748	158.7178250557	0.0446970402655817	13	"spearman"	0.406374847606986	""
"s_Odoribacter_splanchnicus"	"Abundance"	"synov_IL6"	0.560421174670677	125.719544044186	0.0580535496581408	12	"spearman"	0.406374847606986	""
"s_Phocaeicola_massiliensis"	"Abundance"	"colon_IL1b"	-0.310025319328512	19886.1843474068	0.0382130507534463	45	"spearman"	0.406854495466937	""
"s_Phocaeicola_massiliensis"	"Abundance"	"synov_IL1b"	-0.537584149290273	559.680630341659	0.0581220707809909	13	"spearman"	0.406854495466937	""
"s_Phocaeicola_massiliensis"	"Abundance"	"synov_IL6"	-0.577051774436276	451.036807488775	0.0494774473452526	12	"spearman"	0.406854495466937	""
"s_Phocaeicola_dorei"	"Abundance"	"Femur_Joint"	0.219202682553743	17255.6207155623	0.122231433119864	51	"spearman"	0.406941531860995	""
"s_Phocaeicola_dorei"	"Abundance"	"Femur_Inflammation"	0.247911255348742	16621.1612567928	0.0794226938170628	51	"spearman"	0.406941531860995	""
"s_Phocaeicola_dorei"	"Abundance"	"score_day1"	0.298478280440443	3827.50250191694	0.0970469961353333	32	"spearman"	0.406941531860995	""
"s_Phocaeicola_dorei"	"Abundance"	"synov_MMP13"	0.441661359722468	203.235265061022	0.130802635241034	13	"spearman"	0.406941531860995	""
"s_Phocaeicola_dorei"	"Abundance"	"synov_IL6"	0.483475811014177	147.725918049945	0.111294307163287	12	"spearman"	0.406941531860995	""
"s_Merdimmobilis_hominis"	"Abundance"	"colon_TNF"	0.325491837889835	10239.0339008323	0.029122830466645	45	"spearman"	0.40771962653303	""
"s_Merdimmobilis_hominis"	"Abundance"	"ileum_IFNg"	0.375147631955292	4461.44590783921	0.0263775066225871	35	"spearman"	0.40771962653303	""
"s_Ruminococcus_C_sp000433635"	"Abundance"	"Femur_Joint"	-0.268477075991168	28033.3433794048	0.0567912984047303	51	"spearman"	0.409252223037258	""
"s_Ruminococcus_C_sp000433635"	"Abundance"	"Femur_Inflammation"	-0.260724133479283	27862.0033498922	0.0646187720585144	51	"spearman"	0.409252223037258	""
"s_Ruminococcus_C_sp000433635"	"Abundance"	"Patella_Joint"	-0.290531198507348	19590.2635933415	0.0528568560630847	45	"spearman"	0.409252223037258	""
"s_Extibacter_hylemonae"	"Abundance"	"ileum_CCL2"	-0.305276853671454	18521.8785535979	0.0438974727134208	44	"spearman"	0.409709745325261	""
"s_Alistipes_shahii"	"Abundance"	"ileum_S100A8"	0.252177853011388	6308.62763199593	0.132132710934662	37	"spearman"	0.411079545130061	""
"s_Clostridium_AQ_innocuum"	"Abundance"	"colon_IL10"	0.297806759650627	5923.70217558731	0.0734250935816263	37	"spearman"	0.411180524057107	""
"s_Bacteroides_xylanisolvens"	"Abundance"	"ileum_IL1b"	0.210241096851187	11206.6788356817	0.1707493333443	44	"spearman"	0.412983704246311	""
"s_Bacteroides_xylanisolvens"	"Abundance"	"ileum_S100A8"	0.23639575000366	6441.76545296913	0.15894099149352	37	"spearman"	0.412983704246311	""
"s_Bacteroides_xylanisolvens"	"Abundance"	"colon_IL10"	-0.233140253149074	10402.7711755656	0.164928417408856	37	"spearman"	0.412983704246311	""
"s_Bacteroides_xylanisolvens"	"Abundance"	"colon_IFNg"	0.282251829754176	3916.03401686122	0.117547991371101	32	"spearman"	0.412983704246311	""
"s_Bacteroides_xylanisolvens"	"Abundance"	"synov_CCL2"	0.397796126479078	219.202209961616	0.178265363680686	13	"spearman"	0.412983704246311	""
"s_Bacteroides_xylanisolvens"	"Abundance"	"synov_MMP13"	0.386746234076881	223.224370796015	0.191742434114359	13	"spearman"	0.412983704246311	""
"s_Bacteroides_xylanisolvens"	"Abundance"	"synov_MMP3"	0.430945803685667	207.135727458417	0.141520814115724	13	"spearman"	0.412983704246311	""
"s_Bacteroides_xylanisolvens"	"Abundance"	"synov_IL17"	-0.460157339354887	240.925960993556	0.180833170911726	10	"spearman"	0.412983704246311	""
"s_Parabacteroides_sp003473295"	"Abundance"	"synov_MMP13"	0.364101027328231	231.467226052524	0.221313664255496	13	"spearman"	0.413118839943592	""
"s_Thomasclavelia_sp000508865"	"Abundance"	"synov_MMP3"	0.41033607841753	214.637667456019	0.163720086347685	13	"spearman"	0.416742037975925	""
"s_Alistipes_putredinis"	"Abundance"	"ileum_CXCL1"	-0.263144269544209	12479.8653830968	0.105546586715915	39	"spearman"	0.417134444178718	""
"s_Alistipes_putredinis"	"Abundance"	"ileum_S100A8"	-0.263997615581142	10663.0838850425	0.11436477936601	37	"spearman"	0.417134444178718	""
"s_Alistipes_putredinis"	"Abundance"	"synov_CCL2"	-0.453959948289564	529.241421177401	0.119181269765348	13	"spearman"	0.417134444178718	""
"s_Alistipes_putredinis"	"Abundance"	"synov_IL1b"	-0.477852577146909	537.938338081475	0.0986265420889482	13	"spearman"	0.417134444178718	""
"s_Bifidobacterium_longum"	"Abundance"	"colon_CCL2"	0.299683007247047	9937.4981271644	0.048117505566846	44	"spearman"	0.41725384264683	""
"s_Bifidobacterium_longum"	"Abundance"	"colon_CXCL1"	0.313539026877087	5333.80176116504	0.0625880763970245	36	"spearman"	0.41725384264683	""
"s_Bifidobacterium_longum"	"Abundance"	"colon_IFNg"	0.337010057572124	3617.27312588649	0.0592724904427866	32	"spearman"	0.41725384264683	""
"s_Enterococcus_B_hirae"	"Abundance"	"Femur_Joint"	-0.178908525468727	26053.8784128589	0.209061047597958	51	"spearman"	0.418122095195916	""
"s_Schaedlerella_glycyrrhizinilytica_A"	"Abundance"	"Femur_Joint"	-0.331544218730512	29427.1272339443	0.0174704991881934	51	"spearman"	0.419291980516641	""
"s_Phascolarctobacterium_faecium"	"Abundance"	"ileum_CXCL1"	0.254681649244868	7363.7453054607	0.11766133831073	39	"spearman"	0.420622706541467	""
"s_Phascolarctobacterium_faecium"	"Abundance"	"colon_IL10"	-0.25998814646251	10629.2600035577	0.120177916154705	37	"spearman"	0.420622706541467	""
"s_Christensenella_massiliensis"	"Abundance"	"synov_IL6"	-0.624168500724893	464.512191207319	0.0300595245751696	12	"spearman"	0.420833344052375	""
"s_Bacteroides_cellulosilyticus"	"Abundance"	"colon_IL10"	-0.19160188155343	10052.3534727847	0.255943639614802	37	"spearman"	0.421554229953792	""
"s_Bacteroides_cellulosilyticus"	"Abundance"	"synov_CCL2"	0.343873192476662	238.830157938495	0.249960711196112	13	"spearman"	0.421554229953792	""
"s_Eisenbergiella_tayi"	"Abundance"	"score_day1"	-0.269543271298851	6926.62808820653	0.135732482004409	32	"spearman"	0.422278832902606	""
"s_Eubacterium_F_sp003491505"	"Abundance"	"synov_CXCL1"	0.679242191965325	91.7367330979171	0.0151257673246729	12	"spearman"	0.423521485090842	""
"s_Prevotella_intestinigallinarum"	"Abundance"	"synov_IL6"	0.623597854078352	107.651013733591	0.0302549487275087	12	"spearman"	0.423569282185121	""
"s_Phascolarctobacterium_faecium"	"Abundance"	"ileum_IL10"	0.244031147940808	5873.87798049992	0.151486183402368	36	"spearman"	0.42416131352663	""
"s_Phascolarctobacterium_faecium"	"Abundance"	"score_day1"	0.259546474149031	4039.91443704289	0.151423861755834	32	"spearman"	0.42416131352663	""
"s_Phocaeicola_vulgatus"	"Abundance"	"synov_CCL2"	-0.428571428571429	520	0.145930216094455	13	"spearman"	0.424481246898971	""
"s_Phocaeicola_vulgatus"	"Abundance"	"synov_MMP3"	-0.423076923076923	518	0.151600445321061	13	"spearman"	0.424481246898971	""
"s_Agathobaculum_hominis"	"Abundance"	"colon_IFNg"	0.269066004586759	3987.97587897464	0.136453381228991	32	"spearman"	0.424521630490193	""
"s_Otoolea_symbiosa"	"Abundance"	"colon_TNF"	0.297000786195386	10671.528065554	0.0475650164295485	45	"spearman"	0.42550629649271	""
"s_Otoolea_symbiosa"	"Abundance"	"ileum_CXCL1"	0.287465921541309	7039.83669517187	0.0759832672308411	39	"spearman"	0.42550629649271	""
"s_Otoolea_symbiosa"	"Abundance"	"synov_IL6"	0.552447552447553	128	0.0666290014487934	12	"spearman"	0.42550629649271	""
"s_Bacteroides_finegoldii"	"Abundance"	"Patella_Joint"	0.166391511303433	12654.1768584139	0.27465048761251	45	"spearman"	0.427234091841683	""
"s_Bacteroides_fragilis"	"Abundance"	"ileum_S100A8"	0.322202249024497	5717.90182722934	0.0517955539233883	37	"spearman"	0.428458641498698	""
"s_Bacteroides_fragilis"	"Abundance"	"colon_IFNg"	0.334624958111756	3630.28622854226	0.0612083773569568	32	"spearman"	0.428458641498698	""
"s_Bacteroides_thetaiotaomicron"	"Abundance"	"colon_TNF"	-0.299087585392333	19720.1495462556	0.0459527945612642	45	"spearman"	0.428892749238466	""
"s_Bacteroides_thetaiotaomicron"	"Abundance"	"Patella_Joint"	0.318593862824624	10343.7451623222	0.0329263786854036	45	"spearman"	0.428892749238466	""
"s_Bacteroides_thetaiotaomicron"	"Abundance"	"colon_CXCL1"	-0.336936936936937	10388	0.0450631964935587	36	"spearman"	0.428892749238466	""
"s_Bacteroides_nordii"	"Abundance"	"synov_IL17"	0.430156907459319	94.0241102692124	0.214665307240737	10	"spearman"	0.429330614481474	""
"s_Clostridium_AQ_innocuum"	"Abundance"	"colon_CXCL1"	-0.266924066924067	9844	0.115508714721482	36	"spearman"	0.429811156662403	""
"s_Clostridium_AQ_innocuum"	"Abundance"	"synov_IL6"	-0.482517482517483	424	0.115373605094864	12	"spearman"	0.429811156662403	""
"s_Clostridium_AQ_innocuum"	"Abundance"	"synov_IL17"	0.527272727272727	78	0.12280318761783	10	"spearman"	0.429811156662403	""
"s_Bacteroides_eggerthii"	"Abundance"	"ileum_S100A8"	-0.268641151643003	10702.2567552604	0.107899755796963	37	"spearman"	0.431599023187854	""
"s_Bacteroides_eggerthii"	"Abundance"	"synov_MMP13"	-0.477852577146909	537.938338081475	0.0986265420889482	13	"spearman"	0.431599023187854	""
"s_Sutterella_wadsworthensis"	"Abundance"	"colon_IL10"	-0.263298438626803	10657.1856282557	0.11536294120771	37	"spearman"	0.433411426775035	""
"s_Sutterella_wadsworthensis"	"Abundance"	"score_day1"	0.277705549563427	3940.83852158194	0.123831836221439	32	"spearman"	0.433411426775035	""
"s_Sutterella_wadsworthensis"	"Abundance"	"synov_IL1b"	0.473909273665316	191.497024385825	0.10183878929968	13	"spearman"	0.433411426775035	""
"s_Sutterella_wadsworthensis"	"Abundance"	"synov_MMP13"	0.462350510892991	195.704414034951	0.111662669378075	13	"spearman"	0.433411426775035	""
"s_Sutterella_wadsworthensis"	"Abundance"	"synov_MMP3"	0.462350510892991	195.704414034951	0.111662669378075	13	"spearman"	0.433411426775035	""
"s_Thomasclavelia_ramosa"	"Abundance"	"Femur_Joint"	0.261049201175534	16330.8126540207	0.0642741103060678	51	"spearman"	0.434301074472856	""
"s_Thomasclavelia_ramosa"	"Abundance"	"Patella_Joint"	0.33520382355966	10091.6059583644	0.0243918501098529	45	"spearman"	0.434301074472856	""
"s_Thomasclavelia_ramosa"	"Abundance"	"ileum_CCL2"	-0.271610335507351	18044.1506608493	0.0745068914910374	44	"spearman"	0.434301074472856	""
"s_Thomasclavelia_ramosa"	"Abundance"	"synov_IL1b"	-0.465906262718236	533.589879629438	0.108575268618214	13	"spearman"	0.434301074472856	""
"s_Thomasclavelia_ramosa"	"Abundance"	"synov_MMP13"	-0.477852577146909	537.938338081475	0.0986265420889482	13	"spearman"	0.434301074472856	""
"s_Thomasclavelia_ramosa"	"Abundance"	"synov_CXCL1"	-0.538061789677068	439.885671847642	0.071144693369069	12	"spearman"	0.434301074472856	""
"s_Thomasclavelia_ramosa"	"Abundance"	"synov_IL6"	-0.522465795773385	435.425217591188	0.0813932090901991	12	"spearman"	0.434301074472856	""
"s_Bilophila_wadsworthia"	"Abundance"	"colon_IL1b"	-0.232532706351014	18709.8464824084	0.124259550592405	45	"spearman"	0.434908427073419	""
"s_Bilophila_wadsworthia"	"Abundance"	"synov_MMP13"	-0.453959948289564	529.241421177401	0.119181269765348	13	"spearman"	0.434908427073419	""
"s_Phocaeicola_massiliensis"	"Abundance"	"Femur_Joint"	-0.244406503219575	27501.3837211526	0.0839055218048116	51	"spearman"	0.438169887505235	""
"s_Phocaeicola_massiliensis"	"Abundance"	"synov_MMP13"	-0.483825734361245	540.112567307493	0.0938935473225504	13	"spearman"	0.438169887505235	""
"s_CAG-267_sp001917135"	"Abundance"	"score_day1"	0.196184575982998	4385.61695343676	0.28186717566424	32	"spearman"	0.438460051033262	""
"s_Sellimonas_intestinalis"	"Abundance"	"score_day1"	-0.353421746911044	7384.26905114665	0.0472252672583162	32	"spearman"	0.440769161077618	""
"s_Sellimonas_intestinalis"	"Abundance"	"score_day5"	-0.374538971379085	6178.55267634898	0.0414333172617503	30	"spearman"	0.440769161077618	""
"s_Pseudoscilispira_sp018369915"	"Abundance"	"colon_IL1b"	0.231177590276976	11670.7241795955	0.126530380055046	45	"spearman"	0.44285633019266	""
"s_Pseudoscilispira_sp018369915"	"Abundance"	"colon_CCL2"	0.258795368185999	10517.6937254407	0.0898350307611507	44	"spearman"	0.44285633019266	""
"s_Pseudoscilispira_sp018369915"	"Abundance"	"ileum_S100A8"	0.270060980185576	6157.76557115448	0.105979303513201	37	"spearman"	0.44285633019266	""
"s_Pseudoscilispira_sp018369915"	"Abundance"	"synov_CCL2"	0.511475252675372	177.823008026165	0.0740071156378633	13	"spearman"	0.44285633019266	""
"s_Pseudoscilispira_sp018369915"	"Abundance"	"synov_MMP3"	0.456571129506829	197.808108859514	0.116806127400998	13	"spearman"	0.44285633019266	""
"s_Anaerotruncus_colihominis"	"Abundance"	"score_day5"	0.310506985662668	3099.27109944631	0.0949154552707035	30	"spearman"	0.442938791263283	""
"s_Enterocloster_aldenensis"	"Abundance"	"colon_CCL2"	-0.254968287526427	17808	0.0949272329057325	44	"spearman"	0.442993753560085	""
"s_Thomasclavelia_ramosa"	"Abundance"	"colon_IL10"	0.253113825617594	6300.73176708997	0.130655339657871	37	"spearman"	0.443524169436118	""
"s_Thomasclavelia_ramosa"	"Abundance"	"synov_IL17"	0.498435781659211	82.7580960262302	0.142561340175895	10	"spearman"	0.443524169436118	""
"s_Agathobaculum_hominis"	"Abundance"	"colon_IL10"	-0.23666151850361	10432.4765700965	0.158459237517739	37	"spearman"	0.443685865049669	""
"s_Enterocloster_asparagiformis"	"Abundance"	"Patella_Joint"	0.192142801145431	12263.2722786124	0.206056622455654	45	"spearman"	0.444894404147033	""
"s_Enterocloster_asparagiformis"	"Abundance"	"ileum_CXCL1"	0.193577209607311	7967.45716907977	0.237695564440315	39	"spearman"	0.444894404147033	""
"s_Enterocloster_asparagiformis"	"Abundance"	"score_day1"	0.214797433602612	4284.06520226415	0.237770977258094	32	"spearman"	0.444894404147033	""
"s_Enterocloster_asparagiformis"	"Abundance"	"synov_CCL2"	0.361211336635149	232.519073464806	0.22527691272295	13	"spearman"	0.444894404147033	""
"s_Enterocloster_asparagiformis"	"Abundance"	"synov_IL1b"	0.340983501783581	239.882005350776	0.254225373798305	13	"spearman"	0.444894404147033	""
"s_Enterocloster_asparagiformis"	"Abundance"	"synov_MMP13"	0.340983501783581	239.882005350776	0.254225373798305	13	"spearman"	0.444894404147033	""
"s_Fournierella_sp900543285"	"Abundance"	"score_day9"	0.31205708960949	385.248029818685	0.257504846412357	15	"spearman"	0.450633481221624	""
"s_Fournierella_sp900543285"	"Abundance"	"synov_IL1b"	0.340983501783581	239.882005350776	0.254225373798305	13	"spearman"	0.450633481221624	""
"s_Fournierella_sp900543285"	"Abundance"	"synov_MMP13"	0.358321645942068	233.570920877087	0.229283210908971	13	"spearman"	0.450633481221624	""
"s_Bifidobacterium_bifidum"	"Abundance"	"colon_TNF"	0.22069073263979	11829.914678528	0.14516895815173	45	"spearman"	0.45163675869427	""
"s_Anaerotruncus_colihominis"	"Abundance"	"colon_TNF"	0.220500795049761	11832.7979311446	0.145524278611878	45	"spearman"	0.452742200125842	""
"s_Anaerotruncus_colihominis"	"Abundance"	"colon_IL10"	-0.259456655278468	10624.7763439292	0.120964807523905	37	"spearman"	0.452742200125842	""
"s_Anaerotruncus_colihominis"	"Abundance"	"colon_CXCL1"	0.253826035452558	5797.77170453362	0.135228988110331	36	"spearman"	0.452742200125842	""
"s_Duodenibacillus_intestinigallinarum"	"Abundance"	"colon_CXCL1"	-0.24705178244423	9689.59234959167	0.146328115290578	36	"spearman"	0.455243025348464	""
"s_Acutalibacter_stercoravium"	"Abundance"	"Femur_Inflammation"	-0.224129210633749	27053.2555550058	0.113852727063023	51	"spearman"	0.45541090825209	""
"s_Acutalibacter_stercoravium"	"Abundance"	"colon_IL10"	-0.307381487790458	11029.0702310003	0.0642208165750988	37	"spearman"	0.45541090825209	""
"s_Acutalibacter_stercoravium"	"Abundance"	"colon_CXCL1"	0.306035895121486	5392.10109490606	0.0694864506122951	36	"spearman"	0.45541090825209	""
"s_Acutalibacter_stercoravium"	"Abundance"	"score_day5"	-0.365768593253318	6139.12982667367	0.0468387234622723	30	"spearman"	0.45541090825209	""
"s_Acutalibacter_stercoravium"	"Abundance"	"score_day9"	-0.441367414752375	807.16575226133	0.0995651607770416	15	"spearman"	0.45541090825209	""
"s_Muricomes_contortus_B"	"Abundance"	"Patella_Joint"	0.224273311330492	11775.5311340031	0.13858646386921	45	"spearman"	0.455923737599595	""
"s_Muricomes_contortus_B"	"Abundance"	"colon_CCL2"	-0.241578576462297	17618	0.114070254448869	44	"spearman"	0.455923737599595	""
"s_Muricomes_contortus_B"	"Abundance"	"ileum_S100A8"	-0.243243243243243	10488	0.146546915657013	37	"spearman"	0.455923737599595	""
"s_Muricomes_contortus_B"	"Abundance"	"synov_IL1b"	-0.450549450549451	528	0.124700833614222	13	"spearman"	0.455923737599595	""
"s_Christensenella_massiliensis"	"Abundance"	"colon_CXCL1"	-0.310687348743855	10184.0406997398	0.065143196756181	36	"spearman"	0.456002377293267	""
"s_Christensenella_massiliensis"	"Abundance"	"score_day9"	-0.490552455125796	834.709374870446	0.0633703149621659	15	"spearman"	0.456002377293267	""
"s_Anaerostipes_caccae"	"Abundance"	"colon_CCL2"	-0.222509564133381	17347.4107150527	0.146573401414543	44	"spearman"	0.456006137734134	""
"s_Enterococcus_B_faecium"	"Abundance"	"ileum_TNF"	0.302098935059237	9243.00170407546	0.0489652858079542	43	"spearman"	0.457009334207572	""
"s_Bacteroides_fragilis"	"Abundance"	"synov_CXCL1"	0.522081924344667	136.684569637425	0.0816574338982714	12	"spearman"	0.45728162983032	""
"s_Akkermansia_muciniphila"	"Abundance"	"colon_TNF"	-0.356102806573977	20585.640603793	0.0163557860402137	45	"spearman"	0.457962009125983	""
"s_Bacteroides_xylanisolvens"	"Abundance"	"Femur_Joint"	0.160115251657413	18561.4529383712	0.26170780040745	51	"spearman"	0.457988650713037	""
"s_Bacteroides_xylanisolvens"	"Abundance"	"score_day1"	0.211018472678385	4304.68321306673	0.246325653271896	32	"spearman"	0.457988650713037	""
"s_Bacteroides_xylanisolvens"	"Abundance"	"synov_IL1b"	0.348071610669193	237.301933716414	0.243841293309621	13	"spearman"	0.457988650713037	""
"s_Bacteroides_nordii"	"Abundance"	"synov_MMP3"	-0.346443118431509	490.105295109069	0.246204118938506	13	"spearman"	0.459581022018545	""
"s_Phocaeicola_plebeius_A"	"Abundance"	"score_day1"	0.377987563614137	3393.69985292127	0.0329247447876427	32	"spearman"	0.460946427026998	""
"s_Phocaeicola_plebeius_A"	"Abundance"	"synov_IL6"	0.623597854078352	107.651013733591	0.0302549487275087	12	"spearman"	0.460946427026998	""
"s_Eggerthella_lenta"	"Abundance"	"Femur_Joint"	0.205340201342365	17561.9815503337	0.148311126335026	51	"spearman"	0.461412393042304	""
"s_Eggerthella_lenta"	"Abundance"	"colon_CCL2"	0.22807622507951	10953.5983661217	0.136477430274141	44	"spearman"	0.461412393042304	""
"s_Eggerthella_lenta"	"Abundance"	"colon_CXCL1"	-0.255203950610589	9752.93469624427	0.133049539190304	36	"spearman"	0.461412393042304	""
"s_Tidjanibacter_inops"	"Abundance"	"synov_CXCL1"	0.478575097315945	149.12752216764	0.115503490900424	12	"spearman"	0.462013963601697	""
"s_Phocaeicola_plebeius_A"	"Abundance"	"colon_TNF"	0.254599044914089	11315.1864982041	0.0914532273896078	45	"spearman"	0.463504908369935	""
"s_Phocaeicola_plebeius_A"	"Abundance"	"ileum_CCL2"	0.290069914457803	10073.9079138438	0.0561325469734162	44	"spearman"	0.463504908369935	""
"s_Phocaeicola_plebeius_A"	"Abundance"	"synov_IL1b"	0.485468036437641	187.289634736699	0.0926200161339717	13	"spearman"	0.463504908369935	""
"s_Phocaeicola_plebeius_A"	"Abundance"	"synov_IL17"	-0.550268751543036	255.794344004601	0.0993224803649861	10	"spearman"	0.463504908369935	""
"s_Blautia_A_sp028767025"	"Abundance"	"ileum_IL1b"	0.238994366410052	10798.6699406414	0.118191707143493	44	"spearman"	0.46383839080775	""
"s_Blautia_A_sp028767025"	"Abundance"	"colon_CXCL1"	0.269323293793872	5677.35800722161	0.112191569878707	36	"spearman"	0.46383839080775	""
"s_Blautia_A_sp028767025"	"Abundance"	"ileum_IFNg"	0.280587198528503	5136.60740250649	0.10253687850644	35	"spearman"	0.46383839080775	""
"s_Blautia_A_sp028767025"	"Abundance"	"colon_IFNg"	-0.267295932989499	6914.36661039071	0.139151517242325	32	"spearman"	0.46383839080775	""
"s_Bifidobacterium_bifidum"	"Abundance"	"ileum_S100A8"	0.216013572737888	6613.70950038318	0.19911249471237	37	"spearman"	0.46459582099553	""
"s_Bifidobacterium_bifidum"	"Abundance"	"ileum_IL10"	0.225426584032923	6018.43544206419	0.186196282591372	36	"spearman"	0.46459582099553	""
"s_Bifidobacterium_bifidum"	"Abundance"	"score_day5"	0.257147171797212	3339.12346277153	0.17012464576612	30	"spearman"	0.46459582099553	""
"s_Anaerostipes_hadrus"	"Abundance"	"score_day1"	0.295880014783772	3841.67863933974	0.100132995601898	32	"spearman"	0.467224509603991	""
"s_Anaerostipes_hadrus"	"Abundance"	"synov_IL1b"	0.468129892279154	193.600719210388	0.106674152213936	13	"spearman"	0.467224509603991	""
"s_Anaerostipes_hadrus"	"Abundance"	"synov_MMP13"	0.456571129506829	197.808108859514	0.116806127400998	13	"spearman"	0.467224509603991	""
"s_Anaerostipes_hadrus"	"Abundance"	"synov_MMP3"	0.456571129506829	197.808108859514	0.116806127400998	13	"spearman"	0.467224509603991	""
"s_Enterocloster_pacaense"	"Abundance"	"colon_CCL2"	0.196775352948982	11397.7577416539	0.20045950707136	44	"spearman"	0.467738849833173	""
"s_Enterocloster_pacaense"	"Abundance"	"score_day1"	0.236861694362494	4163.68259555823	0.191808000366559	32	"spearman"	0.467738849833173	""
"s_Neobittarella_massiliensis"	"Abundance"	"colon_TNF"	-0.275754006070694	19365.9458121531	0.0667298904242437	45	"spearman"	0.46777080872382	""
"s_Neobittarella_massiliensis"	"Abundance"	"colon_IFNg"	-0.310661219419035	7150.96761315025	0.083530501557825	32	"spearman"	0.46777080872382	""
"s_Neobittarella_massiliensis"	"Abundance"	"synov_MMP13"	-0.515406711388277	551.608042945333	0.0714409009946153	13	"spearman"	0.46777080872382	""
"s_Neobittarella_massiliensis"	"Abundance"	"synov_IL17"	0.622799155329218	62.238139370679	0.0544386961406657	10	"spearman"	0.46777080872382	""
"s_Ruthenibacterium_lactatiformans"	"Abundance"	"colon_IL1b"	0.335397588773964	10088.6646024112	0.024304429555775	45	"spearman"	0.467775382044046	""
"s_Ruthenibacterium_lactatiformans"	"Abundance"	"ileum_CCL2"	-0.297343012192543	18409.2973430122	0.0499775578502391	44	"spearman"	0.467775382044046	""
"s_Ruthenibacterium_lactatiformans"	"Abundance"	"colon_S100A8"	0.258562205930627	6776	0.116943845511012	38	"spearman"	0.467775382044046	""
"s_Ruthenibacterium_lactatiformans"	"Abundance"	"ileum_S100A8"	0.264003319769082	6208.86799442803	0.114356662750332	37	"spearman"	0.467775382044046	""
"s_Ruthenibacterium_lactatiformans"	"Abundance"	"ileum_IFNg"	0.284493629349393	5108.71548644534	0.0976428844305996	35	"spearman"	0.467775382044046	""
"s_Ruthenibacterium_lactatiformans"	"Abundance"	"synov_IL1b"	-0.483516483516484	540	0.0970370758315922	13	"spearman"	0.467775382044046	""
"s_Ruthenibacterium_lactatiformans"	"Abundance"	"synov_MMP13"	-0.461538461538462	532	0.114935670585034	13	"spearman"	0.467775382044046	""
"s_Enterococcus_faecalis"	"Abundance"	"synov_MMP13"	-0.366899692852671	497.551488198372	0.217516275597782	13	"spearman"	0.468496593595223	""
"s_Faecalibacterium_prausnitzii_D"	"Abundance"	"ileum_TNF"	-0.324965340592069	17547.8409708014	0.0334839341560866	43	"spearman"	0.468775078185212	""
"s_Faecalibacterium_prausnitzii_D"	"Abundance"	"score_day1"	0.394164307061385	3305.43954067308	0.0255973392568313	32	"spearman"	0.468775078185212	""
"s_Muricomes_contortus_B"	"Abundance"	"synov_CXCL1"	-0.412587412587413	404	0.184480684602262	12	"spearman"	0.469587197169393	""
"s_Muricomes_contortus_B"	"Abundance"	"synov_IL6"	-0.426573426573427	408	0.168899525405203	12	"spearman"	0.469587197169393	""
"s_Ruminococcus_C_sp000433635"	"Abundance"	"score_day5"	-0.307021870301238	5875.06330700406	0.0988801284544932	30	"spearman"	0.469680610158843	""
"s_Ruminococcus_C_sp000433635"	"Abundance"	"ileum_CCL2"	0.191950296238868	11466.2252963705	0.211941212668011	44	"spearman"	0.47017955967699	""
"s_Ruminococcus_C_sp000433635"	"Abundance"	"ileum_IL1b"	0.189528769424778	11500.5867618624	0.21787282856051	44	"spearman"	0.47017955967699	""
"s_Ruminococcus_C_sp000433635"	"Abundance"	"ileum_TNF"	0.20853449418518	10482.1691590115	0.179607294006692	43	"spearman"	0.47017955967699	""
"s_Ruminococcus_C_sp000433635"	"Abundance"	"ileum_S100A8"	0.205361183148229	6703.57305896154	0.222716633531206	37	"spearman"	0.47017955967699	""
"s_Ruminococcus_C_sp000433635"	"Abundance"	"ileum_IFNg"	0.239814046822047	5427.72770569059	0.165265376306668	35	"spearman"	0.47017955967699	""
"s_Blautia_celeris"	"Abundance"	"score_day9"	0.295138331739096	394.722534226106	0.285556078824618	15	"spearman"	0.470327659240548	""
"s_Alistipes_putredinis"	"Abundance"	"colon_IL10"	0.232962890789146	6470.72505330276	0.165259217806418	37	"spearman"	0.471685539141625	""
"s_Alistipes_putredinis"	"Abundance"	"synov_MMP3"	-0.406174690574873	511.847587369254	0.168459121122009	13	"spearman"	0.471685539141625	""
"s_Prevotella_rara"	"Abundance"	"colon_TNF"	0.304229079234788	10561.8025772159	0.0421693866153133	45	"spearman"	0.473109977913132	""
"s_Prevotella_rara"	"Abundance"	"colon_CCL2"	0.30646645170771	9841.24105026759	0.0430400619894656	44	"spearman"	0.473109977913132	""
"s_Prevotella_rara"	"Abundance"	"score_day1"	0.332130946737	3643.89355460293	0.0632854412202813	32	"spearman"	0.473109977913132	""
"s_Prevotella_rara"	"Abundance"	"synov_IL6"	0.543835337859028	130.463093372318	0.067587139701876	12	"spearman"	0.473109977913132	""
"s_Coprobacillus_cateniformis"	"Abundance"	"ileum_IL1b"	0.209905031640904	11211.4476010156	0.171449777996606	44	"spearman"	0.473234324394781	""
"s_Coprobacillus_cateniformis"	"Abundance"	"ileum_S100A8"	0.228763641091025	6506.14992375612	0.173231320882605	37	"spearman"	0.473234324394781	""
"s_Coprobacillus_cateniformis"	"Abundance"	"colon_CXCL1"	-0.225567715704927	9522.66115102728	0.185913484583664	36	"spearman"	0.473234324394781	""
"s_Enterocloster_pacaense"	"Abundance"	"synov_MMP13"	0.364362590074518	231.372017212875	0.220957051576831	13	"spearman"	0.475907495703944	""
"s_Clostridium_AP_scindens"	"Abundance"	"Femur_Inflammation"	0.220958496980475	17216.8172167315	0.119193323499235	51	"spearman"	0.476773293996939	""
"s_Alistipes_shahii"	"Abundance"	"Femur_Joint"	0.194947337229892	17791.6638472194	0.170411725449979	51	"spearman"	0.477152831259942	""
"s_UBA3282_sp003611805"	"Abundance"	"colon_CXCL1"	0.219683566898431	6063.05868519919	0.197962777717601	36	"spearman"	0.480257903241278	""
"s_UBA3282_sp003611805"	"Abundance"	"synov_IL17"	-0.437713779636506	237.222773640023	0.205824815674834	10	"spearman"	0.480257903241278	""
"s_Avimicrobium_caecorum"	"Abundance"	"colon_IL1b"	0.238830762000814	11554.5490328276	0.114106323692901	45	"spearman"	0.480411536866765	""
"s_Avimicrobium_caecorum"	"Abundance"	"ileum_S100A8"	0.24885322710253	6336.67417616306	0.137480524193737	37	"spearman"	0.480411536866765	""
"s_Avimicrobium_caecorum"	"Abundance"	"colon_IL10"	-0.215847513450881	10256.8896234716	0.199466475831212	37	"spearman"	0.480411536866765	""
"s_Avimicrobium_caecorum"	"Abundance"	"colon_IFNg"	0.236862748452642	4163.67684444238	0.191805964731666	32	"spearman"	0.480411536866765	""
"s_Avimicrobium_caecorum"	"Abundance"	"score_day1"	0.230613336669878	4197.77363512915	0.204140846599894	32	"spearman"	0.480411536866765	""
"s_Avimicrobium_caecorum"	"Abundance"	"score_day5"	0.277655043792269	3246.94057815375	0.137399025367935	30	"spearman"	0.480411536866765	""
"s_Avimicrobium_caecorum"	"Abundance"	"synov_IL1b"	0.392997934259043	220.948751929708	0.184041199216278	13	"spearman"	0.480411536866765	""
"s_Avimicrobium_caecorum"	"Abundance"	"synov_MMP3"	0.375659790100556	227.259836403398	0.205890658657185	13	"spearman"	0.480411536866765	""
"s_Avimicrobium_caecorum"	"Abundance"	"synov_CXCL1"	0.536584200020908	132.53691879402	0.0720754308866106	12	"spearman"	0.480411536866765	""
"s_Avimicrobium_caecorum"	"Abundance"	"synov_IL17"	-0.487738211594963	245.476804913169	0.152707308787996	10	"spearman"	0.480411536866765	""
"s_Parabacteroides_merdae"	"Abundance"	"score_day5"	0.431869941053367	2553.74461496512	0.0171656135587134	30	"spearman"	0.480637179643976	""
"s_Phocaeicola_vulgatus"	"Abundance"	"ileum_S100A8"	-0.212185870080607	10226	0.206627722981938	37	"spearman"	0.482131353624521	""
"s_Phocaeicola_vulgatus"	"Abundance"	"score_day5"	-0.243506074983529	5589.55980705096	0.194739108497631	30	"spearman"	0.482131353624521	""
"s_Phocaeicola_dorei"	"Abundance"	"synov_CXCL1"	0.421091835399445	165.567735075759	0.172809960628043	12	"spearman"	0.483867889758519	""
"s_Bacteroides_xylanisolvens"	"Abundance"	"Femur_Inflammation"	0.139611303403255	19014.5901947881	0.32851822405301	51	"spearman"	0.484132119657067	""
"s_Bacteroides_xylanisolvens"	"Abundance"	"ileum_IFNg"	0.173476854521611	5901.3752587157	0.318952369989732	35	"spearman"	0.484132119657067	""
"s_Bacteroides_xylanisolvens"	"Abundance"	"score_day5"	0.191182894436215	3635.63288950922	0.311523311800328	30	"spearman"	0.484132119657067	""
"s_Prevotella_rara"	"Abundance"	"Femur_Inflammation"	0.24159095212952	16760.8399579376	0.0876486124636744	51	"spearman"	0.484934472792118	""
"s_Prevotella_rara"	"Abundance"	"ileum_S100A8"	0.271609445541855	6144.70271740891	0.103914529884025	37	"spearman"	0.484934472792118	""
"s_Enterococcus_faecalis"	"Abundance"	"colon_CXCL1"	-0.199886381848579	9323.11718696346	0.242470557872703	36	"spearman"	0.484941115745406	""
"s_Enterocloster_asparagiformis"	"Abundance"	"score_day9"	0.289498745782298	397.880702361913	0.295293744991016	15	"spearman"	0.486366168220496	""
"uc_g_Dialister"	"Abundance"	"synov_IL1b"	0.546969673908732	164.903038697222	0.0530554276101242	13	"spearman"	0.486722898534458	""
"uc_g_Dialister"	"Abundance"	"synov_MMP13"	0.480670319495552	189.036003703619	0.0963739961454353	13	"spearman"	0.486722898534458	""
"uc_g_Dialister"	"Abundance"	"synov_CXCL1"	0.528897483595451	134.735319691701	0.0770523903726765	12	"spearman"	0.486722898534458	""
"uc_g_Dialister"	"Abundance"	"synov_IL17"	-0.551515151515151	256	0.10429776397167	10	"spearman"	0.486722898534458	""
"s_Bacteroides_fragilis"	"Abundance"	"Femur_Joint"	0.221353818234959	17208.0806170074	0.118517271216222	51	"spearman"	0.487875707246142	""
"s_Bacteroides_fragilis"	"Abundance"	"colon_IL1b"	0.232603471021237	11649.0793098976	0.124141815236555	45	"spearman"	0.487875707246142	""
"s_Bacteroides_fragilis"	"Abundance"	"ileum_CXCL1"	0.22574826550107	7649.60713684943	0.167020057230525	39	"spearman"	0.487875707246142	""
"s_Bacteroides_fragilis"	"Abundance"	"score_day5"	0.248817052119424	3376.56735072319	0.184878388570453	30	"spearman"	0.487875707246142	""
"s_Bacteroides_fragilis"	"Abundance"	"synov_IL1b"	0.392997934259043	220.948751929708	0.184041199216278	13	"spearman"	0.487875707246142	""
"s_Bacteroides_fragilis"	"Abundance"	"synov_IL17"	-0.45021988762612	239.28628145831	0.191665456418127	10	"spearman"	0.487875707246142	""
"s_Akkermansia_sp004167605"	"Abundance"	"Femur_Joint"	0.22987906784337	17019.6726006615	0.104636196544458	51	"spearman"	0.488302250540806	""
"s_Akkermansia_sp004167605"	"Abundance"	"colon_IL1b"	0.253903636758198	11325.7427940105	0.0923724476960619	45	"spearman"	0.488302250540806	""
"s_Akkermansia_sp004167605"	"Abundance"	"ileum_S100A8"	0.288061613366273	6005.91222964213	0.0838213616743049	37	"spearman"	0.488302250540806	""
"s_Akkermansia_sp004167605"	"Abundance"	"synov_CXCL1"	0.551086475697148	128.389267950616	0.063295463569553	12	"spearman"	0.488302250540806	""
"s_Alistipes_shahii"	"Abundance"	"ileum_IL1b"	0.200355948095842	11346.94909652	0.192226924762606	44	"spearman"	0.489304899395724	""
"s_Massilioclostridium_facile"	"Abundance"	"colon_TNF"	-0.315179128817187	19964.4191754449	0.0349558531107405	45	"spearman"	0.489381943550368	""
"s_Massilioclostridium_facile"	"Abundance"	"ileum_IFNg"	-0.380150962899864	9854.27787510503	0.0242813482192306	35	"spearman"	0.489381943550368	""
"s_Enterocloster_pacaense"	"Abundance"	"synov_IL1b"	0.346443118431509	237.894704890931	0.246204118938506	13	"spearman"	0.492408237877012	""
"s_Neobittarella_massiliensis"	"Abundance"	"colon_IL10"	0.257861715071165	6260.67857165966	0.123349315597318	37	"spearman"	0.493397262389273	""
"s_Neobittarella_massiliensis"	"Abundance"	"score_day9"	0.416342090626548	326.848429249133	0.122666937086153	15	"spearman"	0.493397262389273	""
"s_Avimicrobium_caecorum"	"Abundance"	"synov_MMP13"	0.358321645942068	233.570920877087	0.229283210908971	13	"spearman"	0.493840761957785	""
"s_Caecibacter_massiliensis"	"Abundance"	"Femur_Inflammation"	0.260799927301931	16336.3216066273	0.0645382778058448	51	"spearman"	0.494339951913377	""
"s_Caecibacter_massiliensis"	"Abundance"	"score_day5"	0.334706268255781	2990.49532419027	0.0706199931304825	30	"spearman"	0.494339951913377	""
"s_Victivallis_lenta"	"Abundance"	"synov_TNF"	-0.628970902033151	592.945408340067	0.0212830657141068	13	"spearman"	0.495545027691186	""
"s_Victivallis_lenta"	"Abundance"	"synov_CXCL1"	-0.569810127044025	448.965696334591	0.0530941101097699	12	"spearman"	0.495545027691186	""
"s_Victivallis_lenta"	"Abundance"	"synov_IL6"	-0.569810127044025	448.965696334591	0.0530941101097699	12	"spearman"	0.495545027691186	""
"s_Victivallis_lenta"	"Abundance"	"colon_TNF"	-0.20871147586302	18348.2402036006	0.168856422733173	45	"spearman"	0.49565229348511	""
"s_Victivallis_lenta"	"Abundance"	"ileum_TNF"	-0.22407432428071	16211.6403507737	0.148599203660848	43	"spearman"	0.49565229348511	""
"s_Victivallis_lenta"	"Abundance"	"score_day1"	-0.268562511467862	6921.27706256865	0.137216929715693	32	"spearman"	0.49565229348511	""
"s_Victivallis_lenta"	"Abundance"	"score_day9"	-0.363044272042613	763.304792343863	0.183515939210087	15	"spearman"	0.49565229348511	""
"s_Victivallis_lenta"	"Abundance"	"synov_CCL2"	-0.401842520743402	510.270677550598	0.173485211124078	13	"spearman"	0.49565229348511	""
"s_Victivallis_lenta"	"Abundance"	"synov_IL1b"	-0.384371106798037	503.911082874485	0.19472054386915	13	"spearman"	0.49565229348511	""
"s_Victivallis_lenta"	"Abundance"	"synov_MMP13"	-0.401842520743402	510.270677550598	0.173485211124078	13	"spearman"	0.49565229348511	""
"s_Victivallis_lenta"	"Abundance"	"synov_MMP3"	-0.393106813770719	507.090880212542	0.183908838325313	13	"spearman"	0.49565229348511	""
"s_Eubacterium_F_sp003491505"	"Abundance"	"synov_CCL2"	0.564763157868024	158.426210536039	0.0443280037819658	13	"spearman"	0.498970445393903	""
"s_Eubacterium_F_sp003491505"	"Abundance"	"synov_IL6"	0.569094809484461	123.238884487444	0.0534611191493467	12	"spearman"	0.498970445393903	""
"s_Enterocloster_aldenensis"	"Abundance"	"colon_IL1b"	-0.206396785249819	18313.1032000923	0.173738537922283	45	"spearman"	0.499014121957516	""
"s_Enterocloster_aldenensis"	"Abundance"	"score_day1"	-0.251030683984369	6825.62341181872	0.165791368448917	32	"spearman"	0.499014121957516	""
"s_Enterocloster_aldenensis"	"Abundance"	"synov_IL6"	-0.41958041958042	406	0.176577010697551	12	"spearman"	0.499014121957516	""
"s_Enterocloster_aldenensis"	"Abundance"	"synov_IL17"	0.466666666666667	88	0.178219329270541	10	"spearman"	0.499014121957516	""
"s_Luxibacter_massiliensis"	"Abundance"	"Femur_Inflammation"	0.183834171283769	18037.2648146287	0.196589473602625	51	"spearman"	0.500409569170318	""
"s_Luxibacter_massiliensis"	"Abundance"	"colon_IL1b"	0.202386956836245	12107.7659952258	0.18243531057337	45	"spearman"	0.500409569170318	""
"s_Luxibacter_massiliensis"	"Abundance"	"ileum_S100A8"	0.243518752780932	6381.67580154006	0.146392187343184	37	"spearman"	0.500409569170318	""
"s_Luxibacter_massiliensis"	"Abundance"	"colon_IFNg"	0.244307566021873	4123.05791978466	0.177802568764446	32	"spearman"	0.500409569170318	""
"s_Luxibacter_massiliensis"	"Abundance"	"score_day1"	0.264844230916029	4011.00987612215	0.142952762384922	32	"spearman"	0.500409569170318	""
"s_Luxibacter_massiliensis"	"Abundance"	"synov_IL17"	-0.512750427574192	249.603820549742	0.129645690800727	10	"spearman"	0.500409569170318	""
"s_Coprobacter_secundus"	"Abundance"	"score_day9"	-0.43236074438639	802.122016856379	0.1074959027903	15	"spearman"	0.501647546354732	""
"s_Bacteroides_cellulosilyticus"	"Abundance"	"ileum_IL1b"	0.15240130450077	12027.4254891341	0.323349671578796	44	"spearman"	0.50298837801146	""
"s_Alistipes_shahii"	"Abundance"	"colon_IL1b"	0.178710049932897	12467.1814420186	0.240165643074683	45	"spearman"	0.50332459509585	""
"s_Alistipes_shahii"	"Abundance"	"colon_IFNg"	0.208705119613059	4317.30486739115	0.251662297547925	32	"spearman"	0.50332459509585	""
"s_Alistipes_shahii"	"Abundance"	"score_day1"	0.211677067564806	4301.08991936642	0.244820218446124	32	"spearman"	0.50332459509585	""
"s_Otoolea_symbiosa"	"Abundance"	"ileum_IL1b"	0.245595915520369	10704.993958766	0.108071979947199	44	"spearman"	0.504335906420264	""
"s_Oxalobacter_aliiformigenes"	"Abundance"	"colon_IL1b"	-0.281868285584456	19458.760575172	0.0606750917987766	45	"spearman"	0.504392959483723	""
"s_Oxalobacter_aliiformigenes"	"Abundance"	"colon_TNF"	-0.229372828616294	18661.8795383953	0.129602910818237	45	"spearman"	0.504392959483723	""
"s_Oxalobacter_aliiformigenes"	"Abundance"	"ileum_CCL2"	0.313234405896367	9745.20378033055	0.0384178785626691	44	"spearman"	0.504392959483723	""
"s_Oxalobacter_aliiformigenes"	"Abundance"	"colon_S100A8"	-0.275502679784715	11656.8189905525	0.0941000966635625	38	"spearman"	0.504392959483723	""
"s_Oxalobacter_aliiformigenes"	"Abundance"	"colon_CXCL1"	-0.312275638233821	10196.3817090768	0.0637101365027288	36	"spearman"	0.504392959483723	""
"s_Oxalobacter_aliiformigenes"	"Abundance"	"colon_IFNg"	-0.253151052862259	6837.19214441648	0.162126308405482	32	"spearman"	0.504392959483723	""
"s_Oxalobacter_aliiformigenes"	"Abundance"	"synov_IL1b"	-0.427287915492255	519.532801239181	0.145307670501105	13	"spearman"	0.504392959483723	""
"s_Oxalobacter_aliiformigenes"	"Abundance"	"synov_MMP13"	-0.423572368401018	518.180342097971	0.149221512666527	13	"spearman"	0.504392959483723	""
"s_Oxalobacter_aliiformigenes"	"Abundance"	"synov_IL17"	0.588199202255373	67.9471316278635	0.073681455883843	10	"spearman"	0.504392959483723	""
"s_Anaerostipes_hadrus"	"Abundance"	"ileum_IL10"	0.248357280531588	5840.26393026956	0.144139007936296	36	"spearman"	0.504486527777035	""
"s_Collinsella_intestinalis"	"Abundance"	"colon_IFNg"	0.330510716823497	3652.733529011	0.0646641402716705	32	"spearman"	0.504528016206274	""
"s_Collinsella_intestinalis"	"Abundance"	"synov_CXCL1"	0.536584200020908	132.53691879402	0.0720754308866106	12	"spearman"	0.504528016206274	""
"s_Alistipes_shahii"	"Abundance"	"Patella_Joint"	0.167610905882571	12635.6664487026	0.271098550037344	45	"spearman"	0.506050626736376	""
"s_Butyricimonas_virosa"	"Abundance"	"Patella_Joint"	0.161394011166997	12730.038910485	0.289526629294421	45	"spearman"	0.506582543249551	""
"s_Butyricimonas_virosa"	"Abundance"	"ileum_CXCL1"	0.163968320693455	8259.99299154866	0.318552071882318	39	"spearman"	0.506582543249551	""
"s_Butyricimonas_virosa"	"Abundance"	"colon_IFNg"	0.186244399959636	4439.85055382023	0.307441386260247	32	"spearman"	0.506582543249551	""
"s_Butyricimonas_virosa"	"Abundance"	"score_day9"	0.272579987911904	407.355206769334	0.325660206374712	15	"spearman"	0.506582543249551	""
"s_Alistipes_timonensis"	"Abundance"	"colon_CCL2"	-0.216333708316013	17259.7753210042	0.158406864695497	44	"spearman"	0.507706240597673	""
"s_Alistipes_timonensis"	"Abundance"	"ileum_CXCL1"	-0.209993262101044	11954.7334295583	0.199456023091943	39	"spearman"	0.507706240597673	""
"s_Alistipes_timonensis"	"Abundance"	"colon_IL10"	0.219722693225582	6582.41935994899	0.191320078689542	37	"spearman"	0.507706240597673	""
"s_Alistipes_timonensis"	"Abundance"	"score_day1"	-0.279537190119606	6981.15490929257	0.121270904980778	32	"spearman"	0.507706240597673	""
"s_Alistipes_timonensis"	"Abundance"	"score_day5"	-0.257564788023047	5652.7537221636	0.169407634603912	30	"spearman"	0.507706240597673	""
"s_Alistipes_timonensis"	"Abundance"	"score_day9"	-0.366263612179176	765.107622820339	0.179371014234424	15	"spearman"	0.507706240597673	""
"s_Thomasclavelia_sp000508865"	"Abundance"	"Femur_Inflammation"	0.175306804115266	18225.7196290526	0.218525142735979	51	"spearman"	0.509891999717283	""
"s_Victivallis_lenta"	"Abundance"	"Femur_Inflammation"	0.175149496234035	18229.1961332278	0.218945181445584	51	"spearman"	0.510872090039696	""
"s_Bacteroides_cellulosilyticus"	"Abundance"	"Patella_Joint"	0.138290063657104	13080.7568336852	0.364969540218278	45	"spearman"	0.510957356305589	""
"s_Bacteroides_cellulosilyticus"	"Abundance"	"score_day9"	0.253781368055911	417.88243388869	0.36140516074235	15	"spearman"	0.510957356305589	""
"s_Alistipes_onderdonkii"	"Abundance"	"colon_IL1b"	-0.350432379552428	20499.5635216059	0.0182749402658499	45	"spearman"	0.511698327443797	""
"s_Enterocloster_pacaense"	"Abundance"	"synov_CXCL1"	0.343374428844208	187.794913350556	0.274497864249105	12	"spearman"	0.512396013264996	""
"s_Eisenbergiella_tayi"	"Abundance"	"colon_CXCL1"	-0.226512226512227	9530	0.183424123537545	36	"spearman"	0.513587545905125	""
"s_Blautia_pseudococcoides"	"Abundance"	"synov_IL17"	0.457468457139276	89.5177045720195	0.183727587258864	10	"spearman"	0.514437244324818	""
"s_UBA11524_sp000437595"	"Abundance"	"colon_TNF"	0.260447654566663	11226.4046036781	0.084000300094581	45	"spearman"	0.515599600747144	""
"s_UBA11524_sp000437595"	"Abundance"	"synov_CXCL1"	0.507579648668426	140.83222048083	0.0920713572762758	12	"spearman"	0.515599600747144	""
"s_Bacteroides_fragilis"	"Abundance"	"synov_MMP3"	0.364101027328231	231.467226052524	0.221313664255496	13	"spearman"	0.51639854992949	""
"s_Oxalobacter_aliiformigenes"	"Abundance"	"ileum_S100A8"	-0.223072340005819	10317.8382602891	0.184469502335475	37	"spearman"	0.51651460653933	""
"s_Agathobaculum_ammoniilyticum"	"Abundance"	"Femur_Inflammation"	0.230755662820412	17000.2998516689	0.103283033011542	51	"spearman"	0.516667169611953	""
"s_Agathobaculum_ammoniilyticum"	"Abundance"	"colon_IL1b"	0.193735984279621	12239.0877586354	0.202248866529298	45	"spearman"	0.516667169611953	""
"s_Agathobaculum_ammoniilyticum"	"Abundance"	"colon_TNF"	0.203611461306721	12089.178017364	0.179747153514803	45	"spearman"	0.516667169611953	""
"s_Agathobaculum_ammoniilyticum"	"Abundance"	"ileum_CCL2"	0.22381001002306	11014.1359577728	0.144166982160054	44	"spearman"	0.516667169611953	""
"s_Agathobaculum_ammoniilyticum"	"Abundance"	"ileum_IL1b"	0.175211264989482	11703.7521497993	0.255292386374672	44	"spearman"	0.516667169611953	""
"s_Agathobaculum_ammoniilyticum"	"Abundance"	"ileum_TNF"	0.196403546304961	10642.8314327371	0.206844354723536	43	"spearman"	0.516667169611953	""
"s_Agathobaculum_ammoniilyticum"	"Abundance"	"colon_CXCL1"	-0.252443505169357	9731.48603516591	0.137442097520125	36	"spearman"	0.516667169611953	""
"s_Agathobaculum_ammoniilyticum"	"Abundance"	"colon_IFNg"	0.385962805091533	3350.1869354206	0.0291242325985963	32	"spearman"	0.516667169611953	""
"s_Agathobaculum_ammoniilyticum"	"Abundance"	"score_day1"	0.270913700050041	3977.89485252698	0.133677999978674	32	"spearman"	0.516667169611953	""
"s_Agathobaculum_ammoniilyticum"	"Abundance"	"score_day5"	0.235318475555729	3437.243452377	0.210645094209277	30	"spearman"	0.516667169611953	""
"s_Agathobaculum_ammoniilyticum"	"Abundance"	"synov_IL1b"	0.469766919211939	193.004841406854	0.10528905398389	13	"spearman"	0.516667169611953	""
"s_Agathobaculum_ammoniilyticum"	"Abundance"	"synov_MMP13"	0.516743611133133	175.90532554754	0.0705826330350169	13	"spearman"	0.516667169611953	""
"s_Agathobaculum_ammoniilyticum"	"Abundance"	"synov_TNF"	0.355680667403325	234.53223706519	0.232982355293475	13	"spearman"	0.516667169611953	""
"s_Agathobaculum_ammoniilyticum"	"Abundance"	"synov_IL17"	-0.395203378419455	230.20855743921	0.258333584805976	10	"spearman"	0.516667169611953	""
"s_Fournierella_sp900543285"	"Abundance"	"Patella_Joint"	0.147905774028165	12934.7903502524	0.332241655799215	45	"spearman"	0.516820353465445	""
"s_Fournierella_sp900543285"	"Abundance"	"synov_IL17"	-0.350171023709205	222.778218912019	0.321218896668313	10	"spearman"	0.516820353465445	""
"s_Luxibacter_massiliensis"	"Abundance"	"Femur_Joint"	0.174187496436944	18250.4563287435	0.221526108778572	51	"spearman"	0.516894253816667	""
"s_Christensenella_hongkongensis"	"Abundance"	"score_day9"	-0.322665120235575	740.692467331922	0.240808158545195	15	"spearman"	0.518663726097343	""
"s_Thomasclavelia_sp000508865"	"Abundance"	"colon_IL10"	-0.197117477873156	10098.8830433379	0.242249701251305	37	"spearman"	0.521768587310504	""
"s_Prevotella_sp900313215"	"Abundance"	"colon_IL1b"	0.263788115326872	11175.6964093381	0.0799614832257154	45	"spearman"	0.523128776214397	""
"s_Prevotella_sp900313215"	"Abundance"	"colon_TNF"	0.252861980372505	11341.5551379454	0.0937627227049546	45	"spearman"	0.523128776214397	""
"s_Prevotella_sp900313215"	"Abundance"	"colon_CCL2"	0.211497711466797	11188.8474742862	0.16814853521177	44	"spearman"	0.523128776214397	""
"s_Prevotella_sp900313215"	"Abundance"	"ileum_TNF"	-0.332491204668075	17647.513514624	0.0293731952014386	43	"spearman"	0.523128776214397	""
"s_Prevotella_sp900313215"	"Abundance"	"colon_CXCL1"	0.257241360794424	5771.23462662733	0.129874705113383	36	"spearman"	0.523128776214397	""
"s_Prevotella_sp900313215"	"Abundance"	"colon_IFNg"	-0.250825947982314	6824.5063721915	0.166148359825229	32	"spearman"	0.523128776214397	""
"s_Prevotella_sp900313215"	"Abundance"	"synov_CCL2"	0.40871018003607	215.229494466871	0.1655613292625	13	"spearman"	0.523128776214397	""
"s_Prevotella_sp900313215"	"Abundance"	"synov_CXCL1"	0.550736912404317	128.489243052365	0.0634979060802678	12	"spearman"	0.523128776214397	""
"s_Prevotella_sp900313215"	"Abundance"	"synov_IL6"	0.504842169703958	141.615139464668	0.0941327562249958	12	"spearman"	0.523128776214397	""
"s_Phocaeicola_plebeius_A"	"Abundance"	"ileum_S100A8"	0.212974366030559	6639.3482481662	0.20566075790055	37	"spearman"	0.523500111019582	""
"s_Phocaeicola_plebeius_A"	"Abundance"	"colon_IL10"	-0.222573896363187	10313.6333897198	0.185477748418403	37	"spearman"	0.523500111019582	""
"s_Phocaeicola_plebeius_A"	"Abundance"	"ileum_IL10"	0.216795385995626	6085.49985081398	0.204072423637974	36	"spearman"	0.523500111019582	""
"s_Phocaeicola_plebeius_A"	"Abundance"	"synov_MMP13"	0.41033607841753	214.637667456019	0.163720086347685	13	"spearman"	0.523500111019582	""
"s_Phocaeicola_plebeius_A"	"Abundance"	"synov_CXCL1"	0.427817132449102	163.644300119557	0.165332956764079	12	"spearman"	0.523500111019582	""
"s_Enterocloster_pacaense"	"Abundance"	"Patella_Joint"	0.157471965696809	12789.5755607224	0.301561218406729	45	"spearman"	0.527732132211775	""
"s_Agathobaculum_ammoniilyticum"	"Abundance"	"Femur_Joint"	0.137979542116526	19050.6521192248	0.334258751769693	51	"spearman"	0.528176430599536	""
"s_Agathobaculum_ammoniilyticum"	"Abundance"	"colon_S100A8"	0.153548547161032	7735.71982749533	0.357367920153504	38	"spearman"	0.528176430599536	""
"s_Agathobaculum_ammoniilyticum"	"Abundance"	"colon_IL10"	0.174328013857838	6965.36887509528	0.30210545278597	37	"spearman"	0.528176430599536	""
"s_Agathobaculum_ammoniilyticum"	"Abundance"	"synov_CCL2"	0.301993019493389	254.074540904406	0.315952753996973	13	"spearman"	0.528176430599536	""
"s_Agathobaculum_ammoniilyticum"	"Abundance"	"synov_CXCL1"	0.291232164990553	202.707600812702	0.358405435049685	12	"spearman"	0.528176430599536	""
"s_Phocaeicola_massiliensis"	"Abundance"	"synov_CXCL1"	-0.460081820158652	417.583400565375	0.132327803710737	12	"spearman"	0.52931121484295	""
"s_Ruminococcus_E_intestinalis"	"Abundance"	"synov_CCL2"	0.549900969503076	163.83604710088	0.0515397674712824	13	"spearman"	0.529447310690666	""
"s_Ruminococcus_E_intestinalis"	"Abundance"	"synov_MMP3"	0.509029951499469	178.713097654193	0.0756353300986666	13	"spearman"	0.529447310690666	""
"s_Ruminococcus_E_intestinalis"	"Abundance"	"synov_CXCL1"	0.660884294885181	96.9870916628383	0.01929371389078	12	"spearman"	0.529447310690666	""
"s_Ruminococcus_E_intestinalis"	"Abundance"	"synov_IL6"	0.559915860944389	125.864063769905	0.0583292853985021	12	"spearman"	0.529447310690666	""
"s_Barnesiella_intestinihominis"	"Abundance"	"ileum_IL1b"	0.230330234832288	10921.6139677298	0.132540012207675	44	"spearman"	0.530160048830701	""
"s_Akkermansia_sp004167605"	"Abundance"	"Femur_Inflammation"	0.152253166130651	18735.2050285126	0.286160228871663	51	"spearman"	0.530284788644884	""
"s_Akkermansia_sp004167605"	"Abundance"	"ileum_CXCL1"	0.187848117461847	8024.06059947695	0.252137254262487	39	"spearman"	0.530284788644884	""
"s_Akkermansia_sp004167605"	"Abundance"	"colon_IL10"	-0.21352240558606	10237.275013524	0.204469033267908	37	"spearman"	0.530284788644884	""
"s_Akkermansia_sp004167605"	"Abundance"	"colon_IFNg"	0.264682856211348	4011.89033651089	0.143205591403478	32	"spearman"	0.530284788644884	""
"s_Akkermansia_sp004167605"	"Abundance"	"score_day5"	0.248102060590345	3379.7812376464	0.186185137547192	30	"spearman"	0.530284788644884	""
"s_Akkermansia_sp004167605"	"Abundance"	"score_day9"	0.308297365638292	387.353475242557	0.26358753505186	15	"spearman"	0.530284788644884	""
"s_Akkermansia_sp004167605"	"Abundance"	"synov_IL1b"	0.340983501783581	239.882005350776	0.254225373798305	13	"spearman"	0.530284788644884	""
"s_Akkermansia_sp004167605"	"Abundance"	"synov_MMP13"	0.317865976238932	248.296784649029	0.289887499005781	13	"spearman"	0.530284788644884	""
"s_Akkermansia_sp004167605"	"Abundance"	"synov_MMP3"	0.38721855287288	223.052446754272	0.191153641558542	13	"spearman"	0.530284788644884	""
"s_Akkermansia_sp004167605"	"Abundance"	"synov_IL17"	-0.362677131698819	224.841726730305	0.303019879225648	10	"spearman"	0.530284788644884	""
"s_Agathobaculum_hominis"	"Abundance"	"score_day1"	0.228527046058726	4209.15643670359	0.2083779370171	32	"spearman"	0.530416566952619	""
"s_Anaerostipes_caccae"	"Abundance"	"colon_CXCL1"	-0.223716265492494	9508.27538287668	0.189647556704498	36	"spearman"	0.531013158772596	""
"s_Pseudoscilispira_sp018369915"	"Abundance"	"colon_IFNg"	0.248009976101454	4102.85757039047	0.171114242215946	32	"spearman"	0.532355420227387	""
"s_Bacteroides_fragilis"	"Abundance"	"Femur_Inflammation"	0.147146661372769	18848.0587836618	0.302818498542842	51	"spearman"	0.532892697701988	""
"s_Bacteroides_fragilis"	"Abundance"	"ileum_IL1b"	0.158377072508915	11942.6293410985	0.304510112972565	44	"spearman"	0.532892697701988	""
"s_Bacteroides_fragilis"	"Abundance"	"score_day1"	0.192425113609143	4406.12858014852	0.291373472625761	32	"spearman"	0.532892697701988	""
"s_Bacteroides_fragilis"	"Abundance"	"synov_MMP13"	0.335204120397419	241.98570017534	0.262883697487542	13	"spearman"	0.532892697701988	""
"s_Lawsonibacter_sp000177015"	"Abundance"	"Patella_Joint"	-0.169638251958317	17755.1086647272	0.265260632931039	45	"spearman"	0.53343656697811	""
"s_Lawsonibacter_sp000177015"	"Abundance"	"colon_CCL2"	0.207107179853375	11251.1491178806	0.17736181623725	44	"spearman"	0.53343656697811	""
"s_Lawsonibacter_sp000177015"	"Abundance"	"ileum_S100A8"	0.196880869853386	6775.11298191684	0.242826818795469	37	"spearman"	0.53343656697811	""
"s_Lawsonibacter_sp000177015"	"Abundance"	"colon_IL10"	-0.288474384949684	10869.5699114355	0.0833590795065894	37	"spearman"	0.53343656697811	""
"s_Lawsonibacter_sp000177015"	"Abundance"	"colon_CXCL1"	0.186273240060314	6322.65692473136	0.276705079505283	36	"spearman"	0.53343656697811	""
"s_Lawsonibacter_sp000177015"	"Abundance"	"ileum_IFNg"	0.273220280688997	5189.20719588056	0.112269524587722	35	"spearman"	0.53343656697811	""
"s_Lawsonibacter_sp000177015"	"Abundance"	"colon_IFNg"	0.187238233470626	4434.42819818426	0.304820895416063	32	"spearman"	0.53343656697811	""
"s_Lawsonibacter_sp000177015"	"Abundance"	"score_day1"	0.189202759358691	4423.70974493898	0.299682451744008	32	"spearman"	0.53343656697811	""
"s_Lawsonibacter_sp000177015"	"Abundance"	"synov_CCL2"	0.343873192476662	238.830157938495	0.249960711196112	13	"spearman"	0.53343656697811	""
"s_Lawsonibacter_sp000177015"	"Abundance"	"synov_IL1b"	0.41033607841753	214.637667456019	0.163720086347685	13	"spearman"	0.53343656697811	""
"s_Lawsonibacter_sp000177015"	"Abundance"	"synov_MMP13"	0.329424739011256	244.089394999903	0.271713771467761	13	"spearman"	0.53343656697811	""
"s_Lawsonibacter_sp000177015"	"Abundance"	"synov_MMP3"	0.329424739011256	244.089394999903	0.271713771467761	13	"spearman"	0.53343656697811	""
"s_Lawsonibacter_sp000177015"	"Abundance"	"synov_CXCL1"	0.551086475697148	128.389267950616	0.063295463569553	12	"spearman"	0.53343656697811	""
"s_Lawsonibacter_sp000177015"	"Abundance"	"synov_IL17"	-0.400195455667662	231.032250185164	0.251818654670835	10	"spearman"	0.53343656697811	""
"s_Agathobaculum_ammoniilyticum"	"Abundance"	"colon_CCL2"	0.130274150479222	12341.4098046998	0.399304417990237	44	"spearman"	0.53389972728782	""
"s_Agathobaculum_ammoniilyticum"	"Abundance"	"synov_MMP3"	0.255016327572195	271.174056763721	0.400424795465865	13	"spearman"	0.53389972728782	""
"s_Bacteroides_sp019412865"	"Abundance"	"ileum_IL10"	-0.324476667078605	10291.1837032008	0.0535134866005756	36	"spearman"	0.535134866005756	""
"s_Bacteroides_sp019412865"	"Abundance"	"score_day5"	0.370395980210001	2830.07006895604	0.0439209202174372	30	"spearman"	0.535134866005756	""
"s_Otoolea_symbiosa"	"Abundance"	"synov_CXCL1"	0.461538461538462	154	0.133836315738433	12	"spearman"	0.535345262953732	""
"s_Blautia_A_sp028767025"	"Abundance"	"colon_S100A8"	0.218528106866938	7141.87163134305	0.187471983169816	38	"spearman"	0.535634237628047	""
"uc_uc_k"	"Abundance"	"colon_IL10"	-0.292116184625456	10900.2921335003	0.0793655518827922	37	"spearman"	0.53636646273016	""
"uc_uc_k"	"Abundance"	"score_day1"	0.298608033382587	3826.79456986461	0.0968948004690929	32	"spearman"	0.53636646273016	""
"uc_uc_k"	"Abundance"	"synov_IL1b"	0.461538461538462	196	0.114935670585034	13	"spearman"	0.53636646273016	""
"s_Thomasclavelia_sp000508865"	"Abundance"	"score_day1"	0.201724836323415	4355.38929301945	0.2682260104407	32	"spearman"	0.536452020881401	""
"s_Butyribacter_sp003529475"	"Abundance"	"colon_CCL2"	0.333741854249299	9454.20308820245	0.0268309345705142	44	"spearman"	0.536618691410284	""
"s_CAG-267_sp001917135"	"Abundance"	"Patella_Joint"	0.13822101002383	13081.8050678383	0.365211370500576	45	"spearman"	0.538206230211376	""
"s_Otoolea_symbiosa"	"Abundance"	"score_day5"	0.266845459259049	3295.52966063057	0.154022273356447	30	"spearman"	0.539077956747563	""
"s_Ruthenibacterium_lactatiformans"	"Abundance"	"colon_TNF"	0.183872455365966	12388.8161275446	0.226629968934972	45	"spearman"	0.540169705414054	""
"s_Ruthenibacterium_lactatiformans"	"Abundance"	"colon_CCL2"	0.198597554653054	11371.9006994732	0.196239405285511	44	"spearman"	0.540169705414054	""
"s_Ruthenibacterium_lactatiformans"	"Abundance"	"colon_IFNg"	0.232997250229148	4184.76700274977	0.199372569795137	32	"spearman"	0.540169705414054	""
"s_Ruthenibacterium_lactatiformans"	"Abundance"	"synov_CCL2"	-0.39010989010989	506	0.188771716723795	13	"spearman"	0.540169705414054	""
"s_Ruthenibacterium_lactatiformans"	"Abundance"	"synov_TNF"	-0.357142857142857	494	0.231501302320309	13	"spearman"	0.540169705414054	""
"s_Tidjanibacter_inops"	"Abundance"	"Femur_Joint"	0.180575027992026	18109.2918813762	0.204780866585687	51	"spearman"	0.540298740705961	""
"s_Tidjanibacter_inops"	"Abundance"	"Femur_Inflammation"	0.177219118109225	18183.4574897861	0.213463762425802	51	"spearman"	0.540298740705961	""
"s_Tidjanibacter_inops"	"Abundance"	"ileum_IL1b"	0.196041235490041	11408.1748683963	0.202177584943754	44	"spearman"	0.540298740705961	""
"s_Tidjanibacter_inops"	"Abundance"	"ileum_CXCL1"	0.208661559724039	7818.42378992649	0.202386746153228	39	"spearman"	0.540298740705961	""
"s_Tidjanibacter_inops"	"Abundance"	"score_day5"	0.202362610548542	3585.3800655843	0.283525593861276	30	"spearman"	0.540298740705961	""
"s_Tidjanibacter_inops"	"Abundance"	"synov_IL1b"	0.335204120397419	241.98570017534	0.262883697487542	13	"spearman"	0.540298740705961	""
"s_Tidjanibacter_inops"	"Abundance"	"synov_MMP13"	0.306307213466607	252.504174298155	0.308742137546264	13	"spearman"	0.540298740705961	""
"s_Tidjanibacter_inops"	"Abundance"	"synov_MMP3"	0.317865976238932	248.296784649029	0.289887499005781	13	"spearman"	0.540298740705961	""
"s_Tidjanibacter_inops"	"Abundance"	"synov_IL17"	-0.375183239688433	226.905234548591	0.285382295455815	10	"spearman"	0.540298740705961	""
"s_Bacteroides_ovatus"	"Abundance"	"synov_IL1b"	-0.537584149290273	559.680630341659	0.0581220707809909	13	"spearman"	0.542472660622582	""
"s_Avimicrobium_caecorum"	"Abundance"	"Femur_Inflammation"	0.156963049159766	18631.1166135692	0.271338032293778	51	"spearman"	0.542676064587555	""
"s_Alistipes_finegoldii"	"Abundance"	"ileum_IFNg"	0.183714233783202	5828.28037078794	0.290776186083456	35	"spearman"	0.542782214022451	""
"s_Alistipes_finegoldii"	"Abundance"	"synov_MMP13"	0.322162463994889	246.732863105861	0.283052390317962	13	"spearman"	0.542782214022451	""
"s_Alistipes_finegoldii"	"Abundance"	"score_day5"	0.184259087527108	3666.75540156565	0.329696869060077	30	"spearman"	0.54303013727542	""
"s_Alistipes_finegoldii"	"Abundance"	"synov_IL1b"	0.299554571784721	254.962135870362	0.320069748620736	13	"spearman"	0.54303013727542	""
"s_Duodenibacillus_intestinigallinarum"	"Abundance"	"Femur_Joint"	-0.152723323102592	25475.1854405673	0.28465726726925	51	"spearman"	0.544602849843846	""
"s_Duodenibacillus_intestinigallinarum"	"Abundance"	"ileum_IL1b"	-0.142934957039083	16218.2470403846	0.354657514736319	44	"spearman"	0.544602849843846	""
"s_Duodenibacillus_intestinigallinarum"	"Abundance"	"colon_CCL2"	-0.197643037731687	16994.5547054126	0.198442112657008	44	"spearman"	0.544602849843846	""
"s_Duodenibacillus_intestinigallinarum"	"Abundance"	"colon_S100A8"	-0.155886041458292	10563.6425328873	0.350006769616516	38	"spearman"	0.544602849843846	""
"s_Duodenibacillus_intestinigallinarum"	"Abundance"	"colon_IL10"	0.162037251148342	7069.05374931259	0.337983697955004	37	"spearman"	0.544602849843846	""
"s_Duodenibacillus_intestinigallinarum"	"Abundance"	"ileum_IFNg"	-0.156417663253215	8256.82211562795	0.36955193382261	35	"spearman"	0.544602849843846	""
"s_Duodenibacillus_intestinigallinarum"	"Abundance"	"score_day1"	-0.19816324039029	6537.17863956942	0.2769450058955	32	"spearman"	0.544602849843846	""
"s_Duodenibacillus_intestinigallinarum"	"Abundance"	"synov_CCL2"	-0.304631017931154	474.88569052694	0.311532533399061	13	"spearman"	0.544602849843846	""
"s_Duodenibacillus_intestinigallinarum"	"Abundance"	"synov_MMP3"	-0.286711546288145	468.363002848885	0.342244094557796	13	"spearman"	0.544602849843846	""
"s_Duodenibacillus_intestinigallinarum"	"Abundance"	"synov_TNF"	-0.286711546288145	468.363002848885	0.342244094557796	13	"spearman"	0.544602849843846	""
"s_Christensenella_hongkongensis"	"Abundance"	"synov_MMP13"	-0.328836843448357	483.696611015202	0.272621602062765	13	"spearman"	0.545243204125531	""
"s_Christensenella_massiliensis"	"Abundance"	"colon_TNF"	-0.214417276755934	18434.8542611551	0.157247334110686	45	"spearman"	0.545428028738595	""
"s_Christensenella_massiliensis"	"Abundance"	"ileum_IL1b"	-0.181641224388912	16767.4889740787	0.23798724787433	44	"spearman"	0.545428028738595	""
"s_Christensenella_massiliensis"	"Abundance"	"ileum_CXCL1"	-0.226451025586302	12117.3361327927	0.165667662657135	39	"spearman"	0.545428028738595	""
"s_Christensenella_massiliensis"	"Abundance"	"ileum_IFNg"	-0.227732151399309	8766.00756099107	0.188268551846961	35	"spearman"	0.545428028738595	""
"s_Christensenella_massiliensis"	"Abundance"	"colon_IFNg"	-0.254324593179492	6843.59498038731	0.160122966564428	32	"spearman"	0.545428028738595	""
"s_Christensenella_massiliensis"	"Abundance"	"score_day5"	-0.2207555837417	5487.29634891894	0.241083807231102	30	"spearman"	0.545428028738595	""
"s_Christensenella_massiliensis"	"Abundance"	"synov_CCL2"	-0.436212139268229	522.781218693635	0.136183583403629	13	"spearman"	0.545428028738595	""
"s_Christensenella_massiliensis"	"Abundance"	"synov_MMP3"	-0.355680667403325	493.46776293481	0.232982355293475	13	"spearman"	0.545428028738595	""
"s_Christensenella_massiliensis"	"Abundance"	"synov_CXCL1"	-0.357978993062806	388.381992015963	0.253234441914348	12	"spearman"	0.545428028738595	""
"s_Phocaeicola_massiliensis"	"Abundance"	"colon_IFNg"	-0.235295418438067	6739.77180299809	0.194849431871484	32	"spearman"	0.545578409240156	""
"s_Phocaeicola_massiliensis"	"Abundance"	"score_day5"	-0.244527102944951	5594.14932773756	0.192815663095817	30	"spearman"	0.545578409240156	""
"s_Phocaeicola_massiliensis"	"Abundance"	"synov_IL17"	0.457468457139276	89.5177045720195	0.183727587258864	10	"spearman"	0.545578409240156	""
"s_Bacteroides_intestinalis"	"Abundance"	"Femur_Joint"	-0.158205629419461	25596.3444101701	0.267514142512926	51	"spearman"	0.546211930730437	""
"s_Bacteroides_intestinalis"	"Abundance"	"colon_CCL2"	-0.176647841792922	16696.6328750416	0.251354873962448	44	"spearman"	0.546211930730437	""
"s_Bacteroides_intestinalis"	"Abundance"	"score_day1"	-0.206968368265695	6585.21941725763	0.25571870151288	32	"spearman"	0.546211930730437	""
"s_Bacteroides_intestinalis"	"Abundance"	"synov_CCL2"	-0.3285236467885	483.582607431014	0.273105965365219	13	"spearman"	0.546211930730437	""
"s_Bacteroides_intestinalis"	"Abundance"	"synov_MMP3"	-0.334496804002836	485.756836657032	0.263955159669675	13	"spearman"	0.546211930730437	""
"s_Pseudoflavonifractor_sp902362925"	"Abundance"	"score_day1"	0.299484187023239	3822.01427560121	0.0958718386888149	32	"spearman"	0.546554631633926	""
"s_Pseudoflavonifractor_sp902362925"	"Abundance"	"synov_CXCL1"	0.500328510830306	142.906045902533	0.097599041363201	12	"spearman"	0.546554631633926	""
"s_Duodenibacillus_intestinigallinarum"	"Abundance"	"score_day5"	-0.157059805887644	5200.98382746496	0.407183082982081	30	"spearman"	0.547079139466535	""
"s_Duodenibacillus_intestinigallinarum"	"Abundance"	"synov_IL17"	0.293599159059535	116.556138755177	0.410309354599901	10	"spearman"	0.547079139466535	""
"s_Bifidobacterium_globosum"	"Abundance"	"colon_TNF"	0.346857009730192	9914.71059229569	0.0195801665112283	45	"spearman"	0.548244662314392	""
"s_Enterocloster_pacaense"	"Abundance"	"score_day9"	0.264892089715403	411.660429759374	0.340025744026455	15	"spearman"	0.548855622413402	""
"s_Enterocloster_pacaense"	"Abundance"	"synov_MMP3"	0.280738389073809	261.811226377133	0.352835757265759	13	"spearman"	0.548855622413402	""
"s_Prevotella_sp934191715"	"Abundance"	"Femur_Joint"	0.178046262219491	18165.1776049492	0.211300134048669	51	"spearman"	0.549204425330582	""
"s_Prevotella_sp934191715"	"Abundance"	"Femur_Inflammation"	0.178609226321986	18152.7360982841	0.209836358882014	51	"spearman"	0.549204425330582	""
"s_Prevotella_sp934191715"	"Abundance"	"colon_TNF"	0.242893098031348	11492.8827718841	0.107899772132224	45	"spearman"	0.549204425330582	""
"s_Prevotella_sp934191715"	"Abundance"	"colon_CCL2"	0.236258713326699	10837.4888578941	0.122589106033136	44	"spearman"	0.549204425330582	""
"s_Prevotella_sp934191715"	"Abundance"	"ileum_S100A8"	0.204677583497999	6709.33990561088	0.224294095094479	37	"spearman"	0.549204425330582	""
"s_Prevotella_sp934191715"	"Abundance"	"ileum_IL10"	0.253588122066642	5799.62029154219	0.135607946876304	36	"spearman"	0.549204425330582	""
"s_Prevotella_sp934191715"	"Abundance"	"colon_IFNg"	0.255378336141793	4062.65579801038	0.158339315709529	32	"spearman"	0.549204425330582	""
"s_Prevotella_sp934191715"	"Abundance"	"synov_IL1b"	0.477852577146909	190.061661918525	0.0986265420889479	13	"spearman"	0.549204425330582	""
"s_Prevotella_sp934191715"	"Abundance"	"synov_MMP13"	0.412147847789209	213.978183404728	0.1616839577123	13	"spearman"	0.549204425330582	""
"s_Prevotella_sp934191715"	"Abundance"	"synov_MMP3"	0.340469961217173	240.068934116949	0.254987768903485	13	"spearman"	0.549204425330582	""
"s_Prevotella_sp934191715"	"Abundance"	"synov_TNF"	0.340469961217173	240.068934116949	0.254987768903485	13	"spearman"	0.549204425330582	""
"s_Prevotella_sp934191715"	"Abundance"	"synov_CXCL1"	0.44041502830018	160.041301906149	0.15188499808915	12	"spearman"	0.549204425330582	""
"s_Prevotella_sp934191715"	"Abundance"	"synov_IL6"	0.511329312518005	139.75981661985	0.0892974413836754	12	"spearman"	0.549204425330582	""
"s_Prevotella_sp934191715"	"Abundance"	"score_day1"	0.199069532316248	4369.87663168255	0.274709170959413	32	"spearman"	0.549418341918825	""
"s_Oxalobacter_aliiformigenes"	"Abundance"	"Patella_Joint"	0.16647489221596	12652.9111361617	0.274406638065264	45	"spearman"	0.551038051508165	""
"s_Oxalobacter_aliiformigenes"	"Abundance"	"colon_CCL2"	-0.180893457322744	16756.8781594097	0.239957639498909	44	"spearman"	0.551038051508165	""
"s_Oxalobacter_aliiformigenes"	"Abundance"	"synov_TNF"	-0.326968144028856	483.016404426504	0.275519025754083	13	"spearman"	0.551038051508165	""
"s_Oxalobacter_aliiformigenes"	"Abundance"	"synov_IL6"	-0.348800044522734	385.756812733502	0.266482545365153	12	"spearman"	0.551038051508165	""
"s_Anaerotruncus_colihominis"	"Abundance"	"synov_IL1b"	0.382701350397411	224.696708455342	0.196831475620738	13	"spearman"	0.551128131738067	""
"s_Enterococcus_faecalis"	"Abundance"	"synov_IL1b"	-0.314485451016575	478.472704170033	0.295331598219724	13	"spearman"	0.551285650010152	""
"s_Enterocloster_lavalensis"	"Abundance"	"synov_CXCL1"	0.558337613535269	126.315442528913	0.0591963616643501	12	"spearman"	0.552499375533934	""
"s_Barnesiella_intestinihominis"	"Abundance"	"Femur_Joint"	0.124466508669441	19349.2901584053	0.384178286399991	51	"spearman"	0.553036699327459	""
"s_Barnesiella_intestinihominis"	"Abundance"	"Femur_Inflammation"	0.118700796445981	19476.7123985438	0.406755481777963	51	"spearman"	0.553036699327459	""
"s_Barnesiella_intestinihominis"	"Abundance"	"colon_CCL2"	0.126081458843156	12400.9040990156	0.414777524495595	44	"spearman"	0.553036699327459	""
"s_Barnesiella_intestinihominis"	"Abundance"	"ileum_TNF"	0.146173748210322	11308.0748787025	0.34962471121252	43	"spearman"	0.553036699327459	""
"s_Barnesiella_intestinihominis"	"Abundance"	"ileum_CXCL1"	0.162552811552239	8273.97822186388	0.322805079513987	39	"spearman"	0.553036699327459	""
"s_Barnesiella_intestinihominis"	"Abundance"	"colon_S100A8"	0.137078235613338	7886.2420047297	0.411837723637499	38	"spearman"	0.553036699327459	""
"s_Barnesiella_intestinihominis"	"Abundance"	"ileum_IFNg"	0.191378205294539	5773.55961419699	0.270762566928039	35	"spearman"	0.553036699327459	""
"s_Barnesiella_intestinihominis"	"Abundance"	"colon_IFNg"	0.233356790046929	4182.80535350396	0.198660181362784	32	"spearman"	0.553036699327459	""
"s_Barnesiella_intestinihominis"	"Abundance"	"score_day1"	0.249825023488573	4092.95467184634	0.167901536088545	32	"spearman"	0.553036699327459	""
"s_Barnesiella_intestinihominis"	"Abundance"	"score_day9"	0.233818134531458	429.061844662383	0.401620585795832	15	"spearman"	0.553036699327459	""
"s_Barnesiella_intestinihominis"	"Abundance"	"synov_IL1b"	0.351008975915721	236.232732766678	0.239613968713075	13	"spearman"	0.553036699327459	""
"s_Barnesiella_intestinihominis"	"Abundance"	"synov_MMP13"	0.320365335161174	247.387018001333	0.285899904974276	13	"spearman"	0.553036699327459	""
"s_Barnesiella_intestinihominis"	"Abundance"	"synov_MMP3"	0.317579549638033	248.401043931756	0.29034651209603	13	"spearman"	0.553036699327459	""
"s_Barnesiella_intestinihominis"	"Abundance"	"synov_IL17"	-0.45021988762612	239.28628145831	0.191665456418127	10	"spearman"	0.553036699327459	""
"s_Butyribacter_sp003529475"	"Abundance"	"colon_TNF"	0.199081020252738	12157.9501125634	0.189836159055578	45	"spearman"	0.553216244195811	""
"s_Butyribacter_sp003529475"	"Abundance"	"ileum_CCL2"	-0.263678143049468	17931.592849872	0.0837295824169764	44	"spearman"	0.553216244195811	""
"s_Butyribacter_sp003529475"	"Abundance"	"ileum_IL1b"	-0.216364412240398	17260.2110096912	0.158346359675842	44	"spearman"	0.553216244195811	""
"s_Butyribacter_sp003529475"	"Abundance"	"ileum_TNF"	-0.233958769833605	16342.5499476763	0.131041528138648	43	"spearman"	0.553216244195811	""
"s_Butyribacter_sp003529475"	"Abundance"	"colon_S100A8"	0.203124339935528	7282.64665732921	0.221286497678325	38	"spearman"	0.553216244195811	""
"s_Butyribacter_sp003529475"	"Abundance"	"colon_IFNg"	0.246868790850589	4109.08387711919	0.173156412766792	32	"spearman"	0.553216244195811	""
"s_Butyribacter_sp003529475"	"Abundance"	"score_day5"	-0.241078539720498	5578.64803604364	0.199365481903375	30	"spearman"	0.553216244195811	""
"s_Luxibacter_massiliensis"	"Abundance"	"synov_CXCL1"	0.355305754067898	184.382554336581	0.257052210041416	12	"spearman"	0.553650913935358	""
"s_Alistipes_putredinis"	"Abundance"	"colon_CXCL1"	-0.210494743315163	9405.54415555882	0.21785235128437	36	"spearman"	0.55453325781476	""
"s_Eggerthella_lenta"	"Abundance"	"synov_TNF"	0.381439171486718	225.156141578835	0.198436612242596	13	"spearman"	0.555622514279268	""
"s_Bifidobacterium_bifidum"	"Abundance"	"Femur_Joint"	0.143501144972793	18928.6246961013	0.315085359100563	51	"spearman"	0.555928749694186	""
"s_Bifidobacterium_bifidum"	"Abundance"	"colon_CCL2"	0.172965842618791	11735.6146932394	0.261529237797796	44	"spearman"	0.555928749694186	""
"s_Bifidobacterium_bifidum"	"Abundance"	"ileum_TNF"	-0.143861324681077	15149.2993840762	0.357382767660548	43	"spearman"	0.555928749694186	""
"s_Bifidobacterium_bifidum"	"Abundance"	"colon_IL10"	-0.167239266056836	9846.83044845546	0.322491084371175	37	"spearman"	0.555928749694186	""
"s_Bifidobacterium_bifidum"	"Abundance"	"ileum_IFNg"	0.165658003108193	5957.2018578075	0.341580819965864	35	"spearman"	0.555928749694186	""
"s_Bifidobacterium_bifidum"	"Abundance"	"synov_IL17"	-0.375183239688433	226.905234548591	0.285382295455815	10	"spearman"	0.555928749694186	""
"s_Prevotella_intestinigallinarum"	"Abundance"	"colon_IL10"	-0.297298825341568	10944.0128905815	0.0739407605185285	37	"spearman"	0.556205890043922	""
"s_Prevotella_intestinigallinarum"	"Abundance"	"synov_IL1b"	0.485468036437641	187.289634736699	0.0926200161339717	13	"spearman"	0.556205890043922	""
"s_Prevotella_intestinigallinarum"	"Abundance"	"synov_IL17"	-0.550268751543036	255.794344004601	0.0993224803649861	10	"spearman"	0.556205890043922	""
"s_Alistipes_putredinis"	"Abundance"	"Femur_Joint"	-0.154583548634099	25516.2964248136	0.278761464900851	51	"spearman"	0.557365158227751	""
"s_Alistipes_putredinis"	"Abundance"	"colon_IL1b"	-0.146053206416662	17397.0876734049	0.338400274638277	45	"spearman"	0.557365158227751	""
"s_Alistipes_putredinis"	"Abundance"	"ileum_CCL2"	-0.153542321895645	16368.7655476992	0.319697063279142	44	"spearman"	0.557365158227751	""
"s_Alistipes_putredinis"	"Abundance"	"ileum_IL10"	0.18448447714042	6336.55561261894	0.281426201449205	36	"spearman"	0.557365158227751	""
"s_Alistipes_putredinis"	"Abundance"	"score_day1"	-0.18435612917489	6461.8470407782	0.312459144844852	32	"spearman"	0.557365158227751	""
"s_Alistipes_putredinis"	"Abundance"	"synov_MMP13"	-0.346443118431509	490.105295109069	0.246204118938506	13	"spearman"	0.557365158227751	""
"s_Bacteroides_ovatus"	"Abundance"	"Femur_Joint"	-0.170581270962986	25869.846088282	0.231388884229616	51	"spearman"	0.557851531270337	""
"s_Bacteroides_ovatus"	"Abundance"	"colon_IL1b"	-0.186458843619998	18010.4452461516	0.22004979872273	45	"spearman"	0.557851531270337	""
"s_Bacteroides_ovatus"	"Abundance"	"colon_CCL2"	-0.236914341204825	17551.8145016965	0.121524168087301	44	"spearman"	0.557851531270337	""
"s_Bacteroides_ovatus"	"Abundance"	"score_day1"	-0.262298418175223	6887.10016956402	0.146979361076673	32	"spearman"	0.557851531270337	""
"s_Bacteroides_ovatus"	"Abundance"	"score_day5"	-0.221675304281699	5491.43049274624	0.239079227687287	30	"spearman"	0.557851531270337	""
"s_Bacteroides_ovatus"	"Abundance"	"synov_CCL2"	-0.436040476646554	522.718733499346	0.136355429789045	13	"spearman"	0.557851531270337	""
"s_Bacteroides_ovatus"	"Abundance"	"synov_MMP13"	-0.412147847789209	514.021816595272	0.161683957712301	13	"spearman"	0.557851531270337	""
"s_Bacteroides_ovatus"	"Abundance"	"synov_MMP3"	-0.358389432860182	494.453753561106	0.229188737189981	13	"spearman"	0.557851531270337	""
"s_Bacteroides_ovatus"	"Abundance"	"synov_CXCL1"	-0.506869801869702	430.964763334735	0.0926029426127904	12	"spearman"	0.557851531270337	""
"s_Bacteroides_finegoldii"	"Abundance"	"synov_IL17"	-0.312652699740361	216.58769545716	0.379097470008989	10	"spearman"	0.558669955802721	""
"s_Parabacteroides_sp003473295"	"Abundance"	"Patella_Joint"	0.14308402122783	13007.9845577615	0.348417316464964	45	"spearman"	0.558860501647219	""
"s_Parabacteroides_sp003473295"	"Abundance"	"colon_IL10"	-0.161078305968431	9794.85658914968	0.340888699614337	37	"spearman"	0.558860501647219	""
"s_Parabacteroides_sp003473295"	"Abundance"	"synov_IL17"	-0.325158807729976	218.651203275446	0.359267465344641	10	"spearman"	0.558860501647219	""
"s_Thomasclavelia_sp000508865"	"Abundance"	"colon_CCL2"	0.158001876691471	11947.953369748	0.305671874948557	44	"spearman"	0.560545170760712	""
"s_Thomasclavelia_sp000508865"	"Abundance"	"score_day5"	0.187804441638033	3650.81903483704	0.320311526148978	30	"spearman"	0.560545170760712	""
"s_Eggerthella_lenta"	"Abundance"	"score_day1"	0.222505775307415	4242.00848992274	0.220944511691996	32	"spearman"	0.562404211579627	""
"s_Sutterella_wadsworthensis"	"Abundance"	"score_day5"	0.25096202670666	3366.92568995356	0.180996662158002	30	"spearman"	0.563100726713783	""
"s_Thomasclavelia_ramosa"	"Abundance"	"colon_TNF"	-0.194090008867431	18126.2863346076	0.20140949873389	45	"spearman"	0.563946596454891	""
"s_Eubacterium_F_sp003491505"	"Abundance"	"synov_MMP3"	0.501598857316995	181.418015936614	0.0807363073245699	13	"spearman"	0.565154151271989	""
"s_Thomasclavelia_sp000508865"	"Abundance"	"synov_CCL2"	0.286079378615038	259.867106184126	0.343356738625684	13	"spearman"	0.565528745971715	""
"s_Avimicrobium_caecorum"	"Abundance"	"Femur_Joint"	0.144122119119708	18914.9011674545	0.31297378647062	51	"spearman"	0.565821081915617	""
"s_Avimicrobium_caecorum"	"Abundance"	"synov_CCL2"	0.297638141387363	255.659716535	0.32332633252321	13	"spearman"	0.565821081915617	""
"s_Butyricimonas_virosa"	"Abundance"	"ileum_IL1b"	0.123509537711398	12437.3996598753	0.424435760619687	44	"spearman"	0.565914347492917	""
"s_Butyricimonas_virosa"	"Abundance"	"colon_CCL2"	0.12418016779848	12427.8834189396	0.421905237473296	44	"spearman"	0.565914347492917	""
"s_Butyricimonas_virosa"	"Abundance"	"colon_IL10"	-0.136763083410237	9589.73337164876	0.419581454820773	37	"spearman"	0.565914347492917	""
"uc_uc_k"	"Abundance"	"Patella_Joint"	-0.163556569221724	17662.7887207858	0.283026299465234	45	"spearman"	0.566052598930468	""
"uc_uc_k"	"Abundance"	"ileum_CCL2"	0.176961838088651	11678.911517522	0.250499709804102	44	"spearman"	0.566052598930468	""
"uc_uc_k"	"Abundance"	"colon_CXCL1"	0.224967824967825	6022	0.186490853636497	36	"spearman"	0.566052598930468	""
"uc_uc_k"	"Abundance"	"score_day5"	0.219646047489722	3507.6910165337	0.243516946912194	30	"spearman"	0.566052598930468	""
"uc_uc_k"	"Abundance"	"synov_CCL2"	0.32967032967033	244	0.271457628352145	13	"spearman"	0.566052598930468	""
"uc_uc_k"	"Abundance"	"synov_MMP13"	0.401098901098901	218	0.175773537360781	13	"spearman"	0.566052598930468	""
"uc_uc_k"	"Abundance"	"synov_MMP3"	0.39010989010989	222	0.188771716723795	13	"spearman"	0.566052598930468	""
"uc_uc_k"	"Abundance"	"synov_IL17"	-0.442424242424242	238	0.204200583289326	10	"spearman"	0.566052598930468	""
"s_Phocaeicola_vulgatus"	"Abundance"	"synov_IL17"	0.393939393939394	100	0.26288678352469	10	"spearman"	0.566217687591639	""
"s_Coprobacillus_cateniformis"	"Abundance"	"synov_IL17"	-0.406181197229962	232.019897542944	0.244128681896491	10	"spearman"	0.569633591091813	""
"s_Bacteroides_cellulosilyticus"	"Abundance"	"ileum_TNF"	0.124204192935882	11599.0396687572	0.427462468381196	43	"spearman"	0.569949957841594	""
"s_Enterococcus_B_hirae"	"Abundance"	"Patella_Joint"	-0.145509380543815	17388.8323966551	0.340221488254231	45	"spearman"	0.569980440539288	""
"s_Enterococcus_B_hirae"	"Abundance"	"ileum_IL1b"	-0.139512353323056	16169.6802936542	0.366415997489542	44	"spearman"	0.569980440539288	""
"s_Enterococcus_B_hirae"	"Abundance"	"colon_CXCL1"	0.156045320330989	6557.52786102822	0.363448341114885	36	"spearman"	0.569980440539288	""
"s_Enterococcus_B_hirae"	"Abundance"	"synov_IL17"	0.33456648357947	109.796530209387	0.344701585185695	10	"spearman"	0.569980440539288	""
"s_Bacteroides_thetaiotaomicron"	"Abundance"	"Femur_Joint"	0.163180493182205	18493.7111006733	0.252565368906752	51	"spearman"	0.570156085419008	""
"s_Bacteroides_thetaiotaomicron"	"Abundance"	"Femur_Inflammation"	0.189017289627083	17922.7178992415	0.184046061980022	51	"spearman"	0.570156085419008	""
"s_Bacteroides_thetaiotaomicron"	"Abundance"	"ileum_IL1b"	0.161950738322469	11891.9190232042	0.293586368855675	44	"spearman"	0.570156085419008	""
"s_Bacteroides_thetaiotaomicron"	"Abundance"	"colon_CCL2"	-0.15799859055673	16432	0.304587024249211	44	"spearman"	0.570156085419008	""
"s_Bacteroides_thetaiotaomicron"	"Abundance"	"ileum_CXCL1"	-0.180180181103285	11660.1801893005	0.272366654128382	39	"spearman"	0.570156085419008	""
"s_Bacteroides_thetaiotaomicron"	"Abundance"	"colon_IFNg"	-0.194849235535609	6519.09742908228	0.285220621434516	32	"spearman"	0.570156085419008	""
"s_Bacteroides_thetaiotaomicron"	"Abundance"	"score_day5"	0.193556110884344	3624.96528157487	0.305440760045897	30	"spearman"	0.570156085419008	""
"s_Bacteroides_thetaiotaomicron"	"Abundance"	"synov_CCL2"	-0.357142857142857	494	0.231501302320309	13	"spearman"	0.570156085419008	""
"s_Bacteroides_thetaiotaomicron"	"Abundance"	"synov_IL1b"	-0.467032967032967	534	0.110259718656138	13	"spearman"	0.570156085419008	""
"s_Bacteroides_thetaiotaomicron"	"Abundance"	"synov_MMP13"	-0.362637362637363	496	0.223986534640913	13	"spearman"	0.570156085419008	""
"s_Bacteroides_thetaiotaomicron"	"Abundance"	"synov_CXCL1"	-0.384615384615385	396	0.218387426912988	12	"spearman"	0.570156085419008	""
"s_Bacteroides_thetaiotaomicron"	"Abundance"	"synov_IL6"	-0.426573426573427	408	0.168899525405203	12	"spearman"	0.570156085419008	""
"s_Ruminococcus_C_sp000433635"	"Abundance"	"colon_IL1b"	-0.157897695952203	17576.8870245544	0.300239570296177	45	"spearman"	0.570455183562736	""
"s_UBA3282_sp003611805"	"Abundance"	"Patella_Joint"	-0.169712524397878	17756.2361203598	0.265048357795101	45	"spearman"	0.570873386020217	""
"s_Alistipes_shahii"	"Abundance"	"ileum_TNF"	0.144690106666977	11327.7242273026	0.35459033437856	43	"spearman"	0.57097400397377	""
"s_Alistipes_shahii"	"Abundance"	"colon_IL10"	-0.156541197962459	9756.58154601131	0.354839661052321	37	"spearman"	0.57097400397377	""
"s_Alistipes_shahii"	"Abundance"	"ileum_IFNg"	0.152261213213315	6052.85493765693	0.382563694208851	35	"spearman"	0.57097400397377	""
"s_Alistipes_shahii"	"Abundance"	"synov_CCL2"	0.26186383917522	268.68156254022	0.387446645553629	13	"spearman"	0.57097400397377	""
"s_Caecibacter_massiliensis"	"Abundance"	"Femur_Joint"	0.218978163461731	17260.5825874957	0.122624111971181	51	"spearman"	0.572245855865511	""
"s_Caecibacter_massiliensis"	"Abundance"	"colon_CXCL1"	-0.273485658119182	9894.98356358604	0.106540046964708	36	"spearman"	0.572245855865511	""
"s_Blautia_celeris"	"Abundance"	"ileum_CXCL1"	0.148102220837598	8416.75005812453	0.368236164188628	39	"spearman"	0.572811810960089	""
"s_Blautia_A_ammoniilytica"	"Abundance"	"colon_CCL2"	0.258467606675114	10522.3446612801	0.0902569142637422	44	"spearman"	0.573020302216896	""
"s_Blautia_A_ammoniilytica"	"Abundance"	"ileum_TNF"	-0.245634323810543	16497.1809845468	0.112353865774245	43	"spearman"	0.573020302216896	""
"s_Blautia_A_ammoniilytica"	"Abundance"	"colon_IL10"	-0.241433664964242	10472.7343976383	0.149987951941123	37	"spearman"	0.573020302216896	""
"s_Blautia_A_ammoniilytica"	"Abundance"	"synov_CCL2"	0.447902057427585	200.963651096359	0.124815550183658	13	"spearman"	0.573020302216896	""
"s_Blautia_A_ammoniilytica"	"Abundance"	"synov_MMP3"	0.41033607841753	214.637667456019	0.163720086347685	13	"spearman"	0.573020302216896	""
"s_CAG-267_sp001917135"	"Abundance"	"colon_IL10"	-0.139516702539302	9612.96290262155	0.410190506453469	37	"spearman"	0.574266709034856	""
"s_Bacteroides_nordii"	"Abundance"	"ileum_CCL2"	-0.136220262135763	16122.9655197065	0.377944336211972	44	"spearman"	0.574703583868082	""
"s_Bacteroides_nordii"	"Abundance"	"ileum_CXCL1"	-0.141566250082991	11278.6745508199	0.389977431910485	39	"spearman"	0.574703583868082	""
"s_Bacteroides_nordii"	"Abundance"	"ileum_IL10"	0.155691273667219	6560.27880360571	0.36455151542864	36	"spearman"	0.574703583868082	""
"s_Bacteroides_nordii"	"Abundance"	"score_day1"	-0.168823062988361	6377.09863166449	0.355660541787016	32	"spearman"	0.574703583868082	""
"uc_g_Dialister"	"Abundance"	"Femur_Joint"	0.191217136707298	17874.1012787687	0.178899731541653	51	"spearman"	0.575326056599149	""
"uc_g_Dialister"	"Abundance"	"colon_IFNg"	0.246809667657522	4109.40645326056	0.17326268363011	32	"spearman"	0.575326056599149	""
"uc_g_Dialister"	"Abundance"	"synov_MMP3"	0.392271180277979	221.213290378816	0.184926232478298	13	"spearman"	0.575326056599149	""
"s_Butyricimonas_virosa"	"Abundance"	"ileum_TNF"	0.117750171663975	11684.5167264823	0.452045816571576	43	"spearman"	0.575331039272914	""
"s_Enterocloster_pacaense"	"Abundance"	"ileum_CXCL1"	0.141390093778398	8483.06587346943	0.390573556059023	39	"spearman"	0.575582082613298	""
"s_Prevotella_rara"	"Abundance"	"Femur_Joint"	0.178732870787754	18150.0035555906	0.209515823310308	51	"spearman"	0.575806191159115	""
"s_Prevotella_rara"	"Abundance"	"colon_IL1b"	0.219546307969176	11847.2870450279	0.147319587697759	45	"spearman"	0.575806191159115	""
"s_Prevotella_rara"	"Abundance"	"colon_IFNg"	0.234119953028577	4178.64153627609	0.197153914929235	32	"spearman"	0.575806191159115	""
"s_Prevotella_rara"	"Abundance"	"synov_IL1b"	0.38721855287288	223.052446754272	0.191153641558542	13	"spearman"	0.575806191159115	""
"s_Prevotella_rara"	"Abundance"	"synov_MMP13"	0.358321645942068	233.570920877087	0.229283210908971	13	"spearman"	0.575806191159115	""
"s_Prevotella_rara"	"Abundance"	"synov_CXCL1"	0.362556891906019	182.308728914879	0.246774081925335	12	"spearman"	0.575806191159115	""
"s_Anaerostipes_caccae"	"Abundance"	"ileum_S100A8"	-0.187445114901892	10017.2869893124	0.266597369656255	37	"spearman"	0.577570953054424	""
"s_Anaerostipes_caccae"	"Abundance"	"colon_IFNg"	-0.201752935216112	6556.76401453911	0.268157942489554	32	"spearman"	0.577570953054424	""
"s_Anaerostipes_caccae"	"Abundance"	"synov_IL17"	0.389189582939384	100.783718815002	0.266304105170029	10	"spearman"	0.577570953054424	""
"s_Alistipes_A_ihumii"	"Abundance"	"Femur_Joint"	-0.143837405538716	25278.8066624056	0.313940808643014	51	"spearman"	0.577818882869955	""
"s_Alistipes_A_ihumii"	"Abundance"	"Femur_Inflammation"	-0.122423608486061	24805.5617475419	0.392091384804612	51	"spearman"	0.577818882869955	""
"s_Alistipes_A_ihumii"	"Abundance"	"ileum_CCL2"	-0.14107675206775	16191.8791118414	0.36101266790226	44	"spearman"	0.577818882869955	""
"s_Alistipes_A_ihumii"	"Abundance"	"ileum_IL1b"	-0.206382577443907	17118.568773929	0.178916517299575	44	"spearman"	0.577818882869955	""
"s_Alistipes_A_ihumii"	"Abundance"	"colon_S100A8"	-0.190077767885565	10876.1207207062	0.253024108961644	38	"spearman"	0.577818882869955	""
"s_Alistipes_A_ihumii"	"Abundance"	"colon_CXCL1"	-0.180397353195293	9171.68743432743	0.292408224209858	36	"spearman"	0.577818882869955	""
"s_Alistipes_A_ihumii"	"Abundance"	"ileum_IFNg"	-0.155463010145972	8250.00589244224	0.372517008449246	35	"spearman"	0.577818882869955	""
"s_Alistipes_A_ihumii"	"Abundance"	"score_day5"	-0.178348857164616	5296.67811295495	0.345712352987821	30	"spearman"	0.577818882869955	""
"s_Alistipes_A_ihumii"	"Abundance"	"score_day9"	-0.373754251524416	769.302380853673	0.169964897388421	15	"spearman"	0.577818882869955	""
"s_Alistipes_A_ihumii"	"Abundance"	"synov_CCL2"	-0.285043856274785	467.755963684022	0.345183570083204	13	"spearman"	0.577818882869955	""
"s_Alistipes_A_ihumii"	"Abundance"	"synov_IL1b"	-0.294440906481646	471.176489959319	0.328800307868093	13	"spearman"	0.577818882869955	""
"s_Alistipes_A_ihumii"	"Abundance"	"synov_MMP3"	-0.27251445599897	463.195261983625	0.367704464593742	13	"spearman"	0.577818882869955	""
"s_Alistipes_A_ihumii"	"Abundance"	"synov_CXCL1"	-0.399404111987044	400.229576028295	0.198348248788926	12	"spearman"	0.577818882869955	""
"s_Prevotella_rara"	"Abundance"	"synov_IL17"	-0.387689347678048	228.968742366878	0.268313228290157	10	"spearman"	0.5779054147788	""
"s_Anaerotruncus_colihominis"	"Abundance"	"Femur_Joint"	0.172116421667984	18296.2270811376	0.227154043552366	51	"spearman"	0.57821029267875	""
"s_Alistipes_timonensis"	"Abundance"	"Femur_Inflammation"	-0.164796328302926	25741.9988554947	0.24783382919074	51	"spearman"	0.578278934778393	""
"uc_g_Dorea_A"	"Abundance"	"colon_CXCL1"	0.361082663288655	4964.38770624715	0.0304931129566714	36	"spearman"	0.579369146176756	""
"s_Victivallis_lenta"	"Abundance"	"colon_IL10"	0.186254330491955	6864.75846796987	0.269702312969126	37	"spearman"	0.580897289471964	""
"s_Phascolarctobacterium_faecium"	"Abundance"	"Patella_Joint"	0.179986600772315	12447.8034002763	0.236768548741085	45	"spearman"	0.582054425645396	""
"s_Phascolarctobacterium_faecium"	"Abundance"	"score_day5"	0.216970156555837	3519.71914628151	0.24945189670517	30	"spearman"	0.582054425645396	""
"s_Akkermansia_sp004167605"	"Abundance"	"synov_CCL2"	0.280299997228876	261.970801008689	0.353620027741045	13	"spearman"	0.582432986867603	""
"s_Caecibacter_massiliensis"	"Abundance"	"Patella_Joint"	0.220397696560548	11834.3629662109	0.145717415978617	45	"spearman"	0.582869663914466	""
"s_Schaedlerella_glycyrrhizinilytica_A"	"Abundance"	"Patella_Joint"	-0.295602330429482	19667.2433759195	0.0486708801911945	45	"spearman"	0.584050562294334	""
"s_Ruthenibacterium_lactatiformans"	"Abundance"	"synov_MMP3"	-0.32967032967033	484	0.271457628352145	13	"spearman"	0.584677968758466	""
"s_Massiliimalia_timonensis"	"Abundance"	"Femur_Inflammation"	0.206712383977423	17531.6563140989	0.145559660489229	51	"spearman"	0.58603555955822	""
"s_Massiliimalia_timonensis"	"Abundance"	"ileum_IL1b"	0.222544220377863	11032.0975128381	0.146508889889555	44	"spearman"	0.58603555955822	""
"s_Sellimonas_intestinalis"	"Abundance"	"colon_TNF"	-0.217646857008509	18483.8792893892	0.15094079342506	45	"spearman"	0.586525418453766	""
"s_Sellimonas_intestinalis"	"Abundance"	"Patella_Joint"	-0.225910118097217	18609.3155927158	0.135653971971612	45	"spearman"	0.586525418453766	""
"s_Sellimonas_intestinalis"	"Abundance"	"colon_CXCL1"	0.267722734269418	5689.79435472662	0.114423830388273	36	"spearman"	0.586525418453766	""
"s_Sellimonas_intestinalis"	"Abundance"	"score_day9"	-0.408667360327157	788.853721783208	0.130431405835437	15	"spearman"	0.586525418453766	""
"s_Sellimonas_intestinalis"	"Abundance"	"synov_TNF"	0.406942059783017	215.873090238982	0.16757869098679	13	"spearman"	0.586525418453766	""
"s_Christensenella_hongkongensis"	"Abundance"	"colon_IFNg"	-0.175532932689513	6413.70768075398	0.336578760517315	32	"spearman"	0.5890128309053	""
"s_Christensenella_hongkongensis"	"Abundance"	"synov_IL1b"	-0.301993019493389	473.925459095594	0.315952753996973	13	"spearman"	0.5890128309053	""
"s_Enterocloster_aldenensis"	"Abundance"	"colon_S100A8"	-0.186781923624029	10846	0.260461640603924	38	"spearman"	0.589116382696719	""
"s_Enterocloster_aldenensis"	"Abundance"	"colon_CXCL1"	-0.192792792792793	9268	0.258873605792056	36	"spearman"	0.589116382696719	""
"s_Enterocloster_aldenensis"	"Abundance"	"colon_IFNg"	-0.19118321040794	6499.09559598572	0.29455819134836	32	"spearman"	0.589116382696719	""
"s_Enterocloster_aldenensis"	"Abundance"	"synov_TNF"	-0.318681318681319	480	0.288554525898518	13	"spearman"	0.589116382696719	""
"s_Paramuribaculum_sp910588065"	"Abundance"	"colon_IL10"	0.174468961563786	6964.1798402479	0.301708627987093	37	"spearman"	0.589778474127684	""
"s_Paramuribaculum_sp910588065"	"Abundance"	"colon_CXCL1"	-0.182428092630887	9187.46627974199	0.286917785665829	36	"spearman"	0.589778474127684	""
"s_Paramuribaculum_sp910588065"	"Abundance"	"synov_TNF"	-0.301993019493389	473.925459095594	0.315952753996973	13	"spearman"	0.589778474127684	""
"uc_g_Dorea_A"	"Abundance"	"colon_TNF"	0.28021853112451	10926.2826975299	0.0622637760027724	45	"spearman"	0.591505872026338	""
"s_Coprobacillus_cateniformis"	"Abundance"	"colon_IL1b"	0.159255281962374	12762.5048198112	0.29604995961492	45	"spearman"	0.592099919229839	""
"s_Coprobacillus_cateniformis"	"Abundance"	"ileum_CCL2"	-0.165608809431934	16539.9890058392	0.282670408809834	44	"spearman"	0.592099919229839	""
"s_Phocaeicola_vulgatus"	"Abundance"	"colon_IFNg"	-0.189533499100489	6490.09477109227	0.298822788781754	32	"spearman"	0.597645577563507	""
"s_Massiliimalia_timonensis"	"Abundance"	"Femur_Joint"	0.175135992898166	18229.4945569505	0.218981263807854	51	"spearman"	0.598185294364443	""
"s_Massiliimalia_timonensis"	"Abundance"	"colon_S100A8"	-0.159782619236762	10599.2533572048	0.337942400346074	38	"spearman"	0.598185294364443	""
"s_Massiliimalia_timonensis"	"Abundance"	"ileum_S100A8"	0.162138573022795	7068.1989979797	0.337677647262189	37	"spearman"	0.598185294364443	""
"s_Massiliimalia_timonensis"	"Abundance"	"colon_IL10"	0.160771887838487	7079.72835419452	0.341820168208253	37	"spearman"	0.598185294364443	""
"s_Massiliimalia_timonensis"	"Abundance"	"colon_CXCL1"	-0.170352847913778	9093.64162829006	0.320549201604771	36	"spearman"	0.598185294364443	""
"s_Massiliimalia_timonensis"	"Abundance"	"colon_IFNg"	0.205564516412409	4334.4399984539	0.259028911251392	32	"spearman"	0.598185294364443	""
"s_Massiliimalia_timonensis"	"Abundance"	"score_day1"	0.183290169897015	4455.96883304189	0.315314224368452	32	"spearman"	0.598185294364443	""
"s_Massiliimalia_timonensis"	"Abundance"	"score_day9"	0.264591588098854	411.828710664642	0.340594393279263	15	"spearman"	0.598185294364443	""
"s_Massiliimalia_timonensis"	"Abundance"	"synov_IL17"	0.406181197229962	97.9801024570563	0.244128681896491	10	"spearman"	0.598185294364443	""
"s_Thomasclavelia_sp000508865"	"Abundance"	"Patella_Joint"	0.132711483594503	13165.4396790354	0.384816031845339	45	"spearman"	0.598602716203861	""
"s_Collinsella_intestinalis"	"Abundance"	"Femur_Joint"	0.214080906616199	17368.811963782	0.131428831993989	51	"spearman"	0.60063671600795	""
"s_Collinsella_intestinalis"	"Abundance"	"colon_IL1b"	0.197787253271785	12177.5894953343	0.192789752862821	45	"spearman"	0.60063671600795	""
"s_Collinsella_intestinalis"	"Abundance"	"colon_CCL2"	0.176572424818985	11684.4372918186	0.251560562937034	44	"spearman"	0.60063671600795	""
"s_Collinsella_intestinalis"	"Abundance"	"ileum_S100A8"	0.197642273615193	6768.68977978223	0.240972951626929	37	"spearman"	0.60063671600795	""
"s_Collinsella_intestinalis"	"Abundance"	"score_day5"	0.204290036301155	3576.71628682631	0.278867046717977	30	"spearman"	0.60063671600795	""
"s_Collinsella_intestinalis"	"Abundance"	"synov_IL1b"	0.421894841189855	210.430277806893	0.15101087710174	13	"spearman"	0.60063671600795	""
"s_Collinsella_intestinalis"	"Abundance"	"synov_MMP13"	0.335204120397419	241.98570017534	0.262883697487542	13	"spearman"	0.60063671600795	""
"s_Collinsella_intestinalis"	"Abundance"	"synov_MMP3"	0.364101027328231	231.467226052524	0.221313664255496	13	"spearman"	0.60063671600795	""
"s_Collinsella_intestinalis"	"Abundance"	"synov_IL17"	-0.462725995615735	241.349789276596	0.178093509881046	10	"spearman"	0.60063671600795	""
"s_Alistipes_timonensis"	"Abundance"	"Femur_Joint"	-0.14780462338843	25366.4821768843	0.300637754610472	51	"spearman"	0.601275509220944	""
"s_Alistipes_timonensis"	"Abundance"	"synov_IL1b"	-0.319499707033275	480.297893360112	0.287277360818228	13	"spearman"	0.601275509220944	""
"s_Phocaeicola_dorei"	"Abundance"	"colon_IL1b"	0.180048578837907	12446.8625732406	0.236604454090736	45	"spearman"	0.602265883140054	""
"s_Alistipes_onderdonkii"	"Abundance"	"synov_CXCL1"	-0.590785248980837	454.964581208519	0.0431004962576123	12	"spearman"	0.603406947606572	""
"s_Blautia_A_ammoniilytica"	"Abundance"	"colon_IFNg"	0.235618377323243	4170.46613332439	0.194219572603118	32	"spearman"	0.604238670320813	""
"s_Bacteroides_sp019412865"	"Abundance"	"ileum_IFNg"	-0.29033464463123	9212.98936266698	0.0906599292291442	35	"spearman"	0.604399528194294	""
"s_Muricomes_contortus_B"	"Abundance"	"ileum_IL1b"	-0.166108742483055	16547.0830558345	0.281199443770209	44	"spearman"	0.605660340428143	""
"s_Muricomes_contortus_B"	"Abundance"	"synov_MMP13"	-0.32967032967033	484	0.271457628352145	13	"spearman"	0.605660340428143	""
"s_Fournierella_sp900543285"	"Abundance"	"ileum_IL1b"	0.126951193522656	12388.5625639135	0.411540007299739	44	"spearman"	0.60648001075751	""
"s_Parabacteroides_sp003473295"	"Abundance"	"ileum_IL1b"	0.121019987234939	12472.7263811362	0.433904149534419	44	"spearman"	0.607465809348186	""
"s_Parabacteroides_sp003473295"	"Abundance"	"ileum_IL10"	-0.13828959577418	8844.51015916538	0.42120627772372	36	"spearman"	0.607465809348186	""
"s_Eggerthella_lenta"	"Abundance"	"colon_IL10"	0.189810687245465	6834.75704239726	0.260499221606229	37	"spearman"	0.607831517081201	""
"s_Bacteroides_eggerthii"	"Abundance"	"colon_IL1b"	-0.206403384691763	18313.203379621	0.17372447541752	45	"spearman"	0.60803566396132	""
"s_Alistipes_finegoldii"	"Abundance"	"ileum_CXCL1"	0.136415496196784	8532.21489757578	0.407626088233528	39	"spearman"	0.608067020579094	""
"s_Alistipes_finegoldii"	"Abundance"	"synov_CCL2"	0.248686814311844	273.477999590489	0.412616906821528	13	"spearman"	0.608067020579094	""
"s_Neobittarella_massiliensis"	"Abundance"	"ileum_CCL2"	0.201473480521171	11331.0913114046	0.189707237987788	44	"spearman"	0.608370758402761	""
"s_Neobittarella_massiliensis"	"Abundance"	"ileum_TNF"	0.196344614246453	10643.61192892	0.206983348029777	43	"spearman"	0.608370758402761	""
"s_Neobittarella_massiliensis"	"Abundance"	"colon_S100A8"	-0.18742748094886	10851.8997483916	0.259824454317015	38	"spearman"	0.608370758402761	""
"s_Neobittarella_massiliensis"	"Abundance"	"ileum_S100A8"	-0.189720375473145	10036.4810874915	0.260730325029755	37	"spearman"	0.608370758402761	""
"s_Neobittarella_massiliensis"	"Abundance"	"synov_IL1b"	-0.349428278907306	491.191893522259	0.241883307028339	13	"spearman"	0.608370758402761	""
"s_Massiliimalia_timonensis"	"Abundance"	"ileum_IL10"	-0.154097919668212	8967.34083582201	0.369540936579901	36	"spearman"	0.608655660249248	""
"s_Akkermansia_sp004167605"	"Abundance"	"Patella_Joint"	0.126765891685678	13255.6937642114	0.406653545659463	45	"spearman"	0.610343845028776	""
"s_Akkermansia_sp004167605"	"Abundance"	"score_day1"	0.149488095970908	4640.39294838273	0.414161894840955	32	"spearman"	0.610343845028776	""
"s_Alistipes_shahii"	"Abundance"	"score_day9"	0.217377796947215	438.26843370956	0.436428607741776	15	"spearman"	0.611000050838486	""
"s_Bacteroides_nordii"	"Abundance"	"score_day5"	-0.147396883201009	5157.54898998854	0.436992824911578	30	"spearman"	0.61178995487621	""
"s_Agathobaculum_ammoniilyticum"	"Abundance"	"ileum_IL10"	-0.121232663651822	8711.97779657466	0.481227652747749	36	"spearman"	0.612471558042589	""
"s_Bacteroides_cellulosilyticus"	"Abundance"	"colon_S100A8"	0.117777486969527	8062.63154658549	0.481287648006646	38	"spearman"	0.612547915644822	""
"s_Bacteroides_nordii"	"Abundance"	"colon_CCL2"	-0.110205547904263	15753.8167247615	0.476372074799912	44	"spearman"	0.61257383602325	""
"s_Bacteroides_nordii"	"Abundance"	"score_day9"	-0.197128996997509	670.392238318605	0.481308014018268	15	"spearman"	0.61257383602325	""
"s_Christensenella_hongkongensis"	"Abundance"	"ileum_IL1b"	-0.137877130578772	16146.4764829128	0.372115599824364	44	"spearman"	0.612896282063658	""
"s_Anaerostipes_hadrus"	"Abundance"	"colon_CCL2"	0.180460495387006	11629.2655704584	0.24110356053054	44	"spearman"	0.614221406940057	""
"s_Anaerostipes_hadrus"	"Abundance"	"ileum_IFNg"	0.2033679511594	5687.95282872189	0.241301267012165	35	"spearman"	0.614221406940057	""
"s_Anaerostipes_hadrus"	"Abundance"	"synov_CCL2"	0.355431955248987	234.622768289369	0.233332572895572	13	"spearman"	0.614221406940057	""
"s_Phocaeicola_dorei"	"Abundance"	"ileum_S100A8"	0.188722822760013	6843.93426719653	0.263292036264372	37	"spearman"	0.614348084616869	""
"s_UBA7173_sp001689485"	"Abundance"	"ileum_IL1b"	0.234166462039796	10867.1779036553	0.126034561326458	44	"spearman"	0.61569651882853	""
"s_UBA7173_sp001689485"	"Abundance"	"ileum_S100A8"	0.252302679615322	6307.57459476514	0.131934968320399	37	"spearman"	0.61569651882853	""
"s_Bacteroides_intestinalis"	"Abundance"	"colon_CXCL1"	-0.167139608711483	9068.67475968822	0.329896596094644	36	"spearman"	0.615806979376669	""
"s_Dorea_A_longicatena"	"Abundance"	"Patella_Joint"	-0.201283965390344	18235.4905946254	0.18488121730067	45	"spearman"	0.616270724335568	""
"s_UBA7173_sp001689485"	"Abundance"	"ileum_TNF"	0.221129186316709	10315.3650564215	0.154150608123589	43	"spearman"	0.616602432494355	""
"s_Neobittarella_massiliensis"	"Abundance"	"ileum_CXCL1"	0.175090882846438	8150.10207747719	0.286365192943073	39	"spearman"	0.616786569415851	""
"s_Bacteroides_uniformis"	"Abundance"	"Femur_Joint"	0.16131823363091	18534.8670367569	0.258093703193241	51	"spearman"	0.619159320017129	""
"s_Bacteroides_uniformis"	"Abundance"	"Femur_Inflammation"	0.160785949104228	18546.6305247966	0.259688677999371	51	"spearman"	0.619159320017129	""
"s_Bacteroides_uniformis"	"Abundance"	"colon_IL1b"	-0.185908626867217	18002.0929558443	0.221438437274763	45	"spearman"	0.619159320017129	""
"s_Bacteroides_uniformis"	"Abundance"	"colon_TNF"	-0.258308903595449	19101.1291565789	0.0866686670672398	45	"spearman"	0.619159320017129	""
"s_Bacteroides_uniformis"	"Abundance"	"colon_CCL2"	-0.252008456659619	17766	0.0989269516466986	44	"spearman"	0.619159320017129	""
"s_Bacteroides_uniformis"	"Abundance"	"ileum_S100A8"	-0.221194879089616	10302	0.187658119396915	37	"spearman"	0.619159320017129	""
"s_Bacteroides_uniformis"	"Abundance"	"colon_IL10"	0.237818614593614	6429.76216728827	0.156374107998644	37	"spearman"	0.619159320017129	""
"s_Bacteroides_uniformis"	"Abundance"	"colon_IFNg"	-0.202914490816481	6563.10146189472	0.265353994293055	32	"spearman"	0.619159320017129	""
"s_Bacteroides_uniformis"	"Abundance"	"synov_IL1b"	-0.368131868131868	498	0.216629806809432	13	"spearman"	0.619159320017129	""
"s_Bacteroides_uniformis"	"Abundance"	"synov_MMP13"	-0.384615384615385	504	0.195502283663209	13	"spearman"	0.619159320017129	""
"s_Bacteroides_uniformis"	"Abundance"	"synov_TNF"	-0.483516483516484	540	0.0970370758315922	13	"spearman"	0.619159320017129	""
"s_Bacteroides_uniformis"	"Abundance"	"synov_IL6"	-0.412587412587413	404	0.184480684602262	12	"spearman"	0.619159320017129	""
"s_Fournierella_sp900543285"	"Abundance"	"ileum_TNF"	0.120195248421786	11652.1341299019	0.442643230973681	43	"spearman"	0.619700523363154	""
"s_Bacteroides_uniformis"	"Abundance"	"Patella_Joint"	0.152265148361853	12868.6150478671	0.318027130117848	45	"spearman"	0.620081934869908	""
"s_Bacteroides_uniformis"	"Abundance"	"ileum_IL10"	0.181478860019272	6359.90925765026	0.289475861854281	36	"spearman"	0.620081934869908	""
"s_Bacteroides_uniformis"	"Abundance"	"ileum_IFNg"	0.164869030893272	5962.83511942204	0.34391728350778	35	"spearman"	0.620081934869908	""
"s_Bacteroides_uniformis"	"Abundance"	"synov_CXCL1"	-0.293706293706294	370	0.354332534211376	12	"spearman"	0.620081934869908	""
"s_Sutterella_wadsworthensis"	"Abundance"	"Femur_Joint"	0.158764357191804	18591.3077060611	0.265806482958603	51	"spearman"	0.620215126903407	""
"s_Sutterella_wadsworthensis"	"Abundance"	"synov_CCL2"	0.343873192476662	238.830157938495	0.249960711196112	13	"spearman"	0.620215126903407	""
"s_Sutterella_wadsworthensis"	"Abundance"	"synov_IL17"	-0.400195455667662	231.032250185164	0.251818654670835	10	"spearman"	0.620215126903407	""
"s_Blautia_pseudococcoides"	"Abundance"	"Patella_Joint"	0.122969692185067	13313.3200726307	0.42096174534752	45	"spearman"	0.620364677354239	""
"s_Blautia_pseudococcoides"	"Abundance"	"colon_CCL2"	-0.138379981855947	16153.6119425359	0.370357289171017	44	"spearman"	0.620364677354239	""
"s_Blautia_pseudococcoides"	"Abundance"	"ileum_CXCL1"	-0.132753505868347	11191.6046379793	0.420446358686267	39	"spearman"	0.620364677354239	""
"s_Blautia_pseudococcoides"	"Abundance"	"colon_IL10"	0.175259690426036	6957.50925156596	0.299488562336159	37	"spearman"	0.620364677354239	""
"s_Blautia_pseudococcoides"	"Abundance"	"ileum_IFNg"	-0.172920776266511	8374.65434254288	0.320530054863765	35	"spearman"	0.620364677354239	""
"s_Blautia_pseudococcoides"	"Abundance"	"score_day1"	-0.17105553801039	6389.27901538469	0.349241165933348	32	"spearman"	0.620364677354239	""
"s_Blautia_pseudococcoides"	"Abundance"	"score_day5"	-0.163971390668739	5232.05140105598	0.386584447410021	30	"spearman"	0.620364677354239	""
"s_Blautia_pseudococcoides"	"Abundance"	"synov_CCL2"	-0.250872603002127	455.317627492774	0.408385473415976	13	"spearman"	0.620364677354239	""
"s_Blautia_pseudococcoides"	"Abundance"	"synov_MMP3"	-0.256845760216464	457.491856718793	0.396935794581829	13	"spearman"	0.620364677354239	""
"s_Duodenibacillus_intestinigallinarum"	"Abundance"	"Femur_Inflammation"	-0.0961973159079257	24225.9606815652	0.501892503516082	51	"spearman"	0.620444181731621	""
"s_Duodenibacillus_intestinigallinarum"	"Abundance"	"score_day9"	-0.184808434685165	663.492723423692	0.509650577850974	15	"spearman"	0.620444181731621	""
"s_Christensenella_hongkongensis"	"Abundance"	"Femur_Joint"	-0.114159063863013	24622.9153113726	0.425067668761294	51	"spearman"	0.622335519108871	""
"s_Christensenella_hongkongensis"	"Abundance"	"Femur_Inflammation"	0.107024942359578	19734.7487738533	0.454753519848558	51	"spearman"	0.622335519108871	""
"s_Christensenella_hongkongensis"	"Abundance"	"ileum_TNF"	-0.11398077759963	14753.5614185295	0.466751639331653	43	"spearman"	0.622335519108871	""
"s_Christensenella_hongkongensis"	"Abundance"	"synov_TNF"	-0.248305371583454	454.383155256377	0.413357605896483	13	"spearman"	0.622335519108871	""
"s_Bacteroides_intestinalis"	"Abundance"	"ileum_CXCL1"	-0.151965313198136	11381.4172943976	0.355733451162167	39	"spearman"	0.622533539533793	""
"s_Lawsonibacter_sp000177015"	"Abundance"	"ileum_TNF"	-0.127671110452167	14934.8761868285	0.414573122826366	43	"spearman"	0.623698678468321	""
"s_Lawsonibacter_sp000177015"	"Abundance"	"colon_S100A8"	0.133797286725574	7916.22659661498	0.423224103246361	38	"spearman"	0.623698678468321	""
"s_Lawsonibacter_sp000177015"	"Abundance"	"ileum_IL10"	0.14977562305923	6606.24340882978	0.383278445140363	36	"spearman"	0.623698678468321	""
"s_Eggerthella_lenta"	"Abundance"	"ileum_TNF"	0.164717030116995	11062.4876531305	0.29118548551024	43	"spearman"	0.624099388436927	""
"s_Eggerthella_lenta"	"Abundance"	"synov_IL17"	0.356424077704012	106.190027178838	0.312049694218464	10	"spearman"	0.624099388436927	""
"s_Bifidobacterium_bifidum"	"Abundance"	"colon_IL1b"	0.121026870196636	13342.8121104151	0.428393242647465	45	"spearman"	0.625277563789429	""
"s_Bifidobacterium_bifidum"	"Abundance"	"colon_IFNg"	0.139423984044927	4695.30274305088	0.446626831278163	32	"spearman"	0.625277563789429	""
"s_Fusicatenibacter_saccharivorans"	"Abundance"	"colon_TNF"	0.197216277957651	12186.2569006029	0.194103561495975	45	"spearman"	0.626553802512007	""
"s_Fusicatenibacter_saccharivorans"	"Abundance"	"ileum_TNF"	-0.189421134403367	15752.6935040382	0.22376921518286	43	"spearman"	0.626553802512007	""
"s_Fusicatenibacter_saccharivorans"	"Abundance"	"colon_IL10"	-0.232266226288504	10395.3978849698	0.166563195979032	37	"spearman"	0.626553802512007	""
"s_Fusicatenibacter_saccharivorans"	"Abundance"	"colon_CXCL1"	0.208897000527643	6146.87030590021	0.221445881296005	36	"spearman"	0.626553802512007	""
"s_Fusicatenibacter_saccharivorans"	"Abundance"	"colon_IFNg"	0.283150010227874	3911.13354419672	0.116335144627397	32	"spearman"	0.626553802512007	""
"s_Fusicatenibacter_saccharivorans"	"Abundance"	"synov_IL1b"	0.375270256214937	227.401626737763	0.206399231555172	13	"spearman"	0.626553802512007	""
"s_Escherichia_coli"	"Abundance"	"Femur_Inflammation"	0.120004699543799	19447.8961400821	0.401583729777484	51	"spearman"	0.627579753050539	""
"s_Escherichia_coli"	"Abundance"	"colon_TNF"	-0.168786110997752	17742.1731649459	0.267704186296379	45	"spearman"	0.627579753050539	""
"s_Escherichia_coli"	"Abundance"	"Patella_Joint"	0.128189008053496	13234.0908577479	0.401362735582695	45	"spearman"	0.627579753050539	""
"s_Escherichia_coli"	"Abundance"	"ileum_IL1b"	-0.117299420047269	15854.4787704707	0.448271252178956	44	"spearman"	0.627579753050539	""
"s_Escherichia_coli"	"Abundance"	"colon_CCL2"	-0.158233851960414	16435.3383593183	0.304953249408059	44	"spearman"	0.627579753050539	""
"s_Escherichia_coli"	"Abundance"	"ileum_TNF"	0.235137116227978	10129.8440326767	0.129056510342651	43	"spearman"	0.627579753050539	""
"s_Escherichia_coli"	"Abundance"	"ileum_S100A8"	-0.194820771274284	10079.5080264699	0.247890727951443	37	"spearman"	0.627579753050539	""
"s_Escherichia_coli"	"Abundance"	"colon_IL10"	0.275051684974668	6115.6639855537	0.0994341698351566	37	"spearman"	0.627579753050539	""
"s_Escherichia_coli"	"Abundance"	"colon_CXCL1"	-0.136041730420832	8827.04424536986	0.428867078752875	36	"spearman"	0.627579753050539	""
"s_Escherichia_coli"	"Abundance"	"ileum_IFNg"	-0.250644330081696	8929.60051678331	0.146424324374354	35	"spearman"	0.627579753050539	""
"s_Escherichia_coli"	"Abundance"	"score_day1"	-0.145592790123608	6250.35426291441	0.426567143397341	32	"spearman"	0.627579753050539	""
"s_Escherichia_coli"	"Abundance"	"score_day5"	0.183818962230772	3668.73376477268	0.330873604544743	30	"spearman"	0.627579753050539	""
"s_Escherichia_coli"	"Abundance"	"score_day9"	0.400992855907868	335.444000691594	0.138523954724277	15	"spearman"	0.627579753050539	""
"s_Escherichia_coli"	"Abundance"	"synov_IL1b"	-0.316577332359827	479.234148978977	0.291955906448496	13	"spearman"	0.627579753050539	""
"s_Escherichia_coli"	"Abundance"	"synov_MMP13"	-0.370335747288854	498.802212013143	0.212909200800078	13	"spearman"	0.627579753050539	""
"s_Escherichia_coli"	"Abundance"	"synov_MMP3"	-0.352416275645845	492.279524335088	0.237604413969985	13	"spearman"	0.627579753050539	""
"s_Escherichia_coli"	"Abundance"	"synov_TNF"	-0.268792074645136	461.84031517083	0.374542388510178	13	"spearman"	0.627579753050539	""
"s_Escherichia_coli"	"Abundance"	"synov_CXCL1"	-0.421091835399445	406.432264924241	0.172809960628043	12	"spearman"	0.627579753050539	""
"s_Escherichia_coli"	"Abundance"	"synov_IL6"	-0.350909862832871	386.360220770201	0.263402657026987	12	"spearman"	0.627579753050539	""
"s_Massiliimalia_timonensis"	"Abundance"	"synov_CCL2"	-0.253335502207797	456.214122803638	0.403644223709312	13	"spearman"	0.627891014658929	""
"s_Parasutterella_excrementihominis"	"Abundance"	"colon_IL1b"	-0.169693679193467	17755.9500501568	0.265102207840187	45	"spearman"	0.62882810619676	""
"s_Parasutterella_excrementihominis"	"Abundance"	"ileum_CCL2"	0.20745778083359	11246.1740899714	0.176613060515961	44	"spearman"	0.62882810619676	""
"s_Parasutterella_excrementihominis"	"Abundance"	"ileum_S100A8"	-0.203651188415152	10154.0014254702	0.226676898135384	37	"spearman"	0.62882810619676	""
"s_Parasutterella_excrementihominis"	"Abundance"	"colon_IFNg"	-0.229774307741023	6709.64862303502	0.205837637853974	32	"spearman"	0.62882810619676	""
"s_Parasutterella_excrementihominis"	"Abundance"	"score_day1"	-0.207067230223104	6585.75880809725	0.255486646456764	32	"spearman"	0.62882810619676	""
"s_Parasutterella_excrementihominis"	"Abundance"	"score_day5"	-0.200435958651758	5395.95963413965	0.28823176138715	30	"spearman"	0.62882810619676	""
"s_Parasutterella_excrementihominis"	"Abundance"	"synov_CCL2"	-0.346443118431509	490.105295109069	0.246204118938506	13	"spearman"	0.62882810619676	""
"s_Parasutterella_excrementihominis"	"Abundance"	"synov_IL1b"	-0.3942283761462	507.499128917217	0.182548903935216	13	"spearman"	0.62882810619676	""
"s_Parasutterella_excrementihominis"	"Abundance"	"synov_MMP13"	-0.316577332359827	479.234148978977	0.291955906448496	13	"spearman"	0.62882810619676	""
"s_Parasutterella_excrementihominis"	"Abundance"	"synov_MMP3"	-0.3285236467885	483.582607431014	0.273105965365219	13	"spearman"	0.62882810619676	""
"s_Bacteroides_finegoldii"	"Abundance"	"ileum_TNF"	0.118461594847698	11675.0946378371	0.449298872433892	43	"spearman"	0.629018421407448	""
"s_Alistipes_putredinis"	"Abundance"	"Femur_Inflammation"	-0.117961714800982	24706.9538971017	0.409703964262862	51	"spearman"	0.629238109918273	""
"s_Alistipes_putredinis"	"Abundance"	"score_day9"	-0.221770121622198	684.191268108431	0.426983003158828	15	"spearman"	0.629238109918273	""
"s_Enterocloster_asparagiformis"	"Abundance"	"colon_IL10"	-0.134597910841303	9571.46797585723	0.427049667071744	37	"spearman"	0.629336351474149	""
"s_Enterocloster_asparagiformis"	"Abundance"	"synov_IL17"	-0.287640483761132	212.460679820587	0.420312285422207	10	"spearman"	0.629336351474149	""
"s_Massiliimalia_timonensis"	"Abundance"	"ileum_CCL2"	0.122730066333652	12448.4603587255	0.427387695665321	44	"spearman"	0.62983449887521	""
"s_Prevotella_rara"	"Abundance"	"score_day5"	0.189777620355604	3641.94959650156	0.315160355884098	30	"spearman"	0.630320711768195	""
"s_Bacteroides_uniformis"	"Abundance"	"ileum_TNF"	0.123909842652587	11602.9380439091	0.428567055656729	43	"spearman"	0.631572503073075	""
"s_Bacteroides_uniformis"	"Abundance"	"score_day5"	0.151633819586813	3813.40598095728	0.423778450010526	30	"spearman"	0.631572503073075	""
"s_Bacteroides_uniformis"	"Abundance"	"synov_IL17"	0.284848484848485	118	0.427359698875701	10	"spearman"	0.631572503073075	""
"s_Hungatella_effluvii"	"Abundance"	"Femur_Joint"	0.200519924221504	17668.5096747048	0.158281895951541	51	"spearman"	0.633127583806165	""
"s_Blautia_A_ammoniilytica"	"Abundance"	"Patella_Joint"	-0.17540396963861	17842.6322591141	0.249117100110403	45	"spearman"	0.63411625482648	""
"s_Blautia_A_ammoniilytica"	"Abundance"	"ileum_IL10"	0.199702229098235	6218.31367990671	0.242913757918127	36	"spearman"	0.63411625482648	""
"s_Ruthenibacterium_lactatiformans"	"Abundance"	"ileum_IL1b"	0.154344915075058	11999.8456550849	0.317143461344531	44	"spearman"	0.634286922689062	""
"s_Bacteroides_sp019412865"	"Abundance"	"colon_TNF"	0.203492028554704	12090.9910065396	0.180008087592667	45	"spearman"	0.634547981772664	""
"s_Bacteroides_sp019412865"	"Abundance"	"ileum_TNF"	0.203597442035824	10547.5554776775	0.190364394531799	43	"spearman"	0.634547981772664	""
"s_Bacteroides_sp019412865"	"Abundance"	"ileum_CXCL1"	0.242696784190841	7482.15577219449	0.13656947155302	39	"spearman"	0.634547981772664	""
"s_Anaerostipes_hadrus"	"Abundance"	"Femur_Joint"	0.142518152657547	18950.3488262682	0.318446444255208	51	"spearman"	0.634612858580735	""
"s_Anaerostipes_hadrus"	"Abundance"	"Femur_Inflammation"	0.14560733464105	18882.0779044328	0.307960144917168	51	"spearman"	0.634612858580735	""
"s_Anaerostipes_hadrus"	"Abundance"	"colon_IFNg"	0.178190013608127	4483.79528575406	0.329198660061019	32	"spearman"	0.634612858580735	""
"s_Anaerostipes_hadrus"	"Abundance"	"synov_IL17"	-0.33766491571959	220.714711093732	0.33997117423968	10	"spearman"	0.634612858580735	""
"s_Blautia_celeris"	"Abundance"	"colon_CXCL1"	-0.135393049488284	8822.00399452397	0.431092101574206	36	"spearman"	0.635293623372514	""
"uc_g_Dorea_A"	"Abundance"	"Femur_Inflammation"	-0.158101690746533	25594.0473654984	0.267832618299926	51	"spearman"	0.636102468462325	""
"uc_g_Dorea_A"	"Abundance"	"ileum_CCL2"	0.200310175216791	11347.5986136737	0.192330631334444	44	"spearman"	0.636102468462325	""
"uc_g_Dorea_A"	"Abundance"	"ileum_IL1b"	0.179224893615024	11646.7987596028	0.244394228051192	44	"spearman"	0.636102468462325	""
"uc_g_Dorea_A"	"Abundance"	"colon_IL10"	-0.23653066562866	10431.3726952434	0.158696299974131	37	"spearman"	0.636102468462325	""
"uc_g_Dorea_A"	"Abundance"	"colon_IFNg"	-0.204268340984281	6570.48806841024	0.262110126406998	32	"spearman"	0.636102468462325	""
"uc_g_Dorea_A"	"Abundance"	"score_day5"	-0.299742411730637	5842.34214072921	0.107562602668203	30	"spearman"	0.636102468462325	""
"s_Alistipes_onderdonkii"	"Abundance"	"colon_TNF"	-0.256949529059836	19080.4938511283	0.0883986739116619	45	"spearman"	0.636660789010118	""
"s_Alistipes_onderdonkii"	"Abundance"	"colon_CCL2"	0.185741454220911	11554.3287646053	0.227378853217899	44	"spearman"	0.636660789010118	""
"s_Alistipes_onderdonkii"	"Abundance"	"colon_IFNg"	-0.281522171590861	6991.98496819974	0.118540187422567	32	"spearman"	0.636660789010118	""
"s_Alistipes_onderdonkii"	"Abundance"	"synov_IL1b"	-0.395946403335777	508.124490814223	0.180478128664945	13	"spearman"	0.636660789010118	""
"s_Alistipes_onderdonkii"	"Abundance"	"synov_MMP13"	-0.469766919211939	534.995158593146	0.10528905398389	13	"spearman"	0.636660789010118	""
"s_Alistipes_onderdonkii"	"Abundance"	"synov_TNF"	-0.375813535369551	500.796126874517	0.205690144318481	13	"spearman"	0.636660789010118	""
"s_Alistipes_onderdonkii"	"Abundance"	"synov_IL6"	-0.44516916648556	413.31838161487	0.146997817818705	12	"spearman"	0.636660789010118	""
"s_Alistipes_onderdonkii"	"Abundance"	"synov_IL17"	0.430156907459319	94.0241102692124	0.214665307240737	10	"spearman"	0.636660789010118	""
"s_Dorea_D_sp000433535"	"Abundance"	"colon_TNF"	0.166894714097627	12646.538239998	0.273181026320022	45	"spearman"	0.637422394746718	""
"s_Dorea_D_sp000433535"	"Abundance"	"ileum_CCL2"	-0.293899393851696	18360.4323987556	0.0528200948014625	44	"spearman"	0.637422394746718	""
"s_Dorea_D_sp000433535"	"Abundance"	"ileum_IL1b"	-0.17608999945247	16688.7170922305	0.252878985512303	44	"spearman"	0.637422394746718	""
"s_Dorea_D_sp000433535"	"Abundance"	"ileum_TNF"	-0.298103665023847	17192.0849395758	0.052186388756867	43	"spearman"	0.637422394746718	""
"s_Dorea_D_sp000433535"	"Abundance"	"ileum_CXCL1"	-0.257357546674051	12422.6925611396	0.113722699558534	39	"spearman"	0.637422394746718	""
"s_Dorea_D_sp000433535"	"Abundance"	"colon_S100A8"	0.182687325423959	7469.42053295044	0.272286782865862	38	"spearman"	0.637422394746718	""
"s_Dorea_D_sp000433535"	"Abundance"	"colon_IL10"	-0.265035066317364	10671.8358194533	0.112895686916224	37	"spearman"	0.637422394746718	""
"s_Dorea_D_sp000433535"	"Abundance"	"colon_IFNg"	0.248403808999652	4100.7088180979	0.170413459932431	32	"spearman"	0.637422394746718	""
"s_Dorea_D_sp000433535"	"Abundance"	"synov_CCL2"	0.349428278907306	236.808106477741	0.241883307028339	13	"spearman"	0.637422394746718	""
"s_Dorea_D_sp000433535"	"Abundance"	"synov_TNF"	-0.349428278907306	491.191893522259	0.241883307028339	13	"spearman"	0.637422394746718	""
"s_Dorea_D_sp000433535"	"Abundance"	"synov_CXCL1"	0.462298782318737	153.782548256841	0.130231625667279	12	"spearman"	0.637422394746718	""
"s_Dorea_D_sp000433535"	"Abundance"	"synov_IL6"	0.3924164082473	173.768907241272	0.207043294509479	12	"spearman"	0.637422394746718	""
"s_Sutterella_wadsworthensis"	"Abundance"	"ileum_S100A8"	0.176485752119955	6947.16619511606	0.296066911430744	37	"spearman"	0.637682578466218	""
"s_Christensenella_hongkongensis"	"Abundance"	"ileum_CXCL1"	-0.110874693761347	10975.4419743621	0.501608690617438	39	"spearman"	0.63841106078583	""
"s_Anaerostipes_hadrus"	"Abundance"	"ileum_CCL2"	0.126354742808673	12397.0261995449	0.413758686966468	44	"spearman"	0.638694820204395	""
"s_Anaerostipes_hadrus"	"Abundance"	"ileum_TNF"	-0.127648094143603	14934.5713588379	0.414657956432549	43	"spearman"	0.638694820204395	""
"s_Anaerostipes_hadrus"	"Abundance"	"ileum_S100A8"	0.132773367351933	7315.92387301909	0.433400056567268	37	"spearman"	0.638694820204395	""
"s_Anaerostipes_hadrus"	"Abundance"	"colon_IL10"	-0.132898739674942	9557.13376789781	0.432962029833457	37	"spearman"	0.638694820204395	""
"s_Parasutterella_gallistercoris"	"Abundance"	"Femur_Joint"	-0.152477391825454	25469.7503593425	0.28544279470205	51	"spearman"	0.638855643174553	""
"s_Parasutterella_gallistercoris"	"Abundance"	"colon_CCL2"	-0.156890356990939	16416.2741657014	0.309130204157946	44	"spearman"	0.638855643174553	""
"s_Parasutterella_gallistercoris"	"Abundance"	"colon_IL10"	0.19409542939709	6798.61095760615	0.2496903844961	37	"spearman"	0.638855643174553	""
"s_Parasutterella_gallistercoris"	"Abundance"	"score_day1"	-0.199548305475394	6544.73555467375	0.27353276611986	32	"spearman"	0.638855643174553	""
"s_Parasutterella_gallistercoris"	"Abundance"	"synov_CCL2"	-0.298657860716818	472.711461300922	0.321591234531703	13	"spearman"	0.638855643174553	""
"s_Parasutterella_gallistercoris"	"Abundance"	"synov_MMP3"	-0.286711546288145	468.363002848885	0.342244094557796	13	"spearman"	0.638855643174553	""
"s_Parasutterella_gallistercoris"	"Abundance"	"synov_IL17"	0.389189582939384	100.783718815002	0.266304105170029	10	"spearman"	0.638855643174553	""
"s_Enterocloster_aldenensis"	"Abundance"	"synov_CXCL1"	-0.300699300699301	372	0.342483375440192	12	"spearman"	0.639302300821693	""
"s_Phocaeicola_vulgatus"	"Abundance"	"ileum_CXCL1"	-0.141714749182359	11280.1417219217	0.389475313766023	39	"spearman"	0.641488752085214	""
"s_Phocaeicola_vulgatus"	"Abundance"	"colon_S100A8"	-0.144545355071671	10460	0.385188021409148	38	"spearman"	0.641488752085214	""
"s_Phocaeicola_vulgatus"	"Abundance"	"colon_IL10"	0.15222288192333	7151.84776809479	0.368432998136339	37	"spearman"	0.641488752085214	""
"s_Sutterella_wadsworthensis"	"Abundance"	"Femur_Inflammation"	0.12004923727789	19446.9118561586	0.401407755219537	51	"spearman"	0.641568561865885	""
"s_Sutterella_wadsworthensis"	"Abundance"	"colon_IL1b"	0.121367478801775	13337.6416717891	0.427085083350755	45	"spearman"	0.641568561865885	""
"s_Sutterella_wadsworthensis"	"Abundance"	"ileum_CCL2"	0.131023726685194	12330.7733183371	0.396573838163157	44	"spearman"	0.641568561865885	""
"s_Sutterella_wadsworthensis"	"Abundance"	"ileum_CXCL1"	0.141845167373316	8478.56974635164	0.389034643535387	39	"spearman"	0.641568561865885	""
"s_Sutterella_wadsworthensis"	"Abundance"	"colon_CXCL1"	0.134156824315708	6727.60147506694	0.435350095551851	36	"spearman"	0.641568561865885	""
"s_Sutterella_wadsworthensis"	"Abundance"	"colon_IFNg"	0.171535663996975	4520.1014172325	0.347869767609468	32	"spearman"	0.641568561865885	""
"s_Fournierella_sp900543285"	"Abundance"	"colon_IL10"	-0.11935553706081	9442.88331064499	0.48167301610369	37	"spearman"	0.642230688138253	""
"s_Bacteroides_caccae"	"Abundance"	"colon_CCL2"	-0.155248307583803	16392.9734846142	0.314284614321197	44	"spearman"	0.643182469063406	""
"s_Bacteroides_caccae"	"Abundance"	"ileum_S100A8"	-0.176170546122987	9922.17472709352	0.296944178144158	37	"spearman"	0.643182469063406	""
"s_Bacteroides_caccae"	"Abundance"	"score_day1"	-0.187478452590913	6478.88243733602	0.304189615087058	32	"spearman"	0.643182469063406	""
"s_Bacteroides_caccae"	"Abundance"	"synov_CCL2"	-0.304631017931154	474.88569052694	0.311532533399061	13	"spearman"	0.643182469063406	""
"s_Bacteroides_caccae"	"Abundance"	"synov_MMP3"	-0.298657860716818	472.711461300922	0.321591234531703	13	"spearman"	0.643182469063406	""
"s_Bacteroides_caccae"	"Abundance"	"synov_IL17"	0.430156907459319	94.0241102692124	0.214665307240737	10	"spearman"	0.643182469063406	""
"s_Oxalobacter_aliiformigenes"	"Abundance"	"score_day5"	-0.178491674690223	5297.32007773255	0.345319913462381	30	"spearman"	0.644597171796445	""
"s_Phascolarctobacterium_faecium"	"Abundance"	"colon_TNF"	0.1467110248169	12952.9266432795	0.336205397952506	45	"spearman"	0.644600978717479	""
"s_Phascolarctobacterium_faecium"	"Abundance"	"ileum_TNF"	0.121569071706682	11633.9392143167	0.437407806986861	43	"spearman"	0.644600978717479	""
"s_Phascolarctobacterium_faecium"	"Abundance"	"ileum_S100A8"	0.149122807017544	7178	0.376972349091003	37	"spearman"	0.644600978717479	""
"s_Phascolarctobacterium_faecium"	"Abundance"	"colon_CXCL1"	-0.136679536679537	8832	0.425208292560512	36	"spearman"	0.644600978717479	""
"s_Phascolarctobacterium_faecium"	"Abundance"	"colon_IFNg"	0.147557511388678	4650.92621786337	0.420284655561006	32	"spearman"	0.644600978717479	""
"s_Phascolarctobacterium_faecium"	"Abundance"	"synov_TNF"	-0.263736263736264	460	0.383492243739665	13	"spearman"	0.644600978717479	""
"s_Phascolarctobacterium_faecium"	"Abundance"	"synov_IL17"	-0.309090909090909	216	0.387054968154447	10	"spearman"	0.644600978717479	""
"s_UBA11524_sp000437595"	"Abundance"	"Femur_Inflammation"	0.203261987319361	17607.9100802421	0.152551329828902	51	"spearman"	0.644618714182378	""
"s_UBA11524_sp000437595"	"Abundance"	"score_day5"	0.262464550669051	3315.22184474261	0.161154678545594	30	"spearman"	0.644618714182378	""
"s_Agathobaculum_hominis"	"Abundance"	"colon_CCL2"	0.167702391356433	11810.3030666522	0.276543887761841	44	"spearman"	0.645269071444296	""
"s_Eisenbergiella_tayi"	"Abundance"	"ileum_IL10"	0.180063067494299	6370.9099655693	0.293318436352506	36	"spearman"	0.645670869162312	""
"s_Eisenbergiella_tayi"	"Abundance"	"colon_IFNg"	-0.189166896587722	6488.09458778261	0.299775760682502	32	"spearman"	0.645670869162312	""
"s_Eisenbergiella_tayi"	"Abundance"	"synov_IL17"	0.381818181818182	102	0.278965216116318	10	"spearman"	0.645670869162312	""
"s_Bacteroides_intestinigallinarum"	"Abundance"	"Femur_Inflammation"	0.193415624112495	17825.5147071139	0.173861013925313	51	"spearman"	0.64569494249519	""
"s_Bacteroides_intestinigallinarum"	"Abundance"	"colon_TNF"	0.265772744356432	11145.5697406694	0.0776350263971091	45	"spearman"	0.64569494249519	""
"s_Bacteroides_intestinigallinarum"	"Abundance"	"ileum_CCL2"	0.167639583927672	11811.1943040663	0.27672640392651	44	"spearman"	0.64569494249519	""
"s_Bacteroides_intestinigallinarum"	"Abundance"	"ileum_TNF"	0.173954751864675	10940.1432663043	0.264586390308679	43	"spearman"	0.64569494249519	""
"s_Bacteroides_intestinigallinarum"	"Abundance"	"ileum_CXCL1"	0.225494253822477	7652.11677223393	0.167510829990365	39	"spearman"	0.64569494249519	""
"s_Bacteroides_intestinigallinarum"	"Abundance"	"colon_S100A8"	-0.210842856534472	11065.8928658685	0.203854534061493	38	"spearman"	0.64569494249519	""
"s_Bacteroides_intestinigallinarum"	"Abundance"	"ileum_S100A8"	0.279796307768123	6075.63834766812	0.0935021287148852	37	"spearman"	0.64569494249519	""
"s_Bacteroides_intestinigallinarum"	"Abundance"	"score_day1"	0.250740566629276	4087.95946847067	0.166297398416897	32	"spearman"	0.64569494249519	""
"s_Bacteroides_intestinigallinarum"	"Abundance"	"score_day9"	0.315355149723726	383.401116154713	0.252240159537632	15	"spearman"	0.64569494249519	""
"s_Bacteroides_intestinigallinarum"	"Abundance"	"synov_IL6"	0.350909862832871	185.639779229799	0.263402657026988	12	"spearman"	0.64569494249519	""
"s_Bacteroides_intestinigallinarum"	"Abundance"	"synov_IL17"	-0.5052636690792	248.368505398068	0.136306772174537	10	"spearman"	0.64569494249519	""
"s_Parabacteroides_sp003473295"	"Abundance"	"colon_S100A8"	0.116943180690807	8070.25627166672	0.484420968223752	38	"spearman"	0.645894624298336	""
"s_Bacteroides_intestinalis"	"Abundance"	"ileum_IL1b"	-0.0970894221470451	15567.6989002666	0.530684087135088	44	"spearman"	0.646050193034021	""
"s_Bacteroides_intestinalis"	"Abundance"	"colon_S100A8"	-0.109590372681675	10140.5464159378	0.51248675389041	38	"spearman"	0.646050193034021	""
"s_Bacteroides_intestinalis"	"Abundance"	"ileum_IL10"	0.119316708913108	6842.90917174515	0.488236013701441	36	"spearman"	0.646050193034021	""
"s_Bacteroides_intestinalis"	"Abundance"	"score_day5"	-0.133248418227234	5093.95163993142	0.482704158518578	30	"spearman"	0.646050193034021	""
"s_Bacteroides_intestinalis"	"Abundance"	"score_day9"	-0.176594726476935	658.893046827084	0.52896137244828	15	"spearman"	0.646050193034021	""
"s_Bacteroides_intestinalis"	"Abundance"	"synov_TNF"	-0.226979974144782	446.620710588701	0.455821850982339	13	"spearman"	0.646050193034021	""
"s_Bacteroides_intestinalis"	"Abundance"	"synov_IL17"	0.293599159059535	116.556138755177	0.410309354599901	10	"spearman"	0.646050193034021	""
"s_Bifidobacterium_globosum"	"Abundance"	"Femur_Inflammation"	-0.238000515568406	27359.8113940618	0.0926097397532722	51	"spearman"	0.648370323003339	""
"s_Bifidobacterium_globosum"	"Abundance"	"Patella_Joint"	-0.221004611197719	18534.8499979814	0.144583183950026	45	"spearman"	0.648370323003339	""
"s_Bifidobacterium_globosum"	"Abundance"	"ileum_IL1b"	-0.191336187140597	16905.0604955251	0.213434736238517	44	"spearman"	0.648370323003339	""
"s_Bifidobacterium_globosum"	"Abundance"	"colon_CCL2"	0.201845899736143	11325.8066827441	0.188872782773565	44	"spearman"	0.648370323003339	""
"s_Bifidobacterium_globosum"	"Abundance"	"ileum_TNF"	-0.21920913537809	16147.2057889474	0.15785057691106	43	"spearman"	0.648370323003339	""
"s_Bifidobacterium_globosum"	"Abundance"	"colon_IL10"	-0.208430885731584	10194.3229520316	0.21572673823425	37	"spearman"	0.648370323003339	""
"s_Bifidobacterium_globosum"	"Abundance"	"colon_CXCL1"	0.272954539964368	5649.14322447686	0.107248939401352	36	"spearman"	0.648370323003339	""
"s_Bifidobacterium_globosum"	"Abundance"	"score_day9"	-0.355066538948196	758.837261810989	0.194054213868012	15	"spearman"	0.648370323003339	""
"s_Bifidobacterium_globosum"	"Abundance"	"synov_MMP3"	-0.356692520758752	493.836077556186	0.23156082964405	13	"spearman"	0.648370323003339	""
"s_Bacteroides_eggerthii"	"Abundance"	"colon_IL10"	0.209831468421122	6665.86173239942	0.212588278192019	37	"spearman"	0.649715827987941	""
"s_Bacteroides_eggerthii"	"Abundance"	"ileum_IFNg"	-0.187938018842207	8481.87745453336	0.279631922965081	35	"spearman"	0.649715827987941	""
"s_Bacteroides_eggerthii"	"Abundance"	"synov_CCL2"	-0.322550489574164	481.408378204996	0.282439737884627	13	"spearman"	0.649715827987941	""
"s_Bacteroides_eggerthii"	"Abundance"	"synov_MMP3"	-0.310604175145491	477.059919752959	0.301653777280115	13	"spearman"	0.649715827987941	""
"s_Bacteroides_eggerthii"	"Abundance"	"synov_TNF"	-0.322550489574164	481.408378204996	0.282439737884627	13	"spearman"	0.649715827987941	""
"s_Neobittarella_massiliensis"	"Abundance"	"colon_CXCL1"	-0.16885050167549	9081.96839801856	0.324898784974124	36	"spearman"	0.649797569948248	""
"s_Prevotella_rara"	"Abundance"	"ileum_IL10"	0.160874681928188	6520.00372141798	0.348600404186675	36	"spearman"	0.650720754481794	""
"s_Agathobaculum_hominis"	"Abundance"	"ileum_S100A8"	0.17430293659215	6965.58042690862	0.302176090219713	37	"spearman"	0.650840809703998	""
"s_Enterococcus_B_hirae"	"Abundance"	"colon_CCL2"	-0.114864730536474	15819.9305263126	0.457812009316212	44	"spearman"	0.651353162568032	""
"s_Enterococcus_B_hirae"	"Abundance"	"ileum_CXCL1"	-0.120421109903694	11069.7605658485	0.465252258977166	39	"spearman"	0.651353162568032	""
"s_Phocaeicola_vulgatus"	"Abundance"	"Femur_Joint"	-0.115273866225147	24647.5524435757	0.420530135837055	51	"spearman"	0.654157989079863	""
"s_Enterocloster_pacaense"	"Abundance"	"synov_CCL2"	0.221006816930445	283.553518637318	0.468078728395707	13	"spearman"	0.65531021975399	""
"s_Anaerobutyricum_hallii"	"Abundance"	"colon_TNF"	0.135127301680545	13128.7675604893	0.376144562386072	45	"spearman"	0.656399844154138	""
"s_Anaerobutyricum_hallii"	"Abundance"	"ileum_CCL2"	-0.187461612388359	16850.0802797908	0.223026599938662	44	"spearman"	0.656399844154138	""
"s_Anaerobutyricum_hallii"	"Abundance"	"ileum_IL1b"	-0.17694864231743	16700.9012344843	0.250535608829874	44	"spearman"	0.656399844154138	""
"s_Anaerobutyricum_hallii"	"Abundance"	"colon_CCL2"	0.246396436237216	10693.6345697939	0.106891228970467	44	"spearman"	0.656399844154138	""
"s_Anaerobutyricum_hallii"	"Abundance"	"ileum_TNF"	-0.197756870086667	15863.0919874278	0.203670426771748	43	"spearman"	0.656399844154138	""
"s_Anaerobutyricum_hallii"	"Abundance"	"ileum_CXCL1"	-0.140427644697393	11267.4251296102	0.393839906492483	39	"spearman"	0.656399844154138	""
"s_Anaerobutyricum_hallii"	"Abundance"	"colon_S100A8"	0.1759878914958	7530.64665961988	0.290557737341918	38	"spearman"	0.656399844154138	""
"s_Anaerobutyricum_hallii"	"Abundance"	"ileum_IFNg"	0.173490746725545	5901.27606837961	0.318913017715131	35	"spearman"	0.656399844154138	""
"s_Anaerobutyricum_hallii"	"Abundance"	"colon_IFNg"	0.216908201599252	4272.54885207448	0.233080428392717	32	"spearman"	0.656399844154138	""
"s_Anaerobutyricum_hallii"	"Abundance"	"score_day1"	-0.196533178172668	6528.28502011008	0.280995924951179	32	"spearman"	0.656399844154138	""
"s_Anaerobutyricum_hallii"	"Abundance"	"score_day5"	-0.24792979484577	5609.44442783174	0.186500939793345	30	"spearman"	0.656399844154138	""
"s_Anaerobutyricum_hallii"	"Abundance"	"score_day9"	-0.252209951287071	701.23757272076	0.364487348464343	15	"spearman"	0.656399844154138	""
"s_Escherichia_coli"	"Abundance"	"synov_CCL2"	-0.209060502501773	440.098022910645	0.493051941747345	13	"spearman"	0.65740258899646	""
"uc_g_Lachnospira"	"Abundance"	"colon_CCL2"	0.32219562630447	9618.04406273957	0.0329312658533652	44	"spearman"	0.658625317067305	""
"s_Duodenibacillus_intestinigallinarum"	"Abundance"	"ileum_CXCL1"	-0.0949152926340933	10817.7630912248	0.565453160743727	39	"spearman"	0.659695354201015	""
"s_Alistipes_shahii"	"Abundance"	"colon_CXCL1"	-0.117253874819708	8681.06260734913	0.495839988649302	36	"spearman"	0.661119984865736	""
"s_Prevotella_intestinigallinarum"	"Abundance"	"synov_MMP13"	0.41033607841753	214.637667456019	0.163720086347685	13	"spearman"	0.661331827056315	""
"s_Prevotella_intestinigallinarum"	"Abundance"	"synov_CXCL1"	0.427817132449102	163.644300119557	0.165332956764079	12	"spearman"	0.661331827056315	""
"s_Bacteroides_fragilis"	"Abundance"	"colon_IL10"	-0.142089925072393	9634.67060791071	0.401523805627855	37	"spearman"	0.661333326916468	""
"s_Ruthenibacterium_lactatiformans"	"Abundance"	"score_day9"	-0.249363090096267	699.643330453909	0.370107809878159	15	"spearman"	0.662741158873569	""
"s_Ruthenibacterium_lactatiformans"	"Abundance"	"synov_IL6"	-0.27972027972028	366	0.378709233642039	12	"spearman"	0.662741158873569	""
"s_Prevotella_sp900313215"	"Abundance"	"synov_MMP3"	0.352976973667515	235.516381585025	0.236806610697861	13	"spearman"	0.663058509954011	""
"s_Parabacteroides_sp003473295"	"Abundance"	"ileum_CXCL1"	0.105798781050953	8834.70804321659	0.521509993313187	39	"spearman"	0.66373999148951	""
"s_Butyricimonas_virosa"	"Abundance"	"colon_CXCL1"	0.104045756265924	6961.56447381377	0.545919782212619	36	"spearman"	0.664597995737102	""
"s_Enterocloster_clostridioformis"	"Abundance"	"colon_IFNg"	-0.30024836802087	7094.15509592187	0.0949863267773887	32	"spearman"	0.664904287441721	""
"s_Bacteroides_uniformis"	"Abundance"	"score_day1"	0.130883992313384	4741.89693793818	0.475217886574531	32	"spearman"	0.665305041204344	""
"s_Faecalimonas_phoceensis"	"Abundance"	"colon_TNF"	0.17203787377814	12568.4650760478	0.25845944140612	45	"spearman"	0.666735825731189	""
"s_Faecalimonas_phoceensis"	"Abundance"	"ileum_CCL2"	-0.250890648236206	17750.1382984718	0.100444389832618	44	"spearman"	0.666735825731189	""
"s_Faecalimonas_phoceensis"	"Abundance"	"ileum_IL1b"	-0.191812422198934	16911.8182710029	0.212275889321268	44	"spearman"	0.666735825731189	""
"s_Faecalimonas_phoceensis"	"Abundance"	"colon_CCL2"	0.316351474104508	9700.97258245704	0.0364302517771074	44	"spearman"	0.666735825731189	""
"s_Faecalimonas_phoceensis"	"Abundance"	"ileum_TNF"	-0.205205576091736	15961.742649759	0.186811521026424	43	"spearman"	0.666735825731189	""
"s_Faecalimonas_phoceensis"	"Abundance"	"colon_S100A8"	0.17765677860893	7515.39470029299	0.285934151176172	38	"spearman"	0.666735825731189	""
"s_Faecalimonas_phoceensis"	"Abundance"	"ileum_IFNg"	0.157338657254837	6016.60198720046	0.366704704152154	35	"spearman"	0.666735825731189	""
"s_Faecalimonas_phoceensis"	"Abundance"	"colon_IFNg"	0.241127656179645	4140.40750788386	0.183692697709753	32	"spearman"	0.666735825731189	""
"s_Faecalimonas_phoceensis"	"Abundance"	"score_day1"	-0.166522525267345	6364.54689785863	0.362348975706164	32	"spearman"	0.666735825731189	""
"s_Faecalimonas_phoceensis"	"Abundance"	"score_day5"	-0.227376029469954	5517.05525246745	0.226902349594955	30	"spearman"	0.666735825731189	""
"s_Faecalimonas_phoceensis"	"Abundance"	"score_day9"	-0.252209951287071	701.23757272076	0.364487348464343	15	"spearman"	0.666735825731189	""
"s_Butyribacter_sp003529475"	"Abundance"	"ileum_IFNg"	0.157338657254837	6016.60198720046	0.366704704152154	35	"spearman"	0.666735825731189	""
"s_Butyribacter_sp003529475"	"Abundance"	"score_day1"	-0.184821703868152	6464.38721630464	0.311217231062775	32	"spearman"	0.666735825731189	""
"s_Butyribacter_sp003529475"	"Abundance"	"score_day9"	-0.252209951287071	701.23757272076	0.364487348464343	15	"spearman"	0.666735825731189	""
"s_Phocaeicola_massiliensis"	"Abundance"	"Femur_Inflammation"	-0.156526084879328	25559.2264758332	0.272691316180618	51	"spearman"	0.666972131398901	""
"s_Phocaeicola_massiliensis"	"Abundance"	"score_day1"	-0.194601644457164	6517.74657215829	0.285845199170958	32	"spearman"	0.666972131398901	""
"s_Phocaeicola_plebeius_A"	"Abundance"	"ileum_IL1b"	0.156711893082475	11966.2582371597	0.309687780936366	44	"spearman"	0.667019835862943	""
"s_Phocaeicola_plebeius_A"	"Abundance"	"colon_CXCL1"	0.181237218014619	6361.78681602641	0.290129395193176	36	"spearman"	0.667019835862943	""
"s_Schaedlerella_glycyrrhizinilytica_A"	"Abundance"	"Femur_Inflammation"	-0.23917756298991	27385.824142077	0.0909598384870391	51	"spearman"	0.667037716614343	""
"s_Schaedlerella_glycyrrhizinilytica_A"	"Abundance"	"synov_CCL2"	-0.462910049886276	532.499258158604	0.111172952769057	13	"spearman"	0.667037716614343	""
"s_Eggerthella_lenta"	"Abundance"	"Patella_Joint"	0.136434015453167	13108.9316454209	0.371503067184956	45	"spearman"	0.667168876064052	""
"s_Eggerthella_lenta"	"Abundance"	"ileum_IL1b"	0.12233341219824	12454.088880907	0.428894277469748	44	"spearman"	0.667168876064052	""
"s_Eggerthella_lenta"	"Abundance"	"ileum_S100A8"	0.143159895813437	7228.30311891785	0.397951290176046	37	"spearman"	0.667168876064052	""
"s_Eggerthella_lenta"	"Abundance"	"synov_IL6"	0.261040962172333	211.342284818713	0.412496318690941	12	"spearman"	0.667168876064052	""
"s_Bacteroides_ovatus"	"Abundance"	"ileum_CXCL1"	-0.166737047774662	11527.3620320137	0.310335449497918	39	"spearman"	0.668414814303208	""
"s_Eggerthella_lenta"	"Abundance"	"synov_CXCL1"	0.239287548657972	217.56376108382	0.453831235026174	12	"spearman"	0.66880392530173	""
"s_Bacteroides_fragilis"	"Abundance"	"synov_CCL2"	0.239844327525739	276.696664780631	0.429959608190552	13	"spearman"	0.668826057185303	""
"s_Parasutterella_gallistercoris"	"Abundance"	"ileum_CXCL1"	-0.131154708126055	11175.8085162854	0.426113983049907	39	"spearman"	0.669292552012532	""
"s_Parasutterella_gallistercoris"	"Abundance"	"ileum_IL10"	0.135635568094997	6716.11163590188	0.430259497722342	36	"spearman"	0.669292552012532	""
"s_Parasutterella_gallistercoris"	"Abundance"	"colon_CXCL1"	-0.148285486158707	8922.17822745315	0.388082866571432	36	"spearman"	0.669292552012532	""
"uc_uc_k"	"Abundance"	"colon_S100A8"	-0.152642521063574	10534	0.358893403648668	38	"spearman"	0.669934353477514	""
"s_Victivallis_lenta"	"Abundance"	"Patella_Joint"	0.147078608078062	12947.346729375	0.334982777209823	45	"spearman"	0.669965554419645	""
"s_Parasutterella_excrementihominis"	"Abundance"	"ileum_TNF"	0.150623607875967	11249.1409372907	0.334987991472821	43	"spearman"	0.669975982945643	""
"s_Alistipes_shahii"	"Abundance"	"colon_CCL2"	0.0980143548427378	12799.1763047815	0.526757315587274	44	"spearman"	0.670418401656531	""
"s_Lachnospira_sp000436535"	"Abundance"	"colon_CCL2"	0.191940560006436	11466.3634535087	0.211964834418468	44	"spearman"	0.670794719225279	""
"s_Lachnospira_sp000436535"	"Abundance"	"ileum_TNF"	-0.276103459552184	16900.7142183091	0.0731011661646371	43	"spearman"	0.670794719225279	""
"s_Lachnospira_sp000436535"	"Abundance"	"colon_S100A8"	0.216020885244451	7164.78512975096	0.192710845660878	38	"spearman"	0.670794719225279	""
"s_Lachnospira_sp000436535"	"Abundance"	"colon_IL10"	-0.248470374672529	10532.0960807375	0.138106458540629	37	"spearman"	0.670794719225279	""
"s_Lachnospira_sp000436535"	"Abundance"	"score_day1"	0.225031191101763	4228.22982134878	0.215612588322411	32	"spearman"	0.670794719225279	""
"s_Lachnospira_sp000436535"	"Abundance"	"synov_IL1b"	0.469852510343051	192.973686235129	0.105216972077663	13	"spearman"	0.670794719225279	""
"s_Lachnospira_sp000436535"	"Abundance"	"synov_MMP13"	0.375882008274441	227.178948988103	0.205600881131788	13	"spearman"	0.670794719225279	""
"s_Lachnospira_sp000436535"	"Abundance"	"synov_IL6"	0.49907180491786	143.265463793492	0.0985791489665405	12	"spearman"	0.670794719225279	""
"s_Lachnospira_sp000436535"	"Abundance"	"synov_IL17"	-0.491607894239222	246.115302549472	0.14898817021786	10	"spearman"	0.670794719225279	""
"s_Anaerotruncus_colihominis"	"Abundance"	"Femur_Inflammation"	0.137650549101512	19057.9228648566	0.335423692333809	51	"spearman"	0.670847384667618	""
"s_Anaerotruncus_colihominis"	"Abundance"	"colon_S100A8"	-0.166795947008627	10663.3481597118	0.316881930135706	38	"spearman"	0.670847384667618	""
"s_Anaerotruncus_colihominis"	"Abundance"	"synov_MMP13"	0.293528220207723	257.155727844389	0.330372283547776	13	"spearman"	0.670847384667618	""
"s_Collinsella_intestinalis"	"Abundance"	"Femur_Inflammation"	0.13527450558514	19110.4334265684	0.343912161837508	51	"spearman"	0.670948944991371	""
"s_Collinsella_intestinalis"	"Abundance"	"ileum_CXCL1"	0.140252582714916	8494.30448277663	0.394435729555996	39	"spearman"	0.670948944991371	""
"s_Collinsella_intestinalis"	"Abundance"	"score_day1"	0.163406645750025	4564.45334078787	0.371526132764532	32	"spearman"	0.670948944991371	""
"s_Collinsella_intestinalis"	"Abundance"	"synov_CCL2"	0.251403090298064	272.489275131505	0.407361859459047	13	"spearman"	0.670948944991371	""
"s_Prevotella_sp934191715"	"Abundance"	"colon_IL1b"	0.124888163176444	13284.1976829816	0.413695558124521	45	"spearman"	0.671658726194002	""
"s_Prevotella_sp934191715"	"Abundance"	"ileum_IFNg"	0.157089485706045	6018.38107205884	0.367473721407319	35	"spearman"	0.671658726194002	""
"s_Prevotella_sp934191715"	"Abundance"	"synov_CCL2"	0.238926288573455	277.030830959263	0.431780609696144	13	"spearman"	0.671658726194002	""
"s_Prevotella_sp934191715"	"Abundance"	"synov_IL17"	-0.290928682725856	213.003232649766	0.41477828848822	10	"spearman"	0.671658726194002	""
"s_Bacteroides_caccae"	"Abundance"	"ileum_IL10"	0.144921132658958	6643.9627992399	0.399058062958721	36	"spearman"	0.67263489739102	""
"s_Bacteroides_caccae"	"Abundance"	"score_day5"	-0.159443110984573	5211.69678387566	0.400011272088368	30	"spearman"	0.67263489739102	""
"s_Bacteroides_caccae"	"Abundance"	"synov_TNF"	-0.250872603002127	455.317627492774	0.408385473415976	13	"spearman"	0.67263489739102	""
"s_Parasutterella_gallistercoris"	"Abundance"	"ileum_IL1b"	-0.106778659423027	15705.1891772128	0.490272596087817	44	"spearman"	0.673768900207176	""
"s_Parasutterella_gallistercoris"	"Abundance"	"colon_S100A8"	-0.111446368169514	10157.5083587012	0.505326675155382	38	"spearman"	0.673768900207176	""
"s_Parasutterella_gallistercoris"	"Abundance"	"score_day5"	-0.137755034602516	5114.20888053831	0.467883668057902	30	"spearman"	0.673768900207176	""
"s_Diplocloster_modestus"	"Abundance"	"synov_TNF"	0.471728176524863	192.29094374495	0.10364574410104	13	"spearman"	0.674091158309704	""
"s_Diplocloster_modestus"	"Abundance"	"synov_CXCL1"	0.473049916791266	150.707723797698	0.120373421126733	12	"spearman"	0.674091158309704	""
"s_Schaedlerella_glycyrrhizinilytica_A"	"Abundance"	"colon_TNF"	-0.196118963623173	18157.0858677998	0.196646241921585	45	"spearman"	0.674215686588292	""
"s_Schaedlerella_glycyrrhizinilytica_A"	"Abundance"	"synov_MMP3"	-0.38575837490523	504.416048465504	0.192977583019555	13	"spearman"	0.674215686588292	""
"s_Schaedlerella_glycyrrhizinilytica_A"	"Abundance"	"synov_TNF"	0.38575837490523	223.583951534496	0.192977583019555	13	"spearman"	0.674215686588292	""
"s_Escherichia_coli"	"Abundance"	"Femur_Joint"	-0.0883421759368558	24052.3620882045	0.537593613748859	51	"spearman"	0.674399299920106	""
"s_Escherichia_coli"	"Abundance"	"synov_IL17"	0.213347700665628	129.797629390171	0.553970853505802	10	"spearman"	0.674399299920106	""
"s_Butyribacter_sp003529475"	"Abundance"	"ileum_CXCL1"	-0.137242436455717	11235.9552721825	0.404762301764056	39	"spearman"	0.674603836273426	""
"s_Enterocloster_pacaense"	"Abundance"	"ileum_TNF"	0.104175502453846	11864.2996455013	0.506173775639742	43	"spearman"	0.674898367519656	""
"s_Enterococcus_faecalis"	"Abundance"	"ileum_CCL2"	-0.120951293609563	15906.2988563197	0.434167065333229	44	"spearman"	0.675370990518357	""
"s_Enterococcus_faecalis"	"Abundance"	"score_day1"	0.158104903110973	4593.37964862653	0.387452082757737	32	"spearman"	0.675370990518357	""
"s_Enterococcus_faecalis"	"Abundance"	"synov_CXCL1"	0.252651660104426	213.741625210134	0.428209473216082	12	"spearman"	0.675370990518357	""
"s_Paramuribaculum_sp910588065"	"Abundance"	"Femur_Joint"	-0.118379682582689	24716.1909850774	0.408035019002228	51	"spearman"	0.675580755522022	""
"s_Paramuribaculum_sp910588065"	"Abundance"	"ileum_CCL2"	0.11936416229367	12496.2225370528	0.440266252632448	44	"spearman"	0.675580755522022	""
"s_Paramuribaculum_sp910588065"	"Abundance"	"ileum_TNF"	-0.104050848210215	14622.0494336961	0.506685566641517	43	"spearman"	0.675580755522022	""
"s_Paramuribaculum_sp910588065"	"Abundance"	"ileum_IL10"	-0.121415657299238	8713.39965721508	0.480561029467124	36	"spearman"	0.675580755522022	""
"s_Paramuribaculum_sp910588065"	"Abundance"	"score_day5"	-0.130746555334019	5082.70576622641	0.491034596660568	30	"spearman"	0.675580755522022	""
"s_Paramuribaculum_sp910588065"	"Abundance"	"synov_IL17"	0.266287609379578	121.06254445237	0.457073029985288	10	"spearman"	0.675580755522022	""
"s_Coprobacillus_cateniformis"	"Abundance"	"colon_S100A8"	0.151681450839645	7752.78322077648	0.363314231394868	38	"spearman"	0.67818656527042	""
"s_Acutalibacter_stercoravium"	"Abundance"	"score_day1"	-0.230698247672041	6714.68963929866	0.203969668482632	32	"spearman"	0.679898894942108	""
"s_Paramuribaculum_sp910588065"	"Abundance"	"ileum_CXCL1"	-0.100545497785063	10873.3895181164	0.542508715860072	39	"spearman"	0.681074563326981	""
"s_Paramuribaculum_sp910588065"	"Abundance"	"score_day1"	-0.106210450681803	6035.48421891992	0.562890526316895	32	"spearman"	0.681074563326981	""
"s_Paramuribaculum_sp910588065"	"Abundance"	"synov_MMP3"	-0.16777389971855	425.069699497552	0.583778197137412	13	"spearman"	0.681074563326981	""
"s_Eggerthella_lenta"	"Abundance"	"Femur_Inflammation"	0.0995161427085157	19900.6932461418	0.487182949893477	51	"spearman"	0.682056129850868	""
"s_Agathobaculum_hominis"	"Abundance"	"colon_CXCL1"	0.15534741583925	6562.95057892903	0.36562485304903	36	"spearman"	0.682499725691522	""
"s_Agathobaculum_hominis"	"Abundance"	"synov_IL17"	-0.325158807729976	218.651203275446	0.359267465344641	10	"spearman"	0.682499725691522	""
"s_Lachnospira_sp000436535"	"Abundance"	"Femur_Inflammation"	0.146448128932946	18863.4963505819	0.305144834854874	51	"spearman"	0.683778952462951	""
"s_Lachnospira_sp000436535"	"Abundance"	"colon_IL1b"	0.147140791722795	12946.402781648	0.334776221439002	45	"spearman"	0.683778952462951	""
"s_Lachnospira_sp000436535"	"Abundance"	"colon_TNF"	0.143133432768473	13007.2344905746	0.348249145979917	45	"spearman"	0.683778952462951	""
"s_Lachnospira_sp000436535"	"Abundance"	"ileum_IFNg"	0.188126559851603	5796.77636265956	0.27914101304484	35	"spearman"	0.683778952462951	""
"s_Lachnospira_sp000436535"	"Abundance"	"score_day9"	-0.293661061835967	724.450194628142	0.288088157917212	15	"spearman"	0.683778952462951	""
"s_Lachnospira_sp000436535"	"Abundance"	"synov_TNF"	-0.266249755861062	460.914911133427	0.379250921905924	13	"spearman"	0.683778952462951	""
"s_Lachnospira_sp000436535"	"Abundance"	"synov_CXCL1"	0.272929893314455	207.942050512066	0.390730829978829	12	"spearman"	0.683778952462951	""
"s_Pseudoflavonifractor_sp902362925"	"Abundance"	"Femur_Inflammation"	0.146931505679885	18852.8137244745	0.303533814615157	51	"spearman"	0.683936765302784	""
"s_Pseudoflavonifractor_sp902362925"	"Abundance"	"colon_IL1b"	0.140463096133026	13047.7702007007	0.357408802920033	45	"spearman"	0.683936765302784	""
"s_Pseudoflavonifractor_sp902362925"	"Abundance"	"ileum_IL1b"	-0.174240219336441	16662.4687123841	0.257977207394816	44	"spearman"	0.683936765302784	""
"s_Pseudoflavonifractor_sp902362925"	"Abundance"	"colon_CCL2"	0.20058152623155	11343.7481427743	0.191716416258778	44	"spearman"	0.683936765302784	""
"s_Pseudoflavonifractor_sp902362925"	"Abundance"	"ileum_TNF"	-0.168432310540286	15474.7175207955	0.280286867921228	43	"spearman"	0.683936765302784	""
"s_Pseudoflavonifractor_sp902362925"	"Abundance"	"ileum_S100A8"	0.156341298123736	7117.10480902816	0.355462143118929	37	"spearman"	0.683936765302784	""
"s_Pseudoflavonifractor_sp902362925"	"Abundance"	"synov_CCL2"	0.268741234456551	266.178190657815	0.374636243320995	13	"spearman"	0.683936765302784	""
"s_Pseudoflavonifractor_sp902362925"	"Abundance"	"synov_IL1b"	0.277410306535795	263.022648420971	0.358813139578887	13	"spearman"	0.683936765302784	""
"s_Pseudoflavonifractor_sp902362925"	"Abundance"	"synov_MMP13"	0.260072162377308	269.33373289466	0.390821008744448	13	"spearman"	0.683936765302784	""
"s_Pseudoflavonifractor_sp902362925"	"Abundance"	"synov_MMP3"	0.329424739011256	244.089394999903	0.271713771467761	13	"spearman"	0.683936765302784	""
"s_Pseudoflavonifractor_sp902362925"	"Abundance"	"synov_IL17"	-0.375183239688433	226.905234548591	0.285382295455815	10	"spearman"	0.683936765302784	""
"s_Prevotella_rara"	"Abundance"	"ileum_TNF"	-0.12736279903936	14930.7929104773	0.415710318499687	43	"spearman"	0.684699348117132	""
"s_Prevotella_rara"	"Abundance"	"ileum_IFNg"	0.147759322312595	6084.99843868807	0.396954568693723	35	"spearman"	0.684699348117132	""
"s_Diplocloster_modestus"	"Abundance"	"colon_IL1b"	0.200242654075725	12140.3165111305	0.187211740979888	45	"spearman"	0.685552557919596	""
"s_Diplocloster_modestus"	"Abundance"	"ileum_CCL2"	-0.182170445242695	16774.9986179938	0.23659940495503	44	"spearman"	0.685552557919596	""
"s_Diplocloster_modestus"	"Abundance"	"score_day9"	-0.320062982169159	739.235270014729	0.244840199256999	15	"spearman"	0.685552557919596	""
"s_Diplocloster_modestus"	"Abundance"	"synov_CCL2"	0.419313934688767	211.369727773289	0.153791038868906	13	"spearman"	0.685552557919596	""
"s_Diplocloster_modestus"	"Abundance"	"synov_MMP3"	0.366899692852671	230.448511801628	0.217516275597782	13	"spearman"	0.685552557919596	""
"s_Thomasclavelia_sp000508865"	"Abundance"	"ileum_CXCL1"	0.120421109903694	8690.2394341515	0.465252258977166	39	"spearman"	0.68563490796635	""
"s_Dorea_D_sp000433535"	"Abundance"	"colon_CCL2"	0.153969594007479	12005.1714610339	0.318336007209142	44	"spearman"	0.685646784758153	""
"s_Bacteroides_intestinigallinarum"	"Abundance"	"Femur_Joint"	0.128806367011953	19253.3792890358	0.367685389924699	51	"spearman"	0.686346061192772	""
"s_Bacteroides_intestinigallinarum"	"Abundance"	"colon_IL1b"	0.143709025769525	12998.4969888186	0.346293802999367	45	"spearman"	0.686346061192772	""
"s_Bacteroides_intestinigallinarum"	"Abundance"	"Patella_Joint"	0.147595196005739	12939.5049246329	0.33326922797855	45	"spearman"	0.686346061192772	""
"s_Ruminococcus_C_sp000433635"	"Abundance"	"score_day1"	-0.154811050962828	6300.64909405319	0.397542206344513	32	"spearman"	0.686663810958703	""
"s_Alistipes_A_ihumii"	"Abundance"	"synov_TNF"	0.209867454619896	287.608246518358	0.491346083503944	13	"spearman"	0.687884516905522	""
"s_Bacteroides_eggerthii"	"Abundance"	"synov_IL17"	0.33456648357947	109.796530209387	0.344701585185695	10	"spearman"	0.68940317037139	""
"s_Parasutterella_excrementihominis"	"Abundance"	"Femur_Joint"	-0.1282694764842	24934.7554303008	0.369702257742171	51	"spearman"	0.69011088111872	""
"s_Blautia_pseudococcoides"	"Abundance"	"synov_TNF"	-0.209060502501773	440.098022910645	0.493051941747345	13	"spearman"	0.690272718446282	""
"s_Enterocloster_pacaense"	"Abundance"	"ileum_IL1b"	0.0922517280218525	12880.9479793699	0.551452755801487	44	"spearman"	0.6906633092508	""
"s_Enterocloster_pacaense"	"Abundance"	"colon_S100A8"	0.0955959362695892	8265.34873843222	0.568055455156629	38	"spearman"	0.6906633092508	""
"s_Enterocloster_pacaense"	"Abundance"	"colon_IL10"	-0.0910503933156324	9204.10111801067	0.591997122214971	37	"spearman"	0.6906633092508	""
"s_Hominimerdicola_aceti"	"Abundance"	"Femur_Joint"	0.0819420278007537	20289.0811856033	0.567566939789517	51	"spearman"	0.690951057135064	""
"s_Hominimerdicola_aceti"	"Abundance"	"Femur_Inflammation"	0.0880341970314459	20154.444245605	0.539018105998715	51	"spearman"	0.690951057135064	""
"s_Hominimerdicola_aceti"	"Abundance"	"colon_IL1b"	0.123846024456941	13300.0173487436	0.417633722875019	45	"spearman"	0.690951057135064	""
"s_Hominimerdicola_aceti"	"Abundance"	"ileum_CCL2"	0.109601058427409	12634.7609809151	0.478808848121864	44	"spearman"	0.690951057135064	""
"s_Hominimerdicola_aceti"	"Abundance"	"colon_CCL2"	0.175822595214122	11695.0773739116	0.253611770734167	44	"spearman"	0.690951057135064	""
"s_Hominimerdicola_aceti"	"Abundance"	"ileum_TNF"	-0.101957114411814	14594.3200232701	0.515320754783842	43	"spearman"	0.690951057135064	""
"s_Hominimerdicola_aceti"	"Abundance"	"ileum_CXCL1"	0.157899362443098	8319.95429906219	0.337035495223089	39	"spearman"	0.690951057135064	""
"s_Hominimerdicola_aceti"	"Abundance"	"ileum_S100A8"	0.180828273402694	6910.53268557488	0.284150031051459	37	"spearman"	0.690951057135064	""
"s_Hominimerdicola_aceti"	"Abundance"	"colon_IL10"	-0.153939231998279	9734.63136113748	0.362993540410923	37	"spearman"	0.690951057135064	""
"s_Hominimerdicola_aceti"	"Abundance"	"ileum_IL10"	0.137995698625901	6697.77342167675	0.422203507870902	36	"spearman"	0.690951057135064	""
"s_Hominimerdicola_aceti"	"Abundance"	"colon_CXCL1"	0.142498909693695	6662.78347167999	0.407069087969478	36	"spearman"	0.690951057135064	""
"s_Hominimerdicola_aceti"	"Abundance"	"ileum_IFNg"	0.107396754446499	6373.187173252	0.539166994778831	35	"spearman"	0.690951057135064	""
"s_Hominimerdicola_aceti"	"Abundance"	"score_day1"	0.241030577928893	4140.93716681996	0.183874645917397	32	"spearman"	0.690951057135064	""
"s_Hominimerdicola_aceti"	"Abundance"	"score_day5"	0.110654666995239	3997.6072718564	0.560486096235304	30	"spearman"	0.690951057135064	""
"s_Hominimerdicola_aceti"	"Abundance"	"score_day9"	-0.262575246590821	707.04213809086	0.34442381352972	15	"spearman"	0.690951057135064	""
"s_Hominimerdicola_aceti"	"Abundance"	"synov_CCL2"	0.210947420594927	287.215138903446	0.489067340629738	13	"spearman"	0.690951057135064	""
"s_Hominimerdicola_aceti"	"Abundance"	"synov_IL1b"	0.41033607841753	214.637667456019	0.163720086347685	13	"spearman"	0.690951057135064	""
"s_Hominimerdicola_aceti"	"Abundance"	"synov_MMP13"	0.38721855287288	223.052446754272	0.191153641558542	13	"spearman"	0.690951057135064	""
"s_Hominimerdicola_aceti"	"Abundance"	"synov_MMP3"	0.231175255446496	279.852207017476	0.447306675213866	13	"spearman"	0.690951057135064	""
"s_Hominimerdicola_aceti"	"Abundance"	"synov_CXCL1"	0.398812581096621	171.939601806367	0.199075472611871	12	"spearman"	0.690951057135064	""
"s_Hominimerdicola_aceti"	"Abundance"	"synov_IL6"	0.565588751373389	124.241617107211	0.0552856836520332	12	"spearman"	0.690951057135064	""
"s_Hominimerdicola_aceti"	"Abundance"	"synov_IL17"	-0.287640483761132	212.460679820587	0.420312285422207	10	"spearman"	0.690951057135064	""
"s_Lachnospira_sp000436535"	"Abundance"	"ileum_CXCL1"	-0.125820779504562	11123.1093015051	0.445328387827864	39	"spearman"	0.691425966366503	""
"s_Lachnospira_sp000436535"	"Abundance"	"ileum_S100A8"	0.135244649403678	7295.07613763058	0.424811184975395	37	"spearman"	0.691425966366503	""
"s_Lachnospira_sp000436535"	"Abundance"	"ileum_IL10"	0.124560034420594	6802.16853255198	0.469181905748698	36	"spearman"	0.691425966366503	""
"s_UBA11524_sp000437595"	"Abundance"	"Femur_Joint"	0.11784188703514	19495.6942965234	0.410183160962072	51	"spearman"	0.692279058342458	""
"s_UBA11524_sp000437595"	"Abundance"	"colon_S100A8"	-0.159954984521807	10600.8286035448	0.337414712350803	38	"spearman"	0.692279058342458	""
"s_UBA11524_sp000437595"	"Abundance"	"ileum_S100A8"	0.145518445947565	7208.40638998634	0.390141358929334	37	"spearman"	0.692279058342458	""
"s_UBA11524_sp000437595"	"Abundance"	"ileum_IL10"	0.218674721143261	6070.89741671686	0.200082185881831	36	"spearman"	0.692279058342458	""
"s_UBA11524_sp000437595"	"Abundance"	"ileum_IFNg"	0.15824874525914	6010.10395884974	0.363904043176524	35	"spearman"	0.692279058342458	""
"s_UBA11524_sp000437595"	"Abundance"	"synov_CCL2"	0.309196904159688	251.452326885874	0.303964949033222	13	"spearman"	0.692279058342458	""
"s_UBA11524_sp000437595"	"Abundance"	"synov_IL1b"	0.271630925149632	265.126343245534	0.369321430770646	13	"spearman"	0.692279058342458	""
"s_UBA11524_sp000437595"	"Abundance"	"synov_MMP13"	0.260072162377308	269.33373289466	0.390821008744448	13	"spearman"	0.692279058342458	""
"s_UBA11524_sp000437595"	"Abundance"	"synov_MMP3"	0.294748450694282	256.711563947281	0.328271541818185	13	"spearman"	0.692279058342458	""
"s_UBA11524_sp000437595"	"Abundance"	"synov_IL17"	-0.287640483761132	212.460679820587	0.420312285422207	10	"spearman"	0.692279058342458	""
"s_Lachnospira_sp000436535"	"Abundance"	"ileum_IL1b"	-0.105648467246612	15689.1517502294	0.494902653868556	44	"spearman"	0.692863715415979	""
"s_Caecibacter_massiliensis"	"Abundance"	"ileum_CCL2"	-0.197805418382286	16996.8588868446	0.198066167591733	44	"spearman"	0.693231586571065	""
"s_Enterocloster_citroniae"	"Abundance"	"ileum_TNF"	0.342012734709177	8714.38334151166	0.024780005790621	43	"spearman"	0.693840162137388	""
"s_Prevotella_rara"	"Abundance"	"Patella_Joint"	0.112910676761444	13466.0159267613	0.460222727815725	45	"spearman"	0.69403727521354	""
"s_Prevotella_rara"	"Abundance"	"synov_MMP3"	0.219616492674171	284.059596666602	0.470953865323473	13	"spearman"	0.69403727521354	""
"s_Alistipes_putredinis"	"Abundance"	"colon_S100A8"	0.11394295115428	8097.67536940103	0.495775558044089	38	"spearman"	0.694085781261725	""
"s_Alistipes_finegoldii"	"Abundance"	"ileum_CCL2"	0.084275975733173	12994.1239043463	0.586510705581695	44	"spearman"	0.694823208947499	""
"s_Alistipes_finegoldii"	"Abundance"	"colon_CCL2"	0.087528804383754	12947.9662657945	0.572092780536692	44	"spearman"	0.694823208947499	""
"s_Alistipes_finegoldii"	"Abundance"	"ileum_TNF"	0.0743813187751639	12258.8938141417	0.635474295218418	43	"spearman"	0.694823208947499	""
"s_Alistipes_finegoldii"	"Abundance"	"ileum_IL10"	0.0868833249164507	7094.91656539918	0.614361919302087	36	"spearman"	0.694823208947499	""
"s_Alistipes_finegoldii"	"Abundance"	"score_day1"	0.115652734020429	4824.99868318454	0.528483805572018	32	"spearman"	0.694823208947499	""
"s_Alistipes_finegoldii"	"Abundance"	"synov_TNF"	0.141299326313548	312.567045221869	0.645192979736963	13	"spearman"	0.694823208947499	""
"s_Alistipes_finegoldii"	"Abundance"	"synov_IL17"	-0.187591619844217	195.952617274296	0.603781683831368	10	"spearman"	0.694823208947499	""
"s_UBA11524_sp000437595"	"Abundance"	"ileum_CXCL1"	0.12532867339824	8641.75270682539	0.447124624845658	39	"spearman"	0.695527194204357	""
"s_Eggerthella_lenta"	"Abundance"	"colon_IL1b"	0.0921080154571613	13781.8003253603	0.547324856380272	45	"spearman"	0.69659527175671	""
"s_Eggerthella_lenta"	"Abundance"	"ileum_CCL2"	-0.0974965832769031	15573.4765166993	0.528953735086773	44	"spearman"	0.69659527175671	""
"s_Muricomes_contortus_B"	"Abundance"	"ileum_CXCL1"	-0.152444580191881	11386.1524522958	0.354200440816322	39	"spearman"	0.696827953466668	""
"s_Muricomes_contortus_B"	"Abundance"	"synov_TNF"	-0.269230769230769	462	0.373300689357144	13	"spearman"	0.696827953466668	""
"s_Tidjanibacter_inops"	"Abundance"	"ileum_IFNg"	0.132377441812845	6194.82506545629	0.448415747606524	35	"spearman"	0.697535607387927	""
"s_Tidjanibacter_inops"	"Abundance"	"synov_CCL2"	0.234064946139577	278.800359605194	0.441486868953866	13	"spearman"	0.697535607387927	""
"uc_g_Dorea_A"	"Abundance"	"ileum_TNF"	0.126621933898696	11567.0191074457	0.418450213532044	43	"spearman"	0.698610134227995	""
"uc_g_Dorea_A"	"Abundance"	"ileum_CXCL1"	0.117031874671362	8723.72507824694	0.477996407629681	39	"spearman"	0.698610134227995	""
"uc_g_Dorea_A"	"Abundance"	"ileum_S100A8"	-0.127021870590225	9507.55650029914	0.453756402063365	37	"spearman"	0.698610134227995	""
"uc_g_Dorea_A"	"Abundance"	"ileum_IFNg"	0.13507175313779	6175.58768259618	0.439149832770612	35	"spearman"	0.698610134227995	""
"uc_g_Dorea_A"	"Abundance"	"score_day1"	-0.163228673119199	6346.57564053835	0.372054408157556	32	"spearman"	0.698610134227995	""
"s_Bacteroides_ovatus"	"Abundance"	"Femur_Inflammation"	-0.114042146089489	24620.3314285777	0.425545154225486	51	"spearman"	0.699003671012567	""
"s_Bacteroides_ovatus"	"Abundance"	"ileum_IL1b"	0.109469916734189	12636.6218815419	0.479338361474912	44	"spearman"	0.699003671012567	""
"s_Bacteroides_ovatus"	"Abundance"	"ileum_TNF"	0.109283400904901	11796.6506384155	0.485429747383475	43	"spearman"	0.699003671012567	""
"s_Bacteroides_ovatus"	"Abundance"	"colon_CXCL1"	-0.131199852269706	8789.42285213561	0.445628367044836	36	"spearman"	0.699003671012567	""
"s_Bacteroides_ovatus"	"Abundance"	"ileum_IFNg"	0.122687616480425	6264.01041832977	0.482598696150305	35	"spearman"	0.699003671012567	""
"s_Bacteroides_ovatus"	"Abundance"	"colon_IFNg"	-0.123900085571718	6131.99886687929	0.499288336437548	32	"spearman"	0.699003671012567	""
"s_Bacteroides_ovatus"	"Abundance"	"synov_IL17"	0.293599159059535	116.556138755177	0.410309354599901	10	"spearman"	0.699003671012567	""
"s_Bacteroides_nordii"	"Abundance"	"Patella_Joint"	-0.0833046981514786	16444.5653179394	0.586409391070097	45	"spearman"	0.699160786267152	""
"s_Bacteroides_nordii"	"Abundance"	"ileum_IFNg"	-0.0919661300960048	7796.63816888547	0.599280673943273	35	"spearman"	0.699160786267152	""
"s_Phocaeicola_vulgatus"	"Abundance"	"Patella_Joint"	0.108789797386422	13528.5708756741	0.476859025397447	45	"spearman"	0.699604880067424	""
"s_Phocaeicola_vulgatus"	"Abundance"	"colon_CCL2"	-0.0866807610993658	15420	0.574675437198241	44	"spearman"	0.699604880067424	""
"s_Phocaeicola_vulgatus"	"Abundance"	"ileum_IL10"	-0.0971748505776952	8525.04858898869	0.572883836672012	36	"spearman"	0.699604880067424	""
"s_Phocaeicola_vulgatus"	"Abundance"	"ileum_IFNg"	-0.102815521389687	7874.10282272236	0.556709932774048	35	"spearman"	0.699604880067424	""
"s_Phocaeicola_vulgatus"	"Abundance"	"synov_TNF"	-0.186813186813187	432	0.541341049536417	13	"spearman"	0.699604880067424	""
"s_Odoribacter_splanchnicus"	"Abundance"	"Femur_Joint"	0.160785689188853	18546.6362689263	0.259689458439818	51	"spearman"	0.699719136143338	""
"s_Odoribacter_splanchnicus"	"Abundance"	"colon_CXCL1"	-0.189098403205644	9239.29459290786	0.269354182861964	36	"spearman"	0.699719136143338	""
"s_Odoribacter_splanchnicus"	"Abundance"	"score_day1"	0.202959209702517	4348.65455186307	0.265246429274594	32	"spearman"	0.699719136143338	""
"s_Odoribacter_splanchnicus"	"Abundance"	"score_day5"	0.230943277196552	3456.9099690015	0.219499086671851	30	"spearman"	0.699719136143338	""
"s_Odoribacter_splanchnicus"	"Abundance"	"synov_CCL2"	0.327373074489034	244.836200885992	0.27488966062774	13	"spearman"	0.699719136143338	""
"s_Odoribacter_splanchnicus"	"Abundance"	"synov_MMP13"	0.368638588080089	229.815553938848	0.215177162511969	13	"spearman"	0.699719136143338	""
"s_Odoribacter_splanchnicus"	"Abundance"	"synov_IL17"	-0.389059547955241	229.194825412615	0.266477921200522	10	"spearman"	0.699719136143338	""
"s_Lawsonibacter_aceti"	"Abundance"	"colon_TNF"	-0.308964521702568	19870.081439445	0.0389134315723911	45	"spearman"	0.701075681887481	""
"s_Lawsonibacter_aceti"	"Abundance"	"ileum_CCL2"	0.19163299937732	11470.7277388358	0.212711972564819	44	"spearman"	0.701075681887481	""
"s_Lawsonibacter_aceti"	"Abundance"	"ileum_IL1b"	0.177645571593355	11669.2093390903	0.248644351240543	44	"spearman"	0.701075681887481	""
"s_Lawsonibacter_aceti"	"Abundance"	"ileum_TNF"	0.178626171032396	10878.2749908469	0.251770021505049	43	"spearman"	0.701075681887481	""
"s_Lawsonibacter_aceti"	"Abundance"	"ileum_IFNg"	0.324559918436961	4822.6421823601	0.0571390995968073	35	"spearman"	0.701075681887481	""
"s_Lawsonibacter_aceti"	"Abundance"	"score_day9"	0.315262439108839	383.45303409905	0.252387245479493	15	"spearman"	0.701075681887481	""
"s_Lawsonibacter_aceti"	"Abundance"	"synov_CCL2"	-0.462910049886276	532.499258158604	0.111172952769057	13	"spearman"	0.701075681887481	""
"s_Lawsonibacter_aceti"	"Abundance"	"synov_MMP3"	-0.38575837490523	504.416048465504	0.192977583019555	13	"spearman"	0.701075681887481	""
"s_Lawsonibacter_aceti"	"Abundance"	"synov_TNF"	0.38575837490523	223.583951534496	0.192977583019555	13	"spearman"	0.701075681887481	""
"s_Bacteroides_eggerthii"	"Abundance"	"Patella_Joint"	0.0989533288984085	13677.8884673222	0.517819742344632	45	"spearman"	0.701440267069401	""
"s_Bacteroides_eggerthii"	"Abundance"	"ileum_IL1b"	-0.107781949876187	15719.4258687431	0.486181308925201	44	"spearman"	0.701440267069401	""
"s_Bacteroides_eggerthii"	"Abundance"	"colon_CCL2"	-0.0957448751820186	15548.6197788328	0.536417734563371	44	"spearman"	0.701440267069401	""
"s_Bacteroides_eggerthii"	"Abundance"	"colon_S100A8"	-0.102274341607143	10073.6852079477	0.541195360771134	38	"spearman"	0.701440267069401	""
"s_Bacteroides_eggerthii"	"Abundance"	"colon_CXCL1"	-0.106723853012087	8599.24433790392	0.535575358839376	36	"spearman"	0.701440267069401	""
"s_Bacteroides_eggerthii"	"Abundance"	"score_day1"	-0.109406169451798	6052.92006052901	0.551131638411672	32	"spearman"	0.701440267069401	""
"s_Bacteroides_eggerthii"	"Abundance"	"score_day5"	-0.13240124390608	5090.14359135783	0.485516833664525	30	"spearman"	0.701440267069401	""
"s_Bacteroides_eggerthii"	"Abundance"	"score_day9"	-0.168381018268706	654.293370230475	0.548592820969363	15	"spearman"	0.701440267069401	""
"s_Enterococcus_B_hirae"	"Abundance"	"colon_S100A8"	-0.105957851281329	10107.3488028601	0.526645388189188	38	"spearman"	0.702193850918917	""
"s_Bacteroides_intestinigallinarum"	"Abundance"	"ileum_IL1b"	0.12279599522702	12447.5248277286	0.427137571156697	44	"spearman"	0.703520705434561	""
"s_Bacteroides_intestinigallinarum"	"Abundance"	"colon_CXCL1"	-0.137218772125914	8836.18985941835	0.424846072509858	36	"spearman"	0.703520705434561	""
"s_Lentihominibacter_faecis"	"Abundance"	"ileum_S100A8"	0.367627300025524	5334.69609698468	0.0251901124215321	37	"spearman"	0.7053231478029	""
"s_Prevotella_sp900313215"	"Abundance"	"ileum_CCL2"	-0.164490049755906	16524.1138060363	0.285980340837421	44	"spearman"	0.705744997019127	""
"s_Prevotella_sp900313215"	"Abundance"	"ileum_S100A8"	0.174201422523737	6966.43679958976	0.302462141579626	37	"spearman"	0.705744997019127	""
"uc_uc_k"	"Abundance"	"colon_CCL2"	0.128823114869626	12362	0.403346973800756	44	"spearman"	0.705857204151323	""
"s_UBA3282_sp003611805"	"Abundance"	"colon_S100A8"	-0.154676863308758	10552.5918537787	0.353803091183536	38	"spearman"	0.707606182367072	""
"s_Enterocloster_aldenensis"	"Abundance"	"ileum_IL10"	-0.143252461845	8883.07162853565	0.404567102631562	36	"spearman"	0.707992429605234	""
"s_Desulfovibrio_sp900556755"	"Abundance"	"Femur_Joint"	-0.17647278733918	26000.0486001959	0.215429254654119	51	"spearman"	0.708369578424669	""
"s_Desulfovibrio_sp900556755"	"Abundance"	"colon_CCL2"	-0.158917331529058	16445.0369343973	0.302842216469733	44	"spearman"	0.708369578424669	""
"s_Desulfovibrio_sp900556755"	"Abundance"	"ileum_S100A8"	-0.21243017608223	10228.0609654297	0.206848878791035	37	"spearman"	0.708369578424669	""
"s_Desulfovibrio_sp900556755"	"Abundance"	"colon_IFNg"	-0.212687321436141	6616.42202575559	0.242522882125821	32	"spearman"	0.708369578424669	""
"s_Desulfovibrio_sp900556755"	"Abundance"	"score_day1"	-0.245912949685234	6797.70105348263	0.174880161847845	32	"spearman"	0.708369578424669	""
"s_Desulfovibrio_sp900556755"	"Abundance"	"score_day5"	-0.184562977108567	5324.61058210301	0.328885875697168	30	"spearman"	0.708369578424669	""
"s_Desulfovibrio_sp900556755"	"Abundance"	"synov_CCL2"	-0.310102656826414	476.877367084815	0.302476273639298	13	"spearman"	0.708369578424669	""
"s_Desulfovibrio_sp900556755"	"Abundance"	"synov_IL1b"	-0.488646610756773	541.867366315466	0.0901889381258201	13	"spearman"	0.708369578424669	""
"s_Desulfovibrio_sp900556755"	"Abundance"	"synov_MMP13"	-0.300705606619553	473.456840809517	0.318122656377347	13	"spearman"	0.708369578424669	""
"s_Desulfovibrio_sp900556755"	"Abundance"	"synov_MMP3"	-0.297573256550599	472.316665384418	0.32343691326796	13	"spearman"	0.708369578424669	""
"s_Desulfovibrio_sp900556755"	"Abundance"	"synov_CXCL1"	-0.432687787985965	409.748707363986	0.160047650251529	12	"spearman"	0.708369578424669	""
"s_Desulfovibrio_sp900556755"	"Abundance"	"synov_IL6"	-0.574143410981376	450.205015540674	0.0509084665577612	12	"spearman"	0.708369578424669	""
"s_Lachnospira_sp000436535"	"Abundance"	"colon_IFNg"	0.114647911845993	4830.48099296826	0.532096338943509	32	"spearman"	0.709461785258012	""
"s_Dorea_D_sp000433535"	"Abundance"	"synov_MMP3"	0.279542623125845	262.246485182192	0.354977167197389	13	"spearman"	0.709954334394778	""
"s_Parasutterella_excrementihominis"	"Abundance"	"Femur_Inflammation"	-0.100587780074931	24322.989939656	0.482481955985999	51	"spearman"	0.711026040400419	""
"s_Parasutterella_excrementihominis"	"Abundance"	"colon_IL10"	0.120088944208505	7422.92966665705	0.47896430355376	37	"spearman"	0.711026040400419	""
"s_Parasutterella_excrementihominis"	"Abundance"	"synov_TNF"	-0.221006816930445	444.446481362682	0.468078728395707	13	"spearman"	0.711026040400419	""
"s_Parasutterella_excrementihominis"	"Abundance"	"synov_IL17"	0.293599159059535	116.556138755177	0.410309354599901	10	"spearman"	0.711026040400419	""
"s_Clostridium_AQ_innocuum"	"Abundance"	"colon_IL1b"	-0.164629928611331	17679.08231632	0.279835645938584	45	"spearman"	0.712308916934578	""
"s_Clostridium_AQ_innocuum"	"Abundance"	"ileum_IFNg"	-0.197786806815038	8552.19780065937	0.254735619535423	35	"spearman"	0.712308916934578	""
"s_Clostridium_AQ_innocuum"	"Abundance"	"synov_CXCL1"	-0.34965034965035	386	0.26600430932519	12	"spearman"	0.712308916934578	""
"s_Enterococcus_B_hirae"	"Abundance"	"colon_IL10"	0.0986692324167365	7603.62635533241	0.56123877070616	37	"spearman"	0.714303889989658	""
"s_Massilioclostridium_facile"	"Abundance"	"colon_IL1b"	-0.246859182181116	18927.3223855093	0.102092277274722	45	"spearman"	0.714645940923056	""
"s_Massilioclostridium_facile"	"Abundance"	"synov_CXCL1"	-0.495663221163886	427.759681252871	0.101270637740195	12	"spearman"	0.714645940923056	""
"s_Phocaeicola_massiliensis"	"Abundance"	"synov_CCL2"	-0.292684703502482	470.537232074903	0.3318288171385	13	"spearman"	0.714708221529078	""
"s_UBA11524_sp000437595"	"Abundance"	"ileum_IL1b"	0.10170790020763	12746.7648960537	0.511220409235406	44	"spearman"	0.715708572929568	""
"s_UBA11524_sp000437595"	"Abundance"	"score_day9"	0.193885017978291	451.424389932157	0.488696473423525	15	"spearman"	0.715708572929568	""
"s_Hungatella_hathewayi"	"Abundance"	"Femur_Joint"	-0.142828584020137	25256.511706845	0.317382556205912	51	"spearman"	0.716122121133988	""
"s_Hungatella_hathewayi"	"Abundance"	"ileum_IL1b"	-0.168802877284717	16585.3128286701	0.273358747838904	44	"spearman"	0.716122121133988	""
"s_Hungatella_hathewayi"	"Abundance"	"colon_CCL2"	-0.180921224957586	16757.2721821482	0.239884273324481	44	"spearman"	0.716122121133988	""
"s_Hungatella_hathewayi"	"Abundance"	"ileum_CXCL1"	-0.105787117281682	10925.176718743	0.521556168019316	39	"spearman"	0.716122121133988	""
"s_Hungatella_hathewayi"	"Abundance"	"colon_S100A8"	-0.10330836897732	10083.1351840837	0.537091590850491	38	"spearman"	0.716122121133988	""
"s_Hungatella_hathewayi"	"Abundance"	"colon_CXCL1"	-0.162977993044156	9036.3390059531	0.342250571707962	36	"spearman"	0.716122121133988	""
"s_Hungatella_hathewayi"	"Abundance"	"ileum_IFNg"	-0.118634220301721	7987.04833295429	0.49728780562392	35	"spearman"	0.716122121133988	""
"s_Hungatella_hathewayi"	"Abundance"	"score_day1"	-0.125073000911556	6138.39829297345	0.49520337726254	32	"spearman"	0.716122121133988	""
"s_Hungatella_hathewayi"	"Abundance"	"score_day5"	-0.134894657503964	5101.35148548032	0.477262559263327	30	"spearman"	0.716122121133988	""
"s_Hungatella_hathewayi"	"Abundance"	"synov_CCL2"	-0.250872603002127	455.317627492774	0.408385473415976	13	"spearman"	0.716122121133988	""
"s_Hungatella_hathewayi"	"Abundance"	"synov_MMP3"	-0.238926288573455	450.969169040737	0.431780609696144	13	"spearman"	0.716122121133988	""
"s_Hungatella_hathewayi"	"Abundance"	"synov_TNF"	-0.268792074645136	461.84031517083	0.374542388510178	13	"spearman"	0.716122121133988	""
"s_Hungatella_hathewayi"	"Abundance"	"synov_IL17"	0.293599159059535	116.556138755177	0.410309354599901	10	"spearman"	0.716122121133988	""
"s_Hungatella_effluvii"	"Abundance"	"ileum_CXCL1"	0.175288184681407	8148.1527353477	0.285813973723889	39	"spearman"	0.716607492116154	""
"s_Hungatella_effluvii"	"Abundance"	"colon_S100A8"	0.166195805111608	7620.13653708501	0.318651126442199	38	"spearman"	0.716607492116154	""
"s_Hungatella_effluvii"	"Abundance"	"colon_IL10"	-0.163790931810722	9817.74030075525	0.332710621339643	37	"spearman"	0.716607492116154	""
"s_Hungatella_effluvii"	"Abundance"	"synov_IL1b"	0.346762883169744	237.778310526213	0.245739084282262	13	"spearman"	0.716607492116154	""
"s_Hungatella_effluvii"	"Abundance"	"synov_MMP13"	0.294748450694282	256.711563947281	0.328271541818185	13	"spearman"	0.716607492116154	""
"s_Hungatella_effluvii"	"Abundance"	"synov_MMP3"	0.340983501783581	239.882005350776	0.254225373798305	13	"spearman"	0.716607492116154	""
"s_Enterocloster_lavalensis"	"Abundance"	"Femur_Joint"	0.154564288758412	18684.1292184391	0.278822091677689	51	"spearman"	0.717630814285024	""
"s_Enterocloster_lavalensis"	"Abundance"	"colon_IL1b"	0.159998919372989	12751.216403918	0.293771119349532	45	"spearman"	0.717630814285024	""
"s_Enterocloster_lavalensis"	"Abundance"	"colon_CCL2"	0.146433338513675	12112.1109264909	0.342879038043703	44	"spearman"	0.717630814285024	""
"s_Enterocloster_lavalensis"	"Abundance"	"ileum_CXCL1"	0.13882030967855	8508.45534037593	0.399330073258585	39	"spearman"	0.717630814285024	""
"s_Enterocloster_lavalensis"	"Abundance"	"ileum_S100A8"	0.216846381172944	6606.68392842504	0.197343856354648	37	"spearman"	0.717630814285024	""
"s_Enterocloster_lavalensis"	"Abundance"	"colon_IL10"	-0.208484671878947	10194.7766919708	0.215605626926623	37	"spearman"	0.717630814285024	""
"s_Enterocloster_lavalensis"	"Abundance"	"colon_IFNg"	0.253123797353858	4074.95656163735	0.162173048339781	32	"spearman"	0.717630814285024	""
"s_Enterocloster_lavalensis"	"Abundance"	"score_day1"	0.154039024107679	4615.5630844685	0.39992872297164	32	"spearman"	0.717630814285024	""
"s_Enterocloster_lavalensis"	"Abundance"	"score_day5"	0.170406314430448	3729.02361663513	0.367958470638639	30	"spearman"	0.717630814285024	""
"s_Enterocloster_lavalensis"	"Abundance"	"synov_CCL2"	0.332314429704338	243.037547587621	0.267277287611573	13	"spearman"	0.717630814285024	""
"s_Enterocloster_lavalensis"	"Abundance"	"synov_IL1b"	0.248513399604983	273.541122543786	0.412953566184492	13	"spearman"	0.717630814285024	""
"s_Enterocloster_lavalensis"	"Abundance"	"synov_MMP13"	0.236954636832658	277.748512192912	0.435704422958764	13	"spearman"	0.717630814285024	""
"s_Enterocloster_lavalensis"	"Abundance"	"synov_MMP3"	0.346762883169744	237.778310526213	0.245739084282262	13	"spearman"	0.717630814285024	""
"s_Enterocloster_lavalensis"	"Abundance"	"synov_IL17"	-0.312652699740361	216.58769545716	0.379097470008989	10	"spearman"	0.717630814285024	""
"s_Thomasclavelia_sp000508865"	"Abundance"	"ileum_IL1b"	0.098566528631841	12791.3409587142	0.524419915489473	44	"spearman"	0.718922579383919	""
"s_Thomasclavelia_sp000508865"	"Abundance"	"colon_CXCL1"	0.104215981792482	6960.24182147242	0.545259463961095	36	"spearman"	0.718922579383919	""
"s_Thomasclavelia_sp000508865"	"Abundance"	"score_day9"	0.161668130761543	469.465846773536	0.564867740944508	15	"spearman"	0.718922579383919	""
"s_Enterocloster_clostridioformis"	"Abundance"	"Femur_Joint"	-0.205989415329716	26652.3660787867	0.147004579958329	51	"spearman"	0.720940023065978	""
"s_Enterocloster_clostridioformis"	"Abundance"	"Patella_Joint"	-0.214920132868067	18442.4876169373	0.156252928053523	45	"spearman"	0.720940023065978	""
"s_Enterocloster_clostridioformis"	"Abundance"	"synov_TNF"	-0.396148930474125	508.198210692582	0.180235005766494	13	"spearman"	0.720940023065978	""
"s_UBA11524_sp000437595"	"Abundance"	"colon_CCL2"	-0.0924872529116685	15502.3941188166	0.550432780616128	44	"spearman"	0.721061409020153	""
"s_UBA11524_sp000437595"	"Abundance"	"colon_IL10"	-0.0973407956143695	9257.16695180282	0.566548249944406	37	"spearman"	0.721061409020153	""
"s_Hungatella_hathewayi"	"Abundance"	"ileum_CCL2"	0.0856139974038726	12975.137376839	0.580560383016048	44	"spearman"	0.721263876254104	""
"s_Hungatella_hathewayi"	"Abundance"	"colon_IL10"	0.0909354550324414	7668.86850134632	0.592466755494442	37	"spearman"	0.721263876254104	""
"s_Enterocloster_clostridioformis"	"Abundance"	"Femur_Inflammation"	-0.155303888158084	25532.2159282937	0.276500199884294	51	"spearman"	0.721843238340695	""
"s_Enterocloster_clostridioformis"	"Abundance"	"ileum_IL1b"	-0.119884365111543	15891.1591409328	0.438261966135422	44	"spearman"	0.721843238340695	""
"s_Enterocloster_clostridioformis"	"Abundance"	"colon_CCL2"	-0.126371590429813	15983.2128681991	0.41369592363689	44	"spearman"	0.721843238340695	""
"s_Enterocloster_clostridioformis"	"Abundance"	"ileum_TNF"	0.125132418503594	11586.7462493384	0.423989658284274	43	"spearman"	0.721843238340695	""
"s_Enterocloster_clostridioformis"	"Abundance"	"ileum_S100A8"	-0.212152266896065	10225.7165235352	0.207457467627652	37	"spearman"	0.721843238340695	""
"s_Enterocloster_clostridioformis"	"Abundance"	"ileum_IL10"	0.145499174707621	6639.47141252178	0.397159789768916	36	"spearman"	0.721843238340695	""
"s_Enterocloster_clostridioformis"	"Abundance"	"ileum_IFNg"	-0.150460278873812	8214.28639115902	0.388283614810553	35	"spearman"	0.721843238340695	""
"s_Enterocloster_clostridioformis"	"Abundance"	"score_day1"	-0.157492707567174	6315.2802124865	0.389316133109806	32	"spearman"	0.721843238340695	""
"s_Enterocloster_clostridioformis"	"Abundance"	"score_day5"	-0.147055537849627	5156.01464263407	0.43806709626059	30	"spearman"	0.721843238340695	""
"s_Enterocloster_clostridioformis"	"Abundance"	"synov_CXCL1"	-0.321678321678322	378	0.308312360549134	12	"spearman"	0.721843238340695	""
"s_UBA3282_sp003611805"	"Abundance"	"Femur_Inflammation"	0.113488348632331	19591.9074952255	0.427810949311009	51	"spearman"	0.722029192558538	""
"s_UBA3282_sp003611805"	"Abundance"	"ileum_CCL2"	0.119855027299952	12489.2571626137	0.438374866910541	44	"spearman"	0.722029192558538	""
"s_UBA3282_sp003611805"	"Abundance"	"colon_CCL2"	0.122948374441521	12445.3625666748	0.426559781539142	44	"spearman"	0.722029192558538	""
"s_Mediterraneibacter_faecis"	"Abundance"	"Patella_Joint"	-0.195327591907067	18145.0728451493	0.198494540365942	45	"spearman"	0.722397310443103	""
"s_Mediterraneibacter_faecis"	"Abundance"	"colon_IL10"	-0.2252277706892	10336.0214735341	0.180154184705211	37	"spearman"	0.722397310443103	""
"s_Mediterraneibacter_faecis"	"Abundance"	"colon_CXCL1"	0.227973283070452	5998.64759054259	0.181139794766696	36	"spearman"	0.722397310443103	""
"s_Mediterraneibacter_faecis"	"Abundance"	"synov_IL1b"	0.375270256214937	227.401626737763	0.206399231555172	13	"spearman"	0.722397310443103	""
"s_CAG-267_sp001917135"	"Abundance"	"score_day9"	0.17106744068954	464.202233213858	0.542137415956123	15	"spearman"	0.722849887941498	""
"s_Faecalimonas_phoceensis"	"Abundance"	"ileum_CXCL1"	-0.116483076319558	11030.8527940372	0.480077058576041	39	"spearman"	0.723159702580104	""
"s_Faecalimonas_phoceensis"	"Abundance"	"colon_IL10"	-0.112806008506627	9387.6314877619	0.506211791806073	37	"spearman"	0.723159702580104	""
"s_Faecalimonas_phoceensis"	"Abundance"	"ileum_IL10"	0.126175365058427	6789.61741349603	0.463392065344763	36	"spearman"	0.723159702580104	""
"s_Eubacterium_R_sp000436835"	"Abundance"	"colon_IL1b"	0.164974647344471	12675.6848533109	0.278815962379907	45	"spearman"	0.723726097763541	""
"s_Eubacterium_R_sp000436835"	"Abundance"	"colon_CCL2"	0.175887154737326	11694.1612742773	0.253434723746798	44	"spearman"	0.723726097763541	""
"s_Eubacterium_R_sp000436835"	"Abundance"	"ileum_TNF"	-0.164848405901393	15427.2522877581	0.290795485112923	43	"spearman"	0.723726097763541	""
"s_Eubacterium_R_sp000436835"	"Abundance"	"ileum_S100A8"	0.224040541955429	6545.993988064	0.182522134184806	37	"spearman"	0.723726097763541	""
"s_Eubacterium_R_sp000436835"	"Abundance"	"colon_IL10"	-0.217756398670135	10272.9929791813	0.195423854487129	37	"spearman"	0.723726097763541	""
"s_Eubacterium_R_sp000436835"	"Abundance"	"colon_CXCL1"	0.220599316904676	6055.94330765067	0.196052571886384	36	"spearman"	0.723726097763541	""
"s_Eubacterium_R_sp000436835"	"Abundance"	"score_day1"	0.175734393341653	4497.19314992794	0.336015688247359	32	"spearman"	0.723726097763541	""
"s_Eubacterium_R_sp000436835"	"Abundance"	"synov_IL1b"	0.329424739011256	244.089394999903	0.271713771467761	13	"spearman"	0.723726097763541	""
"s_Eubacterium_R_sp000436835"	"Abundance"	"synov_MMP13"	0.300527832080444	254.607869122718	0.318422945569468	13	"spearman"	0.723726097763541	""
"s_Eubacterium_R_sp000436835"	"Abundance"	"synov_MMP3"	0.312086594852769	250.400479473592	0.299230047968462	13	"spearman"	0.723726097763541	""
"s_Eubacterium_R_sp000436835"	"Abundance"	"synov_CXCL1"	0.493077372992185	144.979871324235	0.103344920851371	12	"spearman"	0.723726097763541	""
"s_Allocoprobacillus_merdigallinarum"	"Abundance"	"Patella_Joint"	-0.170682997898758	17770.9679081031	0.262285060686282	45	"spearman"	0.723818084191097	""
"s_Allocoprobacillus_merdigallinarum"	"Abundance"	"ileum_S100A8"	0.162675587854513	7063.66874085933	0.336058396231581	37	"spearman"	0.723818084191097	""
"s_Allocoprobacillus_merdigallinarum"	"Abundance"	"score_day9"	-0.274363532989594	713.643578474173	0.322377878167554	15	"spearman"	0.723818084191097	""
"s_Allocoprobacillus_merdigallinarum"	"Abundance"	"synov_CCL2"	0.312007978591752	250.429095792602	0.299358304137172	13	"spearman"	0.723818084191097	""
"s_Alistipes_putredinis"	"Abundance"	"colon_CCL2"	0.0882700781603992	12937.4475909039	0.568830001009897	44	"spearman"	0.723965455830779	""
"s_Alistipes_putredinis"	"Abundance"	"synov_IL17"	0.211664510019665	130.075355846755	0.557176196419867	10	"spearman"	0.723965455830779	""
"s_Bacteroides_stercoris"	"Abundance"	"synov_CCL2"	0.471879419932573	192.235891144544	0.10351974734397	13	"spearman"	0.724638231407789	""
"s_Bacteroides_stercoris"	"Abundance"	"synov_CXCL1"	0.500132320273086	142.962156401898	0.0977516186345207	12	"spearman"	0.724638231407789	""
"s_Bacteroides_stercoris"	"Abundance"	"synov_IL6"	0.544920289252765	130.152797273709	0.0669325865672322	12	"spearman"	0.724638231407789	""
"s_Blautia_A_faecis"	"Abundance"	"colon_TNF"	0.251721263156416	11358.8712252856	0.0953037223884546	45	"spearman"	0.724638231407789	""
"s_Blautia_A_faecis"	"Abundance"	"synov_CCL2"	0.471879419932573	192.235891144544	0.10351974734397	13	"spearman"	0.724638231407789	""
"s_Blautia_A_faecis"	"Abundance"	"synov_CXCL1"	0.500132320273086	142.962156401898	0.0977516186345207	12	"spearman"	0.724638231407789	""
"s_Blautia_A_faecis"	"Abundance"	"synov_IL6"	0.544920289252765	130.152797273709	0.0669325865672322	12	"spearman"	0.724638231407789	""
"s_Enterocloster_aldenensis"	"Abundance"	"Femur_Inflammation"	0.106382279928097	19748.9516135891	0.457482104837813	51	"spearman"	0.726815629646481	""
"s_Enterocloster_aldenensis"	"Abundance"	"ileum_CCL2"	0.106064343418327	12684.9469668939	0.493196320117255	44	"spearman"	0.726815629646481	""
"s_Enterocloster_aldenensis"	"Abundance"	"ileum_IFNg"	-0.12396694336495	8025.12397562574	0.478009704033392	35	"spearman"	0.726815629646481	""
"s_Bacteroides_intestinigallinarum"	"Abundance"	"colon_IL10"	-0.113413242434212	9392.75411317502	0.503910570886952	37	"spearman"	0.727400914085462	""
"s_Bacteroides_intestinigallinarum"	"Abundance"	"synov_IL1b"	0.187941004137221	295.589474494052	0.538639430181559	13	"spearman"	0.727400914085462	""
"s_Bacteroides_intestinigallinarum"	"Abundance"	"synov_MMP13"	0.184808654068267	296.729649919151	0.545550685564096	13	"spearman"	0.727400914085462	""
"s_Bacteroides_intestinigallinarum"	"Abundance"	"synov_CXCL1"	0.194949923796039	230.244321794333	0.543735112842633	12	"spearman"	0.727400914085462	""
"s_Alistipes_communis"	"Abundance"	"Femur_Joint"	0.216720106790478	17310.4856399304	0.126626668493366	51	"spearman"	0.728554679322349	""
"s_Alistipes_communis"	"Abundance"	"Femur_Inflammation"	0.176306817976551	18203.6193227182	0.215868053132548	51	"spearman"	0.728554679322349	""
"s_Alistipes_communis"	"Abundance"	"Patella_Joint"	0.21646030867064	11894.1325143797	0.153235840918862	45	"spearman"	0.728554679322349	""
"s_Alistipes_communis"	"Abundance"	"colon_IL10"	-0.329403560911138	11214.8484398464	0.0464957071284302	37	"spearman"	0.728554679322349	""
"s_Alistipes_communis"	"Abundance"	"synov_MMP13"	0.38575837490523	223.583951534496	0.192977583019555	13	"spearman"	0.728554679322349	""
"s_Alistipes_communis"	"Abundance"	"synov_MMP3"	0.38575837490523	223.583951534496	0.192977583019555	13	"spearman"	0.728554679322349	""
"s_Alistipes_communis"	"Abundance"	"synov_IL6"	0.480384461415261	148.610044035235	0.11393741215192	12	"spearman"	0.728554679322349	""
"s_Alistipes_communis"	"Abundance"	"synov_IL17"	-0.522232967867094	251.16843969807	0.121502918817113	10	"spearman"	0.728554679322349	""
"s_Ruminococcus_E_intestinalis"	"Abundance"	"Femur_Joint"	0.10458204947533	19788.7367065952	0.4651726422475	51	"spearman"	0.728711782348712	""
"s_Ruminococcus_E_intestinalis"	"Abundance"	"Femur_Inflammation"	0.150127470030233	18782.1829123318	0.29302022699711	51	"spearman"	0.728711782348712	""
"s_Ruminococcus_E_intestinalis"	"Abundance"	"colon_TNF"	0.152209009412014	12869.4672371256	0.31820770080632	45	"spearman"	0.728711782348712	""
"s_Ruminococcus_E_intestinalis"	"Abundance"	"ileum_CCL2"	-0.165229764908712	16534.6103640546	0.283789024742005	44	"spearman"	0.728711782348712	""
"s_Ruminococcus_E_intestinalis"	"Abundance"	"ileum_IL1b"	-0.109122891662919	15738.4538326968	0.480741035920581	44	"spearman"	0.728711782348712	""
"s_Ruminococcus_E_intestinalis"	"Abundance"	"colon_CCL2"	0.150870309175364	12049.1503128016	0.328291678360494	44	"spearman"	0.728711782348712	""
"s_Ruminococcus_E_intestinalis"	"Abundance"	"ileum_TNF"	-0.140365023563439	15102.9943720742	0.369309022338738	43	"spearman"	0.728711782348712	""
"s_Ruminococcus_E_intestinalis"	"Abundance"	"ileum_CXCL1"	-0.165642603948186	11516.5489270081	0.313567200968866	39	"spearman"	0.728711782348712	""
"s_Ruminococcus_E_intestinalis"	"Abundance"	"colon_IL10"	-0.121710692197444	9462.75139937764	0.473003014360637	37	"spearman"	0.728711782348712	""
"s_Ruminococcus_E_intestinalis"	"Abundance"	"ileum_IL10"	0.130646326174717	6754.87804562245	0.447566953509965	36	"spearman"	0.728711782348712	""
"s_Ruminococcus_E_intestinalis"	"Abundance"	"ileum_IFNg"	0.15316056149125	6046.43359095248	0.379725830626389	35	"spearman"	0.728711782348712	""
"s_Ruminococcus_E_intestinalis"	"Abundance"	"colon_IFNg"	0.204401617481295	4340.78477502205	0.261792203561992	32	"spearman"	0.728711782348712	""
"s_Ruminococcus_E_intestinalis"	"Abundance"	"score_day1"	0.188904817135336	4425.33531770961	0.300458205690919	32	"spearman"	0.728711782348712	""
"s_Ruminococcus_E_intestinalis"	"Abundance"	"synov_IL1b"	0.300959314390197	254.450809561968	0.317694379028126	13	"spearman"	0.728711782348712	""
"s_Ruminococcus_E_intestinalis"	"Abundance"	"synov_MMP13"	0.196923995835561	292.319665515856	0.51903079212271	13	"spearman"	0.728711782348712	""
"s_Ruminococcus_E_intestinalis"	"Abundance"	"synov_IL17"	-0.231156693037794	203.140854351236	0.520508415963366	10	"spearman"	0.728711782348712	""
"s_Bacteroides_uniformis"	"Abundance"	"colon_CXCL1"	-0.102702702702703	8568	0.549778667647096	36	"spearman"	0.729241411668837	""
"s_Bacteroides_uniformis"	"Abundance"	"score_day9"	0.158354663053834	471.321388689853	0.572975394882657	15	"spearman"	0.729241411668837	""
"s_UBA7173_sp001689485"	"Abundance"	"Femur_Inflammation"	0.10985254288711	19672.2588021949	0.44285439220268	51	"spearman"	0.729407234216179	""
"s_UBA7173_sp001689485"	"Abundance"	"ileum_CCL2"	0.137211948007718	12242.9624577705	0.37444917805343	44	"spearman"	0.729407234216179	""
"s_UBA7173_sp001689485"	"Abundance"	"colon_S100A8"	-0.176565599153063	10752.6330106598	0.288951801683591	38	"spearman"	0.729407234216179	""
"s_UBA7173_sp001689485"	"Abundance"	"ileum_IFNg"	0.172733816090988	5906.68055311034	0.32106158213783	35	"spearman"	0.729407234216179	""
"s_UBA7173_sp001689485"	"Abundance"	"colon_IFNg"	0.192171973909045	4407.50971035225	0.292020831059621	32	"spearman"	0.729407234216179	""
"s_UBA7173_sp001689485"	"Abundance"	"score_day1"	0.194475955946529	4394.93918435574	0.286162598653277	32	"spearman"	0.729407234216179	""
"s_UBA7173_sp001689485"	"Abundance"	"score_day5"	0.222769464020135	3493.65125922949	0.236708962698395	30	"spearman"	0.729407234216179	""
"s_UBA7173_sp001689485"	"Abundance"	"synov_IL1b"	0.273006981267783	264.625458818527	0.366804725788954	13	"spearman"	0.729407234216179	""
"s_UBA7173_sp001689485"	"Abundance"	"synov_MMP3"	0.239577554990095	276.793769983605	0.430488378346116	13	"spearman"	0.729407234216179	""
"s_UBA7173_sp001689485"	"Abundance"	"synov_IL17"	-0.287640483761132	212.460679820587	0.420312285422207	10	"spearman"	0.729407234216179	""
"s_Thomasclavelia_ramosa"	"Abundance"	"colon_S100A8"	0.121051818385578	8032.7074317742	0.469093363582583	38	"spearman"	0.729700787795129	""
"s_Thomasclavelia_ramosa"	"Abundance"	"ileum_IL10"	0.125328380816497	6796.19848105582	0.466423163289079	36	"spearman"	0.729700787795129	""
"s_Thomasclavelia_ramosa"	"Abundance"	"colon_CXCL1"	-0.14044078829789	8861.2249250746	0.413947316442249	36	"spearman"	0.729700787795129	""
"s_Thomasclavelia_ramosa"	"Abundance"	"ileum_IFNg"	-0.169154565476592	8347.76359750287	0.331343118608149	35	"spearman"	0.729700787795129	""
"s_Thomasclavelia_ramosa"	"Abundance"	"score_day1"	-0.1830191321805	6454.55238517681	0.316042760248566	32	"spearman"	0.729700787795129	""
"s_Thomasclavelia_ramosa"	"Abundance"	"score_day9"	0.241746889207614	424.621742043736	0.385374645496741	15	"spearman"	0.729700787795129	""
"s_Thomasclavelia_ramosa"	"Abundance"	"synov_CCL2"	-0.232953131359118	448.794939814719	0.443721645158179	13	"spearman"	0.729700787795129	""
"s_Thomasclavelia_ramosa"	"Abundance"	"synov_MMP3"	-0.238926288573455	450.969169040737	0.431780609696144	13	"spearman"	0.729700787795129	""
"s_Phocaeicola_dorei"	"Abundance"	"synov_CCL2"	0.266249755861062	267.085088866573	0.379250921905925	13	"spearman"	0.7298395060267	""
"s_Phocaeicola_dorei"	"Abundance"	"synov_MMP3"	0.259985055723155	269.365439716772	0.390985449657161	13	"spearman"	0.7298395060267	""
"s_Phocaeicola_dorei"	"Abundance"	"synov_IL17"	-0.327738596159481	219.076868366314	0.355242935624291	10	"spearman"	0.7298395060267	""
"s_Bacteroides_fragilis"	"Abundance"	"Patella_Joint"	0.104304766696786	13596.6536415428	0.495320160895133	45	"spearman"	0.729945500266512	""
"s_Lawsonibacter_sp000177015"	"Abundance"	"colon_IL1b"	0.089879302778179	13815.6321838272	0.557101245511206	45	"spearman"	0.729993650960467	""
"s_Lawsonibacter_sp000177015"	"Abundance"	"score_day5"	-0.109018136084046	4985.03652169779	0.566334534737686	30	"spearman"	0.729993650960467	""
"s_Lawsonibacter_sp000177015"	"Abundance"	"score_day9"	-0.158113883008419	648.543774484715	0.573566440040367	15	"spearman"	0.729993650960467	""
"s_Coprobacillus_cateniformis"	"Abundance"	"colon_CCL2"	-0.106020386365207	15694.4292825223	0.493376531589634	44	"spearman"	0.730014171918754	""
"s_Coprobacillus_cateniformis"	"Abundance"	"synov_MMP3"	0.231455024943138	279.750370920698	0.446741596624197	13	"spearman"	0.730014171918754	""
"s_Coprobacillus_cateniformis"	"Abundance"	"synov_CXCL1"	0.218356573370573	223.550020016016	0.495366759516297	12	"spearman"	0.730014171918754	""
"s_Coprobacillus_cateniformis"	"Abundance"	"synov_IL6"	0.218356573370573	223.550020016016	0.495366759516297	12	"spearman"	0.730014171918754	""
"s_Thomasclavelia_sp000508865"	"Abundance"	"colon_S100A8"	0.0878328257783569	8336.2958052116	0.600023734974607	38	"spearman"	0.730463677360391	""
"s_Akkermansia_sp004167605"	"Abundance"	"ileum_IL1b"	0.099112387572049	12783.5952203526	0.522114291791142	44	"spearman"	0.730960008507598	""
"s_Pseudoscilispira_sp018369915"	"Abundance"	"Femur_Joint"	0.140160937378377	19002.4432839379	0.326598647591344	51	"spearman"	0.730982542752418	""
"s_Pseudoscilispira_sp018369915"	"Abundance"	"Femur_Inflammation"	0.112276767286898	19618.6834429596	0.432791647027055	51	"spearman"	0.730982542752418	""
"s_Pseudoscilispira_sp018369915"	"Abundance"	"ileum_CXCL1"	0.124756287956005	8647.40787499467	0.449218850125809	39	"spearman"	0.730982542752418	""
"s_Pseudoscilispira_sp018369915"	"Abundance"	"colon_IL10"	-0.115505061797128	9410.40070132057	0.496023868296284	37	"spearman"	0.730982542752418	""
"s_Pseudoscilispira_sp018369915"	"Abundance"	"ileum_IL10"	0.146189666969266	6634.1062876488	0.394899065800022	36	"spearman"	0.730982542752418	""
"s_Pseudoscilispira_sp018369915"	"Abundance"	"ileum_IFNg"	0.122786428042068	6263.30490377964	0.482243443940404	35	"spearman"	0.730982542752418	""
"s_Pseudoscilispira_sp018369915"	"Abundance"	"score_day1"	0.188522489322553	4427.42129825615	0.30145553361981	32	"spearman"	0.730982542752418	""
"s_Pseudoscilispira_sp018369915"	"Abundance"	"score_day9"	-0.201455741006345	672.815214963553	0.47153740640082	15	"spearman"	0.730982542752418	""
"s_Pseudoscilispira_sp018369915"	"Abundance"	"synov_IL1b"	0.236954636832658	277.748512192912	0.435704422958764	13	"spearman"	0.730982542752418	""
"s_Pseudoscilispira_sp018369915"	"Abundance"	"synov_MMP13"	0.24273401821882	275.644817368349	0.424252689313096	13	"spearman"	0.730982542752418	""
"s_Thomasclavelia_ramosa"	"Abundance"	"ileum_CXCL1"	-0.112268171081303	10989.2095302833	0.496213532953342	39	"spearman"	0.73126204856282	""
"s_Prevotella_sp934191715"	"Abundance"	"colon_IL10"	-0.11543248470825	9409.7884409988	0.496296443673505	37	"spearman"	0.731384232782007	""
"s_Prevotella_intestinigallinarum"	"Abundance"	"colon_CXCL1"	0.202945844880528	6193.1107852783	0.235186769964819	36	"spearman"	0.73169217322388	""
"s_Prevotella_intestinigallinarum"	"Abundance"	"score_day1"	0.220776472336048	4251.44356693452	0.224646910852939	32	"spearman"	0.73169217322388	""
"s_Hungatella_effluvii"	"Abundance"	"score_day5"	0.161349755062117	3769.73285099578	0.394325887626622	30	"spearman"	0.732521868149359	""
"s_Hungatella_effluvii"	"Abundance"	"synov_CCL2"	0.245623708911902	274.592969956068	0.418583924656777	13	"spearman"	0.732521868149359	""
"s_Hungatella_effluvii"	"Abundance"	"synov_IL17"	-0.300146591750747	214.524187638873	0.399449856585974	10	"spearman"	0.732521868149359	""
"s_Odoribacter_splanchnicus"	"Abundance"	"synov_IL1b"	0.302613766334401	253.848589054278	0.314909479574365	13	"spearman"	0.734788785673519	""
"s_Pseudoflavonifractor_sp902362925"	"Abundance"	"colon_IL10"	-0.1291508760638	9525.51679047422	0.446161733028694	37	"spearman"	0.734854619106084	""
"s_Alistipes_finegoldii"	"Abundance"	"colon_S100A8"	0.0565996153198317	8621.73611559206	0.735725657804821	38	"spearman"	0.735725657804821	""
"s_Alistipes_finegoldii"	"Abundance"	"colon_CXCL1"	0.0590112908755478	7311.48226989699	0.732448561159441	36	"spearman"	0.735725657804821	""
"s_Duodenibacillus_intestinigallinarum"	"Abundance"	"Patella_Joint"	0.0624834398805794	14231.5013826128	0.683453183490921	45	"spearman"	0.736026505297915	""
"s_Duodenibacillus_intestinigallinarum"	"Abundance"	"ileum_IL10"	0.0706366161472722	7221.15349253569	0.682264928146055	36	"spearman"	0.736026505297915	""
"s_Agathobaculum_hominis"	"Abundance"	"colon_S100A8"	0.128849953686485	7961.44027325921	0.440722688533345	38	"spearman"	0.736248943554486	""
"s_Agathobaculum_hominis"	"Abundance"	"ileum_IL10"	0.130805708742494	6753.63964307082	0.447008287158081	36	"spearman"	0.736248943554486	""
"s_Bacteroides_intestinalis"	"Abundance"	"Femur_Inflammation"	-0.0635675801442061	23504.843521187	0.657651665809535	51	"spearman"	0.736569865706679	""
"s_Bacteroides_intestinalis"	"Abundance"	"ileum_TNF"	-0.0698992520264483	14169.7456938383	0.656031433360078	43	"spearman"	0.736569865706679	""
"s_Enterococcus_B_faecium"	"Abundance"	"colon_IL1b"	0.180453844334055	12440.710643009	0.23553337484359	45	"spearman"	0.736823179609408	""
"s_Enterococcus_B_faecium"	"Abundance"	"colon_TNF"	0.216002913105304	11901.0757790615	0.15412734692139	45	"spearman"	0.736823179609408	""
"s_Enterococcus_B_faecium"	"Abundance"	"ileum_CXCL1"	0.225000039114449	7656.99961354924	0.168468670328292	39	"spearman"	0.736823179609408	""
"s_Enterococcus_B_faecium"	"Abundance"	"colon_IL10"	0.177506902625227	6938.55176945359	0.293236297135553	37	"spearman"	0.736823179609408	""
"s_Enterococcus_B_faecium"	"Abundance"	"colon_IFNg"	0.222333064968895	4242.95079752971	0.221312403084164	32	"spearman"	0.736823179609408	""
"s_Enterococcus_B_faecium"	"Abundance"	"score_day1"	0.193253705011833	4401.60778545544	0.289260909667134	32	"spearman"	0.736823179609408	""
"s_Enterococcus_B_faecium"	"Abundance"	"score_day9"	0.277979724571285	404.331354240081	0.315781362689746	15	"spearman"	0.736823179609408	""
"s_Enterococcus_B_faecium"	"Abundance"	"synov_CCL2"	-0.312105955663908	477.606567861663	0.299198467161455	13	"spearman"	0.736823179609408	""
"s_Enterococcus_B_faecium"	"Abundance"	"synov_MMP3"	-0.356692520758752	493.836077556186	0.23156082964405	13	"spearman"	0.736823179609408	""
"s_Alistipes_timonensis"	"Abundance"	"colon_CXCL1"	-0.146172978232289	8905.76404086489	0.394953618186798	36	"spearman"	0.73724675394869	""
"s_Christensenella_massiliensis"	"Abundance"	"Femur_Joint"	-0.125114464110989	24865.0296568529	0.381688376608701	51	"spearman"	0.737824341532584	""
"s_Christensenella_massiliensis"	"Abundance"	"score_day1"	-0.147140459730682	6258.7983482906	0.421613909447191	32	"spearman"	0.737824341532584	""
"s_Christensenella_massiliensis"	"Abundance"	"synov_IL1b"	-0.255016327572195	456.825943236279	0.400424795465865	13	"spearman"	0.737824341532584	""
"s_Phocaeicola_plebeius_A"	"Abundance"	"synov_MMP3"	0.271630925149632	265.126343245534	0.369321430770646	13	"spearman"	0.738642861541291	""
"s_Sellimonas_intestinalis"	"Abundance"	"Femur_Joint"	-0.159373214922444	25622.148049786	0.263953907501598	51	"spearman"	0.739070941004474	""
"s_Sellimonas_intestinalis"	"Abundance"	"synov_CCL2"	-0.350422329257598	491.553727849766	0.240454688047768	13	"spearman"	0.739070941004474	""
"s_Prevotella_sp900313215"	"Abundance"	"synov_TNF"	-0.286097126025249	468.139353873191	0.343325475429557	13	"spearman"	0.739470254771354	""
"s_Holdemanella_porci"	"Abundance"	"Femur_Joint"	-0.125112096531425	24864.9773333445	0.381697457047083	51	"spearman"	0.739615336721493	""
"s_Holdemanella_porci"	"Abundance"	"Femur_Inflammation"	-0.172011148859093	25901.446389786	0.2274427255212	51	"spearman"	0.739615336721493	""
"s_Holdemanella_porci"	"Abundance"	"colon_IL1b"	0.0760092616037355	14026.1794088553	0.619713601827956	45	"spearman"	0.739615336721493	""
"s_Holdemanella_porci"	"Abundance"	"colon_TNF"	-0.264736803199374	19198.7046725665	0.0788426701506268	45	"spearman"	0.739615336721493	""
"s_Holdemanella_porci"	"Abundance"	"Patella_Joint"	-0.124189072921248	17065.1901269446	0.416335021812786	45	"spearman"	0.739615336721493	""
"s_Holdemanella_porci"	"Abundance"	"ileum_CCL2"	0.0761380338859401	13109.6012991585	0.623272763316883	44	"spearman"	0.739615336721493	""
"s_Holdemanella_porci"	"Abundance"	"ileum_IL1b"	0.331451967224627	9486.69658508254	0.0279595607433846	44	"spearman"	0.739615336721493	""
"s_Holdemanella_porci"	"Abundance"	"ileum_TNF"	0.140700901441402	11380.5572613101	0.368153074355161	43	"spearman"	0.739615336721493	""
"s_Holdemanella_porci"	"Abundance"	"colon_S100A8"	0.0852472557532602	8359.92532967096	0.610841266911266	38	"spearman"	0.739615336721493	""
"s_Holdemanella_porci"	"Abundance"	"ileum_S100A8"	0.176724091618786	6945.15556310392	0.295404678571755	37	"spearman"	0.739615336721493	""
"s_Holdemanella_porci"	"Abundance"	"colon_IL10"	0.0818621103132273	7745.41123739761	0.630042694244235	37	"spearman"	0.739615336721493	""
"s_Holdemanella_porci"	"Abundance"	"ileum_IL10"	0.186380320427763	6321.82491027628	0.276424105463478	36	"spearman"	0.739615336721493	""
"s_Holdemanella_porci"	"Abundance"	"colon_CXCL1"	0.102966302598655	6969.95182880845	0.550115859891225	36	"spearman"	0.739615336721493	""
"s_Holdemanella_porci"	"Abundance"	"ileum_IFNg"	0.27519043625551	5175.14028513566	0.109601219383905	35	"spearman"	0.739615336721493	""
"s_Holdemanella_porci"	"Abundance"	"colon_IFNg"	-0.130250012074006	6166.64406587578	0.477377677887559	32	"spearman"	0.739615336721493	""
"s_Holdemanella_porci"	"Abundance"	"score_day1"	-0.111724517810394	6065.56896917351	0.54267352778356	32	"spearman"	0.739615336721493	""
"s_Holdemanella_porci"	"Abundance"	"score_day5"	-0.131731533622432	5087.13324363283	0.487746235521097	30	"spearman"	0.739615336721493	""
"s_Holdemanella_porci"	"Abundance"	"score_day9"	-0.171741112383451	656.175022934733	0.540523843240821	15	"spearman"	0.739615336721493	""
"s_Holdemanella_porci"	"Abundance"	"synov_CCL2"	-0.419313934688767	516.630272226711	0.153791038868906	13	"spearman"	0.739615336721493	""
"s_Holdemanella_porci"	"Abundance"	"synov_IL1b"	-0.218392674317066	443.494933451412	0.473491555174571	13	"spearman"	0.739615336721493	""
"s_Holdemanella_porci"	"Abundance"	"synov_MMP3"	-0.253335502207797	456.214122803638	0.403644223709312	13	"spearman"	0.739615336721493	""
"s_Holdemanella_porci"	"Abundance"	"synov_TNF"	0.253335502207797	271.785877196362	0.403644223709312	13	"spearman"	0.739615336721493	""
"s_Holdemanella_porci"	"Abundance"	"synov_IL6"	-0.393041832067032	398.409963971171	0.206255756619983	12	"spearman"	0.739615336721493	""
"s_Caecibacter_massiliensis"	"Abundance"	"ileum_S100A8"	0.183327038137589	6889.4531062713	0.277435644440545	37	"spearman"	0.740087325394657	""
"s_Caecibacter_massiliensis"	"Abundance"	"score_day1"	0.190700889011322	4415.53594955423	0.29580099464413	32	"spearman"	0.740087325394657	""
"s_Caecibacter_massiliensis"	"Abundance"	"score_day9"	0.267654178130937	410.113660246675	0.3348240459342	15	"spearman"	0.740087325394657	""
"s_Caecibacter_massiliensis"	"Abundance"	"synov_TNF"	-0.274950484751538	464.08197644956	0.363265841048587	13	"spearman"	0.740087325394657	""
"s_Caecibacter_massiliensis"	"Abundance"	"synov_CXCL1"	0.284547404742231	204.619442243722	0.370043662697328	12	"spearman"	0.740087325394657	""
"s_Caecibacter_massiliensis"	"Abundance"	"synov_IL6"	0.348800044522734	186.243187266498	0.266482545365154	12	"spearman"	0.740087325394657	""
"s_Cuneatibacter_caecimuris"	"Abundance"	"colon_TNF"	0.244354605414689	11470.697089805	0.105731050455794	45	"spearman"	0.740117353190558	""
"s_Cuneatibacter_caecimuris"	"Abundance"	"ileum_S100A8"	0.279238439612689	6080.34452342736	0.0941851816326355	37	"spearman"	0.740117353190558	""
"s_Cuneatibacter_caecimuris"	"Abundance"	"ileum_IL10"	-0.308137940841965	10164.2318003421	0.0674963893031313	36	"spearman"	0.740117353190558	""
"s_Fusicatenibacter_saccharivorans"	"Abundance"	"Patella_Joint"	-0.154280660590715	17521.9804277671	0.311587165333836	45	"spearman"	0.740934190095866	""
"s_Fusicatenibacter_saccharivorans"	"Abundance"	"ileum_CCL2"	-0.130926052937756	16047.8406911868	0.3969290304085	44	"spearman"	0.740934190095866	""
"s_Fusicatenibacter_saccharivorans"	"Abundance"	"colon_CCL2"	0.136661033414428	12250.7799358493	0.376388470428725	44	"spearman"	0.740934190095866	""
"s_Fusicatenibacter_saccharivorans"	"Abundance"	"ileum_CXCL1"	-0.155185631965024	11413.2340438144	0.345509852622849	39	"spearman"	0.740934190095866	""
"s_Fusicatenibacter_saccharivorans"	"Abundance"	"synov_MMP13"	0.286097126025249	259.860646126809	0.343325475429557	13	"spearman"	0.740934190095866	""
"s_Massiliimalia_timonensis"	"Abundance"	"synov_MMP13"	-0.192185553399018	433.955541437243	0.529334694930785	13	"spearman"	0.741068572903099	""
"s_Blautia_A_ammoniilytica"	"Abundance"	"ileum_IL1b"	-0.123645892859109	15944.5352196708	0.423920553362367	44	"spearman"	0.741860968384142	""
"s_Blautia_A_ammoniilytica"	"Abundance"	"ileum_S100A8"	0.16468673256839	7046.70272405307	0.330036788821794	37	"spearman"	0.741860968384142	""
"s_Blautia_A_ammoniilytica"	"Abundance"	"synov_IL1b"	0.271630925149632	265.126343245534	0.369321430770646	13	"spearman"	0.741860968384142	""
"s_Blautia_A_ammoniilytica"	"Abundance"	"synov_MMP13"	0.254292780991145	271.437427719223	0.401809043611924	13	"spearman"	0.741860968384142	""
"s_Blautia_A_ammoniilytica"	"Abundance"	"synov_IL17"	-0.312652699740361	216.58769545716	0.379097470008989	10	"spearman"	0.741860968384142	""
"s_Anaerostipes_caccae"	"Abundance"	"Femur_Joint"	-0.0867068559400518	24016.2215162751	0.545178338919354	51	"spearman"	0.74248099336076	""
"s_Anaerostipes_caccae"	"Abundance"	"Femur_Inflammation"	-0.0932897247757473	24161.702917544	0.514964023834919	51	"spearman"	0.74248099336076	""
"s_Anaerostipes_caccae"	"Abundance"	"colon_S100A8"	-0.098360998043494	10037.9211611195	0.55686074502057	38	"spearman"	0.74248099336076	""
"s_Anaerostipes_caccae"	"Abundance"	"colon_IL10"	0.133505703531308	7309.74588500989	0.430844882673792	37	"spearman"	0.74248099336076	""
"s_Anaerostipes_caccae"	"Abundance"	"score_day5"	-0.118292225252664	5026.72355251072	0.533564243643729	30	"spearman"	0.74248099336076	""
"s_Anaerostipes_caccae"	"Abundance"	"synov_CCL2"	-0.244899445787791	453.143398266756	0.420001129337957	13	"spearman"	0.74248099336076	""
"s_Anaerostipes_caccae"	"Abundance"	"synov_MMP3"	-0.2628189174308	459.666085944811	0.385654127643216	13	"spearman"	0.74248099336076	""
"s_Anaerostipes_caccae"	"Abundance"	"synov_TNF"	-0.203087345287436	437.923793684627	0.505762723852831	13	"spearman"	0.74248099336076	""
"s_Acutalibacter_stercoravium"	"Abundance"	"Patella_Joint"	-0.171526690256997	17783.7751581012	0.259898409067415	45	"spearman"	0.742566883049756	""
"s_Victivallis_lenta"	"Abundance"	"score_day5"	-0.160041760343326	5214.38771274325	0.398221175518201	30	"spearman"	0.743346194300641	""
"s_Eubacterium_R_sp000436835"	"Abundance"	"score_day5"	0.150994668838455	3816.27896357115	0.42575758660459	30	"spearman"	0.745075776558033	""
"s_Eubacterium_R_sp000436835"	"Abundance"	"synov_CCL2"	0.245623708911902	274.592969956068	0.418583924656777	13	"spearman"	0.745075776558033	""
"s_Eubacterium_R_sp000436835"	"Abundance"	"synov_IL17"	-0.312652699740361	216.58769545716	0.379097470008989	10	"spearman"	0.745075776558033	""
"s_Blautia_pseudococcoides"	"Abundance"	"colon_S100A8"	-0.0977904268984831	10032.7067114252	0.559162322946939	38	"spearman"	0.745549763929252	""
"s_Mediterraneibacter_torques"	"Abundance"	"Femur_Joint"	-0.192750713467903	26359.7907676407	0.175373962397816	51	"spearman"	0.745746191261585	""
"s_Mediterraneibacter_torques"	"Abundance"	"Femur_Inflammation"	-0.132539071360915	25029.1134770762	0.353847538830786	51	"spearman"	0.745746191261585	""
"s_Mediterraneibacter_torques"	"Abundance"	"colon_IL1b"	0.118401754837098	13382.6613615729	0.438550548655728	45	"spearman"	0.745746191261585	""
"s_Mediterraneibacter_torques"	"Abundance"	"colon_TNF"	-0.14139414453788	17326.363114085	0.354198692011205	45	"spearman"	0.745746191261585	""
"s_Mediterraneibacter_torques"	"Abundance"	"ileum_CCL2"	0.103791324650011	12717.2011032163	0.502559427955752	44	"spearman"	0.745746191261585	""
"s_Mediterraneibacter_torques"	"Abundance"	"ileum_IL1b"	0.10527954438366	12696.0832651959	0.496418879773443	44	"spearman"	0.745746191261585	""
"s_Mediterraneibacter_torques"	"Abundance"	"ileum_CXCL1"	-0.0970692806240644	10839.0444925658	0.556622531099748	39	"spearman"	0.745746191261585	""
"s_Mediterraneibacter_torques"	"Abundance"	"colon_S100A8"	-0.148433193023955	10495.5309510459	0.373799501540014	38	"spearman"	0.745746191261585	""
"s_Mediterraneibacter_torques"	"Abundance"	"ileum_S100A8"	0.0939942441140809	7643.06455665361	0.580024815425677	37	"spearman"	0.745746191261585	""
"s_Mediterraneibacter_torques"	"Abundance"	"colon_IL10"	-0.128647239709037	9521.26811418544	0.447952044944014	37	"spearman"	0.745746191261585	""
"s_Mediterraneibacter_torques"	"Abundance"	"ileum_IL10"	-0.0981587227770986	8532.69327597806	0.568985993215889	36	"spearman"	0.745746191261585	""
"s_Mediterraneibacter_torques"	"Abundance"	"colon_CXCL1"	-0.115115232801508	8664.44535886772	0.503786649539951	36	"spearman"	0.745746191261585	""
"s_Mediterraneibacter_torques"	"Abundance"	"ileum_IFNg"	0.120963366736228	6276.32156150334	0.488819573903305	35	"spearman"	0.745746191261585	""
"s_Mediterraneibacter_torques"	"Abundance"	"score_day1"	-0.11035302986611	6058.08613094949	0.547669753610998	32	"spearman"	0.745746191261585	""
"s_Mediterraneibacter_torques"	"Abundance"	"score_day5"	-0.173435813247596	5274.59398054794	0.359375786428418	30	"spearman"	0.745746191261585	""
"s_Mediterraneibacter_torques"	"Abundance"	"score_day9"	-0.378314926930607	771.85635908114	0.164400170517145	15	"spearman"	0.745746191261585	""
"s_Mediterraneibacter_torques"	"Abundance"	"synov_CCL2"	-0.419313934688767	516.630272226711	0.153791038868906	13	"spearman"	0.745746191261585	""
"s_Mediterraneibacter_torques"	"Abundance"	"synov_IL1b"	-0.218392674317066	443.494933451412	0.473491555174571	13	"spearman"	0.745746191261585	""
"s_Mediterraneibacter_torques"	"Abundance"	"synov_MMP3"	-0.253335502207797	456.214122803638	0.403644223709312	13	"spearman"	0.745746191261585	""
"s_Mediterraneibacter_torques"	"Abundance"	"synov_TNF"	0.253335502207797	271.785877196362	0.403644223709312	13	"spearman"	0.745746191261585	""
"s_Mediterraneibacter_torques"	"Abundance"	"synov_IL6"	-0.393041832067032	398.409963971171	0.206255756619983	12	"spearman"	0.745746191261585	""
"s_Paramuribaculum_sp910588065"	"Abundance"	"score_day9"	-0.121470131745435	628.023273777444	0.666293031934982	15	"spearman"	0.74624819576718	""
"s_Enterocloster_asparagiformis"	"Abundance"	"ileum_IL1b"	0.095213395141992	12838.9219229351	0.538692416510271	44	"spearman"	0.746382889370242	""
"s_Enterocloster_asparagiformis"	"Abundance"	"colon_CCL2"	0.087072392920075	12954.4427444641	0.574105967722472	44	"spearman"	0.746382889370242	""
"s_Enterocloster_asparagiformis"	"Abundance"	"ileum_TNF"	0.0793272026557055	12193.3905280278	0.613100230554128	43	"spearman"	0.746382889370242	""
"s_Enterocloster_asparagiformis"	"Abundance"	"colon_S100A8"	0.0862782503638456	8350.50306992481	0.606517850078701	38	"spearman"	0.746382889370242	""
"s_Fournierella_sp900543285"	"Abundance"	"colon_CCL2"	0.084176337004223	12995.5377779101	0.586954897182795	44	"spearman"	0.747033505505376	""
"s_Hungatella_effluvii"	"Abundance"	"Femur_Inflammation"	0.106641667322381	19743.2191521754	0.456379739900393	51	"spearman"	0.747574007604653	""
"s_Hungatella_effluvii"	"Abundance"	"Patella_Joint"	0.0902849141710389	13809.4750028836	0.555315914940049	45	"spearman"	0.747574007604653	""
"s_Hungatella_effluvii"	"Abundance"	"ileum_IL1b"	0.0998142062094593	12773.6364138878	0.519157317023126	44	"spearman"	0.747574007604653	""
"s_Hungatella_effluvii"	"Abundance"	"colon_CCL2"	0.0975714864732495	12805.4606069446	0.52863571335922	44	"spearman"	0.747574007604653	""
"s_Hungatella_effluvii"	"Abundance"	"ileum_IL10"	-0.100265485432156	8549.06282180785	0.56068050570349	36	"spearman"	0.747574007604653	""
"s_Enterococcus_B_faecium"	"Abundance"	"ileum_CCL2"	0.139937882054723	12204.2814536435	0.364941459490707	44	"spearman"	0.747653430047186	""
"s_Enterococcus_B_faecium"	"Abundance"	"ileum_S100A8"	0.142387430915268	7234.8196327988	0.400528623239564	37	"spearman"	0.747653430047186	""
"s_Enterococcus_B_faecium"	"Abundance"	"synov_TNF"	0.26008829638659	269.327860115281	0.390790554728321	13	"spearman"	0.747653430047186	""
"s_Bacteroides_finegoldii"	"Abundance"	"colon_CCL2"	0.0899435066527715	12913.7016405972	0.561495945270861	44	"spearman"	0.748661260361147	""
"s_Dorea_D_sp000433535"	"Abundance"	"Patella_Joint"	-0.12822561297919	17126.4648050241	0.401227175198142	45	"spearman"	0.748957393703199	""
"s_Bilophila_wadsworthia"	"Abundance"	"ileum_CCL2"	0.163715788851079	11866.8729562032	0.288285765608299	44	"spearman"	0.749084777020356	""
"s_Bilophila_wadsworthia"	"Abundance"	"colon_CCL2"	-0.145838047637995	16259.4418959831	0.344866079784527	44	"spearman"	0.749084777020356	""
"s_Bilophila_wadsworthia"	"Abundance"	"colon_IL10"	0.158270423846676	7100.83070442944	0.34948241380233	37	"spearman"	0.749084777020356	""
"s_Bilophila_wadsworthia"	"Abundance"	"score_day1"	-0.191040048524039	6498.31450474716	0.29492673117977	32	"spearman"	0.749084777020356	""
"s_Bilophila_wadsworthia"	"Abundance"	"synov_CCL2"	-0.268792074645136	461.84031517083	0.374542388510178	13	"spearman"	0.749084777020356	""
"s_Bilophila_wadsworthia"	"Abundance"	"synov_MMP3"	-0.298657860716818	472.711461300922	0.321591234531703	13	"spearman"	0.749084777020356	""
"s_Thomasclavelia_ramosa"	"Abundance"	"Femur_Inflammation"	0.0831006066866019	20263.4765922261	0.56208404875185	51	"spearman"	0.7494453983358	""
"s_Thomasclavelia_ramosa"	"Abundance"	"colon_CCL2"	0.094044647863265	12855.5064468203	0.5437108753925	44	"spearman"	0.7494453983358	""
"s_Alistipes_shahii"	"Abundance"	"Femur_Inflammation"	0.0665541816018495	20629.1525865991	0.642630589203887	51	"spearman"	0.749735687404535	""
"s_Alistipes_shahii"	"Abundance"	"ileum_IL10"	0.0828178410335678	7126.50537516918	0.631087541571141	36	"spearman"	0.749735687404535	""
"s_Faecalibacterium_prausnitzii_D"	"Abundance"	"colon_IL1b"	0.252463552803607	11347.6032684413	0.09429875420377	45	"spearman"	0.750791103378762	""
"s_Faecalibacterium_prausnitzii_D"	"Abundance"	"colon_TNF"	0.242055435933268	11505.598482533	0.109157994690418	45	"spearman"	0.750791103378762	""
"s_Faecalibacterium_prausnitzii_D"	"Abundance"	"score_day5"	0.279932834582878	3236.70190854996	0.134069839889065	30	"spearman"	0.750791103378762	""
"s_Butyribacter_sp003529475"	"Abundance"	"colon_IL1b"	0.106059840080067	13570.0116275846	0.488052452348786	45	"spearman"	0.75084992669044	""
"s_Blautia_A_obeum"	"Abundance"	"Femur_Joint"	0.159529856748375	18574.3901658609	0.26347869139972	51	"spearman"	0.751753159104753	""
"s_Blautia_A_obeum"	"Abundance"	"colon_TNF"	0.168131805875031	12627.759186817	0.269590533035127	45	"spearman"	0.751753159104753	""
"s_Blautia_A_obeum"	"Abundance"	"colon_CCL2"	0.207171360413014	11250.2383957393	0.177224579907887	44	"spearman"	0.751753159104753	""
"s_Blautia_A_obeum"	"Abundance"	"colon_IFNg"	0.317822712503717	3721.95928057972	0.076289704004822	32	"spearman"	0.751753159104753	""
"s_Blautia_A_obeum"	"Abundance"	"synov_CCL2"	0.436785348634133	205.010133097176	0.135610795965128	13	"spearman"	0.751753159104753	""
"s_Blautia_A_obeum"	"Abundance"	"synov_IL1b"	0.375635399825354	227.268714463571	0.205922479571884	13	"spearman"	0.751753159104753	""
"s_Blautia_A_obeum"	"Abundance"	"synov_MMP13"	0.314485451016575	249.527295829967	0.295331598219724	13	"spearman"	0.751753159104753	""
"s_Blautia_A_obeum"	"Abundance"	"synov_MMP3"	0.497935297442911	182.75155173078	0.0833368806317172	13	"spearman"	0.751753159104753	""
"s_Blautia_A_obeum"	"Abundance"	"synov_CXCL1"	0.499927752972588	143.02066264984	0.0979108806782637	12	"spearman"	0.751753159104753	""
"s_Blautia_A_obeum"	"Abundance"	"synov_IL6"	0.44079651337368	159.932197175128	0.151489056908861	12	"spearman"	0.751753159104753	""
"s_Blautia_A_obeum"	"Abundance"	"synov_IL17"	-0.371949495543839	226.371666764733	0.289888671170853	10	"spearman"	0.751753159104753	""
"s_Bacteroides_fragilis"	"Abundance"	"colon_CCL2"	0.095592657574416	12833.540189019	0.537068734568132	44	"spearman"	0.751896228395384	""
"s_Christensenella_massiliensis"	"Abundance"	"colon_IL1b"	-0.113148958710255	16897.6011932217	0.459270447151141	45	"spearman"	0.752510459781688	""
"s_Christensenella_massiliensis"	"Abundance"	"colon_CCL2"	-0.108378597340329	15727.8922962593	0.483756724145371	44	"spearman"	0.752510459781688	""
"s_Thomasclavelia_ramosa"	"Abundance"	"ileum_S100A8"	-0.0845636894519621	9149.37928421675	0.618752669623691	37	"spearman"	0.753264119541885	""
"s_Thomasclavelia_ramosa"	"Abundance"	"synov_TNF"	-0.161275244787082	422.704189102498	0.598636453433896	13	"spearman"	0.753264119541885	""
"s_Neobittarella_massiliensis"	"Abundance"	"synov_TNF"	-0.253335502207797	456.214122803638	0.403644223709312	13	"spearman"	0.753469217590715	""
"s_Agathobaculum_hominis"	"Abundance"	"colon_IL1b"	0.106946915603603	13556.5458211373	0.484400325703265	45	"spearman"	0.753511617760634	""
"s_Acutalibacter_stercoravium"	"Abundance"	"colon_TNF"	0.145839825630872	12966.1514469234	0.339114142625865	45	"spearman"	0.753586983613033	""
"s_Acutalibacter_stercoravium"	"Abundance"	"colon_IFNg"	0.185630021027187	4443.20260527567	0.309068406419499	32	"spearman"	0.753586983613033	""
"s_Odoribacter_splanchnicus"	"Abundance"	"colon_IL1b"	0.134847002050058	13133.0225088801	0.377144674939071	45	"spearman"	0.754330586711217	""
"s_Odoribacter_splanchnicus"	"Abundance"	"Patella_Joint"	0.128537461323007	13228.8013371168	0.400073371273159	45	"spearman"	0.754330586711217	""
"s_Odoribacter_splanchnicus"	"Abundance"	"synov_TNF"	-0.253095150025136	456.126634609149	0.404105671452437	13	"spearman"	0.754330586711217	""
"s_Enterococcus_B_hirae"	"Abundance"	"score_day9"	-0.139633039539902	638.194502142345	0.619666274029485	15	"spearman"	0.754376333601113	""
"uc_g_Dialister"	"Abundance"	"Femur_Inflammation"	0.0997826761652849	19894.8028567472	0.486011502489702	51	"spearman"	0.755159780109233	""
"uc_g_Dialister"	"Abundance"	"colon_IL1b"	0.113586300676058	13455.7599557374	0.457525407957753	45	"spearman"	0.755159780109233	""
"uc_g_Dialister"	"Abundance"	"ileum_CCL2"	0.0994246834539046	12779.1637417891	0.520797464858866	44	"spearman"	0.755159780109233	""
"uc_g_Dialister"	"Abundance"	"ileum_IL1b"	-0.0666597309520497	15135.9015822096	0.667253817860141	44	"spearman"	0.755159780109233	""
"uc_g_Dialister"	"Abundance"	"ileum_TNF"	-0.129318126448845	14956.6892666885	0.408528242269296	43	"spearman"	0.755159780109233	""
"uc_g_Dialister"	"Abundance"	"ileum_CXCL1"	0.132474358109357	8571.15334187955	0.421432847040819	39	"spearman"	0.755159780109233	""
"uc_g_Dialister"	"Abundance"	"colon_S100A8"	-0.0964528281144058	10020.4823961376	0.564575214270633	38	"spearman"	0.755159780109233	""
"uc_g_Dialister"	"Abundance"	"ileum_S100A8"	0.115129087487351	7464.7710179567	0.49743672937623	37	"spearman"	0.755159780109233	""
"uc_g_Dialister"	"Abundance"	"colon_IL10"	-0.117759617662032	9429.4201345969	0.487594701445816	37	"spearman"	0.755159780109233	""
"uc_g_Dialister"	"Abundance"	"colon_CXCL1"	0.168849188656767	6458.04180413692	0.324902602385623	36	"spearman"	0.755159780109233	""
"uc_g_Dialister"	"Abundance"	"ileum_IFNg"	0.0926739910501198	6478.30770390214	0.596460757792842	35	"spearman"	0.755159780109233	""
"uc_g_Dialister"	"Abundance"	"score_day1"	0.0787506980803461	5026.33619127363	0.668342606939544	32	"spearman"	0.755159780109233	""
"uc_g_Dialister"	"Abundance"	"score_day5"	0.132069395284752	3901.34806819504	0.486620874004178	30	"spearman"	0.755159780109233	""
"uc_g_Dialister"	"Abundance"	"score_day9"	0.118416731622563	493.686630291365	0.674249803668958	15	"spearman"	0.755159780109233	""
"uc_g_Dialister"	"Abundance"	"synov_CCL2"	0.281772256256013	261.434898722811	0.350989931636679	13	"spearman"	0.755159780109233	""
"uc_g_Dialister"	"Abundance"	"synov_TNF"	-0.132598708826359	412.265930012795	0.665861872900286	13	"spearman"	0.755159780109233	""
"s_Caecibacter_massiliensis"	"Abundance"	"colon_IL1b"	0.0765077338738047	14018.6125997956	0.617412875677015	45	"spearman"	0.756093738710628	""
"s_Caecibacter_massiliensis"	"Abundance"	"colon_CCL2"	0.11394244729694	12573.1566728564	0.461454604173644	44	"spearman"	0.756093738710628	""
"s_Caecibacter_massiliensis"	"Abundance"	"ileum_CXCL1"	0.0935015099728445	8956.2050814683	0.571284045266624	39	"spearman"	0.756093738710628	""
"s_Caecibacter_massiliensis"	"Abundance"	"colon_IL10"	-0.0865554580691755	9166.18184427156	0.610483550399005	37	"spearman"	0.756093738710628	""
"s_Caecibacter_massiliensis"	"Abundance"	"ileum_IL10"	-0.0852456521260813	8432.35871701965	0.621076999655159	36	"spearman"	0.756093738710628	""
"s_Caecibacter_massiliensis"	"Abundance"	"ileum_IFNg"	0.109204305463452	6360.28125899095	0.53231880892082	35	"spearman"	0.756093738710628	""
"s_Caecibacter_massiliensis"	"Abundance"	"synov_IL1b"	0.248941655112879	273.385237538912	0.412122423270473	13	"spearman"	0.756093738710628	""
"s_Caecibacter_massiliensis"	"Abundance"	"synov_MMP3"	0.152337430740717	308.549175210379	0.619306708570056	13	"spearman"	0.756093738710628	""
"s_Caecibacter_massiliensis"	"Abundance"	"synov_IL17"	-0.216249706711534	200.681201607403	0.548461488011681	10	"spearman"	0.756093738710628	""
"s_Phocaeicola_dorei"	"Abundance"	"Patella_Joint"	0.112493027568507	13472.3558415101	0.461894407411102	45	"spearman"	0.756903688750293	""
"s_Phocaeicola_dorei"	"Abundance"	"ileum_IL1b"	0.0777870834285662	13086.2012861486	0.615745961317815	44	"spearman"	0.756903688750293	""
"s_Phocaeicola_dorei"	"Abundance"	"colon_CCL2"	0.0919269501897434	12885.5565768075	0.552860720794765	44	"spearman"	0.756903688750293	""
"s_Phocaeicola_dorei"	"Abundance"	"ileum_TNF"	0.101454822007391	11900.3323373341	0.517403244354744	43	"spearman"	0.756903688750293	""
"s_Phocaeicola_dorei"	"Abundance"	"ileum_CXCL1"	0.110566537278571	8787.60261168772	0.502805793926114	39	"spearman"	0.756903688750293	""
"s_Phocaeicola_dorei"	"Abundance"	"colon_IL10"	0.0900078315601099	7676.69393295891	0.596262954599127	37	"spearman"	0.756903688750293	""
"s_Phocaeicola_dorei"	"Abundance"	"ileum_IL10"	-0.110905436748148	8631.73524353311	0.5196146276211	36	"spearman"	0.756903688750293	""
"s_Phocaeicola_dorei"	"Abundance"	"ileum_IFNg"	0.0797615341189712	6570.50264639055	0.648774590357394	35	"spearman"	0.756903688750293	""
"s_Phocaeicola_dorei"	"Abundance"	"synov_TNF"	0.150352803309776	309.271579595241	0.623932359435032	13	"spearman"	0.756903688750293	""
"s_Cuneatibacter_caecimuris"	"Abundance"	"ileum_CCL2"	-0.162401184128431	16494.4728027824	0.292227690936098	44	"spearman"	0.756911968011426	""
"s_Cuneatibacter_caecimuris"	"Abundance"	"ileum_IL1b"	0.226338658194742	10978.2544402166	0.139571585429603	44	"spearman"	0.756911968011426	""
"s_Cuneatibacter_caecimuris"	"Abundance"	"ileum_IFNg"	-0.171972799098115	8367.88578556054	0.323230813838792	35	"spearman"	0.756911968011426	""
"s_Cuneatibacter_caecimuris"	"Abundance"	"synov_CCL2"	0.29701403707121	255.886890506079	0.324390843433468	13	"spearman"	0.756911968011426	""
"s_Cuneatibacter_caecimuris"	"Abundance"	"synov_IL1b"	-0.314485451016575	478.472704170033	0.295331598219724	13	"spearman"	0.756911968011426	""
"s_Cuneatibacter_caecimuris"	"Abundance"	"synov_MMP13"	-0.375635399825354	500.731285536429	0.205922479571884	13	"spearman"	0.756911968011426	""
"s_Cuneatibacter_caecimuris"	"Abundance"	"synov_CXCL1"	0.403167542719829	170.694082782129	0.193759757038057	12	"spearman"	0.756911968011426	""
"s_Cuneatibacter_caecimuris"	"Abundance"	"synov_IL17"	0.415199436886146	96.492092913786	0.232794410184675	10	"spearman"	0.756911968011426	""
"s_Hungatella_hathewayi"	"Abundance"	"Femur_Inflammation"	-0.0599126411418174	23424.0693692342	0.676217543094747	51	"spearman"	0.757363648266116	""
"s_Hungatella_hathewayi"	"Abundance"	"Patella_Joint"	0.0642730591895622	14204.3349615024	0.674881335962227	45	"spearman"	0.757363648266116	""
"s_Butyribacter_sp003529475"	"Abundance"	"colon_IL10"	-0.100285918772262	9282.0120107628	0.554808458353219	37	"spearman"	0.758136549611775	""
"s_Butyribacter_sp003529475"	"Abundance"	"ileum_IL10"	0.0982557098114556	7006.55313476499	0.568602412208831	36	"spearman"	0.758136549611775	""
"s_Blautia_A_ammoniilytica"	"Abundance"	"colon_IL1b"	0.106221594364666	13567.5561975444	0.487385437084013	45	"spearman"	0.758155124352909	""
"s_Blautia_A_ammoniilytica"	"Abundance"	"score_day5"	-0.132075280489852	5088.67838580189	0.486601283117734	30	"spearman"	0.758155124352909	""
"s_Parasutterella_excrementihominis"	"Abundance"	"ileum_CXCL1"	-0.100777551022499	10875.6822041023	0.541572682665349	39	"spearman"	0.758201755731489	""
"s_Turicibacter_sp002311155"	"Abundance"	"Patella_Joint"	-0.246338351185371	18919.4161709939	0.102840935501905	45	"spearman"	0.758662750942478	""
"s_Turicibacter_sp002311155"	"Abundance"	"colon_S100A8"	-0.246652976616324	11393.1615532966	0.135475491239728	38	"spearman"	0.758662750942478	""
"s_Turicibacter_sp002311155"	"Abundance"	"colon_IL10"	-0.268936801605365	10704.7508583429	0.107497705486998	37	"spearman"	0.758662750942478	""
"s_Turicibacter_sp002311155"	"Abundance"	"colon_CXCL1"	0.261299961751274	5739.6992971926	0.123718217925125	36	"spearman"	0.758662750942478	""
"s_Alistipes_communis"	"Abundance"	"ileum_S100A8"	0.192786525008905	6809.65287502487	0.252959969874069	37	"spearman"	0.758879909622207	""
"s_Hungatella_effluvii"	"Abundance"	"ileum_CCL2"	-0.0818008611825959	15350.754220181	0.597588975323866	44	"spearman"	0.760567786775829	""
"s_Butyricimonas_virosa"	"Abundance"	"ileum_CCL2"	0.0527970646316734	13440.8096528766	0.733576775612402	44	"spearman"	0.760746285820268	""
"s_Butyricimonas_virosa"	"Abundance"	"ileum_IL10"	-0.0592511159347072	8230.38117081267	0.731401330307074	36	"spearman"	0.760746285820268	""
"s_Butyricimonas_virosa"	"Abundance"	"ileum_IFNg"	0.0764865389852129	6593.88611164558	0.662323427455033	35	"spearman"	0.760746285820268	""
"s_Butyricimonas_virosa"	"Abundance"	"synov_TNF"	-0.106918555644004	402.918354254418	0.728098659469959	13	"spearman"	0.760746285820268	""
"s_Agathobaculum_hominis"	"Abundance"	"Patella_Joint"	-0.0993003761612457	16687.3797101277	0.516345316109069	45	"spearman"	0.760929939529154	""
"s_Diplocloster_modestus"	"Abundance"	"ileum_S100A8"	0.148456629180498	7183.61987623332	0.380537807653141	37	"spearman"	0.761075615306282	""
"s_Diplocloster_modestus"	"Abundance"	"ileum_IL10"	-0.168383260573687	9078.33793465755	0.326258980626197	36	"spearman"	0.761075615306282	""
"s_Diplocloster_modestus"	"Abundance"	"score_day1"	-0.184484746529582	6462.5487770654	0.312115750620348	32	"spearman"	0.761075615306282	""
"s_Diplocloster_modestus"	"Abundance"	"synov_IL6"	0.284905063522013	204.517151832704	0.369416036559044	12	"spearman"	0.761075615306282	""
"s_Bifidobacterium_globosum"	"Abundance"	"synov_CCL2"	-0.312105955663908	477.606567861663	0.299198467161455	13	"spearman"	0.761596098229157	""
"s_Eggerthella_lenta"	"Abundance"	"colon_IFNg"	0.0893674430387122	4968.41123078079	0.626683251856256	32	"spearman"	0.762918741390225	""
"s_Alistipes_A_ihumii"	"Abundance"	"colon_CCL2"	-0.0872210756698768	15427.6670637556	0.573449787371821	44	"spearman"	0.764599716495761	""
"uc_uc_k"	"Abundance"	"ileum_TNF"	-0.102993921619822	14608.0514979329	0.511035474956786	43	"spearman"	0.765050032919684	""
"uc_uc_k"	"Abundance"	"ileum_S100A8"	0.109056424845899	7516	0.519141093766929	37	"spearman"	0.765050032919684	""
"uc_uc_k"	"Abundance"	"score_day9"	-0.183837022625715	662.9487326704	0.511917349618459	15	"spearman"	0.765050032919684	""
"s_Phocaeicola_dorei"	"Abundance"	"colon_CXCL1"	0.063755297829981	7274.62133586105	0.711823806276583	36	"spearman"	0.766579483682474	""
"s_Phocaeicola_dorei"	"Abundance"	"score_day9"	0.105272271193563	501.047528131605	0.708860620207646	15	"spearman"	0.766579483682474	""
"s_Ruminococcus_E_intestinalis"	"Abundance"	"score_day5"	0.106581349451019	4015.91683421767	0.575093737883731	30	"spearman"	0.766791650511641	""
"s_Bilophila_wadsworthia"	"Abundance"	"ileum_CXCL1"	-0.120323810308439	11068.7992458474	0.465615579257095	39	"spearman"	0.766896248188157	""
"s_Bilophila_wadsworthia"	"Abundance"	"score_day5"	-0.142521644796375	5135.63479335971	0.452471419590719	30	"spearman"	0.766896248188157	""
"s_Bilophila_wadsworthia"	"Abundance"	"synov_IL17"	0.266287609379578	121.06254445237	0.457073029985288	10	"spearman"	0.766896248188157	""
"s_Bifidobacterium_longum"	"Abundance"	"Femur_Inflammation"	-0.202853007307936	26583.0514615054	0.153396198020519	51	"spearman"	0.766980990102593	""
"s_Allocoprobacillus_merdigallinarum"	"Abundance"	"colon_IL1b"	0.118584210732258	13379.8916810843	0.43784028808099	45	"spearman"	0.767017017214201	""
"s_Allocoprobacillus_merdigallinarum"	"Abundance"	"ileum_TNF"	-0.128575529783516	14946.8543164529	0.411247441131214	43	"spearman"	0.767017017214201	""
"s_Allocoprobacillus_merdigallinarum"	"Abundance"	"colon_CXCL1"	0.133305597902101	6734.21550430068	0.438295438408115	36	"spearman"	0.767017017214201	""
"s_Hungatella_effluvii"	"Abundance"	"score_day9"	0.135350062963152	484.203964740635	0.630548661350983	15	"spearman"	0.767624457296849	""
"s_Lawsonibacter_sp000177015"	"Abundance"	"synov_TNF"	-0.147374225347141	417.644218026359	0.630898490971652	13	"spearman"	0.768050336835054	""
"s_Eisenbergiella_tayi"	"Abundance"	"Patella_Joint"	0.129141400253615	13219.6335441501	0.39784434446074	45	"spearman"	0.768264150325409	""
"s_Eisenbergiella_tayi"	"Abundance"	"ileum_IL1b"	0.110292822225703	12624.9448526173	0.476020802832721	44	"spearman"	0.768264150325409	""
"s_Eisenbergiella_tayi"	"Abundance"	"colon_CCL2"	-0.11430584918957	15812	0.458728137448493	44	"spearman"	0.768264150325409	""
"s_Eisenbergiella_tayi"	"Abundance"	"ileum_TNF"	0.121644580446872	11632.9391765616	0.437121053664719	43	"spearman"	0.768264150325409	""
"s_Eisenbergiella_tayi"	"Abundance"	"ileum_S100A8"	-0.115694642010431	9412	0.493884096637763	37	"spearman"	0.768264150325409	""
"s_Anaerostipes_caccae"	"Abundance"	"ileum_IL1b"	-0.080403014066062	15330.9187695974	0.603885749286194	44	"spearman"	0.768581862727883	""
"s_Alistipes_shahii"	"Abundance"	"ileum_CCL2"	-0.0626425729745493	15078.8981105089	0.686243067229484	44	"spearman"	0.768592235297022	""
"s_Anaerostipes_caccae"	"Abundance"	"score_day9"	-0.134993112771977	635.596143152307	0.631458844385864	15	"spearman"	0.768732506208878	""
"s_Anaerotruncus_colihominis"	"Abundance"	"ileum_IFNg"	0.143141740590827	6117.9679721815	0.412033738261119	35	"spearman"	0.76912964475409	""
"s_Bacteroides_xylanisolvens"	"Abundance"	"colon_CCL2"	0.0927113807799163	12874.425506733	0.549462993899974	44	"spearman"	0.769248191459963	""
"s_Schaedlerella_glycyrrhizinilytica_A"	"Abundance"	"ileum_TNF"	0.176846582778026	10901.8438576878	0.256602365894209	43	"spearman"	0.769807097682628	""
"s_Bacteroides_nordii"	"Abundance"	"ileum_IL1b"	-0.0622507937650556	15073.3387635261	0.688105512620021	44	"spearman"	0.770678174134424	""
"s_Luxibacter_massiliensis"	"Abundance"	"synov_CCL2"	0.262961853070389	268.281885482378	0.385386235569065	13	"spearman"	0.770772471138129	""
"s_Eggerthella_lenta"	"Abundance"	"score_day9"	0.123390623397942	490.901250897152	0.661305274275249	15	"spearman"	0.77152281998779	""
"s_Phocaeicola_vulgatus"	"Abundance"	"Femur_Inflammation"	-0.0536258202476254	23285.1306274725	0.708597818643907	51	"spearman"	0.773628498903048	""
"s_Phocaeicola_vulgatus"	"Abundance"	"ileum_CCL2"	0.0551111737894565	13407.9724439276	0.722355600442125	44	"spearman"	0.773628498903048	""
"s_Phocaeicola_vulgatus"	"Abundance"	"ileum_IL1b"	-0.050248423160975	14903.0251246542	0.74599890965651	44	"spearman"	0.773628498903048	""
"s_Phocaeicola_vulgatus"	"Abundance"	"score_day9"	-0.120131123696012	627.273429269767	0.669778310660193	15	"spearman"	0.773628498903048	""
"s_Prevotella_rara"	"Abundance"	"colon_IL10"	-0.0939266566541502	9228.36527553441	0.580298464096864	37	"spearman"	0.773731285462486	""
"s_Prevotella_rara"	"Abundance"	"synov_CCL2"	0.176271132277953	299.837307850825	0.564576364469054	13	"spearman"	0.773731285462486	""
"s_Blautia_pseudococcoides"	"Abundance"	"colon_CXCL1"	-0.088155041312699	8454.96467099967	0.609168577653295	36	"spearman"	0.77530546246783	""
"s_Prevotella_sp934191715"	"Abundance"	"ileum_TNF"	-0.0928068201066372	14473.1335254923	0.55390288879529	43	"spearman"	0.775464044313406	""
"s_Enterocloster_pacaense"	"Abundance"	"ileum_CCL2"	-0.055551221394714	14978.271831591	0.720228213929859	44	"spearman"	0.775630384232156	""
"s_Enterocloster_pacaense"	"Abundance"	"synov_TNF"	0.113489987072391	322.68964470565	0.712008792254993	13	"spearman"	0.775630384232156	""
"s_Alistipes_onderdonkii"	"Abundance"	"ileum_CXCL1"	-0.15056034898428	11367.5362479647	0.36025051961742	39	"spearman"	0.775924196099058	""
"s_Alistipes_onderdonkii"	"Abundance"	"ileum_IL10"	0.163023195683369	6503.30976954022	0.342114886716797	36	"spearman"	0.775924196099058	""
"s_Alistipes_onderdonkii"	"Abundance"	"score_day5"	-0.193034720320108	5362.69106783888	0.306770656695975	30	"spearman"	0.775924196099058	""
"uc_uc_k"	"Abundance"	"ileum_IFNg"	0.103375823958568	6401.89661693582	0.554550204717839	35	"spearman"	0.776370286604974	""
"s_Alistipes_timonensis"	"Abundance"	"ileum_S100A8"	-0.114656856604288	9403.24524231377	0.499214209133799	37	"spearman"	0.776555436430354	""
"s_Alistipes_timonensis"	"Abundance"	"colon_IFNg"	-0.124067604171082	6132.91284835742	0.498703875023745	32	"spearman"	0.776555436430354	""
"s_Alistipes_timonensis"	"Abundance"	"synov_MMP13"	-0.209867454619896	440.391753481642	0.491346083503944	13	"spearman"	0.776555436430354	""
"s_Prevotella_sp934191715"	"Abundance"	"score_day5"	0.104347608594261	4025.9574993688	0.583175839439719	30	"spearman"	0.777567785919625	""
"s_Cuneatibacter_caecimuris"	"Abundance"	"ileum_CXCL1"	0.148442125660271	8413.39179847652	0.367125677113428	39	"spearman"	0.778762484029044	""
"s_Cuneatibacter_caecimuris"	"Abundance"	"colon_CXCL1"	0.147884629704198	6620.93642719838	0.389381242014522	36	"spearman"	0.778762484029044	""
"s_Enterocloster_sp005845215"	"Abundance"	"colon_IL1b"	0.213656640817447	11936.6921923912	0.158760283672324	45	"spearman"	0.779083985051541	""
"s_Enterocloster_sp005845215"	"Abundance"	"ileum_CCL2"	-0.290100403467986	18306.5247252107	0.056105531294728	44	"spearman"	0.779083985051541	""
"s_Enterocloster_sp005845215"	"Abundance"	"colon_S100A8"	0.17683227361056	7522.92985147309	0.288212424878195	38	"spearman"	0.779083985051541	""
"s_Enterocloster_sp005845215"	"Abundance"	"colon_IL10"	-0.215879787510194	10257.161887436	0.199397644271658	37	"spearman"	0.779083985051541	""
"s_Enterocloster_sp005845215"	"Abundance"	"ileum_IL10"	-0.199363750743831	9319.05634327957	0.243729790890971	36	"spearman"	0.779083985051541	""
"s_Enterocloster_sp005845215"	"Abundance"	"colon_IFNg"	0.283583095248188	3908.77063232589	0.115753678262292	32	"spearman"	0.779083985051541	""
"s_Enterocloster_sp005845215"	"Abundance"	"score_day1"	-0.180098481849835	6438.6173169727	0.323959762958793	32	"spearman"	0.779083985051541	""
"s_Enterocloster_sp005845215"	"Abundance"	"synov_CCL2"	0.308606699924184	251.667161227597	0.304937231741436	13	"spearman"	0.779083985051541	""
"s_Enterocloster_sp005845215"	"Abundance"	"synov_TNF"	-0.308606699924184	476.332838772403	0.304937231741436	13	"spearman"	0.779083985051541	""
"s_Enterocloster_sp005845215"	"Abundance"	"synov_CXCL1"	0.393041832067032	173.590036028829	0.206255756619983	12	"spearman"	0.779083985051541	""
"s_Enterocloster_sp005845215"	"Abundance"	"synov_IL6"	0.305699202718803	198.570028022422	0.33389313645066	12	"spearman"	0.779083985051541	""
"s_Phocaeicola_plebeius_A"	"Abundance"	"ileum_CXCL1"	0.133571856600955	8560.31005678256	0.417561870463098	39	"spearman"	0.779448824864449	""
"s_Eisenbergiella_tayi"	"Abundance"	"synov_TNF"	-0.192307692307692	434	0.529184736920623	13	"spearman"	0.779851191251445	""
"s_Cuneatibacter_caecimuris"	"Abundance"	"colon_S100A8"	0.11213668425049	8114.18284263477	0.502676502309547	38	"spearman"	0.78194122581485	""
"s_Cuneatibacter_caecimuris"	"Abundance"	"colon_IL10"	0.117774090333436	7442.45777394713	0.487540832067779	37	"spearman"	0.78194122581485	""
"s_Cuneatibacter_caecimuris"	"Abundance"	"score_day5"	0.129397416773617	3913.35861160259	0.495556912054169	30	"spearman"	0.78194122581485	""
"s_Cuneatibacter_caecimuris"	"Abundance"	"synov_IL6"	0.215022689450575	224.503510817135	0.502135449115627	12	"spearman"	0.78194122581485	""
"s_Coprobacillus_cateniformis"	"Abundance"	"colon_TNF"	0.0870421491905829	13858.700175287	0.569664011565293	45	"spearman"	0.782392987528072	""
"s_Coprobacillus_cateniformis"	"Abundance"	"synov_CCL2"	0.154303349962092	307.833580613799	0.614737347343485	13	"spearman"	0.782392987528072	""
"s_Coprobacillus_cateniformis"	"Abundance"	"synov_TNF"	-0.154303349962092	420.166419386201	0.614737347343485	13	"spearman"	0.782392987528072	""
"s_Alistipes_timonensis"	"Abundance"	"ileum_TNF"	0.0981643248587084	11943.9116815713	0.531148491725057	43	"spearman"	0.782745145700084	""
"s_Blautia_pseudococcoides"	"Abundance"	"Femur_Joint"	-0.0656636509958004	23551.1666870072	0.647095051714946	51	"spearman"	0.783301220451348	""
"s_Blautia_pseudococcoides"	"Abundance"	"ileum_TNF"	-0.0665840070474254	14125.8385893361	0.671401046101155	43	"spearman"	0.783301220451348	""
"s_Christensenella_hongkongensis"	"Abundance"	"ileum_CCL2"	0.0717328084075887	13172.1114486963	0.643564799653252	44	"spearman"	0.78347019088222	""
"s_Parasutterella_excrementihominis"	"Abundance"	"colon_CCL2"	-0.0738229786597287	15237.5480671816	0.633903604626953	44	"spearman"	0.784304568906675	""
"s_Parasutterella_excrementihominis"	"Abundance"	"ileum_IL10"	-0.0873506323624014	8448.71441345586	0.61245139848168	36	"spearman"	0.784304568906675	""
"s_Parasutterella_excrementihominis"	"Abundance"	"colon_CXCL1"	-0.0796492456328794	8388.87463856747	0.644250181601912	36	"spearman"	0.784304568906675	""
"s_Christensenella_massiliensis"	"Abundance"	"Femur_Inflammation"	-0.0894477040490914	24076.7942594849	0.532495366602939	51	"spearman"	0.784730013941173	""
"s_Odoribacter_splanchnicus"	"Abundance"	"colon_IL10"	-0.128455884853066	9519.65384462046	0.448633289526061	37	"spearman"	0.785108256670606	""
"s_Neobittarella_massiliensis"	"Abundance"	"synov_CXCL1"	-0.241900525631897	355.183550330723	0.448765408967347	12	"spearman"	0.785339465692858	""
"s_Massiliimalia_timonensis"	"Abundance"	"colon_IL1b"	0.0827264503687824	13924.2124834019	0.58901971801078	45	"spearman"	0.785359624014373	""
"s_Blautia_A_obeum"	"Abundance"	"Femur_Inflammation"	0.129597255553137	19235.9006522757	0.364726484554074	51	"spearman"	0.785564735962622	""
"s_Blautia_A_obeum"	"Abundance"	"ileum_IL10"	0.15880646721363	6536.07374975009	0.354913490732447	36	"spearman"	0.785564735962622	""
"s_Diplocloster_modestus"	"Abundance"	"score_day5"	-0.152483761521856	5180.41450804074	0.421154495063607	30	"spearman"	0.786155057452067	""
"s_Thomasclavelia_sp000508865"	"Abundance"	"ileum_IFNg"	0.0737061338290887	6613.73820446031	0.673909654409921	35	"spearman"	0.786227930144908	""
"s_Enterocloster_asparagiformis"	"Abundance"	"ileum_IFNg"	0.0737061338290887	6613.73820446031	0.673909654409921	35	"spearman"	0.786227930144908	""
"s_Bacteroides_fragilis"	"Abundance"	"ileum_TNF"	0.0844772409433011	12125.1834209469	0.59016617056966	43	"spearman"	0.786888227426213	""
"s_Parabacteroides_sp003473295"	"Abundance"	"ileum_CCL2"	-0.0711173231759102	15199.1548158662	0.646420893355416	44	"spearman"	0.786947174519636	""
"s_Enterocloster_citroniae"	"Abundance"	"colon_IL1b"	0.200600183012168	12134.8892218753	0.186409220715932	45	"spearman"	0.787325902482952	""
"s_Enterocloster_citroniae"	"Abundance"	"colon_TNF"	-0.221079927526036	18535.9932998452	0.144442885526598	45	"spearman"	0.787325902482952	""
"s_Enterocloster_citroniae"	"Abundance"	"ileum_IL1b"	0.283363061332099	10169.0781596975	0.0623338783751615	44	"spearman"	0.787325902482952	""
"s_Enterocloster_citroniae"	"Abundance"	"score_day9"	0.392441964100637	340.232500103643	0.147933153375642	15	"spearman"	0.787325902482952	""
"s_Enterocloster_citroniae"	"Abundance"	"synov_CCL2"	-0.382701350397411	503.303291544658	0.196831475620738	13	"spearman"	0.787325902482952	""
"s_Enterocloster_citroniae"	"Abundance"	"synov_IL6"	-0.403167542719829	401.305917217871	0.193759757038057	12	"spearman"	0.787325902482952	""
"s_Bacteroides_finegoldii"	"Abundance"	"colon_S100A8"	0.0798828436943266	8408.95069147755	0.633544190712951	38	"spearman"	0.788715941424754	""
"s_Bacteroides_finegoldii"	"Abundance"	"colon_IL10"	-0.0776350937232462	9090.9296506493	0.647873809027476	37	"spearman"	0.788715941424754	""
"s_UBA3282_sp003611805"	"Abundance"	"Femur_Joint"	0.071164957412407	20527.2544411858	0.619717992904401	51	"spearman"	0.788731990969237	""
"s_UBA3282_sp003611805"	"Abundance"	"ileum_IL1b"	-0.0828925790630119	15366.2456969041	0.592691297906393	44	"spearman"	0.788731990969237	""
"s_UBA3282_sp003611805"	"Abundance"	"ileum_TNF"	-0.101422528212164	14587.2399636419	0.517537276836938	43	"spearman"	0.788731990969237	""
"s_UBA3282_sp003611805"	"Abundance"	"ileum_S100A8"	0.100421479104076	7588.84440227802	0.554270841625946	37	"spearman"	0.788731990969237	""
"s_UBA3282_sp003611805"	"Abundance"	"ileum_IFNg"	0.100850960446749	6419.92414241021	0.56431320526554	35	"spearman"	0.788731990969237	""
"s_Hominimerdicola_aceti"	"Abundance"	"colon_S100A8"	-0.0699829519916749	9778.57419825192	0.676308806669966	38	"spearman"	0.78902694111496	""
"s_Bacteroides_eggerthii"	"Abundance"	"ileum_CXCL1"	-0.0753532883800699	10624.4904891951	0.648447710397626	39	"spearman"	0.789414603962328	""
"s_Bifidobacterium_bifidum"	"Abundance"	"score_day9"	0.1506232014583	475.651007183352	0.592079209038699	15	"spearman"	0.789438945384932	""
"s_Otoolea_symbiosa"	"Abundance"	"score_day1"	0.192037098613747	4408.2455899634	0.292366124071197	32	"spearman"	0.789878079901526	""
"s_Otoolea_symbiosa"	"Abundance"	"synov_CCL2"	0.305364800573805	252.847212591135	0.3103092456756	13	"spearman"	0.789878079901526	""
"s_Otoolea_symbiosa"	"Abundance"	"synov_MMP3"	0.32462204024963	245.837577349134	0.279182001251198	13	"spearman"	0.789878079901526	""
"s_Ruthenibacterium_lactatiformans"	"Abundance"	"ileum_CXCL1"	-0.116616895427002	11032.1749268188	0.479569276170934	39	"spearman"	0.789878807810951	""
"s_Blautia_A_sp028767025"	"Abundance"	"ileum_CXCL1"	0.164691914130288	8252.84388839276	0.316391633509814	39	"spearman"	0.790979083774534	""
"s_Tidjanibacter_inops"	"Abundance"	"Patella_Joint"	0.0880871133198614	13842.8376198045	0.565021823903166	45	"spearman"	0.791030553464432	""
"s_Tidjanibacter_inops"	"Abundance"	"colon_CCL2"	0.091857024799426	12886.5488180961	0.553164080919903	44	"spearman"	0.791030553464432	""
"s_Caecibacter_massiliensis"	"Abundance"	"ileum_TNF"	0.0651051460050608	12381.747446309	0.678300489527161	43	"spearman"	0.791350571115021	""
"s_Agathobaculum_ammoniilyticum"	"Abundance"	"score_day9"	0.119098769019329	493.304689349176	0.672469685934045	15	"spearman"	0.793315136237293	""
"s_Agathobaculum_ammoniilyticum"	"Abundance"	"synov_IL6"	0.133134703995681	247.923474657235	0.679984402489108	12	"spearman"	0.793315136237293	""
"s_Holdemanella_hominis"	"Abundance"	"Femur_Joint"	0.129611728067854	19235.5808097004	0.364672474055837	51	"spearman"	0.793871589163658	""
"s_Holdemanella_hominis"	"Abundance"	"Femur_Inflammation"	0.127113824818982	19290.7844715005	0.374066093431511	51	"spearman"	0.793871589163658	""
"s_Holdemanella_hominis"	"Abundance"	"colon_TNF"	0.318553962667032	10344.3508467145	0.032949517999529	45	"spearman"	0.793871589163658	""
"s_Holdemanella_hominis"	"Abundance"	"colon_CCL2"	0.160876558356702	11907.1616369184	0.29684286995936	44	"spearman"	0.793871589163658	""
"s_Holdemanella_hominis"	"Abundance"	"colon_S100A8"	-0.183325970725151	10814.4160464572	0.270585280538153	38	"spearman"	0.793871589163658	""
"s_Holdemanella_hominis"	"Abundance"	"ileum_S100A8"	0.168937728533348	7010.84132209267	0.31753029661991	37	"spearman"	0.793871589163658	""
"s_Holdemanella_hominis"	"Abundance"	"ileum_IL10"	0.16619287201226	6478.68138446474	0.332682495863053	36	"spearman"	0.793871589163658	""
"s_Holdemanella_hominis"	"Abundance"	"ileum_IFNg"	0.215736227036302	5599.64333896081	0.213249336219784	35	"spearman"	0.793871589163658	""
"s_Holdemanella_hominis"	"Abundance"	"colon_IFNg"	0.195587376489548	4388.87527387303	0.283363774511665	32	"spearman"	0.793871589163658	""
"s_Holdemanella_hominis"	"Abundance"	"score_day1"	0.265627431695085	4006.73673267161	0.141730321123514	32	"spearman"	0.793871589163658	""
"s_Holdemanella_hominis"	"Abundance"	"synov_CCL2"	0.256845760216464	270.508143281207	0.396935794581829	13	"spearman"	0.793871589163658	""
"s_Holdemanella_hominis"	"Abundance"	"synov_IL1b"	0.304631017931154	253.11430947306	0.31153253339906	13	"spearman"	0.793871589163658	""
"s_Holdemanella_hominis"	"Abundance"	"synov_CXCL1"	0.362036082585741	182.457680380478	0.247504112604962	12	"spearman"	0.793871589163658	""
"s_Holdemanella_hominis"	"Abundance"	"synov_IL6"	0.354571421089128	184.592573568509	0.258106782203085	12	"spearman"	0.793871589163658	""
"s_Alistipes_timonensis"	"Abundance"	"colon_IL1b"	-0.0875635719497557	16509.2150221973	0.567345429888166	45	"spearman"	0.793876292153932	""
"s_Alistipes_timonensis"	"Abundance"	"ileum_IFNg"	-0.0858799159484196	7753.18259987172	0.623759943835232	35	"spearman"	0.793876292153932	""
"s_Alistipes_timonensis"	"Abundance"	"synov_TNF"	-0.156617503447684	421.008771254957	0.609374952090114	13	"spearman"	0.793876292153932	""
"s_Phocaeicola_massiliensis"	"Abundance"	"colon_CXCL1"	-0.14556465155029	8901.03734254575	0.396945094239171	36	"spearman"	0.793890188478342	""
"s_Adlercreutzia_equolifaciens"	"Abundance"	"colon_TNF"	0.326895006754896	10217.7337974607	0.0283955886909401	45	"spearman"	0.795076483346324	""
"s_Otoolea_symbiosa"	"Abundance"	"colon_IL1b"	0.120648319370037	13348.5585119628	0.429849759656939	45	"spearman"	0.795546026377642	""
"s_Otoolea_symbiosa"	"Abundance"	"Patella_Joint"	-0.13690581692147	17258.2303008679	0.369835669382553	45	"spearman"	0.795546026377642	""
"s_Otoolea_symbiosa"	"Abundance"	"colon_S100A8"	0.117318506140832	8066.82617237894	0.483010087443568	38	"spearman"	0.795546026377642	""
"s_Otoolea_symbiosa"	"Abundance"	"colon_IL10"	0.124866540088881	7382.6258678102	0.461515465527642	37	"spearman"	0.795546026377642	""
"s_Otoolea_symbiosa"	"Abundance"	"colon_IFNg"	0.153888765994794	4616.3828927324	0.400394154518378	32	"spearman"	0.795546026377642	""
"s_Otoolea_symbiosa"	"Abundance"	"synov_IL17"	-0.284848484848485	212	0.427359698875701	10	"spearman"	0.795546026377642	""
"s_Enterocloster_pacaense"	"Abundance"	"ileum_IL10"	-0.0495452262305708	8154.96640781154	0.774145738738204	36	"spearman"	0.795546546376299	""
"s_Enterocloster_pacaense"	"Abundance"	"ileum_IFNg"	-0.0454255619661337	7464.33851243819	0.795546546376299	35	"spearman"	0.795546546376299	""
"s_Hungatella_effluvii"	"Abundance"	"score_day1"	0.0752881806974591	5045.22768611466	0.682149449891789	32	"spearman"	0.795841024873754	""
"s_Akkermansia_sp004167605"	"Abundance"	"colon_S100A8"	0.0819141717501658	8390.38638437524	0.624906922220066	38	"spearman"	0.79630068808943	""
"s_Akkermansia_sp004167605"	"Abundance"	"ileum_IFNg"	0.0854105413470127	6530.16873478233	0.62566482635598	35	"spearman"	0.79630068808943	""
"s_Parasutterella_gallistercoris"	"Abundance"	"synov_TNF"	-0.149328930358409	418.355730650461	0.626323726829727	13	"spearman"	0.79713928869238	""
"s_Blautia_A_ammoniilytica"	"Abundance"	"ileum_CCL2"	-0.0590704053517723	15028.2090519417	0.703291156825965	44	"spearman"	0.797307180438027	""
"s_Blautia_A_ammoniilytica"	"Abundance"	"ileum_CXCL1"	-0.0745346897485793	10616.402734716	0.652023485230151	39	"spearman"	0.797307180438027	""
"s_Blautia_A_ammoniilytica"	"Abundance"	"colon_CXCL1"	0.0637419850552628	7274.72477612061	0.711881411105381	36	"spearman"	0.797307180438027	""
"s_Blautia_A_ammoniilytica"	"Abundance"	"ileum_IFNg"	0.0783463305368399	6580.60719996696	0.65461608978144	35	"spearman"	0.797307180438027	""
"s_Blautia_A_ammoniilytica"	"Abundance"	"score_day1"	0.10008026281058	4909.96208610547	0.585762802656213	32	"spearman"	0.797307180438027	""
"s_Blautia_A_ammoniilytica"	"Abundance"	"score_day9"	-0.168381018268706	654.293370230475	0.548592820969363	15	"spearman"	0.797307180438027	""
"s_Blautia_A_ammoniilytica"	"Abundance"	"synov_TNF"	0.130036081188654	316.66686644733	0.671991996685794	13	"spearman"	0.797307180438027	""
"s_Desulfovibrio_sp900556755"	"Abundance"	"Femur_Inflammation"	-0.120700317830502	24767.4770240541	0.398840373185595	51	"spearman"	0.79768074637119	""
"s_Dorea_A_longicatena"	"Abundance"	"score_day1"	-0.196809168709273	6529.79082447779	0.280307382117724	32	"spearman"	0.800878234622069	""
"s_Prevotella_rara"	"Abundance"	"colon_S100A8"	0.0808747877258273	8399.88531497367	0.629320346328681	38	"spearman"	0.800953168054685	""
"s_Duodenibacillus_intestinigallinarum"	"Abundance"	"ileum_CCL2"	0.0389488571880279	13637.3157165019	0.801802516246942	44	"spearman"	0.801802516246942	""
"s_Duodenibacillus_intestinigallinarum"	"Abundance"	"ileum_TNF"	-0.039492293622435	13767.0359367355	0.801477598503631	43	"spearman"	0.801802516246942	""
"s_Pseudoscilispira_sp018369915"	"Abundance"	"ileum_TNF"	-0.0884521804010471	14415.4606772315	0.572729839086956	43	"spearman"	0.801821774721738	""
"s_Sellimonas_intestinalis"	"Abundance"	"ileum_CCL2"	-0.154748485162492	16385.8810044558	0.315864311616025	44	"spearman"	0.804018247749882	""
"s_Alistipes_communis"	"Abundance"	"colon_IL1b"	-0.135038644522859	17229.886623857	0.376460721347142	45	"spearman"	0.804134873923554	""
"s_Alistipes_communis"	"Abundance"	"colon_TNF"	0.127566150359539	13243.5458375422	0.403673450081878	45	"spearman"	0.804134873923554	""
"s_Alistipes_communis"	"Abundance"	"ileum_IL1b"	-0.140309152516701	16180.986874212	0.363657859385423	44	"spearman"	0.804134873923554	""
"s_Alistipes_communis"	"Abundance"	"synov_CCL2"	0.231455024943138	279.750370920698	0.446741596624197	13	"spearman"	0.804134873923554	""
"s_Alistipes_communis"	"Abundance"	"synov_TNF"	-0.231455024943138	448.249629079302	0.446741596624197	13	"spearman"	0.804134873923554	""
"s_Alistipes_communis"	"Abundance"	"synov_CXCL1"	0.305699202718803	198.570028022422	0.33389313645066	12	"spearman"	0.804134873923554	""
"s_Ruminococcus_C_callidus"	"Abundance"	"Femur_Joint"	0.11773041140206	19498.1579080145	0.410629246775167	51	"spearman"	0.805063881237709	""
"s_Ruminococcus_C_callidus"	"Abundance"	"ileum_CCL2"	-0.23413118400823	17512.3215010768	0.126093272743197	44	"spearman"	0.805063881237709	""
"s_Ruminococcus_C_callidus"	"Abundance"	"colon_CCL2"	0.251784591661593	10617.176644322	0.0991984384357834	44	"spearman"	0.805063881237709	""
"s_Ruminococcus_C_callidus"	"Abundance"	"ileum_TNF"	-0.120158136732129	14835.3743628803	0.44278513468074	43	"spearman"	0.805063881237709	""
"s_Ruminococcus_C_callidus"	"Abundance"	"ileum_S100A8"	0.15548108055913	7124.36160440318	0.358148345233381	37	"spearman"	0.805063881237709	""
"s_Ruminococcus_C_callidus"	"Abundance"	"ileum_IL10"	0.293033873165893	5493.12680550101	0.0828370001197259	36	"spearman"	0.805063881237709	""
"s_Ruminococcus_C_callidus"	"Abundance"	"ileum_IFNg"	0.173490746725545	5901.27606837961	0.318913017715131	35	"spearman"	0.805063881237709	""
"s_Ruminococcus_C_callidus"	"Abundance"	"colon_IFNg"	0.223948618902766	4234.13633526651	0.217887353904443	32	"spearman"	0.805063881237709	""
"s_Ruminococcus_C_callidus"	"Abundance"	"score_day1"	-0.196533178172668	6528.28502011008	0.280995924951179	32	"spearman"	0.805063881237709	""
"s_Ruminococcus_C_callidus"	"Abundance"	"score_day5"	-0.24792979484577	5609.44442783174	0.186500939793345	30	"spearman"	0.805063881237709	""
"s_Ruminococcus_C_callidus"	"Abundance"	"score_day9"	-0.252209951287071	701.23757272076	0.364487348464343	15	"spearman"	0.805063881237709	""
"s_Eggerthella_lenta"	"Abundance"	"ileum_IL10"	-0.0555085981084956	8201.30180730301	0.747796924755773	36	"spearman"	0.805319765121602	""
"s_Eggerthella_lenta"	"Abundance"	"synov_IL1b"	-0.101139174257842	400.814659429854	0.742334752775586	13	"spearman"	0.805319765121602	""
"s_Diplocloster_modestus"	"Abundance"	"Patella_Joint"	-0.102967586573478	16743.0479641854	0.500894569248064	45	"spearman"	0.805415497134015	""
"s_Diplocloster_modestus"	"Abundance"	"ileum_CXCL1"	0.0995502621837143	8896.4434096249	0.546531944483796	39	"spearman"	0.805415497134015	""
"s_Diplocloster_modestus"	"Abundance"	"colon_IL10"	0.107322836091591	7530.62455473133	0.527228004877304	37	"spearman"	0.805415497134015	""
"s_Diplocloster_modestus"	"Abundance"	"synov_IL17"	0.224899694979996	127.891550328301	0.532169526525156	10	"spearman"	0.805415497134015	""
"s_Phocaeicola_vulgatus"	"Abundance"	"ileum_TNF"	0.0386604749775286	12731.9806693976	0.805577476736415	43	"spearman"	0.805577476736415	""
"s_Intestinibacter_bartlettii"	"Abundance"	"colon_CCL2"	0.262342514325435	10467.3597217221	0.0853665279013756	44	"spearman"	0.808390566087972	""
"s_Intestinibacter_bartlettii"	"Abundance"	"ileum_TNF"	-0.243581142316904	16469.9886488451	0.115484366583996	43	"spearman"	0.808390566087972	""
"s_Intestinibacter_bartlettii"	"Abundance"	"ileum_S100A8"	0.272200747876537	6139.71449091353	0.103134184519777	37	"spearman"	0.808390566087972	""
"s_Intestinibacter_bartlettii"	"Abundance"	"ileum_IL10"	0.299951276938311	5439.37857818932	0.0755069536928887	36	"spearman"	0.808390566087972	""
"s_Bacteroides_caccae"	"Abundance"	"Patella_Joint"	0.0984328162502279	13685.7898493215	0.520035065894275	45	"spearman"	0.808943435835539	""
"s_Alistipes_shahii"	"Abundance"	"synov_TNF"	0.0975024933099224	328.509092435188	0.751331972095302	13	"spearman"	0.809126739179556	""
"s_Lactonifactor_longoviformis"	"Abundance"	"colon_IFNg"	-0.384118990351023	7551.75321135518	0.0299693757807315	32	"spearman"	0.80917314607975	""
"s_Clostridium_AQ_innocuum"	"Abundance"	"ileum_CCL2"	-0.145177772386548	16250.0725901651	0.347078296205898	44	"spearman"	0.809849357813763	""
"s_Blautia_A_faecis"	"Abundance"	"colon_IL1b"	0.112148847909298	13477.5804887369	0.463274472337342	45	"spearman"	0.809943947206968	""
"s_Blautia_A_faecis"	"Abundance"	"ileum_IL1b"	-0.145127631322978	16249.3610884731	0.347246645893801	44	"spearman"	0.809943947206968	""
"s_Blautia_A_faecis"	"Abundance"	"colon_CCL2"	0.198500914746576	11373.2720197461	0.196461629258151	44	"spearman"	0.809943947206968	""
"s_Blautia_A_faecis"	"Abundance"	"ileum_TNF"	-0.226081862743158	16238.2281901704	0.144900289112286	43	"spearman"	0.809943947206968	""
"s_Blautia_A_faecis"	"Abundance"	"ileum_CXCL1"	-0.128458531695433	11149.1702931509	0.435767847803181	39	"spearman"	0.809943947206968	""
"s_Blautia_A_faecis"	"Abundance"	"ileum_S100A8"	0.156356760223363	7116.97437075571	0.355413971110246	37	"spearman"	0.809943947206968	""
"s_Blautia_A_faecis"	"Abundance"	"colon_IL10"	-0.201760621173507	10138.0526002197	0.231110963702836	37	"spearman"	0.809943947206968	""
"s_Blautia_A_faecis"	"Abundance"	"ileum_IL10"	0.119821337458941	6838.98820794403	0.486385052249399	36	"spearman"	0.809943947206968	""
"s_Blautia_A_faecis"	"Abundance"	"colon_CXCL1"	0.105776038211769	6948.12018309455	0.539225580817836	36	"spearman"	0.809943947206968	""
"s_Blautia_A_faecis"	"Abundance"	"score_day1"	0.132813715847543	4731.36836633581	0.468675304334223	32	"spearman"	0.809943947206968	""
"s_Blautia_A_faecis"	"Abundance"	"score_day9"	-0.167961123928321	654.058229399859	0.549604821319014	15	"spearman"	0.809943947206968	""
"s_Blautia_A_faecis"	"Abundance"	"synov_IL1b"	0.203087345287436	290.076206315373	0.505762723852831	13	"spearman"	0.809943947206968	""
"s_Blautia_A_faecis"	"Abundance"	"synov_MMP13"	0.256845760216464	270.508143281207	0.396935794581829	13	"spearman"	0.809943947206968	""
"s_Blautia_A_faecis"	"Abundance"	"synov_MMP3"	0.322550489574164	246.591621795004	0.282439737884628	13	"spearman"	0.809943947206968	""
"s_Blautia_A_faecis"	"Abundance"	"synov_IL17"	-0.325158807729976	218.651203275446	0.359267465344641	10	"spearman"	0.809943947206968	""
"s_Enterocloster_lavalensis"	"Abundance"	"ileum_TNF"	-0.100591876875455	14576.2388173385	0.520990755992936	43	"spearman"	0.810430064877901	""
"s_Enterococcus_faecalis"	"Abundance"	"ileum_CXCL1"	0.0861129013055477	9029.20453510119	0.602193953234259	39	"spearman"	0.810572319440505	""
"s_Enterococcus_faecalis"	"Abundance"	"synov_CCL2"	0.16597843248097	303.583850576927	0.587868552767372	13	"spearman"	0.810572319440505	""
"s_Enterococcus_faecalis"	"Abundance"	"synov_MMP3"	0.157242725508288	306.763647914983	0.607929239580379	13	"spearman"	0.810572319440505	""
"s_Bifidobacterium_longum"	"Abundance"	"colon_IL1b"	0.129033961713048	13221.2644611959	0.398240351359074	45	"spearman"	0.810629886152555	""
"s_Bifidobacterium_longum"	"Abundance"	"colon_TNF"	0.0800624374641458	13964.6521992943	0.601111841879378	45	"spearman"	0.810629886152555	""
"s_Bifidobacterium_longum"	"Abundance"	"Patella_Joint"	-0.0821709670185894	16427.3552793422	0.591532141316514	45	"spearman"	0.810629886152555	""
"s_Bifidobacterium_longum"	"Abundance"	"ileum_CCL2"	-0.0536226821551741	14950.9058597819	0.729566897537299	44	"spearman"	0.810629886152555	""
"s_Bifidobacterium_longum"	"Abundance"	"ileum_IL1b"	0.0596278573635928	13343.8807040106	0.700620988314021	44	"spearman"	0.810629886152555	""
"s_Bifidobacterium_longum"	"Abundance"	"ileum_TNF"	-0.0833016509015759	14347.2470645405	0.595367691270001	43	"spearman"	0.810629886152555	""
"s_Bifidobacterium_longum"	"Abundance"	"ileum_CXCL1"	0.0606741960477102	9280.53894304862	0.713678270842926	39	"spearman"	0.810629886152555	""
"s_Bifidobacterium_longum"	"Abundance"	"colon_S100A8"	0.11378249173335	8099.14180804892	0.496386635800706	38	"spearman"	0.810629886152555	""
"s_Bifidobacterium_longum"	"Abundance"	"ileum_S100A8"	0.0946406577316445	7637.61141137585	0.577410538597717	37	"spearman"	0.810629886152555	""
"s_Bifidobacterium_longum"	"Abundance"	"colon_IL10"	0.0928990658289869	7652.30348066667	0.584466090007109	37	"spearman"	0.810629886152555	""
"s_Bifidobacterium_longum"	"Abundance"	"ileum_IFNg"	-0.156617581832038	8258.24953428075	0.368932779752831	35	"spearman"	0.810629886152555	""
"s_Bifidobacterium_longum"	"Abundance"	"score_day1"	-0.0827073067657893	5907.25106571415	0.65269514785153	32	"spearman"	0.810629886152555	""
"s_Bifidobacterium_longum"	"Abundance"	"score_day5"	-0.16393856610931	5231.90385466135	0.386680829689128	30	"spearman"	0.810629886152555	""
"s_Bifidobacterium_longum"	"Abundance"	"score_day9"	-0.252209951287071	701.23757272076	0.364487348464343	15	"spearman"	0.810629886152555	""
"s_Enterocloster_aldenensis"	"Abundance"	"Femur_Joint"	0.0576834896013557	20825.19487981	0.687636155021054	51	"spearman"	0.812098876675045	""
"s_Enterocloster_aldenensis"	"Abundance"	"ileum_TNF"	0.0647109903432462	12386.967643894	0.680143794196688	43	"spearman"	0.812098876675045	""
"s_Enterocloster_aldenensis"	"Abundance"	"score_day9"	0.140152977645347	481.514332518606	0.618350107552328	15	"spearman"	0.812098876675045	""
"s_Enterocloster_aldenensis"	"Abundance"	"synov_CCL2"	-0.131868131868132	412	0.669269053658081	13	"spearman"	0.812098876675045	""
"s_Enterocloster_aldenensis"	"Abundance"	"synov_MMP3"	-0.120879120879121	408	0.696084751435753	13	"spearman"	0.812098876675045	""
"s_Caecibacter_massiliensis"	"Abundance"	"ileum_IL1b"	0.0543112290989293	13419.3236590862	0.726228184151655	44	"spearman"	0.813375566249854	""
"s_Blautia_A_obeum"	"Abundance"	"colon_IL1b"	0.0594727102148014	14277.2042589393	0.697962583478524	45	"spearman"	0.814289680724944	""
"s_Blautia_A_obeum"	"Abundance"	"ileum_CCL2"	-0.111779085103054	15776.1452176123	0.470059779283637	44	"spearman"	0.814289680724944	""
"s_Blautia_A_obeum"	"Abundance"	"ileum_IL1b"	-0.0704982942679658	15190.3707956624	0.649298505048439	44	"spearman"	0.814289680724944	""
"s_Blautia_A_obeum"	"Abundance"	"ileum_TNF"	-0.0630708522739258	14079.3103675159	0.687833723164751	43	"spearman"	0.814289680724944	""
"s_Blautia_A_obeum"	"Abundance"	"ileum_CXCL1"	-0.0999419236809949	10867.4262059682	0.544946967653001	39	"spearman"	0.814289680724944	""
"s_Blautia_A_obeum"	"Abundance"	"colon_S100A8"	0.0734276114291917	8467.94505914862	0.661306529292083	38	"spearman"	0.814289680724944	""
"s_Blautia_A_obeum"	"Abundance"	"ileum_S100A8"	0.0797766099611019	7763.00451836814	0.638815152730993	37	"spearman"	0.814289680724944	""
"s_Blautia_A_obeum"	"Abundance"	"colon_IL10"	-0.0788899275932032	9101.51542917626	0.642559682784445	37	"spearman"	0.814289680724944	""
"s_Blautia_A_obeum"	"Abundance"	"colon_CXCL1"	-0.06976762364308	8312.09443570673	0.685973203985803	36	"spearman"	0.814289680724944	""
"s_Blautia_A_obeum"	"Abundance"	"ileum_IFNg"	0.113575863404856	6329.06833528933	0.515932139513043	35	"spearman"	0.814289680724944	""
"s_Blautia_A_obeum"	"Abundance"	"synov_TNF"	0.192185553399018	294.044458562757	0.529334694930785	13	"spearman"	0.814289680724944	""
"s_Alistipes_A_ihumii"	"Abundance"	"colon_IL10"	-0.0701841980490863	9028.07389474209	0.679774599370302	37	"spearman"	0.814372402311109	""
"s_Alistipes_A_ihumii"	"Abundance"	"score_day1"	-0.0665722344687207	5819.21811126134	0.717345692362052	32	"spearman"	0.814372402311109	""
"s_Alistipes_A_ihumii"	"Abundance"	"synov_MMP13"	-0.137823403033962	414.167718704362	0.653423120832333	13	"spearman"	0.814372402311109	""
"s_Alistipes_A_ihumii"	"Abundance"	"synov_IL17"	0.126763347794919	144.084047613838	0.727118216349204	10	"spearman"	0.814372402311109	""
"s_Blautia_A_obeum"	"Abundance"	"score_day1"	0.0641387023025755	5106.05924023715	0.72727892882643	32	"spearman"	0.814552400285601	""
"s_Coprobacter_secundus"	"Abundance"	"ileum_IL10"	0.216951543960062	6084.28650343032	0.203738775615908	36	"spearman"	0.81495510246363	""
"s_Sellimonas_intestinalis"	"Abundance"	"synov_MMP3"	-0.282598652627095	466.865909556263	0.34951829075518	13	"spearman"	0.815542678428754	""
"s_Prevotella_sp900313215"	"Abundance"	"Femur_Inflammation"	-0.10433742165949	24405.8570186747	0.466223033000396	51	"spearman"	0.815890307750693	""
"s_Prevotella_sp900313215"	"Abundance"	"ileum_IL1b"	-0.117400741394411	15855.9165203867	0.447876580623667	44	"spearman"	0.815890307750693	""
"s_Prevotella_sp900313215"	"Abundance"	"colon_IL10"	-0.130391120927762	9535.9794961466	0.441769605074645	37	"spearman"	0.815890307750693	""
"s_Desulfovibrio_sp900556755"	"Abundance"	"ileum_CXCL1"	-0.12807274979163	11145.3587679413	0.4371589863481	39	"spearman"	0.816030107849787	""
"s_Avimicrobium_caecorum"	"Abundance"	"colon_CCL2"	0.100311403410096	12766.5811856107	0.517067529752228	44	"spearman"	0.816865464130616	""
"s_Avimicrobium_caecorum"	"Abundance"	"ileum_CXCL1"	0.104886456201571	8843.72181272848	0.525127798369681	39	"spearman"	0.816865464130616	""
"s_Anaerobutyricum_hallii"	"Abundance"	"Femur_Inflammation"	-0.0896189765978069	24080.5793828115	0.53170765427783	51	"spearman"	0.818011775812045	""
"s_Paramuribaculum_sp910588065"	"Abundance"	"Femur_Inflammation"	-0.0438668731094208	23069.4578957182	0.759868928287087	51	"spearman"	0.81832038430917	""
"s_Bacteroides_nordii"	"Abundance"	"colon_S100A8"	-0.0511371708035717	9606.34260397384	0.760442382937245	38	"spearman"	0.818937950855495	""
"s_Eubacterium_F_sp003491505"	"Abundance"	"Femur_Inflammation"	0.0778069260402701	20380.46693451	0.587335570430478	51	"spearman"	0.818962364035962	""
"s_Eubacterium_F_sp003491505"	"Abundance"	"colon_IL1b"	0.0650347585669513	14192.7723649537	0.671245209713125	45	"spearman"	0.818962364035962	""
"s_Eubacterium_F_sp003491505"	"Abundance"	"colon_TNF"	0.161302015169095	12731.4354097331	0.289805288756206	45	"spearman"	0.818962364035962	""
"s_Eubacterium_F_sp003491505"	"Abundance"	"Patella_Joint"	-0.0773839313162024	16354.68807738	0.613377513098955	45	"spearman"	0.818962364035962	""
"s_Eubacterium_F_sp003491505"	"Abundance"	"ileum_CCL2"	-0.17633588734392	16692.2062414102	0.252206418780494	44	"spearman"	0.818962364035962	""
"s_Eubacterium_F_sp003491505"	"Abundance"	"ileum_IL1b"	-0.112370908601518	15784.5431930555	0.467697239251625	44	"spearman"	0.818962364035962	""
"s_Eubacterium_F_sp003491505"	"Abundance"	"colon_CCL2"	0.182720707779052	11597.1931566152	0.23516224021756	44	"spearman"	0.818962364035962	""
"s_Eubacterium_F_sp003491505"	"Abundance"	"ileum_TNF"	-0.15282214134403	15267.9764399603	0.327898928324214	43	"spearman"	0.818962364035962	""
"s_Eubacterium_F_sp003491505"	"Abundance"	"ileum_CXCL1"	-0.149002707661154	11352.1467516922	0.365298603307903	39	"spearman"	0.818962364035962	""
"s_Eubacterium_F_sp003491505"	"Abundance"	"ileum_S100A8"	0.0901180223634669	7675.76436334179	0.595811456343715	37	"spearman"	0.818962364035962	""
"s_Eubacterium_F_sp003491505"	"Abundance"	"colon_IL10"	-0.118016892737734	9431.59050713552	0.486637544712612	37	"spearman"	0.818962364035962	""
"s_Eubacterium_F_sp003491505"	"Abundance"	"ileum_IL10"	0.14452378115534	6647.05022042301	0.400365972818193	36	"spearman"	0.818962364035962	""
"s_Eubacterium_F_sp003491505"	"Abundance"	"ileum_IFNg"	0.14073280744087	6135.16775487219	0.420027123803509	35	"spearman"	0.818962364035962	""
"s_Eubacterium_F_sp003491505"	"Abundance"	"colon_IFNg"	0.202517731605892	4351.06325635825	0.266309591561744	32	"spearman"	0.818962364035962	""
"s_Eubacterium_F_sp003491505"	"Abundance"	"score_day1"	0.178576208428655	4481.68820681326	0.32813434351395	32	"spearman"	0.818962364035962	""
"s_Eubacterium_F_sp003491505"	"Abundance"	"score_day5"	0.0804146708432838	4133.53605455944	0.672719084743826	30	"spearman"	0.818962364035962	""
"s_Eubacterium_F_sp003491505"	"Abundance"	"synov_IL1b"	0.293528220207723	257.155727844389	0.330372283547776	13	"spearman"	0.818962364035962	""
"s_Eubacterium_F_sp003491505"	"Abundance"	"synov_MMP13"	0.189492901653087	295.024583798276	0.535229298628345	13	"spearman"	0.818962364035962	""
"s_Eubacterium_F_sp003491505"	"Abundance"	"synov_IL17"	-0.156590017864312	190.837352947612	0.665735731112808	10	"spearman"	0.818962364035962	""
"s_Anaerostipes_caccae"	"Abundance"	"ileum_TNF"	0.0600013240666057	12449.3424640619	0.70230879187937	43	"spearman"	0.819360257192598	""
"s_Blautia_A_obeum"	"Abundance"	"score_day9"	0.0858705561917256	511.912488532634	0.760910679286557	15	"spearman"	0.819442270000907	""
"s_Blautia_A_faecis"	"Abundance"	"Patella_Joint"	-0.0769665908127105	16348.3528485369	0.61529819200662	45	"spearman"	0.82039758934216	""
"s_Blautia_A_faecis"	"Abundance"	"score_day5"	-0.0958174437898862	4925.69940983554	0.614489718720437	30	"spearman"	0.82039758934216	""
"s_Dielma_fastidiosa"	"Abundance"	"Femur_Inflammation"	-0.114808945168875	24637.2776882321	0.422419124445762	51	"spearman"	0.820884244649478	""
"s_Dielma_fastidiosa"	"Abundance"	"ileum_IL1b"	0.140544875658578	12195.6682144048	0.362844303921593	44	"spearman"	0.820884244649478	""
"s_Dielma_fastidiosa"	"Abundance"	"colon_CCL2"	-0.13037771261854	16040.0597420571	0.398926510837936	44	"spearman"	0.820884244649478	""
"s_Dielma_fastidiosa"	"Abundance"	"ileum_TNF"	0.142705899646599	11354.0030650804	0.361297942869889	43	"spearman"	0.820884244649478	""
"s_Dielma_fastidiosa"	"Abundance"	"ileum_CXCL1"	-0.133688651250235	11200.8438743523	0.417151111400335	39	"spearman"	0.820884244649478	""
"s_Dielma_fastidiosa"	"Abundance"	"colon_IL10"	0.205079062755139	6705.95302659765	0.223366726262596	37	"spearman"	0.820884244649478	""
"s_Dielma_fastidiosa"	"Abundance"	"ileum_IL10"	0.194511862951922	6258.64282486357	0.255629397901407	36	"spearman"	0.820884244649478	""
"s_Dielma_fastidiosa"	"Abundance"	"colon_IFNg"	-0.23783059005553	6753.60369934297	0.189943248451631	32	"spearman"	0.820884244649478	""
"s_Dielma_fastidiosa"	"Abundance"	"synov_CCL2"	-0.278779156136877	465.475612833823	0.356348066562034	13	"spearman"	0.820884244649478	""
"s_Dielma_fastidiosa"	"Abundance"	"synov_IL1b"	-0.350823207722812	491.699647611104	0.239879999790438	13	"spearman"	0.820884244649478	""
"s_Dielma_fastidiosa"	"Abundance"	"synov_MMP3"	-0.234926255171526	449.513156882435	0.439759416776506	13	"spearman"	0.820884244649478	""
"s_Dielma_fastidiosa"	"Abundance"	"synov_TNF"	0.234926255171526	278.486843117565	0.439759416776506	13	"spearman"	0.820884244649478	""
"s_Dielma_fastidiosa"	"Abundance"	"synov_CXCL1"	-0.332836759989204	381.191313356912	0.290455091278441	12	"spearman"	0.820884244649478	""
"s_Dielma_fastidiosa"	"Abundance"	"synov_IL6"	-0.499255139983806	428.786970035368	0.098435756584053	12	"spearman"	0.820884244649478	""
"s_CAG-267_sp001917135"	"Abundance"	"ileum_CCL2"	0.065452540798067	13261.2284460754	0.672939356473191	44	"spearman"	0.821519937703591	""
"s_CAG-267_sp001917135"	"Abundance"	"colon_CCL2"	0.0650540866644238	13266.8825102318	0.67481994882795	44	"spearman"	0.821519937703591	""
"s_Enterocloster_asparagiformis"	"Abundance"	"ileum_CCL2"	-0.0435127555194361	14807.4460008208	0.77912876892974	44	"spearman"	0.822265408696127	""
"s_Enterocloster_asparagiformis"	"Abundance"	"ileum_IL10"	-0.0453355262837871	8122.25703922503	0.79289878695698	36	"spearman"	0.822265408696127	""
"s_Enterocloster_asparagiformis"	"Abundance"	"colon_CXCL1"	0.0487641626034339	7391.10245657132	0.77761600694866	36	"spearman"	0.822265408696127	""
"s_Muricomes_contortus_B"	"Abundance"	"score_day9"	-0.202038708034202	673.141676499153	0.470228355132471	15	"spearman"	0.822899621481824	""
"s_Blautia_A_faecis"	"Abundance"	"ileum_CCL2"	-0.052824233623306	14939.5758751147	0.733444708433454	44	"spearman"	0.824064965164554	""
"s_Blautia_A_faecis"	"Abundance"	"colon_S100A8"	0.059738727049749	8593.04777349234	0.721637531722868	38	"spearman"	0.824064965164554	""
"s_Blautia_A_faecis"	"Abundance"	"ileum_IFNg"	0.0591384656818427	6717.75135503164	0.735772290325495	35	"spearman"	0.824064965164554	""
"s_Blautia_A_faecis"	"Abundance"	"colon_IFNg"	0.0737149101065872	5053.81145045846	0.688456742464312	32	"spearman"	0.824064965164554	""
"s_Oxalobacter_aliiformigenes"	"Abundance"	"ileum_TNF"	-0.105594644480909	14642.4954715052	0.500365739720876	43	"spearman"	0.82413180659909	""
"s_Oxalobacter_aliiformigenes"	"Abundance"	"synov_CXCL1"	-0.229473713501799	351.629482061514	0.473096623771817	12	"spearman"	0.82413180659909	""
"s_Bacteroides_xylanisolvens"	"Abundance"	"ileum_CCL2"	-0.0660554797539202	15127.3272577081	0.6700974005065	44	"spearman"	0.825441464860944	""
"s_Bacteroides_xylanisolvens"	"Abundance"	"ileum_TNF"	-0.0723366216539029	14202.0262171843	0.644820015782787	43	"spearman"	0.825441464860944	""
"s_Bacteroides_xylanisolvens"	"Abundance"	"ileum_IL10"	0.0644631448572733	7269.12136445899	0.70876319767968	36	"spearman"	0.825441464860944	""
"s_Bacteroides_xylanisolvens"	"Abundance"	"score_day9"	0.0947333852980506	506.949304233092	0.737001307911557	15	"spearman"	0.825441464860944	""
"s_Bacteroides_xylanisolvens"	"Abundance"	"synov_TNF"	0.121548816424163	319.756230821605	0.692426528534247	13	"spearman"	0.825441464860944	""
"s_Christensenella_massiliensis"	"Abundance"	"colon_IL10"	-0.0915207007161424	9208.06863124138	0.590077169828323	37	"spearman"	0.826108037759652	""
"s_Anaerostipes_caccae"	"Abundance"	"Patella_Joint"	0.0513539150914461	14400.4475689118	0.737610277561893	45	"spearman"	0.82612351086932	""
"s_UBA7173_sp001689485"	"Abundance"	"colon_IL1b"	0.0824866661962835	13927.8524071404	0.590103667058872	45	"spearman"	0.82614513388242	""
"s_UBA7173_sp001689485"	"Abundance"	"ileum_CXCL1"	0.0892186236566354	8998.51999827244	0.589113284480899	39	"spearman"	0.82614513388242	""
"s_UBA7173_sp001689485"	"Abundance"	"synov_MMP13"	0.169932916911579	302.144418244185	0.578874715423694	13	"spearman"	0.82614513388242	""
"s_Agathobaculum_hominis"	"Abundance"	"Femur_Joint"	0.0652592197455104	20657.7712436242	0.649126653948699	51	"spearman"	0.826161195934708	""
"s_Agathobaculum_hominis"	"Abundance"	"ileum_IL1b"	-0.0817420374877174	15349.9195119507	0.59785337341208	44	"spearman"	0.826161195934708	""
"s_Agathobaculum_hominis"	"Abundance"	"ileum_CXCL1"	-0.0761784825528316	10632.643407622	0.644850974858129	39	"spearman"	0.826161195934708	""
"s_Enterocloster_citroniae"	"Abundance"	"Femur_Inflammation"	-0.102144522081041	24357.393937991	0.475695723917255	51	"spearman"	0.82631848663701	""
"s_Enterocloster_citroniae"	"Abundance"	"ileum_CCL2"	0.122311157550546	12454.4046743578	0.428978893713854	44	"spearman"	0.82631848663701	""
"s_Enterocloster_citroniae"	"Abundance"	"colon_CCL2"	-0.131955863364287	16062.4537011392	0.39319341870507	44	"spearman"	0.82631848663701	""
"s_Enterocloster_citroniae"	"Abundance"	"ileum_CXCL1"	0.110852884273428	8784.77350337853	0.501693366886756	39	"spearman"	0.82631848663701	""
"s_Enterocloster_citroniae"	"Abundance"	"colon_S100A8"	0.134590192601067	7908.98022981885	0.420456316109262	38	"spearman"	0.82631848663701	""
"s_Enterocloster_citroniae"	"Abundance"	"ileum_S100A8"	0.174883205457969	6960.68527875658	0.300544285606993	37	"spearman"	0.82631848663701	""
"s_Enterocloster_citroniae"	"Abundance"	"colon_IFNg"	0.132898581325759	4730.90534028666	0.468388664786049	32	"spearman"	0.82631848663701	""
"s_Enterocloster_citroniae"	"Abundance"	"score_day5"	0.180419270971077	3684.01537698501	0.340049482520789	30	"spearman"	0.82631848663701	""
"s_Enterocloster_citroniae"	"Abundance"	"synov_MMP3"	-0.271234937660301	462.72951730835	0.37004736029588	13	"spearman"	0.82631848663701	""
"s_Enterocloster_citroniae"	"Abundance"	"synov_TNF"	0.352976973667515	235.516381585025	0.236806610697861	13	"spearman"	0.82631848663701	""
"s_Prevotella_intestinigallinarum"	"Abundance"	"Femur_Joint"	0.112071116666227	19623.2283216764	0.433640273639139	51	"spearman"	0.826743427891514	""
"s_Prevotella_intestinigallinarum"	"Abundance"	"Femur_Inflammation"	0.0459338098486222	21084.8628023454	0.74891550116368	51	"spearman"	0.826743427891514	""
"s_Prevotella_intestinigallinarum"	"Abundance"	"colon_IL1b"	0.0730266032083311	14071.4561632975	0.633554753549607	45	"spearman"	0.826743427891514	""
"s_Prevotella_intestinigallinarum"	"Abundance"	"Patella_Joint"	-0.039397734767108	15778.0576137647	0.797216876895389	45	"spearman"	0.826743427891514	""
"s_Prevotella_intestinigallinarum"	"Abundance"	"ileum_CCL2"	0.0924123408500529	12878.6688833377	0.550757101221986	44	"spearman"	0.826743427891514	""
"s_Prevotella_intestinigallinarum"	"Abundance"	"ileum_IL1b"	-0.0514294766469859	14919.7842736207	0.740234299852696	44	"spearman"	0.826743427891514	""
"s_Prevotella_intestinigallinarum"	"Abundance"	"colon_CCL2"	0.108437790275979	12651.2677559839	0.483516528202856	44	"spearman"	0.826743427891514	""
"s_Prevotella_intestinigallinarum"	"Abundance"	"ileum_TNF"	-0.152952126264093	15269.6979602416	0.327482754789191	43	"spearman"	0.826743427891514	""
"s_Prevotella_intestinigallinarum"	"Abundance"	"ileum_CXCL1"	0.0796896398044729	9092.66635873181	0.629636781762714	39	"spearman"	0.826743427891514	""
"s_Prevotella_intestinigallinarum"	"Abundance"	"colon_S100A8"	-0.0465044461919962	9564.00413374865	0.781590993392368	38	"spearman"	0.826743427891514	""
"s_Prevotella_intestinigallinarum"	"Abundance"	"ileum_S100A8"	0.12662148890842	7367.82111956857	0.455192406681359	37	"spearman"	0.826743427891514	""
"s_Prevotella_intestinigallinarum"	"Abundance"	"ileum_IL10"	0.120184973965942	6836.16275228463	0.48505349498177	36	"spearman"	0.826743427891514	""
"s_Prevotella_intestinigallinarum"	"Abundance"	"ileum_IFNg"	0.105656002999638	6385.61613858258	0.545801635278205	35	"spearman"	0.826743427891514	""
"s_Prevotella_intestinigallinarum"	"Abundance"	"colon_IFNg"	0.0496682601415794	5185.00997266754	0.787195531305773	32	"spearman"	0.826743427891514	""
"s_Prevotella_intestinigallinarum"	"Abundance"	"score_day5"	0.0766562385878157	4150.43020754777	0.687230609074428	30	"spearman"	0.826743427891514	""
"s_Prevotella_intestinigallinarum"	"Abundance"	"synov_CCL2"	0.19360927643644	293.526223377136	0.526229434265326	13	"spearman"	0.826743427891514	""
"s_Prevotella_intestinigallinarum"	"Abundance"	"synov_MMP3"	0.271630925149632	265.126343245534	0.369321430770646	13	"spearman"	0.826743427891514	""
"s_Prevotella_intestinigallinarum"	"Abundance"	"synov_TNF"	-0.0838010300993547	394.503574956165	0.785481991628952	13	"spearman"	0.826743427891514	""
"s_Bacteroides_fragilis"	"Abundance"	"ileum_IL10"	-0.0765357430800606	8364.68272373207	0.657288609464819	36	"spearman"	0.826762547987758	""
"s_Bacteroides_fragilis"	"Abundance"	"score_day9"	0.116551443107159	494.731191859991	0.67912637870423	15	"spearman"	0.826762547987758	""
"s_Ruminococcus_E_intestinalis"	"Abundance"	"ileum_S100A8"	0.0771912568605106	7784.81455712473	0.649757557552675	37	"spearman"	0.82696416415795	""
"s_Barnesiella_intestinihominis"	"Abundance"	"Patella_Joint"	0.051556128191424	14397.3779740542	0.736614056551181	45	"spearman"	0.827297318590126	""
"s_Barnesiella_intestinihominis"	"Abundance"	"colon_IL10"	-0.0567521779545029	8914.76137322419	0.738658320169755	37	"spearman"	0.827297318590126	""
"s_Barnesiella_intestinihominis"	"Abundance"	"colon_CXCL1"	0.061401909900469	7292.90716007336	0.722031136759695	36	"spearman"	0.827297318590126	""
"s_Barnesiella_intestinihominis"	"Abundance"	"synov_CCL2"	0.128146134064469	317.354807200533	0.676525003534106	13	"spearman"	0.827297318590126	""
"s_Collinsella_intestinalis"	"Abundance"	"Patella_Joint"	0.0941031809243376	13751.5137135686	0.53864299764086	45	"spearman"	0.82735586523907	""
"s_Collinsella_intestinalis"	"Abundance"	"score_day9"	0.163083218909898	468.673397410457	0.561420051412226	15	"spearman"	0.82735586523907	""
"s_Diplocloster_modestus"	"Abundance"	"ileum_IL1b"	-0.0831865040844796	15370.4164929588	0.591375725365877	44	"spearman"	0.827926015512227	""
"s_Phocaeicola_massiliensis"	"Abundance"	"synov_MMP3"	-0.232953131359118	448.794939814719	0.443721645158179	13	"spearman"	0.828280404295268	""
"s_Ruminococcus_C_callidus"	"Abundance"	"colon_TNF"	0.0939399266245978	13753.9919138386	0.539350879716399	45	"spearman"	0.829770584179075	""
"s_Ruminococcus_C_callidus"	"Abundance"	"ileum_IL1b"	-0.098908768138661	15593.5154198876	0.52297376108512	44	"spearman"	0.829770584179075	""
"s_Alistipes_onderdonkii"	"Abundance"	"colon_IL10"	0.138074330614553	7271.20494693563	0.415094587900828	37	"spearman"	0.830189175801656	""
"s_Bacteroides_eggerthii"	"Abundance"	"ileum_IL10"	0.0637990636792975	7274.28127521186	0.711634441031533	36	"spearman"	0.830240181203456	""
"s_Bacteroides_rodentium"	"Abundance"	"colon_IL10"	-0.191856156605849	10054.4985371269	0.255301254548907	37	"spearman"	0.830858821646175	""
"s_Bacteroides_rodentium"	"Abundance"	"ileum_IL10"	0.178814082025154	6380.61458266455	0.296735293445063	36	"spearman"	0.830858821646175	""
"s_Bacteroides_rodentium"	"Abundance"	"ileum_IFNg"	0.208119767123281	5654.02486273977	0.230244881202523	35	"spearman"	0.830858821646175	""
"s_Bacteroides_rodentium"	"Abundance"	"score_day1"	0.194202129323648	4396.43318241018	0.286854871304509	32	"spearman"	0.830858821646175	""
"s_Anaerofustis_stercorihominis_A"	"Abundance"	"colon_CCL2"	0.268242185852635	10383.6433827511	0.0783201255184212	44	"spearman"	0.830963611699615	""
"s_Anaerofustis_stercorihominis_A"	"Abundance"	"colon_CXCL1"	0.28474739872575	5557.51271190092	0.0923292901888461	36	"spearman"	0.830963611699615	""
"s_Anaerofustis_stercorihominis_A"	"Abundance"	"colon_IFNg"	0.334993432357754	3628.27583305609	0.0609061000601548	32	"spearman"	0.830963611699615	""
"s_Blautia_A_ammoniilytica"	"Abundance"	"Femur_Joint"	0.0416477980391724	21179.5836633343	0.771680703580634	51	"spearman"	0.831040757702221	""
"s_Fournierella_sp900543285"	"Abundance"	"ileum_IL10"	-0.0705300675465056	8318.01862483635	0.682719214114098	36	"spearman"	0.831136434573684	""
"s_Schaedlerella_glycyrrhizinilytica_A"	"Abundance"	"colon_IL1b"	-0.133774436848394	17210.6959513586	0.380986181380999	45	"spearman"	0.831242577558544	""
"s_Schaedlerella_glycyrrhizinilytica_A"	"Abundance"	"score_day1"	-0.165895320732799	6361.12486991815	0.364185352589794	32	"spearman"	0.831242577558544	""
"s_Schaedlerella_glycyrrhizinilytica_A"	"Abundance"	"score_day5"	-0.186268498718324	5332.27690173887	0.324357041279384	30	"spearman"	0.831242577558544	""
"s_Phocaeicola_massiliensis"	"Abundance"	"ileum_IL1b"	-0.0748112011649291	15251.5709445303	0.629356565936071	44	"spearman"	0.83156532515092	""
"s_Phocaeicola_massiliensis"	"Abundance"	"colon_CCL2"	-0.0853865691710914	15401.6354165378	0.581569855632021	44	"spearman"	0.83156532515092	""
"s_Phocaeicola_massiliensis"	"Abundance"	"ileum_CXCL1"	-0.107385915023974	10940.9728404369	0.515245690679752	39	"spearman"	0.83156532515092	""
"s_Phocaeicola_massiliensis"	"Abundance"	"colon_S100A8"	-0.0834401157323151	9901.55921767763	0.618450776182141	38	"spearman"	0.83156532515092	""
"s_Phocaeicola_massiliensis"	"Abundance"	"ileum_S100A8"	-0.115565915353659	9410.91406192347	0.495795381497395	37	"spearman"	0.83156532515092	""
"s_Phocaeicola_massiliensis"	"Abundance"	"colon_IL10"	0.0763408758297039	7791.98837150062	0.653372755475722	37	"spearman"	0.83156532515092	""
"s_Phocaeicola_massiliensis"	"Abundance"	"score_day9"	-0.164274164164591	651.993531932171	0.558525414989213	15	"spearman"	0.83156532515092	""
"s_Massilioclostridium_facile"	"Abundance"	"Femur_Inflammation"	0.122983174976597	19382.0718330172	0.389914457236963	51	"spearman"	0.831690770671681	""
"s_Massilioclostridium_facile"	"Abundance"	"Patella_Joint"	0.109698240969817	13514.7807020782	0.47316451443138	45	"spearman"	0.831690770671681	""
"s_Massilioclostridium_facile"	"Abundance"	"ileum_CCL2"	-0.190789422613873	16897.3019068909	0.214770622981953	44	"spearman"	0.831690770671681	""
"s_Massilioclostridium_facile"	"Abundance"	"ileum_IL1b"	-0.183884175414712	16799.3164491348	0.232143158597349	44	"spearman"	0.831690770671681	""
"s_Massilioclostridium_facile"	"Abundance"	"ileum_CXCL1"	-0.150697577284708	11368.8920635729	0.35980780521145	39	"spearman"	0.831690770671681	""
"s_Massilioclostridium_facile"	"Abundance"	"ileum_S100A8"	-0.136021624432501	9583.47842371258	0.422130621837506	37	"spearman"	0.831690770671681	""
"s_Massilioclostridium_facile"	"Abundance"	"colon_IL10"	0.128956924263957	7348.11938690926	0.446850725452071	37	"spearman"	0.831690770671681	""
"s_Massilioclostridium_facile"	"Abundance"	"ileum_IL10"	0.12287781643985	6815.23936626237	0.475251868955246	36	"spearman"	0.831690770671681	""
"s_Massilioclostridium_facile"	"Abundance"	"colon_IFNg"	-0.257250497599371	6859.55871490217	0.155205633181346	32	"spearman"	0.831690770671681	""
"s_Massilioclostridium_facile"	"Abundance"	"synov_IL1b"	-0.349261426576278	491.131159273765	0.242123601642221	13	"spearman"	0.831690770671681	""
"s_Massilioclostridium_facile"	"Abundance"	"synov_MMP13"	-0.286097126025249	468.139353873191	0.343325475429557	13	"spearman"	0.831690770671681	""
"s_Massilioclostridium_facile"	"Abundance"	"synov_IL6"	-0.339621095982662	383.131633451041	0.280122650404439	12	"spearman"	0.831690770671681	""
"s_Agathobaculum_hominis"	"Abundance"	"score_day9"	-0.114991914915214	624.39547235252	0.683212672133512	15	"spearman"	0.83173716607558	""
"s_Lachnospira_sp000436535"	"Abundance"	"ileum_CCL2"	-0.0674667404873102	15147.3530475149	0.663463239890615	44	"spearman"	0.831946701996943	""
"s_Lachnospira_sp000436535"	"Abundance"	"synov_MMP3"	0.125294002758147	318.392982996035	0.683384790926061	13	"spearman"	0.831946701996943	""
"s_Alistipes_communis"	"Abundance"	"ileum_CCL2"	-0.0562366995988387	14987.9987673075	0.71691846654697	44	"spearman"	0.832041292985135	""
"s_Alistipes_communis"	"Abundance"	"colon_CCL2"	0.0670837740453752	13238.0812462961	0.665261031186619	44	"spearman"	0.832041292985135	""
"s_Alistipes_communis"	"Abundance"	"ileum_CXCL1"	0.0549738611013095	9336.85825231906	0.739592260431231	39	"spearman"	0.832041292985135	""
"s_Alistipes_communis"	"Abundance"	"colon_S100A8"	-0.0680827756783323	9761.20848692428	0.684637937598301	38	"spearman"	0.832041292985135	""
"s_Alistipes_communis"	"Abundance"	"ileum_IL10"	0.0665776394350846	7252.69174158939	0.699647362571238	36	"spearman"	0.832041292985135	""
"s_Alistipes_communis"	"Abundance"	"colon_CXCL1"	-0.111671434230195	8637.68704396862	0.516716511457673	36	"spearman"	0.832041292985135	""
"s_Alistipes_communis"	"Abundance"	"ileum_IFNg"	0.101908294738333	6412.3747755683	0.56021517240705	35	"spearman"	0.832041292985135	""
"s_Alistipes_communis"	"Abundance"	"score_day5"	0.103621546503054	4029.22114846877	0.585813605254832	30	"spearman"	0.832041292985135	""
"s_Alistipes_communis"	"Abundance"	"synov_IL1b"	0.154303349962092	307.833580613799	0.614737347343485	13	"spearman"	0.832041292985135	""
"s_Anaerotruncus_colihominis"	"Abundance"	"ileum_IL1b"	0.0891979985596162	12924.280400439	0.564757800660682	44	"spearman"	0.832274653605215	""
"s_Anaerotruncus_colihominis"	"Abundance"	"ileum_CXCL1"	-0.106025817061792	10927.5350725705	0.520611601599047	39	"spearman"	0.832274653605215	""
"s_Anaerotruncus_colihominis"	"Abundance"	"colon_IFNg"	0.125706407001657	4770.14584339896	0.493004456015938	32	"spearman"	0.832274653605215	""
"s_Anaerotruncus_colihominis"	"Abundance"	"synov_IL17"	-0.216243358003098	200.680154070511	0.548473517210847	10	"spearman"	0.832274653605215	""
"s_Alistipes_putredinis"	"Abundance"	"ileum_IFNg"	0.0709012812837748	6633.76485163385	0.685672975221677	35	"spearman"	0.834732317661172	""
"s_Cryptobacteroides_sp000431015"	"Abundance"	"Femur_Inflammation"	-0.126918953205623	24904.9088658443	0.374804974618126	51	"spearman"	0.835421639578789	""
"s_Cryptobacteroides_sp000431015"	"Abundance"	"colon_IL1b"	-0.120724527399522	17012.5983259247	0.429556317833993	45	"spearman"	0.835421639578789	""
"s_Cryptobacteroides_sp000431015"	"Abundance"	"ileum_CCL2"	0.117485311014625	12522.8834367025	0.447547306917208	44	"spearman"	0.835421639578789	""
"s_Cryptobacteroides_sp000431015"	"Abundance"	"colon_CCL2"	-0.132504713737207	16070.241887931	0.391210892765725	44	"spearman"	0.835421639578789	""
"s_Cryptobacteroides_sp000431015"	"Abundance"	"ileum_S100A8"	-0.152913102165347	9725.97492986687	0.366239746729504	37	"spearman"	0.835421639578789	""
"s_Cryptobacteroides_sp000431015"	"Abundance"	"colon_CXCL1"	-0.149645903462915	8932.74866990685	0.383695292143919	36	"spearman"	0.835421639578789	""
"s_Cryptobacteroides_sp000431015"	"Abundance"	"colon_IFNg"	-0.262723693693129	6889.42047278971	0.146301059905644	32	"spearman"	0.835421639578789	""
"s_Cryptobacteroides_sp000431015"	"Abundance"	"score_day1"	-0.161269915067479	6335.88865660816	0.377897729209578	32	"spearman"	0.835421639578789	""
"s_Cryptobacteroides_sp000431015"	"Abundance"	"score_day5"	-0.214440281580063	5458.90906570238	0.255150136887326	30	"spearman"	0.835421639578789	""
"s_Cryptobacteroides_sp000431015"	"Abundance"	"synov_CCL2"	-0.315414931470873	478.811035055398	0.293828936238073	13	"spearman"	0.835421639578789	""
"s_Cryptobacteroides_sp000431015"	"Abundance"	"synov_IL1b"	-0.429501183279487	520.338430713733	0.143008535262105	13	"spearman"	0.835421639578789	""
"s_Cryptobacteroides_sp000431015"	"Abundance"	"synov_MMP13"	-0.382524491358293	503.238914854419	0.197055899189515	13	"spearman"	0.835421639578789	""
"s_Cryptobacteroides_sp000431015"	"Abundance"	"synov_IL6"	-0.413052684303238	404.133067710726	0.182021678682794	12	"spearman"	0.835421639578789	""
"s_Cryptobacteroides_sp000431015"	"Abundance"	"synov_IL17"	0.588199202255373	67.9471316278635	0.073681455883843	10	"spearman"	0.835421639578789	""
"s_Luxibacter_massiliensis"	"Abundance"	"ileum_IL10"	-0.130440342990993	8783.52146504002	0.448289525085511	36	"spearman"	0.836807113492954	""
"s_Parasutterella_gallistercoris"	"Abundance"	"Femur_Inflammation"	-0.0577183895447554	23375.5764089391	0.687456842373865	51	"spearman"	0.836903982020357	""
"s_Christensenella_massiliensis"	"Abundance"	"Patella_Joint"	0.0433867246670892	14521.3895195536	0.777184400132088	45	"spearman"	0.836967815526864	""
"s_Christensenella_massiliensis"	"Abundance"	"ileum_CCL2"	0.0473564620728235	13518.0118031866	0.76017169215382	44	"spearman"	0.836967815526864	""
"s_Christensenella_massiliensis"	"Abundance"	"ileum_TNF"	-0.0565696995409165	13993.2091007199	0.718615173127963	43	"spearman"	0.836967815526864	""
"s_Christensenella_massiliensis"	"Abundance"	"ileum_IL10"	-0.052802623286991	8180.27638293992	0.759720244147374	36	"spearman"	0.836967815526864	""
"s_Christensenella_massiliensis"	"Abundance"	"synov_TNF"	0.13421911977484	315.144240401958	0.661995461046093	13	"spearman"	0.836967815526864	""
"s_Christensenella_massiliensis"	"Abundance"	"synov_IL17"	-0.147049800563843	189.263217093034	0.685194489856953	10	"spearman"	0.836967815526864	""
"s_Enterocloster_citroniae"	"Abundance"	"Femur_Joint"	-0.0695342530535119	23636.7069924826	0.627782182871819	51	"spearman"	0.837042910495759	""
"s_Enterocloster_citroniae"	"Abundance"	"ileum_IL10"	-0.0932740309479529	8494.73922046559	0.588455673830249	36	"spearman"	0.837042910495759	""
"s_Enterocloster_citroniae"	"Abundance"	"colon_CXCL1"	0.105176688399249	6952.77713113784	0.541539921999788	36	"spearman"	0.837042910495759	""
"s_Enterocloster_citroniae"	"Abundance"	"score_day1"	-0.093561799968088	5966.47318062589	0.610522494939796	32	"spearman"	0.837042910495759	""
"s_UBA3282_sp003611805"	"Abundance"	"ileum_IL10"	-0.0554831002887359	8201.10368924348	0.747909011974871	36	"spearman"	0.837658093411856	""
"s_UBA3282_sp003611805"	"Abundance"	"colon_IFNg"	0.0606238441704257	5125.23630620616	0.741702669492698	32	"spearman"	0.837658093411856	""
"s_UBA3282_sp003611805"	"Abundance"	"synov_TNF"	0.106918555644004	325.081645745582	0.728098659469959	13	"spearman"	0.837658093411856	""
"s_Dorea_A_longicatena"	"Abundance"	"Femur_Joint"	-0.0703876855750758	23655.5678512092	0.623556321321722	51	"spearman"	0.838831105579654	""
"s_Dorea_A_longicatena"	"Abundance"	"colon_IL1b"	-0.0931419085051472	16593.8941711081	0.542817597307295	45	"spearman"	0.838831105579654	""
"s_Dorea_A_longicatena"	"Abundance"	"colon_CCL2"	-0.137844336735917	16146.0111382827	0.372230442393732	44	"spearman"	0.838831105579654	""
"s_Dorea_A_longicatena"	"Abundance"	"colon_S100A8"	0.0809211222796746	8399.46186348605	0.629123329184741	38	"spearman"	0.838831105579654	""
"s_Dorea_A_longicatena"	"Abundance"	"ileum_S100A8"	-0.125436427310989	9494.18170079551	0.459457041422409	37	"spearman"	0.838831105579654	""
"s_Dorea_A_longicatena"	"Abundance"	"ileum_IL10"	-0.0944972946820556	8504.24397967957	0.583552412777405	36	"spearman"	0.838831105579654	""
"s_Dorea_A_longicatena"	"Abundance"	"colon_CXCL1"	0.139052410892407	6689.562767366	0.418624118268438	36	"spearman"	0.838831105579654	""
"s_Dorea_A_longicatena"	"Abundance"	"ileum_IFNg"	-0.109766894581338	7923.73562731076	0.530195959492775	35	"spearman"	0.838831105579654	""
"s_Desulfovibrio_sp900556755"	"Abundance"	"ileum_CCL2"	0.10497545486881	12700.3982954116	0.497670441389906	44	"spearman"	0.839424481166311	""
"s_Desulfovibrio_sp900556755"	"Abundance"	"score_day9"	-0.184808434685165	663.492723423692	0.509650577850974	15	"spearman"	0.839424481166311	""
"s_Bacteroides_nordii"	"Abundance"	"ileum_TNF"	-0.0318078884638211	13665.2636748148	0.839538984060297	43	"spearman"	0.839538984060297	""
"s_Bacteroides_nordii"	"Abundance"	"synov_TNF"	-0.0716778865720364	390.090750712221	0.815997814256578	13	"spearman"	0.839538984060297	""
"s_UBA7173_sp001689485"	"Abundance"	"synov_TNF"	0.147646632726454	310.256625687571	0.630260221432822	13	"spearman"	0.84034696191043	""
"s_Avimicrobium_caecorum"	"Abundance"	"colon_S100A8"	0.0949352106121863	8271.38711021523	0.570745664962983	38	"spearman"	0.841098874682291	""
"s_Massilioclostridium_facile"	"Abundance"	"ileum_TNF"	0.0958867924046917	11974.0753213923	0.540765594702293	43	"spearman"	0.841190925092456	""
"s_Massilioclostridium_facile"	"Abundance"	"colon_S100A8"	0.109259987085159	8140.47297802873	0.513766607053046	38	"spearman"	0.841190925092456	""
"s_Bacteroides_intestinigallinarum"	"Abundance"	"colon_IFNg"	-0.0730678593102984	5854.65824039699	0.691056797713906	32	"spearman"	0.841286536347364	""
"s_Bacteroides_intestinigallinarum"	"Abundance"	"synov_MMP3"	0.131558702896054	316.112632145836	0.668347417390251	13	"spearman"	0.841286536347364	""
"s_Bacteroides_rodentium"	"Abundance"	"Femur_Joint"	0.132864905147797	19163.6855962337	0.352654944102515	51	"spearman"	0.841581709151666	""
"s_Bacteroides_rodentium"	"Abundance"	"Femur_Inflammation"	0.0736112295782393	20473.1918263209	0.607703558289145	51	"spearman"	0.841581709151666	""
"s_Bacteroides_rodentium"	"Abundance"	"colon_IL1b"	-0.0378158510549943	15754.0446190148	0.805197606834276	45	"spearman"	0.841581709151666	""
"s_Bacteroides_rodentium"	"Abundance"	"Patella_Joint"	-0.0663684823712311	16187.4735623953	0.664896296422036	45	"spearman"	0.841581709151666	""
"s_Bacteroides_rodentium"	"Abundance"	"ileum_CCL2"	-0.111433117440334	15771.2359364783	0.471443808022258	44	"spearman"	0.841581709151666	""
"s_Bacteroides_rodentium"	"Abundance"	"ileum_IL1b"	-0.0577152583276214	15008.9795156689	0.709796916809196	44	"spearman"	0.841581709151666	""
"s_Bacteroides_rodentium"	"Abundance"	"colon_CCL2"	0.0370019511177895	13664.9423136386	0.811525219539107	44	"spearman"	0.841581709151666	""
"s_Bacteroides_rodentium"	"Abundance"	"ileum_TNF"	-0.089173054199972	14425.0079298244	0.569593091883404	43	"spearman"	0.841581709151666	""
"s_Bacteroides_rodentium"	"Abundance"	"ileum_CXCL1"	-0.070388224194489	10575.4356550416	0.670252571639757	39	"spearman"	0.841581709151666	""
"s_Bacteroides_rodentium"	"Abundance"	"colon_S100A8"	-0.0599729255134234	9687.09256626718	0.720590014827028	38	"spearman"	0.841581709151666	""
"s_Bacteroides_rodentium"	"Abundance"	"ileum_S100A8"	0.0470716141304018	8038.90386319593	0.78204782548813	37	"spearman"	0.841581709151666	""
"s_Bacteroides_rodentium"	"Abundance"	"colon_CXCL1"	0.0741552796434987	7193.81347717001	0.667325185074845	36	"spearman"	0.841581709151666	""
"s_Bacteroides_rodentium"	"Abundance"	"score_day5"	0.110010277158843	4000.503804171	0.562785636197431	30	"spearman"	0.841581709151666	""
"s_Bacteroides_rodentium"	"Abundance"	"score_day9"	0.196135247942103	450.164261152422	0.483565670466498	15	"spearman"	0.841581709151666	""
"s_Bacteroides_rodentium"	"Abundance"	"synov_IL1b"	0.161062943729808	305.37308848235	0.59912431454481	13	"spearman"	0.841581709151666	""
"s_Bacteroides_rodentium"	"Abundance"	"synov_MMP13"	0.0738205158761618	337.129332221077	0.810585846166201	13	"spearman"	0.841581709151666	""
"s_Bacteroides_rodentium"	"Abundance"	"synov_TNF"	0.120797207797356	320.029816361762	0.694245656722263	13	"spearman"	0.841581709151666	""
"s_Bifidobacterium_globosum"	"Abundance"	"ileum_IL10"	-0.149694801484946	8933.12860753803	0.383538129840979	36	"spearman"	0.841702733261	""
"s_Bifidobacterium_globosum"	"Abundance"	"synov_TNF"	0.26008829638659	269.327860115281	0.390790554728321	13	"spearman"	0.841702733261	""
"s_Enterocloster_aldenensis"	"Abundance"	"ileum_CXCL1"	-0.0523332323766283	10397.0523358811	0.751695456193849	39	"spearman"	0.841898910937111	""
"s_Anaerostipes_hadrus"	"Abundance"	"colon_IL1b"	0.0758492488054987	14028.6084031325	0.620452913347877	45	"spearman"	0.841948142955361	""
"s_Anaerostipes_hadrus"	"Abundance"	"colon_S100A8"	0.0752735352116089	8451.07516170111	0.653319941748798	38	"spearman"	0.841948142955361	""
"s_Anaerostipes_hadrus"	"Abundance"	"score_day5"	0.0833327849478238	4120.41913165953	0.661530683750641	30	"spearman"	0.841948142955361	""
"s_Alistipes_onderdonkii"	"Abundance"	"Femur_Inflammation"	0.100541862259225	19878.0248440711	0.482682894346612	51	"spearman"	0.842048213168037	""
"s_Alistipes_onderdonkii"	"Abundance"	"ileum_IL1b"	-0.0951208950294022	15539.7655004672	0.539088783506286	44	"spearman"	0.842048213168037	""
"s_Alistipes_onderdonkii"	"Abundance"	"ileum_S100A8"	-0.119822714978767	9446.82442356087	0.479946654433347	37	"spearman"	0.842048213168037	""
"s_Alistipes_onderdonkii"	"Abundance"	"colon_CXCL1"	0.0900504711160235	7070.3078394285	0.601463009405741	36	"spearman"	0.842048213168037	""
"s_Alistipes_onderdonkii"	"Abundance"	"score_day9"	-0.147846747748132	642.794178738954	0.599001643169057	15	"spearman"	0.842048213168037	""
"s_Alistipes_onderdonkii"	"Abundance"	"synov_MMP3"	-0.16777389971855	425.069699497552	0.583778197137412	13	"spearman"	0.842048213168037	""
"s_Muricomes_contortus_B"	"Abundance"	"colon_IFNg"	-0.114563285239657	6081.05728426757	0.532401129174815	32	"spearman"	0.842086077056648	""
"s_Muricomes_contortus_B"	"Abundance"	"synov_CCL2"	-0.186813186813187	432	0.541341049536417	13	"spearman"	0.842086077056648	""
"s_Ruminococcus_C_callidus"	"Abundance"	"colon_IL10"	-0.0916480712090589	9209.14312871962	0.589557673286744	37	"spearman"	0.842225247552491	""
"s_Bacteroides_stercoris"	"Abundance"	"colon_IL1b"	0.131973147914398	13176.6476146594	0.387489588856809	45	"spearman"	0.842523802381951	""
"s_Bacteroides_stercoris"	"Abundance"	"Patella_Joint"	-0.185645094653085	17998.0925368338	0.222105681338762	45	"spearman"	0.842523802381951	""
"s_Bacteroides_stercoris"	"Abundance"	"ileum_IL1b"	-0.122136319755441	15923.1143773297	0.429643984346753	44	"spearman"	0.842523802381951	""
"s_Bacteroides_stercoris"	"Abundance"	"ileum_TNF"	-0.0937586643025527	14485.739750023	0.54982688247033	43	"spearman"	0.842523802381951	""
"s_Bacteroides_stercoris"	"Abundance"	"ileum_CXCL1"	0.107798192465466	8814.95385844119	0.513624614538509	39	"spearman"	0.842523802381951	""
"s_Bacteroides_stercoris"	"Abundance"	"colon_S100A8"	-0.157371045913715	10577.2139886054	0.345378475808148	38	"spearman"	0.842523802381951	""
"s_Bacteroides_stercoris"	"Abundance"	"colon_IL10"	-0.17859269947616	9942.60801278088	0.290245602642541	37	"spearman"	0.842523802381951	""
"s_Bacteroides_stercoris"	"Abundance"	"ileum_IL10"	-0.0974701720294391	8527.34323666874	0.571712580187752	36	"spearman"	0.842523802381951	""
"s_Bacteroides_stercoris"	"Abundance"	"ileum_IFNg"	-0.115411522786331	7964.03827269441	0.509126450645521	35	"spearman"	0.842523802381951	""
"s_Bacteroides_stercoris"	"Abundance"	"colon_IFNg"	0.15745702639204	4596.91446400503	0.389424936761543	32	"spearman"	0.842523802381951	""
"s_Bacteroides_stercoris"	"Abundance"	"score_day5"	0.112542971892768	3989.11934134201	0.553772474687892	30	"spearman"	0.842523802381951	""
"s_Bacteroides_stercoris"	"Abundance"	"synov_IL1b"	0.203087345287436	290.076206315373	0.505762723852831	13	"spearman"	0.842523802381951	""
"s_Bacteroides_stercoris"	"Abundance"	"synov_MMP13"	0.256845760216464	270.508143281207	0.396935794581829	13	"spearman"	0.842523802381951	""
"s_Bacteroides_stercoris"	"Abundance"	"synov_MMP3"	0.322550489574164	246.591621795004	0.282439737884628	13	"spearman"	0.842523802381951	""
"s_Bacteroides_stercoris"	"Abundance"	"synov_IL17"	-0.325158807729976	218.651203275446	0.359267465344641	10	"spearman"	0.842523802381951	""
"s_Cryptobacteroides_sp000431015"	"Abundance"	"Femur_Joint"	-0.100789637382281	24327.4509861484	0.481599142362301	51	"spearman"	0.842798499134027	""
"uc_g_Dialister"	"Abundance"	"ileum_IL10"	0.0474257717381795	7401.50175359435	0.783572309797531	36	"spearman"	0.843847102858879	""
"s_Enterocloster_asparagiformis"	"Abundance"	"synov_TNF"	0.0606835045547051	341.911204342087	0.843881660532073	13	"spearman"	0.843881660532073	""
"s_Caecibacter_massiliensis"	"Abundance"	"colon_S100A8"	0.0460384416811474	8718.25468147599	0.783727191152137	38	"spearman"	0.84401389816384	""
"s_Paramuribaculum_sp910588065"	"Abundance"	"Patella_Joint"	-0.035845266916856	15724.1311517979	0.815166724447571	45	"spearman"	0.84460659172236	""
"s_Paramuribaculum_sp910588065"	"Abundance"	"synov_CCL2"	-0.0603986038986779	385.985091819119	0.84460659172236	13	"spearman"	0.84460659172236	""
"s_Phocaeicola_plebeius_A"	"Abundance"	"Femur_Joint"	0.0912636527261412	20083.0732747523	0.524172755246418	51	"spearman"	0.844684035348201	""
"s_Phocaeicola_plebeius_A"	"Abundance"	"Femur_Inflammation"	0.0674765697117062	20608.7678093713	0.638019569868322	51	"spearman"	0.844684035348201	""
"s_Phocaeicola_plebeius_A"	"Abundance"	"Patella_Joint"	-0.0725246821306862	16280.9246747438	0.635896319641328	45	"spearman"	0.844684035348201	""
"s_Phocaeicola_plebeius_A"	"Abundance"	"colon_S100A8"	-0.0728806180630081	9805.05596847783	0.663680313487872	38	"spearman"	0.844684035348201	""
"s_Phocaeicola_plebeius_A"	"Abundance"	"colon_IFNg"	0.103754581039484	4889.91500584858	0.572004385443715	32	"spearman"	0.844684035348201	""
"s_Phocaeicola_plebeius_A"	"Abundance"	"score_day5"	0.102584583450621	4033.88229738946	0.589589912999397	30	"spearman"	0.844684035348201	""
"s_Phocaeicola_plebeius_A"	"Abundance"	"synov_CCL2"	0.19360927643644	293.526223377136	0.526229434265326	13	"spearman"	0.844684035348201	""
"s_Bifidobacterium_globosum"	"Abundance"	"Femur_Joint"	-0.0805964725373714	23881.1820430759	0.573965649142121	51	"spearman"	0.845844114525231	""
"s_Bifidobacterium_globosum"	"Abundance"	"ileum_CCL2"	-0.0886165016968071	15447.4681590777	0.567308132372287	44	"spearman"	0.845844114525231	""
"s_Bifidobacterium_globosum"	"Abundance"	"ileum_IFNg"	-0.106101308619398	7897.5633435425	0.544100743941573	35	"spearman"	0.845844114525231	""
"s_Bifidobacterium_globosum"	"Abundance"	"score_day1"	-0.132414243330837	6178.45211161305	0.470025789457841	32	"spearman"	0.845844114525231	""
"s_Bifidobacterium_globosum"	"Abundance"	"synov_CXCL1"	-0.220294764961727	349.004302779054	0.491450645241388	12	"spearman"	0.845844114525231	""
"s_Bifidobacterium_globosum"	"Abundance"	"synov_IL17"	0.216249706711534	129.318798392597	0.548461488011681	10	"spearman"	0.845844114525231	""
"s_Prevotella_sp900313215"	"Abundance"	"ileum_IL10"	0.112480922553722	6896.02323175758	0.513662568528408	36	"spearman"	0.846032465811495	""
"s_Clostridium_AQ_innocuum"	"Abundance"	"Patella_Joint"	0.130493666224857	13199.1061467067	0.392879641130067	45	"spearman"	0.846202303972453	""
"uc_g_Dorea_A"	"Abundance"	"Femur_Joint"	0.0619108185490052	20731.770910067	0.666042954652938	51	"spearman"	0.846499622509938	""
"uc_g_Dorea_A"	"Abundance"	"colon_IL1b"	-0.0629824508051281	16136.0736032218	0.681059023826166	45	"spearman"	0.846499622509938	""
"uc_g_Dorea_A"	"Abundance"	"colon_CCL2"	-0.0570824775708661	15000.0003567306	0.71284178737679	44	"spearman"	0.846499622509938	""
"s_Odoribacter_splanchnicus"	"Abundance"	"Femur_Inflammation"	0.0445003027047105	21116.5433102259	0.756507087490334	51	"spearman"	0.847287937989175	""
"s_Odoribacter_splanchnicus"	"Abundance"	"ileum_CCL2"	0.0685068133391112	13217.888318718	0.658590177527048	44	"spearman"	0.847287937989175	""
"s_Odoribacter_splanchnicus"	"Abundance"	"colon_CCL2"	0.0611003223616725	13322.9864256879	0.693585150217875	44	"spearman"	0.847287937989175	""
"s_Odoribacter_splanchnicus"	"Abundance"	"ileum_TNF"	-0.0541646331318295	13961.3564011979	0.730118052347796	43	"spearman"	0.847287937989175	""
"s_Odoribacter_splanchnicus"	"Abundance"	"ileum_CXCL1"	0.0730593074134409	9158.1740427552	0.658487565967273	39	"spearman"	0.847287937989175	""
"s_Odoribacter_splanchnicus"	"Abundance"	"colon_S100A8"	-0.0694834546425041	9774.00929197785	0.678494653672415	38	"spearman"	0.847287937989175	""
"s_Odoribacter_splanchnicus"	"Abundance"	"ileum_S100A8"	0.0777541785940098	7780.06574938093	0.64736875073816	37	"spearman"	0.847287937989175	""
"s_Odoribacter_splanchnicus"	"Abundance"	"colon_IFNg"	-0.0617045620884042	5792.66009075433	0.737258349739556	32	"spearman"	0.847287937989175	""
"s_Odoribacter_splanchnicus"	"Abundance"	"score_day9"	0.0899954085146515	509.602571231795	0.749756637970941	15	"spearman"	0.847287937989175	""
"s_Bilophila_wadsworthia"	"Abundance"	"synov_TNF"	-0.185167873644427	431.401106006572	0.544756192479633	13	"spearman"	0.847398521634985	""
"s_Enterocloster_sp005845215"	"Abundance"	"Femur_Joint"	0.0559909930481531	20862.5990536358	0.696352308384811	51	"spearman"	0.847733244990205	""
"s_Enterocloster_sp005845215"	"Abundance"	"Femur_Inflammation"	-0.0846049891129964	23969.7702593972	0.555001898760358	51	"spearman"	0.847733244990205	""
"s_Enterocloster_sp005845215"	"Abundance"	"Patella_Joint"	-0.0631983300946671	16139.350650837	0.680024233977896	45	"spearman"	0.847733244990205	""
"s_Enterocloster_sp005845215"	"Abundance"	"ileum_IL1b"	-0.0676971992222133	15150.6232569632	0.662382276780283	44	"spearman"	0.847733244990205	""
"s_Enterocloster_sp005845215"	"Abundance"	"colon_CCL2"	0.106144066046947	12683.8157027938	0.492869566634324	44	"spearman"	0.847733244990205	""
"s_Enterocloster_sp005845215"	"Abundance"	"ileum_TNF"	-0.0957535295004794	14512.1597447044	0.541330893988495	43	"spearman"	0.847733244990205	""
"s_Enterocloster_sp005845215"	"Abundance"	"ileum_S100A8"	0.0800277830614394	7760.8856220937	0.637756022407488	37	"spearman"	0.847733244990205	""
"s_Enterocloster_sp005845215"	"Abundance"	"colon_CXCL1"	0.120326900129823	6835.05998599127	0.484534304552891	36	"spearman"	0.847733244990205	""
"s_Enterocloster_sp005845215"	"Abundance"	"score_day5"	-0.0886244431907259	4893.36687214231	0.641424374820465	30	"spearman"	0.847733244990205	""
"s_Enterocloster_sp005845215"	"Abundance"	"synov_MMP3"	0.154303349962092	307.833580613799	0.614737347343485	13	"spearman"	0.847733244990205	""
"s_Enterocloster_sp005845215"	"Abundance"	"synov_IL17"	0.174077655955698	136.27718676731	0.630536075556976	10	"spearman"	0.847733244990205	""
"s_Hungatella_hathewayi"	"Abundance"	"ileum_IL10"	0.0418513659989941	7444.81488618782	0.808507256025007	36	"spearman"	0.847844005881638	""
"s_Hungatella_hathewayi"	"Abundance"	"score_day9"	-0.0651502491541136	596.484139526304	0.817563862814437	15	"spearman"	0.847844005881638	""
"s_Enterocloster_aldenensis"	"Abundance"	"ileum_IL1b"	-0.0389724796746412	14743.0194865832	0.801684725587148	44	"spearman"	0.847990710156916	""
"s_Enterocloster_aldenensis"	"Abundance"	"score_day5"	-0.0439292094979444	4692.46179669326	0.817705327651312	30	"spearman"	0.847990710156916	""
"s_Neobittarella_massiliensis"	"Abundance"	"Femur_Joint"	-0.0809830627540227	23889.7256868639	0.57212385542645	51	"spearman"	0.848215221315303	""
"s_Neobittarella_massiliensis"	"Abundance"	"colon_CCL2"	-0.0867398955195123	15420.8391174219	0.575574614463956	44	"spearman"	0.848215221315303	""
"s_Neobittarella_massiliensis"	"Abundance"	"ileum_IFNg"	0.11321514806812	6331.64384279363	0.517274757831226	35	"spearman"	0.848215221315303	""
"s_Alitiscatomonas_sp900541255"	"Abundance"	"colon_TNF"	0.138693417511954	13074.6339221685	0.363558897630771	45	"spearman"	0.848304094471799	""
"s_Alitiscatomonas_sp900541255"	"Abundance"	"Patella_Joint"	-0.143682552149236	17361.1011416254	0.346383588089157	45	"spearman"	0.848304094471799	""
"s_Alitiscatomonas_sp900541255"	"Abundance"	"ileum_CCL2"	-0.153190277507587	16363.7700378327	0.320821237095846	44	"spearman"	0.848304094471799	""
"s_Alitiscatomonas_sp900541255"	"Abundance"	"ileum_TNF"	-0.178128087849465	15603.1283954783	0.25311632853245	43	"spearman"	0.848304094471799	""
"s_Alitiscatomonas_sp900541255"	"Abundance"	"colon_CXCL1"	0.200958174291389	6208.55498575591	0.239901858878768	36	"spearman"	0.848304094471799	""
"s_Alitiscatomonas_sp900541255"	"Abundance"	"synov_IL1b"	0.293528220207723	257.155727844389	0.330372283547776	13	"spearman"	0.848304094471799	""
"s_Anaerotruncus_colihominis"	"Abundance"	"ileum_S100A8"	0.0875630388021965	7697.31820466467	0.606318381345045	37	"spearman"	0.848845733883063	""
"s_Muricomes_contortus_B"	"Abundance"	"colon_IL10"	-0.0838174279749177	9143.08382239641	0.621862884064315	37	"spearman"	0.850309628787615	""
"s_Muricomes_contortus_B"	"Abundance"	"ileum_IL10"	-0.0812150075689081	8401.04060881042	0.637732221590711	36	"spearman"	0.850309628787615	""
"s_Muricomes_contortus_B"	"Abundance"	"score_day1"	-0.102189481975938	6013.54581366072	0.577847036404046	32	"spearman"	0.850309628787615	""
"s_Bacteroides_thetaiotaomicron"	"Abundance"	"ileum_TNF"	0.101710273036584	11896.9491439035	0.51634362797821	43	"spearman"	0.850448328434699	""
"s_Bacteroides_thetaiotaomicron"	"Abundance"	"synov_TNF"	-0.203296703296703	438	0.505254856369097	13	"spearman"	0.850448328434699	""
"s_Faecalibacterium_longum"	"Abundance"	"Femur_Inflammation"	-0.114067949228048	24620.9016779399	0.425439749607539	51	"spearman"	0.850879499215079	""
"s_Faecalibacterium_longum"	"Abundance"	"ileum_CCL2"	-0.128642197821419	16015.4327870859	0.405286916873428	44	"spearman"	0.850879499215079	""
"s_Faecalibacterium_longum"	"Abundance"	"colon_CCL2"	0.181831768866859	11609.8071997793	0.237486922155261	44	"spearman"	0.850879499215079	""
"s_Faecalibacterium_longum"	"Abundance"	"ileum_S100A8"	0.162992243871166	7060.99743070285	0.335105832929216	37	"spearman"	0.850879499215079	""
"s_Faecalibacterium_longum"	"Abundance"	"ileum_IL10"	0.199196001858197	6222.24706556181	0.244134895254474	36	"spearman"	0.850879499215079	""
"s_Faecalibacterium_longum"	"Abundance"	"ileum_IFNg"	0.157338657254837	6016.60198720046	0.366704704152154	35	"spearman"	0.850879499215079	""
"s_Faecalibacterium_longum"	"Abundance"	"colon_IFNg"	0.185630021027187	4443.20260527567	0.309068406419499	32	"spearman"	0.850879499215079	""
"s_Faecalibacterium_longum"	"Abundance"	"score_day1"	-0.177814013678651	6426.15325863072	0.330236917378329	32	"spearman"	0.850879499215079	""
"s_Faecalibacterium_longum"	"Abundance"	"score_day5"	-0.307133075634679	5875.56317497788	0.0987517222432641	30	"spearman"	0.850879499215079	""
"s_Faecalibacterium_longum"	"Abundance"	"score_day9"	-0.498416712465283	839.113358980558	0.0586224416130619	15	"spearman"	0.850879499215079	""
"s_Otoolea_symbiosa"	"Abundance"	"synov_IL1b"	0.170564122843026	301.914659285138	0.577444280283308	13	"spearman"	0.850970518312244	""
"s_Otoolea_symbiosa"	"Abundance"	"synov_TNF"	-0.176066191321833	428.088093641147	0.565036402669179	13	"spearman"	0.850970518312244	""
"s_Alistipes_A_ihumii"	"Abundance"	"ileum_TNF"	-0.0417222962370319	13796.5700913632	0.790512561347688	43	"spearman"	0.851321219912895	""
"s_Alistipes_onderdonkii"	"Abundance"	"Patella_Joint"	-0.0539140402102667	15998.4151303918	0.72502949188073	45	"spearman"	0.852494512165279	""
"s_Alistipes_onderdonkii"	"Abundance"	"ileum_CCL2"	-0.0471562510768991	14859.1472027812	0.761155814433285	44	"spearman"	0.852494512165279	""
"s_Alistipes_onderdonkii"	"Abundance"	"ileum_IFNg"	-0.0570295360916716	7547.19088769453	0.744875996403642	35	"spearman"	0.852494512165279	""
"s_Alistipes_onderdonkii"	"Abundance"	"score_day1"	-0.0608334616330489	5787.90736666991	0.740839999044906	32	"spearman"	0.852494512165279	""
"s_Alistipes_onderdonkii"	"Abundance"	"synov_CCL2"	-0.10066433983113	400.641819698531	0.743507818689206	13	"spearman"	0.852494512165279	""
"s_Victivallis_lenta"	"Abundance"	"colon_IL1b"	-0.0898618854410224	16544.1034209947	0.557177969642087	45	"spearman"	0.853086644300444	""
"s_Victivallis_lenta"	"Abundance"	"ileum_IL10"	0.0989264290761516	7001.3416460783	0.565952972965392	36	"spearman"	0.853086644300444	""
"s_Victivallis_lenta"	"Abundance"	"colon_CXCL1"	-0.101173111241306	8556.11507434495	0.55711974480042	36	"spearman"	0.853086644300444	""
"s_Victivallis_lenta"	"Abundance"	"ileum_IFNg"	0.0971205964677796	6446.55894122005	0.578880222918158	35	"spearman"	0.853086644300444	""
"s_Enterococcus_B_faecium"	"Abundance"	"ileum_IL1b"	0.0973077987797743	12809.202335315	0.529755686641175	44	"spearman"	0.853162314684837	""
"s_Enterococcus_B_faecium"	"Abundance"	"synov_CXCL1"	-0.220294764961727	349.004302779054	0.491450645241388	12	"spearman"	0.853162314684837	""
"s_Enterococcus_B_faecium"	"Abundance"	"synov_IL17"	0.216249706711534	129.318798392597	0.548461488011681	10	"spearman"	0.853162314684837	""
"s_Ruminococcus_E_intestinalis"	"Abundance"	"score_day9"	0.10745434731327	499.825565504569	0.703076193854887	15	"spearman"	0.855918844692905	""
"s_Prevotella_sp934191715"	"Abundance"	"ileum_CCL2"	0.0402299398967202	13619.1371528655	0.795420885626892	44	"spearman"	0.856607107598192	""
"s_Prevotella_sp934191715"	"Abundance"	"ileum_IL1b"	-0.0453666983322202	14833.7534493342	0.769968604670186	44	"spearman"	0.856607107598192	""
"s_Prevotella_sp934191715"	"Abundance"	"colon_S100A8"	0.043747114800235	8739.19511784065	0.794253239183857	38	"spearman"	0.856607107598192	""
"s_Prevotella_sp934191715"	"Abundance"	"colon_CXCL1"	-0.0540132778516593	8189.68316890739	0.754378818188399	36	"spearman"	0.856607107598192	""
"s_Prevotella_sp934191715"	"Abundance"	"score_day9"	0.0794227784489385	515.523244068595	0.778433296238855	15	"spearman"	0.856607107598192	""
"s_Bilophila_wadsworthia"	"Abundance"	"Patella_Joint"	0.077676331084419	14000.8732941385	0.61203335737891	45	"spearman"	0.856846700330474	""
"s_Bilophila_wadsworthia"	"Abundance"	"ileum_IL10"	0.0900553883621888	7070.26963242579	0.601443073862747	36	"spearman"	0.856846700330474	""
"s_Clostridium_AQ_innocuum"	"Abundance"	"ileum_TNF"	0.0903084532678208	12047.954844921	0.564668687614867	43	"spearman"	0.857105256964269	""
"s_Clostridium_AQ_innocuum"	"Abundance"	"ileum_CXCL1"	-0.101427270486231	10882.101432404	0.538956028555114	39	"spearman"	0.857105256964269	""
"s_Clostridium_AQ_innocuum"	"Abundance"	"ileum_S100A8"	-0.0801327643432907	9112	0.636196168625334	37	"spearman"	0.857105256964269	""
"s_Clostridium_AQ_innocuum"	"Abundance"	"colon_IFNg"	-0.101182293523665	6008.05059346512	0.581620991412003	32	"spearman"	0.857105256964269	""
"s_Clostridium_AQ_innocuum"	"Abundance"	"score_day5"	-0.131118655760362	5084.37835764283	0.489791013702515	30	"spearman"	0.857105256964269	""
"s_Clostridium_AQ_innocuum"	"Abundance"	"score_day9"	0.171095842839774	464.186328009726	0.542069344750789	15	"spearman"	0.857105256964269	""
"s_Clostridium_AQ_innocuum"	"Abundance"	"synov_CCL2"	-0.142857142857143	416	0.642828942723202	13	"spearman"	0.857105256964269	""
"s_Clostridium_AQ_innocuum"	"Abundance"	"synov_TNF"	-0.164835164835165	424	0.59118130356241	13	"spearman"	0.857105256964269	""
"s_Lawsonibacter_sp000177015"	"Abundance"	"ileum_IL1b"	0.0524804381085672	13445.3025832394	0.735116441515721	44	"spearman"	0.857635848435008	""
"s_Blautia_A_sp028767025"	"Abundance"	"Femur_Joint"	0.041050128314529	21192.7921642489	0.774870912111251	51	"spearman"	0.857791777460889	""
"s_Blautia_A_sp028767025"	"Abundance"	"Femur_Inflammation"	-0.0336053520664241	22842.678280668	0.814902188587844	51	"spearman"	0.857791777460889	""
"s_Blautia_A_sp028767025"	"Abundance"	"colon_IL1b"	0.121961779737049	13328.6201835916	0.424807965566017	45	"spearman"	0.857791777460889	""
"s_Blautia_A_sp028767025"	"Abundance"	"colon_TNF"	-0.0976761737062579	16662.724316861	0.5232637532156	45	"spearman"	0.857791777460889	""
"s_Blautia_A_sp028767025"	"Abundance"	"Patella_Joint"	-0.112198550644216	16883.1739987792	0.463075041328101	45	"spearman"	0.857791777460889	""
"s_Blautia_A_sp028767025"	"Abundance"	"ileum_CCL2"	-0.0693438445049408	15173.9891535251	0.654678539281857	44	"spearman"	0.857791777460889	""
"s_Blautia_A_sp028767025"	"Abundance"	"colon_CCL2"	0.106958998814717	12672.2518068192	0.489535882747739	44	"spearman"	0.857791777460889	""
"s_Blautia_A_sp028767025"	"Abundance"	"ileum_TNF"	0.0448969929019885	12649.3842260061	0.774971532409755	43	"spearman"	0.857791777460889	""
"s_Blautia_A_sp028767025"	"Abundance"	"score_day1"	-0.0467571974249262	5711.1072691504	0.799407347507116	32	"spearman"	0.857791777460889	""
"s_Blautia_A_sp028767025"	"Abundance"	"score_day5"	0.0873823489167547	4102.21634161919	0.646122248913643	30	"spearman"	0.857791777460889	""
"s_Blautia_A_sp028767025"	"Abundance"	"score_day9"	0.116912562183214	494.5289651774	0.678181346685971	15	"spearman"	0.857791777460889	""
"s_Christensenella_hongkongensis"	"Abundance"	"Patella_Joint"	0.0518274810566988	14393.2588375593	0.73527788328768	45	"spearman"	0.85782419716896	""
"s_Luxibacter_massiliensis"	"Abundance"	"ileum_CXCL1"	0.0908942503847646	8981.96480619853	0.582108527941641	39	"spearman"	0.857844146440314	""
"s_Luxibacter_massiliensis"	"Abundance"	"colon_IL10"	-0.106050753167668	9330.64415372245	0.532163800242698	37	"spearman"	0.857844146440314	""
"s_Luxibacter_massiliensis"	"Abundance"	"score_day9"	0.159788268775944	470.518569485471	0.569461581656147	15	"spearman"	0.857844146440314	""
"s_Luxibacter_massiliensis"	"Abundance"	"synov_MMP3"	0.179160822971034	298.785460438544	0.558106268860243	13	"spearman"	0.857844146440314	""
"s_Alistipes_putredinis"	"Abundance"	"ileum_IL1b"	-0.052324478411365	14932.4843486573	0.735875207437725	44	"spearman"	0.858521075344013	""
"s_Eggerthella_lenta"	"Abundance"	"colon_S100A8"	0.0297983653194611	8866.67273934544	0.859042953263614	38	"spearman"	0.859042953263614	""
"s_Eggerthella_lenta"	"Abundance"	"synov_MMP13"	0.0577938138616239	342.963051754369	0.851239653201573	13	"spearman"	0.859042953263614	""
"s_Dielma_fastidiosa"	"Abundance"	"ileum_IFNg"	0.0960537100619304	6454.17651015782	0.583077146697218	35	"spearman"	0.859271584606426	""
"s_Dielma_fastidiosa"	"Abundance"	"score_day1"	-0.104417166527868	6025.70006057604	0.569538951767014	32	"spearman"	0.859271584606426	""
"s_Dielma_fastidiosa"	"Abundance"	"synov_MMP13"	-0.194205704275128	434.690876356147	0.524930947783459	13	"spearman"	0.859271584606426	""
"s_Dielma_fastidiosa"	"Abundance"	"synov_IL17"	0.231156693037794	126.859145648764	0.520508415963365	10	"spearman"	0.859271584606426	""
"s_Lentihominibacter_faecis"	"Abundance"	"Femur_Joint"	0.136364794470353	19086.3380422052	0.340000715598068	51	"spearman"	0.860038629172429	""
"s_Lentihominibacter_faecis"	"Abundance"	"Femur_Inflammation"	0.133283696947468	19154.430297461	0.351125734988477	51	"spearman"	0.860038629172429	""
"s_Lentihominibacter_faecis"	"Abundance"	"colon_IL1b"	0.18495580535306	12372.3708747406	0.223857474005172	45	"spearman"	0.860038629172429	""
"s_Lentihominibacter_faecis"	"Abundance"	"colon_TNF"	0.124289818283926	13293.28055845	0.415954060660308	45	"spearman"	0.860038629172429	""
"s_Lentihominibacter_faecis"	"Abundance"	"Patella_Joint"	0.217183227556891	11883.1586056864	0.151834528889416	45	"spearman"	0.860038629172429	""
"s_Lentihominibacter_faecis"	"Abundance"	"ileum_IL1b"	0.16137818454337	11900.0435613296	0.295319245953833	44	"spearman"	0.860038629172429	""
"s_Lentihominibacter_faecis"	"Abundance"	"ileum_CXCL1"	0.113596556256452	8757.66602418626	0.491098168362112	39	"spearman"	0.860038629172429	""
"s_Lentihominibacter_faecis"	"Abundance"	"colon_S100A8"	0.209696613826263	7222.58264624178	0.206380857735508	38	"spearman"	0.860038629172429	""
"s_Lentihominibacter_faecis"	"Abundance"	"colon_IL10"	-0.134138301771066	9567.59071374071	0.428644446685163	37	"spearman"	0.860038629172429	""
"s_Lentihominibacter_faecis"	"Abundance"	"ileum_IL10"	0.165101807470069	6487.15895595757	0.335911036678168	36	"spearman"	0.860038629172429	""
"s_Lentihominibacter_faecis"	"Abundance"	"ileum_IFNg"	0.19722550573737	5731.80988903518	0.256113637972784	35	"spearman"	0.860038629172429	""
"s_Lentihominibacter_faecis"	"Abundance"	"score_day5"	0.14002252662274	3865.59874283078	0.460517967716385	30	"spearman"	0.860038629172429	""
"s_Lentihominibacter_faecis"	"Abundance"	"score_day9"	0.264591588098854	411.828710664642	0.340594393279263	15	"spearman"	0.860038629172429	""
"s_Lentihominibacter_faecis"	"Abundance"	"synov_CXCL1"	0.220294764961727	222.995697220946	0.491450645241388	12	"spearman"	0.860038629172429	""
"s_Lentihominibacter_faecis"	"Abundance"	"synov_IL6"	0.293726353282303	201.994262961261	0.354113230395546	12	"spearman"	0.860038629172429	""
"s_Dielma_fastidiosa"	"Abundance"	"Femur_Joint"	-0.0656489096397252	23550.8409030379	0.647169058180308	51	"spearman"	0.860698922912278	""
"s_Dielma_fastidiosa"	"Abundance"	"colon_IL1b"	-0.0534501945169411	15991.3739527672	0.727303695749711	45	"spearman"	0.860698922912278	""
"s_Dielma_fastidiosa"	"Abundance"	"ileum_CCL2"	-0.0546242614515264	14965.1182699972	0.724711964953975	44	"spearman"	0.860698922912278	""
"s_Dielma_fastidiosa"	"Abundance"	"score_day5"	-0.0852831464674734	4878.34774337129	0.654092224361288	30	"spearman"	0.860698922912278	""
"s_Dielma_fastidiosa"	"Abundance"	"score_day9"	-0.0944576443946399	612.896280860998	0.73774193392481	15	"spearman"	0.860698922912278	""
"s_Luxibacter_massiliensis"	"Abundance"	"colon_CCL2"	0.0779354150925175	13084.0964598372	0.615070817420275	44	"spearman"	0.861099144388385	""
"s_Prevotella_intestinigallinarum"	"Abundance"	"score_day9"	-0.049356249359177	587.639499641139	0.861333131175551	15	"spearman"	0.861333131175551	""
"s_Bacteroides_eggerthii"	"Abundance"	"Femur_Inflammation"	-0.0382904884545195	22946.2197948449	0.789648202250866	51	"spearman"	0.861710687011256	""
"s_Bacteroides_eggerthii"	"Abundance"	"ileum_TNF"	-0.0397598605797764	13770.5795935186	0.800159923653309	43	"spearman"	0.861710687011256	""
"s_Alistipes_timonensis"	"Abundance"	"ileum_IL10"	0.0646239806410182	7267.87167041929	0.70806839513392	36	"spearman"	0.861996307119555	""
"s_Faecalimonas_phoceensis"	"Abundance"	"colon_IL1b"	0.0700827970022527	14116.1431415058	0.647338024235471	45	"spearman"	0.863117365647295	""
"s_Lawsonibacter_aceti"	"Abundance"	"colon_IL1b"	0.125325340217165	13277.5613355034	0.412049833544051	45	"spearman"	0.86364591003685	""
"s_Lawsonibacter_aceti"	"Abundance"	"colon_IFNg"	0.149365237264146	4641.06326548682	0.414550036817688	32	"spearman"	0.86364591003685	""
"s_Lawsonibacter_aceti"	"Abundance"	"score_day1"	-0.160786061936593	6333.24875392605	0.379349366193439	32	"spearman"	0.86364591003685	""
"s_Bacteroides_xylanisolvens"	"Abundance"	"Patella_Joint"	-0.0287820272649824	15616.9111738824	0.851126485132942	45	"spearman"	0.864616580016916	""
"s_Bacteroides_xylanisolvens"	"Abundance"	"ileum_CXCL1"	-0.0333033815415657	10209.0374096307	0.84048860614729	39	"spearman"	0.864616580016916	""
"s_Bacteroides_xylanisolvens"	"Abundance"	"colon_CXCL1"	0.0294499471895431	7541.17391033725	0.864616580016916	36	"spearman"	0.864616580016916	""
"s_Anaerotruncus_colihominis"	"Abundance"	"colon_IL1b"	-0.066507324822701	16189.5811908086	0.664236686981212	45	"spearman"	0.865008789771413	""
"s_Anaerotruncus_colihominis"	"Abundance"	"Patella_Joint"	0.0321150847236324	14692.4930138953	0.834115618708148	45	"spearman"	0.865008789771413	""
"s_Anaerotruncus_colihominis"	"Abundance"	"ileum_CCL2"	0.0613939377473395	13318.8200233653	0.692185193043639	44	"spearman"	0.865008789771413	""
"s_Anaerotruncus_colihominis"	"Abundance"	"ileum_TNF"	0.0544913335739526	12522.3167781466	0.728552018789942	43	"spearman"	0.865008789771413	""
"s_Anaerotruncus_colihominis"	"Abundance"	"ileum_IL10"	-0.051027203633423	8166.4813722317	0.767573193909082	36	"spearman"	0.865008789771413	""
"s_Anaerotruncus_colihominis"	"Abundance"	"score_day9"	0.0693516898800807	521.163053667155	0.80599913384984	15	"spearman"	0.865008789771413	""
"s_Anaerotruncus_colihominis"	"Abundance"	"synov_TNF"	0.07431094182474	336.950817175795	0.809348182837423	13	"spearman"	0.865008789771413	""
"s_Eubacterium_R_sp000436835"	"Abundance"	"ileum_IL1b"	-0.0983485129758477	15585.5653991273	0.525342182669529	44	"spearman"	0.865269477338048	""
"s_Enterocloster_clostridioformis"	"Abundance"	"ileum_CCL2"	0.0536269084666111	13429.0341688588	0.729546389312296	44	"spearman"	0.865352595061089	""
"s_Enterocloster_clostridioformis"	"Abundance"	"ileum_CXCL1"	0.0375704019277195	9508.80442895413	0.820366638715456	39	"spearman"	0.865352595061089	""
"s_Enterocloster_clostridioformis"	"Abundance"	"colon_S100A8"	-0.0560543110040588	9651.28034826609	0.738181797340615	38	"spearman"	0.865352595061089	""
"s_Enterocloster_clostridioformis"	"Abundance"	"colon_CXCL1"	-0.0835052239754313	8418.8355902891	0.628246601684623	36	"spearman"	0.865352595061089	""
"s_Enterocloster_clostridioformis"	"Abundance"	"synov_CCL2"	0.167813088603622	302.916035748281	0.583689045431505	13	"spearman"	0.865352595061089	""
"s_Enterocloster_clostridioformis"	"Abundance"	"synov_IL1b"	-0.0770289587033021	392.038540968002	0.802496330184142	13	"spearman"	0.865352595061089	""
"s_Enterocloster_clostridioformis"	"Abundance"	"synov_MMP13"	-0.123796540773164	409.061940841432	0.686995420035757	13	"spearman"	0.865352595061089	""
"s_Enterocloster_clostridioformis"	"Abundance"	"synov_MMP3"	0.165062054364219	303.917412211424	0.589960566137235	13	"spearman"	0.865352595061089	""
"s_Enterocloster_clostridioformis"	"Abundance"	"synov_IL6"	-0.0699300699300699	306	0.834447145237479	12	"spearman"	0.865352595061089	""
"s_Enterocloster_clostridioformis"	"Abundance"	"synov_IL17"	0.0909090909090909	150	0.811416953056797	10	"spearman"	0.865352595061089	""
"s_Alistipes_onderdonkii"	"Abundance"	"Femur_Joint"	-0.0353913805391455	22882.1495099151	0.80525158237976	51	"spearman"	0.867194011793588	""
"s_Alistipes_A_ihumii"	"Abundance"	"Patella_Joint"	0.0315337161004672	14701.3181895949	0.837077580137037	45	"spearman"	0.868080453475445	""
"s_Parasutterella_excrementihominis"	"Abundance"	"ileum_IFNg"	0.0500160135622264	6782.8856631657	0.775390531126954	35	"spearman"	0.868437394862189	""
"s_Parasutterella_excrementihominis"	"Abundance"	"score_day9"	-0.0903507902905251	610.596442562694	0.748797764020321	15	"spearman"	0.868437394862189	""
"s_Enterococcus_B_hirae"	"Abundance"	"synov_TNF"	-0.100235202206518	400.485613603172	0.744568430591134	13	"spearman"	0.86866316902299	""
"s_Hominimerdicola_aceti"	"Abundance"	"ileum_IL1b"	-0.0441240181949005	14816.1198181856	0.776105240135912	44	"spearman"	0.869237868952222	""
"s_Ruminococcus_E_intestinalis"	"Abundance"	"colon_IL1b"	0.0497150206066512	14425.325987191	0.745700001280007	45	"spearman"	0.869983334826675	""
"s_Thomasclavelia_sp000508865"	"Abundance"	"ileum_CCL2"	-0.043980634611043	14814.0852051307	0.776814176091478	44	"spearman"	0.870031877222456	""
"s_Thomasclavelia_ramosa"	"Abundance"	"ileum_IL1b"	-0.0383441022807494	14734.1028113638	0.804819524542408	44	"spearman"	0.871052443214612	""
"s_Thomasclavelia_ramosa"	"Abundance"	"ileum_TNF"	0.0401581328967444	12712.1456879155	0.798199585011436	43	"spearman"	0.871052443214612	""
"s_Thomasclavelia_ramosa"	"Abundance"	"colon_IFNg"	0.0371693733110479	5253.20389921492	0.839943427385519	32	"spearman"	0.871052443214612	""
"s_Thomasclavelia_ramosa"	"Abundance"	"score_day5"	-0.043497672508581	4690.52203792607	0.819466741792159	30	"spearman"	0.871052443214612	""
"s_Fusicatenibacter_saccharivorans"	"Abundance"	"Femur_Joint"	0.0404989283070824	21204.9736844135	0.777816346443261	51	"spearman"	0.871154308016453	""
"s_Fusicatenibacter_saccharivorans"	"Abundance"	"Femur_Inflammation"	-0.0608092766081107	23443.8850130392	0.671644711699466	51	"spearman"	0.871154308016453	""
"s_Fusicatenibacter_saccharivorans"	"Abundance"	"ileum_IL1b"	-0.0826877747713238	15363.3395240051	0.593608740680045	44	"spearman"	0.871154308016453	""
"s_Fusicatenibacter_saccharivorans"	"Abundance"	"colon_S100A8"	0.0997165045590769	8227.6908648346	0.551410681137952	38	"spearman"	0.871154308016453	""
"s_Fusicatenibacter_saccharivorans"	"Abundance"	"ileum_S100A8"	0.0716272947235147	7831.75214171243	0.673550899338123	37	"spearman"	0.871154308016453	""
"s_Fusicatenibacter_saccharivorans"	"Abundance"	"ileum_IL10"	0.055439244259339	7339.23707210494	0.748101812927281	36	"spearman"	0.871154308016453	""
"s_Fusicatenibacter_saccharivorans"	"Abundance"	"score_day1"	0.0593916826704492	5131.95897935003	0.746779767554606	32	"spearman"	0.871154308016453	""
"s_Fusicatenibacter_saccharivorans"	"Abundance"	"score_day5"	-0.0895155491310596	4897.37239334411	0.638062343850133	30	"spearman"	0.871154308016453	""
"s_Fusicatenibacter_saccharivorans"	"Abundance"	"score_day9"	-0.165793883619568	652.844574826958	0.554840972335676	15	"spearman"	0.871154308016453	""
"s_Fusicatenibacter_saccharivorans"	"Abundance"	"synov_IL17"	-0.141676682829616	188.376652666887	0.69622845197724	10	"spearman"	0.871154308016453	""
"s_Pseudoscilispira_sp018369915"	"Abundance"	"synov_IL17"	-0.162579403864988	191.825601637723	0.653609773059096	10	"spearman"	0.871479697412127	""
"s_Eisenbergiella_tayi"	"Abundance"	"Femur_Inflammation"	-0.0503771570756276	23213.3351713714	0.725536651354996	51	"spearman"	0.871528305245043	""
"s_Eisenbergiella_tayi"	"Abundance"	"ileum_CCL2"	-0.0575073117803024	15006.0287541625	0.710797042565872	44	"spearman"	0.871528305245043	""
"s_Eisenbergiella_tayi"	"Abundance"	"ileum_CXCL1"	-0.0655936839072633	10528.0655970038	0.691564670732862	39	"spearman"	0.871528305245043	""
"s_Eisenbergiella_tayi"	"Abundance"	"ileum_IFNg"	0.0677966108346165	6655.93219864084	0.698778855885423	35	"spearman"	0.871528305245043	""
"s_Eisenbergiella_tayi"	"Abundance"	"score_day9"	0.0910084270424331	509.035280856237	0.747024261638608	15	"spearman"	0.871528305245043	""
"s_Eubacterium_F_sp003491505"	"Abundance"	"Femur_Joint"	0.0455393737056129	21093.579841106	0.751002045320563	51	"spearman"	0.871605735363378	""
"s_Eubacterium_F_sp003491505"	"Abundance"	"colon_S100A8"	0.047228088102344	8707.38250283268	0.778276898345368	38	"spearman"	0.871605735363378	""
"s_Eubacterium_F_sp003491505"	"Abundance"	"synov_TNF"	-0.07431094182474	391.049182824205	0.809348182837423	13	"spearman"	0.871605735363378	""
"s_Alistipes_shahii"	"Abundance"	"ileum_CXCL1"	0.0332119323095311	9551.86610878183	0.840920996453114	39	"spearman"	0.87206621854397	""
"s_Mediterraneibacter_faecis"	"Abundance"	"score_day1"	0.196809168709273	4382.20917552221	0.280307382117724	32	"spearman"	0.87206741103292	""
"s_Enterococcus_B_faecium"	"Abundance"	"colon_S100A8"	-0.0780057869434277	9851.89488687599	0.641568266829173	38	"spearman"	0.872332654747505	""
"s_Enterococcus_B_faecium"	"Abundance"	"colon_CXCL1"	0.0880108792517033	7086.15546821426	0.609756357987476	36	"spearman"	0.872332654747505	""
"s_Enterococcus_B_faecium"	"Abundance"	"synov_IL1b"	0.137475242375769	313.95901177522	0.654249491060629	13	"spearman"	0.872332654747505	""
"s_UBA7173_sp001689485"	"Abundance"	"Patella_Joint"	-0.0575085270641685	16052.9794408341	0.707486556901509	45	"spearman"	0.87291539425362	""
"s_UBA7173_sp001689485"	"Abundance"	"synov_CCL2"	0.111431420925626	323.438962783072	0.717037645279759	13	"spearman"	0.87291539425362	""
"s_Christensenella_hongkongensis"	"Abundance"	"colon_IL10"	0.0430502920212667	8072.8277365086	0.800272811524991	37	"spearman"	0.873168390740979	""
"s_Christensenella_hongkongensis"	"Abundance"	"ileum_IL10"	-0.0413411492636068	8091.22072977822	0.810799219973766	36	"spearman"	0.873168390740979	""
"s_Enterocloster_sp005845215"	"Abundance"	"ileum_CXCL1"	0.0437949008001839	9447.30638009418	0.791219310723676	39	"spearman"	0.873359596981913	""
"s_Enterocloster_sp005845215"	"Abundance"	"ileum_IFNg"	-0.0419315363215257	7439.39116933569	0.810976768626062	35	"spearman"	0.873359596981913	""
"s_Enterocloster_sp005845215"	"Abundance"	"synov_MMP13"	-0.077151674981046	392.083209693101	0.802187277393873	13	"spearman"	0.873359596981913	""
"s_Victivallis_lenta"	"Abundance"	"ileum_IL1b"	-0.0759532556809798	15267.7766981131	0.62411853824856	44	"spearman"	0.873765953547985	""
"s_Bacteroides_finegoldii"	"Abundance"	"ileum_IFNg"	0.0559794891664582	6740.30644735149	0.749421572336231	35	"spearman"	0.874325167725603	""
"s_Enterococcus_B_hirae"	"Abundance"	"ileum_CCL2"	0.0431552124027129	13577.6275360055	0.780898805365087	44	"spearman"	0.874606662008897	""
"s_Agathobaculum_ammoniilyticum"	"Abundance"	"ileum_S100A8"	-0.0473164503366427	8835.16157503992	0.780941787970295	37	"spearman"	0.874654802526731	""
"s_Dorea_A_longicatena"	"Abundance"	"ileum_TNF"	-0.0605285377054616	14045.6399533711	0.699815016746066	43	"spearman"	0.874768770932583	""
"s_Scatomonas_hejianensis"	"Abundance"	"ileum_CCL2"	-0.21717539518446	17271.7188576675	0.156754339569407	44	"spearman"	0.875412647298278	""
"s_Scatomonas_hejianensis"	"Abundance"	"ileum_IL1b"	-0.209827886694159	17167.4577121901	0.171610859638864	44	"spearman"	0.875412647298278	""
"s_Scatomonas_hejianensis"	"Abundance"	"ileum_TNF"	-0.232525471581377	16323.5673456238	0.133486653088305	43	"spearman"	0.875412647298278	""
"s_Scatomonas_hejianensis"	"Abundance"	"ileum_CXCL1"	-0.321441814801497	13055.8451302388	0.0459993600693937	39	"spearman"	0.875412647298278	""
"s_Scatomonas_hejianensis"	"Abundance"	"colon_CXCL1"	-0.187119719162636	9223.92021789368	0.27448902818659	36	"spearman"	0.875412647298278	""
"s_Scatomonas_hejianensis"	"Abundance"	"colon_IFNg"	0.22372246869707	4235.37021078879	0.218364613441854	32	"spearman"	0.875412647298278	""
"s_Scatomonas_hejianensis"	"Abundance"	"score_day9"	0.315262439108839	383.45303409905	0.252387245479493	15	"spearman"	0.875412647298278	""
"s_Scatomonas_hejianensis"	"Abundance"	"synov_IL1b"	0.323221157989258	246.34749849191	0.281382636631589	13	"spearman"	0.875412647298278	""
"s_Scatomonas_hejianensis"	"Abundance"	"synov_IL17"	-0.449799389959991	239.216899343399	0.192131997137238	10	"spearman"	0.875412647298278	""
"s_Bacteroides_uniformis"	"Abundance"	"ileum_CCL2"	-0.0493322527527104	14890.024666561	0.75048012528868	44	"spearman"	0.875560146170127	""
"s_Bacteroides_uniformis"	"Abundance"	"synov_CCL2"	-0.104395604395604	402	0.736951230071543	13	"spearman"	0.875560146170127	""
"s_Diplocloster_modestus"	"Abundance"	"ileum_IFNg"	-0.0778447331800351	7695.81139490545	0.656691393287659	35	"spearman"	0.875588524383546	""
"s_Collinsella_intestinalis"	"Abundance"	"ileum_CCL2"	-0.056223470841422	14987.8110512398	0.716982291744453	44	"spearman"	0.87568246732223	""
"s_Collinsella_intestinalis"	"Abundance"	"ileum_TNF"	-0.0371301147508904	13735.7512397608	0.813133719656357	43	"spearman"	0.87568246732223	""
"s_Collinsella_intestinalis"	"Abundance"	"colon_S100A8"	0.0565823325095076	8621.89406319561	0.735803462862076	38	"spearman"	0.87568246732223	""
"s_Collinsella_intestinalis"	"Abundance"	"colon_IL10"	-0.053219135572569	8884.95662769019	0.754409614201007	37	"spearman"	0.87568246732223	""
"s_Collinsella_intestinalis"	"Abundance"	"ileum_IL10"	-0.0699441479822563	8313.46602982213	0.685219328575415	36	"spearman"	0.87568246732223	""
"s_Collinsella_intestinalis"	"Abundance"	"colon_CXCL1"	0.0426338107332879	7438.73529060235	0.804995459338381	36	"spearman"	0.87568246732223	""
"s_Collinsella_intestinalis"	"Abundance"	"synov_TNF"	-0.0780216487131923	392.399880131602	0.799997068308562	13	"spearman"	0.87568246732223	""
"s_Phocaeicola_dorei"	"Abundance"	"ileum_CCL2"	-0.030455893201887	14622.1691245348	0.844413635651428	44	"spearman"	0.875688214749629	""
"s_Enterocloster_sp005845215"	"Abundance"	"score_day9"	-0.0554425304055495	591.047817027108	0.84441527033374	15	"spearman"	0.87568990997573	""
"s_Parasutterella_excrementihominis"	"Abundance"	"ileum_IL1b"	0.0365972280747885	13670.6853336188	0.813549949900291	44	"spearman"	0.876130715277237	""
"s_Parasutterella_excrementihominis"	"Abundance"	"colon_S100A8"	-0.032631498375867	9437.21926365705	0.845795248325657	38	"spearman"	0.877120998263644	""
"s_UBA3282_sp003611805"	"Abundance"	"colon_IL1b"	-0.0296803203905341	15630.5472635283	0.846534965016965	45	"spearman"	0.877888111869445	""
"s_UBA3282_sp003611805"	"Abundance"	"ileum_CXCL1"	-0.0358068259091497	10233.7714399824	0.828670155097083	39	"spearman"	0.877888111869445	""
"s_Mediterraneibacter_faecis"	"Abundance"	"Femur_Joint"	0.0343458629430233	21340.9564289592	0.810897529603506	51	"spearman"	0.878395572750385	""
"s_Mediterraneibacter_faecis"	"Abundance"	"Femur_Inflammation"	-0.0430071471680254	23050.4579524134	0.764438836418913	51	"spearman"	0.878395572750385	""
"s_Mediterraneibacter_faecis"	"Abundance"	"colon_IL1b"	-0.0321121306252	15667.4621428905	0.834130663570395	45	"spearman"	0.878395572750385	""
"s_Mediterraneibacter_faecis"	"Abundance"	"colon_TNF"	0.104638552476262	13591.5867734103	0.493933684426057	45	"spearman"	0.878395572750385	""
"s_Mediterraneibacter_faecis"	"Abundance"	"ileum_CCL2"	0.0445915303570294	13557.2461842338	0.773794956331702	44	"spearman"	0.878395572750385	""
"s_Mediterraneibacter_faecis"	"Abundance"	"ileum_IL1b"	0.0989282296000321	12786.2084219755	0.522891584805576	44	"spearman"	0.878395572750385	""
"s_Mediterraneibacter_faecis"	"Abundance"	"colon_CCL2"	-0.134130175652016	16093.3071925021	0.385373907033727	44	"spearman"	0.878395572750385	""
"s_Mediterraneibacter_faecis"	"Abundance"	"ileum_TNF"	-0.0350899389253909	13708.7311511279	0.823233199945607	43	"spearman"	0.878395572750385	""
"s_Mediterraneibacter_faecis"	"Abundance"	"ileum_CXCL1"	-0.0535172881646618	10408.7508070669	0.746260955079642	39	"spearman"	0.878395572750385	""
"s_Mediterraneibacter_faecis"	"Abundance"	"colon_S100A8"	-0.0571727859145086	9661.50209047269	0.733146790224355	38	"spearman"	0.878395572750385	""
"s_Mediterraneibacter_faecis"	"Abundance"	"ileum_S100A8"	0.133197962733426	7312.34198638082	0.431917592911371	37	"spearman"	0.878395572750385	""
"s_Mediterraneibacter_faecis"	"Abundance"	"ileum_IFNg"	-0.138316299708852	8127.5783799212	0.428132213539089	35	"spearman"	0.878395572750385	""
"s_Mediterraneibacter_faecis"	"Abundance"	"colon_IFNg"	0.133102760072268	4729.7913410457	0.467699413225924	32	"spearman"	0.878395572750385	""
"s_Mediterraneibacter_faecis"	"Abundance"	"score_day5"	0.0487680900617003	4275.78743517266	0.798015799658742	30	"spearman"	0.878395572750385	""
"s_Mediterraneibacter_faecis"	"Abundance"	"score_day9"	-0.0864306706650213	608.401175572412	0.759393452307929	15	"spearman"	0.878395572750385	""
"s_Mediterraneibacter_faecis"	"Abundance"	"synov_MMP13"	0.286097126025249	259.860646126809	0.343325475429557	13	"spearman"	0.878395572750385	""
"s_Mediterraneibacter_faecis"	"Abundance"	"synov_TNF"	0.059448753459792	342.360653740636	0.847024302295014	13	"spearman"	0.878395572750385	""
"s_Mediterraneibacter_faecis"	"Abundance"	"synov_IL17"	-0.141676682829616	188.376652666887	0.69622845197724	10	"spearman"	0.878395572750385	""
"s_Neobittarella_massiliensis"	"Abundance"	"Femur_Inflammation"	-0.0355819341738121	22886.3607452412	0.804223615242498	51	"spearman"	0.878580004126732	""
"s_Neobittarella_massiliensis"	"Abundance"	"Patella_Joint"	0.0364838159193619	14626.1756743441	0.811933083318107	45	"spearman"	0.878580004126732	""
"s_Neobittarella_massiliensis"	"Abundance"	"ileum_IL1b"	0.0361428966896304	13677.1322959741	0.815824289546251	44	"spearman"	0.878580004126732	""
"s_Neobittarella_massiliensis"	"Abundance"	"ileum_IL10"	0.0494178397429531	7386.02338519725	0.774711425155695	36	"spearman"	0.878580004126732	""
"s_Neobittarella_massiliensis"	"Abundance"	"synov_CCL2"	0.0960927766995092	329.022229281379	0.754827502806554	13	"spearman"	0.878580004126732	""
"s_Neobittarella_massiliensis"	"Abundance"	"synov_MMP3"	0.0873570697268265	332.202026619435	0.776582228295419	13	"spearman"	0.878580004126732	""
"s_Neobittarella_massiliensis"	"Abundance"	"synov_IL6"	-0.102135777489023	315.210832361861	0.752113588160318	12	"spearman"	0.878580004126732	""
"s_Massiliimalia_timonensis"	"Abundance"	"synov_MMP3"	-0.122299897617557	408.517162732791	0.690610192810083	13	"spearman"	0.878958427212833	""
"s_Bifidobacterium_globosum"	"Abundance"	"colon_IL1b"	0.0574528222096995	14307.8661588568	0.707757312849019	45	"spearman"	0.879165807112302	""
"s_Bifidobacterium_globosum"	"Abundance"	"colon_S100A8"	-0.0460447315669392	9559.80280179026	0.783698347436031	38	"spearman"	0.879165807112302	""
"s_Bifidobacterium_globosum"	"Abundance"	"colon_IFNg"	0.0787333230487906	5026.4309894458	0.668411629628097	32	"spearman"	0.879165807112302	""
"s_Bifidobacterium_globosum"	"Abundance"	"score_day5"	-0.0519906309353194	4728.69788605426	0.784969470635984	30	"spearman"	0.879165807112302	""
"s_Bifidobacterium_globosum"	"Abundance"	"synov_IL1b"	0.137475242375769	313.95901177522	0.654249491060629	13	"spearman"	0.879165807112302	""
"s_Bifidobacterium_globosum"	"Abundance"	"synov_IL6"	-0.110147382480863	317.502151389527	0.733271493963402	12	"spearman"	0.879165807112302	""
"s_Prevotella_sp900313215"	"Abundance"	"score_day5"	-0.099044757191773	4940.20618357702	0.602560039367958	30	"spearman"	0.879167910601126	""
"s_Prevotella_sp900313215"	"Abundance"	"score_day9"	-0.138449086795912	637.531488605711	0.622667317184307	15	"spearman"	0.879167910601126	""
"s_Prevotella_sp900313215"	"Abundance"	"synov_IL1b"	-0.14862188364948	418.098365648411	0.627977079000804	13	"spearman"	0.879167910601126	""
"s_Bacteroides_caccae"	"Abundance"	"ileum_CXCL1"	-0.0779680365657937	10650.32420127	0.637078339225883	39	"spearman"	0.879887796642118	""
"s_Bacteroides_caccae"	"Abundance"	"colon_CXCL1"	-0.0759112855748241	8359.83068891638	0.659915847481588	36	"spearman"	0.879887796642118	""
"s_Bacteroides_caccae"	"Abundance"	"ileum_IFNg"	-0.0772316736192411	7691.43414964138	0.659231292242183	35	"spearman"	0.879887796642118	""
"s_Bifidobacterium_bifidum"	"Abundance"	"ileum_IL1b"	-0.0615355984664477	15063.1901422389	0.691510117187553	44	"spearman"	0.880103785511431	""
"s_Bacteroides_thetaiotaomicron"	"Abundance"	"synov_MMP3"	-0.175824175824176	428	0.566023611331862	13	"spearman"	0.880481173182896	""
"s_Blautia_celeris"	"Abundance"	"Patella_Joint"	0.0543311064326778	14355.253804352	0.72298663973781	45	"spearman"	0.881372193102529	""
"s_Blautia_celeris"	"Abundance"	"ileum_CCL2"	-0.0478930676171959	14869.602629488	0.757535895943584	44	"spearman"	0.881372193102529	""
"s_Blautia_celeris"	"Abundance"	"ileum_IL1b"	0.043621844411038	13571.0060278074	0.778588937770876	44	"spearman"	0.881372193102529	""
"s_Blautia_celeris"	"Abundance"	"ileum_TNF"	0.0424507056642658	12681.7828541825	0.786939458127258	43	"spearman"	0.881372193102529	""
"s_Blautia_celeris"	"Abundance"	"ileum_IL10"	-0.0526838242042487	8179.35331406701	0.760244982157237	36	"spearman"	0.881372193102529	""
"s_Blautia_celeris"	"Abundance"	"synov_TNF"	0.101139174257842	327.185340570146	0.742334752775586	13	"spearman"	0.881372193102529	""
"s_Phocaeicola_dorei"	"Abundance"	"colon_S100A8"	-0.024918424822089	9366.72948444907	0.881948879954729	38	"spearman"	0.881948879954729	""
"s_Blautia_celeris"	"Abundance"	"colon_S100A8"	0.0382792237358369	8789.16617427819	0.819514145211695	38	"spearman"	0.882553694843364	""
"s_Fournierella_sp900543285"	"Abundance"	"synov_TNF"	0.0953597928716795	329.289035394709	0.756646712623195	13	"spearman"	0.882754498060394	""
"s_Turicibacter_sp002311155"	"Abundance"	"Femur_Inflammation"	-0.175441167369398	25977.2497988637	0.218166814551576	51	"spearman"	0.884983489733877	""
"s_Turicibacter_sp002311155"	"Abundance"	"ileum_TNF"	-0.178225581717433	15604.4196042657	0.252852425638251	43	"spearman"	0.884983489733877	""
"s_Turicibacter_sp002311155"	"Abundance"	"ileum_IFNg"	0.205206365973577	5674.82654694866	0.23698218946068	35	"spearman"	0.884983489733877	""
"s_Dielma_fastidiosa"	"Abundance"	"ileum_S100A8"	-0.0451067633674011	8816.5206557674	0.790939054790138	37	"spearman"	0.885851741364955	""
"s_Holdemanella_porci"	"Abundance"	"colon_CCL2"	-0.0405359493709979	14765.2051215745	0.793898452178914	44	"spearman"	0.886172956474507	""
"s_Holdemanella_porci"	"Abundance"	"synov_MMP13"	-0.0698856557814612	389.438378704452	0.820530515254173	13	"spearman"	0.886172956474507	""
"s_Cuneatibacter_caecimuris"	"Abundance"	"Femur_Joint"	-0.0394232295490101	22971.2533730331	0.783573416083162	51	"spearman"	0.887230389489201	""
"s_Cuneatibacter_caecimuris"	"Abundance"	"Patella_Joint"	0.0416918388717241	14547.1178859272	0.785679384011107	45	"spearman"	0.887230389489201	""
"s_Cuneatibacter_caecimuris"	"Abundance"	"colon_CCL2"	0.0291942347079116	13775.7338094947	0.850784388099728	44	"spearman"	0.887230389489201	""
"s_Cuneatibacter_caecimuris"	"Abundance"	"ileum_TNF"	0.0717473560823057	12293.7780160459	0.647523521843192	43	"spearman"	0.887230389489201	""
"s_Cuneatibacter_caecimuris"	"Abundance"	"colon_IFNg"	0.0335062559268219	5273.18986766326	0.855543589864586	32	"spearman"	0.887230389489201	""
"s_Cuneatibacter_caecimuris"	"Abundance"	"score_day1"	0.0434888787649694	5218.72467745833	0.813173393200441	32	"spearman"	0.887230389489201	""
"s_Cuneatibacter_caecimuris"	"Abundance"	"score_day9"	0.0758534108063383	517.522089948451	0.788176809534904	15	"spearman"	0.887230389489201	""
"s_Cuneatibacter_caecimuris"	"Abundance"	"synov_MMP3"	0.122299897617557	319.482837267209	0.690610192810083	13	"spearman"	0.887230389489201	""
"s_Cuneatibacter_caecimuris"	"Abundance"	"synov_TNF"	-0.139771311562922	414.876757408904	0.64880643124621	13	"spearman"	0.887230389489201	""
"s_Alitiscatomonas_sp900541255"	"Abundance"	"Femur_Joint"	0.0658995719382789	20643.619460164	0.645911111348793	51	"spearman"	0.887647641483745	""
"s_Alitiscatomonas_sp900541255"	"Abundance"	"colon_IL1b"	0.0764665785570356	14019.2373375042	0.617602693609682	45	"spearman"	0.887647641483745	""
"s_Alitiscatomonas_sp900541255"	"Abundance"	"ileum_CXCL1"	-0.131360059105391	11177.8373839613	0.425383646042467	39	"spearman"	0.887647641483745	""
"s_Alitiscatomonas_sp900541255"	"Abundance"	"colon_S100A8"	0.0802251764724585	8405.8221122182	0.632085185422903	38	"spearman"	0.887647641483745	""
"s_Alitiscatomonas_sp900541255"	"Abundance"	"ileum_S100A8"	0.104926182343163	7550.84272575307	0.53654579005653	37	"spearman"	0.887647641483745	""
"s_Alitiscatomonas_sp900541255"	"Abundance"	"ileum_IL10"	0.0836328362805148	7120.1728621004	0.627719759378394	36	"spearman"	0.887647641483745	""
"s_Alitiscatomonas_sp900541255"	"Abundance"	"score_day1"	0.135848124118225	4714.81263481097	0.458483824850723	32	"spearman"	0.887647641483745	""
"s_Alitiscatomonas_sp900541255"	"Abundance"	"synov_MMP13"	0.189492901653087	295.024583798276	0.535229298628345	13	"spearman"	0.887647641483745	""
"s_Alitiscatomonas_sp900541255"	"Abundance"	"synov_IL17"	-0.156590017864312	190.837352947612	0.665735731112808	10	"spearman"	0.887647641483745	""
"s_Agathobaculum_ammoniilyticum"	"Abundance"	"Patella_Joint"	-0.0277933842993544	15601.9035736642	0.856185445943325	45	"spearman"	0.8878960180153	""
"s_Agathobaculum_ammoniilyticum"	"Abundance"	"ileum_IFNg"	-0.0325805060543618	7372.62481322814	0.852603256745758	35	"spearman"	0.8878960180153	""
"s_Caecibacter_massiliensis"	"Abundance"	"synov_MMP13"	0.055733206368555	343.713112881846	0.856493373471231	13	"spearman"	0.888215350266462	""
"s_Otoolea_symbiosa"	"Abundance"	"synov_MMP13"	0.145804814688393	310.927047453425	0.634580310681797	13	"spearman"	0.888412434954516	""
"uc_g_Lachnospira"	"Abundance"	"Femur_Joint"	-0.0634692543458023	23502.6705210422	0.658148521141749	51	"spearman"	0.889302575850518	""
"uc_g_Lachnospira"	"Abundance"	"Femur_Inflammation"	-0.0577779263492992	23376.8921723195	0.68715098715345	51	"spearman"	0.889302575850518	""
"uc_g_Lachnospira"	"Abundance"	"colon_TNF"	0.0818031465247048	13938.228235755	0.593198383913322	45	"spearman"	0.889302575850518	""
"uc_g_Lachnospira"	"Abundance"	"Patella_Joint"	-0.198480579167481	18192.9351917624	0.191202906318299	45	"spearman"	0.889302575850518	""
"uc_g_Lachnospira"	"Abundance"	"ileum_IL1b"	-0.126754097164845	15988.6406387692	0.412272413269217	44	"spearman"	0.889302575850518	""
"uc_g_Lachnospira"	"Abundance"	"ileum_TNF"	-0.155903330929195	15308.7837148263	0.318122800062313	43	"spearman"	0.889302575850518	""
"uc_g_Lachnospira"	"Abundance"	"ileum_CXCL1"	-0.0981301076872713	10849.5254639502	0.55229732154844	39	"spearman"	0.889302575850518	""
"uc_g_Lachnospira"	"Abundance"	"colon_S100A8"	0.105516604229993	8174.6837539421	0.528378186114352	38	"spearman"	0.889302575850518	""
"uc_g_Lachnospira"	"Abundance"	"ileum_S100A8"	-0.0762131223541349	9078.93390017948	0.653916545326085	37	"spearman"	0.889302575850518	""
"uc_g_Lachnospira"	"Abundance"	"colon_IL10"	0.0629135274306411	7905.26148259511	0.711442060680414	37	"spearman"	0.889302575850518	""
"uc_g_Lachnospira"	"Abundance"	"colon_CXCL1"	0.119724662660257	6839.7393711298	0.486739371502158	36	"spearman"	0.889302575850518	""
"uc_g_Lachnospira"	"Abundance"	"ileum_IFNg"	-0.115576860932336	7965.21878705688	0.508515671055574	35	"spearman"	0.889302575850518	""
"uc_g_Lachnospira"	"Abundance"	"colon_IFNg"	0.26018625950192	4036.42376815753	0.150382020774224	32	"spearman"	0.889302575850518	""
"uc_g_Lachnospira"	"Abundance"	"score_day1"	0.137534445486655	4705.61206542481	0.452871497235025	32	"spearman"	0.889302575850518	""
"uc_g_Lachnospira"	"Abundance"	"score_day9"	-0.252209951287071	701.23757272076	0.364487348464343	15	"spearman"	0.889302575850518	""
"s_Clostridium_AP_scindens"	"Abundance"	"Femur_Joint"	0.160613742562129	18550.4362893769	0.260206102530603	51	"spearman"	0.889770360195413	""
"s_Clostridium_AP_scindens"	"Abundance"	"colon_IFNg"	0.194541277127887	4394.58279199025	0.285997615777097	32	"spearman"	0.889770360195413	""
"s_Parabacteroides_merdae"	"Abundance"	"Femur_Joint"	0.133713261004088	19144.9369318097	0.349561428872569	51	"spearman"	0.889792728039268	""
"s_Parabacteroides_merdae"	"Abundance"	"Femur_Inflammation"	0.13894068886712	19029.4107760367	0.330869900889326	51	"spearman"	0.889792728039268	""
"s_Parabacteroides_merdae"	"Abundance"	"colon_TNF"	0.156663811845313	12801.8433361882	0.304080334023673	45	"spearman"	0.889792728039268	""
"s_Parabacteroides_merdae"	"Abundance"	"Patella_Joint"	0.162615339366544	12711.4991484159	0.285843676530081	45	"spearman"	0.889792728039268	""
"s_Parabacteroides_merdae"	"Abundance"	"ileum_IL1b"	-0.164705053210233	16527.1647050532	0.285342286545566	44	"spearman"	0.889792728039268	""
"s_Parabacteroides_merdae"	"Abundance"	"colon_IL10"	0.242679314094281	6388.75730630065	0.147832148634811	37	"spearman"	0.889792728039268	""
"s_Parabacteroides_merdae"	"Abundance"	"colon_CXCL1"	-0.178635778635779	9158	0.296002818571013	36	"spearman"	0.889792728039268	""
"s_Parabacteroides_merdae"	"Abundance"	"score_day1"	0.261884548346817	4027.15790421977	0.147641658576237	32	"spearman"	0.889792728039268	""
"s_Parabacteroides_merdae"	"Abundance"	"synov_IL1b"	0.373626373626374	228	0.209430603406308	13	"spearman"	0.889792728039268	""
"s_Parabacteroides_merdae"	"Abundance"	"synov_IL17"	-0.381818181818182	228	0.278965216116317	10	"spearman"	0.889792728039268	""
"s_Blautia_pseudococcoides"	"Abundance"	"ileum_CCL2"	0.0404186253838025	13616.4597058038	0.794482063815668	44	"spearman"	0.889819911473549	""
"s_Tidjanibacter_inops"	"Abundance"	"colon_CXCL1"	0.0738768868757728	7195.97658897525	0.668502715683115	36	"spearman"	0.891336954244153	""
"s_Bacteroides_uniformis"	"Abundance"	"colon_S100A8"	-0.0432213590108327	9534	0.796192687739924	38	"spearman"	0.891735810268715	""
"s_Cryptobacteroides_sp000431015"	"Abundance"	"Patella_Joint"	0.0321135365445769	14692.5165152533	0.834123503387544	45	"spearman"	0.891818823488325	""
"s_Cryptobacteroides_sp000431015"	"Abundance"	"ileum_IL1b"	0.0479943170155045	13508.96064155	0.757038864388103	44	"spearman"	0.891818823488325	""
"s_Cryptobacteroides_sp000431015"	"Abundance"	"ileum_TNF"	-0.046346342534406	13857.8109605257	0.767904920563969	43	"spearman"	0.891818823488325	""
"s_Cryptobacteroides_sp000431015"	"Abundance"	"colon_S100A8"	-0.0653799555272747	9736.50741356376	0.696548672089565	38	"spearman"	0.891818823488325	""
"s_Cryptobacteroides_sp000431015"	"Abundance"	"colon_IL10"	0.0511433972061742	8004.55430116871	0.763710070010928	37	"spearman"	0.891818823488325	""
"s_Cryptobacteroides_sp000431015"	"Abundance"	"ileum_IL10"	0.0519420043260173	7366.41062638685	0.763523991201801	36	"spearman"	0.891818823488325	""
"s_Cryptobacteroides_sp000431015"	"Abundance"	"ileum_IFNg"	0.0418964996193969	6840.85899271751	0.811131862389382	35	"spearman"	0.891818823488325	""
"s_Cryptobacteroides_sp000431015"	"Abundance"	"score_day9"	-0.049846527101308	587.914055176732	0.859968151220885	15	"spearman"	0.891818823488325	""
"s_Cryptobacteroides_sp000431015"	"Abundance"	"synov_MMP3"	-0.154351987741066	420.184123537748	0.614624460378854	13	"spearman"	0.891818823488325	""
"s_Cryptobacteroides_sp000431015"	"Abundance"	"synov_TNF"	-0.10066433983113	400.641819698531	0.743507818689206	13	"spearman"	0.891818823488325	""
"s_Cryptobacteroides_sp000431015"	"Abundance"	"synov_CXCL1"	-0.183578970801439	338.503585649212	0.567918268972595	12	"spearman"	0.891818823488325	""
"s_Odoribacter_splanchnicus"	"Abundance"	"ileum_IL10"	-0.0374406970390228	8060.91421599321	0.828370479082096	36	"spearman"	0.892091285165334	""
"s_Bacteroides_cellulosilyticus"	"Abundance"	"colon_CCL2"	0.0528813581827852	13439.6135273863	0.733167053462226	44	"spearman"	0.892551195519232	""
"s_Massiliimalia_timonensis"	"Abundance"	"synov_TNF"	0.104828483672192	325.842431943322	0.733238030709106	13	"spearman"	0.89263760260239	""
"s_Holdemanella_porci"	"Abundance"	"ileum_CXCL1"	-0.0226213330579462	10103.4987706125	0.891274852507327	39	"spearman"	0.892800448127627	""
"s_Holdemanella_porci"	"Abundance"	"synov_CXCL1"	0.0436713146741147	273.510004003203	0.892800448127627	12	"spearman"	0.892800448127627	""
"s_Bifidobacterium_longum"	"Abundance"	"Femur_Joint"	0.0211695056974018	21632.1539240874	0.882777620678589	51	"spearman"	0.893266908372293	""
"s_Bifidobacterium_longum"	"Abundance"	"ileum_IL10"	0.0231769047913289	7589.91544977137	0.893266908372293	36	"spearman"	0.893266908372293	""
"s_Sutterella_wadsworthensis"	"Abundance"	"ileum_IL10"	0.0811211156781329	7139.68893118091	0.638122328254716	36	"spearman"	0.893371259556602	""
"s_UBA7173_sp001689485"	"Abundance"	"ileum_IL10"	-0.0371770301584663	8058.86552433128	0.829561345845284	36	"spearman"	0.893373757064152	""
"s_UBA7173_sp001689485"	"Abundance"	"colon_CXCL1"	-0.0417652076238342	8094.51566323719	0.808894181768045	36	"spearman"	0.893373757064152	""
"s_UBA7173_sp001689485"	"Abundance"	"score_day9"	-0.0741427565868117	601.519943688615	0.792856924814293	15	"spearman"	0.893373757064152	""
"s_Lachnospira_sp000436535"	"Abundance"	"colon_CXCL1"	0.0514057403001999	7370.57739786745	0.765896926838503	36	"spearman"	0.89354641464492	""
"s_Anaerobutyricum_hallii"	"Abundance"	"colon_IL10"	-0.0829018684716259	9135.36016242664	0.625687522873992	37	"spearman"	0.893839318391418	""
"s_Hungatella_effluvii"	"Abundance"	"colon_CXCL1"	0.0440270725219575	7427.90964650439	0.798751506069412	36	"spearman"	0.894601686797741	""
"s_Bacteroides_cellulosilyticus"	"Abundance"	"ileum_CCL2"	0.0460014041117505	13537.2400756543	0.766839606052377	44	"spearman"	0.894646207061107	""
"s_Alistipes_A_ihumii"	"Abundance"	"ileum_IL10"	0.0226561102208897	7593.96202358369	0.895651987234201	36	"spearman"	0.895651987234201	""
"s_Bifidobacterium_bifidum"	"Abundance"	"Patella_Joint"	0.0416215260189635	14548.1852350321	0.786032340840474	45	"spearman"	0.89599671650559	""
"s_Bifidobacterium_bifidum"	"Abundance"	"ileum_CXCL1"	-0.0527550438174263	10401.2198329162	0.749758084587941	39	"spearman"	0.89599671650559	""
"s_Bifidobacterium_bifidum"	"Abundance"	"synov_TNF"	0.0780216487131923	335.600119868398	0.799997068308563	13	"spearman"	0.89599671650559	""
"s_Bacteroides_eggerthii"	"Abundance"	"Femur_Joint"	-0.0187430359130529	22514.2210936785	0.896135179326414	51	"spearman"	0.896135179326414	""
"s_Bacteroides_eggerthii"	"Abundance"	"ileum_CCL2"	0.0221684481393543	13875.4297209026	0.886422070734093	44	"spearman"	0.896135179326414	""
"s_Bacteroides_intestinigallinarum"	"Abundance"	"ileum_IL10"	-0.0365078750801356	8053.66618937265	0.832585297287024	36	"spearman"	0.896630320155257	""
"s_Bacteroides_intestinigallinarum"	"Abundance"	"ileum_IFNg"	-0.0398934056633448	7424.83891643628	0.820010356821247	35	"spearman"	0.896630320155257	""
"s_Bacteroides_intestinigallinarum"	"Abundance"	"synov_CCL2"	0.0783087517238419	335.495614372522	0.799274564545919	13	"spearman"	0.896630320155257	""
"s_Blautia_A_obeum"	"Abundance"	"Patella_Joint"	-0.0260894498856539	15576.0378492642	0.864917889802321	45	"spearman"	0.896951885720925	""
"s_Pseudoflavonifractor_A_gallinarum"	"Abundance"	"Femur_Joint"	0.0426385798716536	21157.6873848365	0.766400418040348	51	"spearman"	0.897002578384454	""
"s_Pseudoflavonifractor_A_gallinarum"	"Abundance"	"Femur_Inflammation"	0.06320142075777	20703.2486012533	0.659502667021478	51	"spearman"	0.897002578384454	""
"s_Pseudoflavonifractor_A_gallinarum"	"Abundance"	"colon_IL1b"	-0.0451018397714688	15864.6459277309	0.768614110037484	45	"spearman"	0.897002578384454	""
"s_Pseudoflavonifractor_A_gallinarum"	"Abundance"	"colon_TNF"	0.109151789742785	13523.0758317045	0.475385030822784	45	"spearman"	0.897002578384454	""
"s_Pseudoflavonifractor_A_gallinarum"	"Abundance"	"Patella_Joint"	-0.0336924496341805	15691.4513854469	0.826090789656574	45	"spearman"	0.897002578384454	""
"s_Pseudoflavonifractor_A_gallinarum"	"Abundance"	"ileum_CCL2"	-0.0493470149267718	14890.2341418109	0.750407855051224	44	"spearman"	0.897002578384454	""
"s_Pseudoflavonifractor_A_gallinarum"	"Abundance"	"ileum_IL1b"	0.0848252609525555	12986.3295470832	0.58406468077698	44	"spearman"	0.897002578384454	""
"s_Pseudoflavonifractor_A_gallinarum"	"Abundance"	"colon_CCL2"	0.0546804921285277	13414.0838166962	0.724439713240246	44	"spearman"	0.897002578384454	""
"s_Pseudoflavonifractor_A_gallinarum"	"Abundance"	"ileum_CXCL1"	-0.108205966958732	10949.0749535523	0.512023751587045	39	"spearman"	0.897002578384454	""
"s_Pseudoflavonifractor_A_gallinarum"	"Abundance"	"colon_S100A8"	-0.269289604143507	11600.0376922675	0.102065674166372	38	"spearman"	0.897002578384454	""
"s_Pseudoflavonifractor_A_gallinarum"	"Abundance"	"ileum_S100A8"	0.121578076136358	7410.36734971368	0.473489018986105	37	"spearman"	0.897002578384454	""
"s_Pseudoflavonifractor_A_gallinarum"	"Abundance"	"colon_IL10"	-0.220228378427477	10293.8466004142	0.190274559657264	37	"spearman"	0.897002578384454	""
"s_Pseudoflavonifractor_A_gallinarum"	"Abundance"	"ileum_IL10"	0.122953866376084	6814.64845825783	0.474976572193923	36	"spearman"	0.897002578384454	""
"s_Pseudoflavonifractor_A_gallinarum"	"Abundance"	"colon_CXCL1"	0.034897323196936	7498.84779875981	0.839873105055985	36	"spearman"	0.897002578384454	""
"s_Pseudoflavonifractor_A_gallinarum"	"Abundance"	"ileum_IFNg"	0.24612301409386	5382.68167936984	0.154089459170144	35	"spearman"	0.897002578384454	""
"s_Pseudoflavonifractor_A_gallinarum"	"Abundance"	"colon_IFNg"	-0.103074902263924	6018.37666675197	0.574538411267993	32	"spearman"	0.897002578384454	""
"s_Pseudoflavonifractor_A_gallinarum"	"Abundance"	"score_day1"	0.189579490304362	4421.6543008994	0.298703371693405	32	"spearman"	0.897002578384454	""
"s_Pseudoflavonifractor_A_gallinarum"	"Abundance"	"score_day5"	0.0997714027617691	4046.52754458585	0.599887677113926	30	"spearman"	0.897002578384454	""
"s_Pseudoflavonifractor_A_gallinarum"	"Abundance"	"score_day9"	0.181522136021307	458.347603828068	0.517337658363304	15	"spearman"	0.897002578384454	""
"s_Pseudoflavonifractor_A_gallinarum"	"Abundance"	"synov_CCL2"	0.331956864961941	243.167701153854	0.267823925129049	13	"spearman"	0.897002578384454	""
"s_Pseudoflavonifractor_A_gallinarum"	"Abundance"	"synov_IL1b"	0.0611499488087786	341.741418633605	0.84269503535247	13	"spearman"	0.897002578384454	""
"s_Pseudoflavonifractor_A_gallinarum"	"Abundance"	"synov_MMP13"	-0.0524142418360959	383.078784028339	0.86496677201358	13	"spearman"	0.897002578384454	""
"s_Pseudoflavonifractor_A_gallinarum"	"Abundance"	"synov_MMP3"	0.288278330098528	259.066687844136	0.33949500345307	13	"spearman"	0.897002578384454	""
"s_Pseudoflavonifractor_A_gallinarum"	"Abundance"	"synov_TNF"	-0.331956864961941	484.832298846146	0.267823925129049	13	"spearman"	0.897002578384454	""
"s_Pseudoflavonifractor_A_gallinarum"	"Abundance"	"synov_CXCL1"	0.44079651337368	159.932197175128	0.151489056908861	12	"spearman"	0.897002578384454	""
"s_Pseudoflavonifractor_A_gallinarum"	"Abundance"	"synov_IL6"	0.381665273774771	176.843731700415	0.22086746731077	12	"spearman"	0.897002578384454	""
"s_Pseudoflavonifractor_A_gallinarum"	"Abundance"	"synov_IL17"	-0.216249706711534	200.681201607403	0.548461488011681	10	"spearman"	0.897002578384454	""
"s_Odoribacter_splanchnicus"	"Abundance"	"ileum_IL1b"	0.0263626640682927	13815.9137968709	0.865116052863135	44	"spearman"	0.897157388154362	""
"s_Alistipes_shahii"	"Abundance"	"colon_S100A8"	-0.0216428126541591	9336.79366484636	0.897378639961909	38	"spearman"	0.897378639961909	""
"s_Fournierella_sp900543285"	"Abundance"	"colon_S100A8"	0.0421408166807211	8753.87507635489	0.801653929414243	38	"spearman"	0.897852400943952	""
"s_Thomasclavelia_ramosa"	"Abundance"	"colon_IL1b"	0.0196613389264408	14881.5408750966	0.897996163383335	45	"spearman"	0.897996163383335	""
"s_Schaedlerella_glycyrrhizinilytica_A"	"Abundance"	"ileum_IL1b"	0.105770099984366	12689.1222812219	0.494403282190697	44	"spearman"	0.899523082433417	""
"s_Schaedlerella_glycyrrhizinilytica_A"	"Abundance"	"ileum_CXCL1"	-0.0612506656375303	10485.1565764988	0.711074605800392	39	"spearman"	0.899523082433417	""
"s_Schaedlerella_glycyrrhizinilytica_A"	"Abundance"	"ileum_S100A8"	0.10319186527964	7565.47342450096	0.543337554375552	37	"spearman"	0.899523082433417	""
"s_Schaedlerella_glycyrrhizinilytica_A"	"Abundance"	"ileum_IL10"	-0.073154012683567	8338.40667855132	0.671563923358758	36	"spearman"	0.899523082433417	""
"s_Schaedlerella_glycyrrhizinilytica_A"	"Abundance"	"colon_CXCL1"	-0.100902428940204	8554.01187286539	0.558180573028192	36	"spearman"	0.899523082433417	""
"s_Schaedlerella_glycyrrhizinilytica_A"	"Abundance"	"ileum_IFNg"	0.0739731994461016	6611.83135595483	0.672793504666552	35	"spearman"	0.899523082433417	""
"s_Schaedlerella_glycyrrhizinilytica_A"	"Abundance"	"colon_IFNg"	-0.0678563090564506	5826.22402221199	0.712122440259788	32	"spearman"	0.899523082433417	""
"s_Schaedlerella_glycyrrhizinilytica_A"	"Abundance"	"synov_MMP13"	-0.154303349962092	420.166419386201	0.614737347343485	13	"spearman"	0.899523082433417	""
"s_Bacteroides_caccae"	"Abundance"	"Femur_Joint"	-0.0319710660279178	22806.560559217	0.823756818764232	51	"spearman"	0.899763484787723	""
"s_Bacteroides_caccae"	"Abundance"	"Femur_Inflammation"	-0.0299226826869377	22761.2912873813	0.834885694644999	51	"spearman"	0.899763484787723	""
"s_Bacteroides_caccae"	"Abundance"	"ileum_CCL2"	0.0488697925095067	13496.5376442901	0.752745228214451	44	"spearman"	0.899763484787723	""
"s_Bacteroides_caccae"	"Abundance"	"ileum_TNF"	0.0326206345321313	12811.9723162565	0.835494664445743	43	"spearman"	0.899763484787723	""
"s_Bacteroides_caccae"	"Abundance"	"colon_S100A8"	-0.0561282331902536	9651.95592312573	0.737848689154877	38	"spearman"	0.899763484787723	""
"s_Mediterraneibacter_torques"	"Abundance"	"colon_CCL2"	-0.0528059362278322	14939.3162350729	0.733533650368772	44	"spearman"	0.900245843634402	""
"s_Alistipes_onderdonkii"	"Abundance"	"colon_S100A8"	0.0278176739324985	8884.7742779309	0.868327495827988	38	"spearman"	0.900487773451246	""
"s_Odoribacter_splanchnicus"	"Abundance"	"ileum_IFNg"	-0.021874146123603	7296.18140332252	0.900741934814376	35	"spearman"	0.900741934814376	""
"s_Lawsonibacter_aceti"	"Abundance"	"colon_CXCL1"	0.124690820831805	6801.15232213688	0.468711710248167	36	"spearman"	0.901368673554167	""
"s_Anaerostipes_hadrus"	"Abundance"	"Patella_Joint"	0.0290605598753128	14738.8607010928	0.849702270121023	45	"spearman"	0.901457627651366	""
"s_Anaerostipes_hadrus"	"Abundance"	"ileum_IL1b"	-0.0365257831908888	14708.3008634787	0.813907496309152	44	"spearman"	0.901457627651366	""
"s_Anaerostipes_hadrus"	"Abundance"	"ileum_CXCL1"	0.0454389221556953	9431.06344910173	0.783565666972753	39	"spearman"	0.901457627651366	""
"s_Anaerostipes_hadrus"	"Abundance"	"colon_CXCL1"	0.0284303520983201	7549.09616419605	0.869262712378103	36	"spearman"	0.901457627651366	""
"s_Anaerostipes_hadrus"	"Abundance"	"synov_TNF"	0.0722422673270299	337.703814692961	0.814571532252802	13	"spearman"	0.901457627651366	""
"s_Sutterella_wadsworthensis"	"Abundance"	"colon_CCL2"	0.0400332841011839	13621.9276986042	0.796399668324842	44	"spearman"	0.901781610477029	""
"s_Sutterella_wadsworthensis"	"Abundance"	"ileum_TNF"	-0.0387446916777029	13757.1346965795	0.805162152211633	43	"spearman"	0.901781610477029	""
"s_Sutterella_wadsworthensis"	"Abundance"	"ileum_IFNg"	0.0544096781914303	6751.51489771319	0.756232635378272	35	"spearman"	0.901781610477029	""
"s_Sutterella_wadsworthensis"	"Abundance"	"score_day9"	0.0827139273663709	513.680200674832	0.76947627537234	15	"spearman"	0.901781610477029	""
"s_Sutterella_wadsworthensis"	"Abundance"	"synov_TNF"	0.0838010300993547	333.496425043835	0.785481991628951	13	"spearman"	0.901781610477029	""
"s_Bacteroides_intestinigallinarum"	"Abundance"	"colon_CCL2"	0.0254537462045904	13828.8113413569	0.869725742531165	44	"spearman"	0.901937807069357	""
"s_Massilioclostridium_facile"	"Abundance"	"colon_CCL2"	-0.0785590532905979	15304.7529661936	0.612235717300389	44	"spearman"	0.902242109705837	""
"s_Bacteroides_intestinalis"	"Abundance"	"ileum_CCL2"	-0.031721553480754	14640.1288438919	0.838032516566184	44	"spearman"	0.902496556302044	""
"s_Intestinimonas_timonensis"	"Abundance"	"ileum_TNF"	-0.327135392949946	17576.5811442291	0.032252751550609	43	"spearman"	0.903077043417052	""
"s_Desulfovibrio_sp900556755"	"Abundance"	"colon_IL1b"	-0.043991929643573	15847.7974919894	0.774157195275221	45	"spearman"	0.903183394487758	""
"s_Desulfovibrio_sp900556755"	"Abundance"	"Patella_Joint"	-0.0557043296710759	16025.5917244069	0.716273904079229	45	"spearman"	0.903183394487758	""
"s_Desulfovibrio_sp900556755"	"Abundance"	"ileum_IL1b"	-0.0458019925082429	14839.930273692	0.767822281451172	44	"spearman"	0.903183394487758	""
"s_Desulfovibrio_sp900556755"	"Abundance"	"ileum_TNF"	0.086319703842699	12100.7818423073	0.582054821085435	43	"spearman"	0.903183394487758	""
"s_Desulfovibrio_sp900556755"	"Abundance"	"colon_S100A8"	0.0581291847065151	8607.75738096716	0.728850090687641	38	"spearman"	0.903183394487758	""
"s_Desulfovibrio_sp900556755"	"Abundance"	"ileum_IFNg"	-0.0879636574099064	7768.06051390673	0.615332485814454	35	"spearman"	0.903183394487758	""
"s_Desulfovibrio_sp900556755"	"Abundance"	"synov_IL17"	0.141676682829616	141.623347333113	0.69622845197724	10	"spearman"	0.903183394487758	""
"s_Parasutterella_gallistercoris"	"Abundance"	"Patella_Joint"	0.0375185951794347	14610.4677251762	0.806699500413839	45	"spearman"	0.9035034404635	""
"s_Parasutterella_gallistercoris"	"Abundance"	"ileum_TNF"	-0.0408350316055978	13784.8191585845	0.794870632610609	43	"spearman"	0.9035034404635	""
"s_Phocaeicola_massiliensis"	"Abundance"	"ileum_CCL2"	0.0443869995123941	13560.1484769191	0.774805440879262	44	"spearman"	0.903939681025805	""
"s_Phocaeicola_massiliensis"	"Abundance"	"ileum_TNF"	0.0466009064744733	12626.8175946521	0.766665637811376	43	"spearman"	0.903939681025805	""
"s_Bacteroides_ovatus"	"Abundance"	"Patella_Joint"	0.0438499820599675	14514.3572723297	0.774866914461303	45	"spearman"	0.904011400204854	""
"s_Bacteroides_ovatus"	"Abundance"	"colon_S100A8"	-0.0694556281202939	9773.75498539136	0.678616501538297	38	"spearman"	0.904011400204854	""
"s_Bacteroides_ovatus"	"Abundance"	"ileum_S100A8"	-0.0506544284722404	8863.32075859182	0.765905727962974	37	"spearman"	0.904011400204854	""
"s_Bacteroides_ovatus"	"Abundance"	"ileum_IL10"	0.0551063780363081	7341.82344265789	0.749565657335612	36	"spearman"	0.904011400204854	""
"s_Diplocloster_modestus"	"Abundance"	"Femur_Joint"	0.0471080061405741	21058.9130642933	0.742714660453135	51	"spearman"	0.904174369247295	""
"s_Diplocloster_modestus"	"Abundance"	"ileum_TNF"	0.0549960605346264	12515.6321742794	0.726134762981396	43	"spearman"	0.904174369247295	""
"s_Escherichia_coli"	"Abundance"	"ileum_CCL2"	-0.0439363873764936	14813.4573368724	0.777032985289079	44	"spearman"	0.904641719203841	""
"s_Escherichia_coli"	"Abundance"	"ileum_CXCL1"	-0.0402652607955232	10277.8207766598	0.807715820717715	39	"spearman"	0.904641719203841	""
"s_Anaerostipes_caccae"	"Abundance"	"ileum_CCL2"	0.0215923288657976	13883.6048533943	0.889355209808003	44	"spearman"	0.904964471827185	""
"s_Anaerostipes_caccae"	"Abundance"	"ileum_CXCL1"	-0.0225088175243571	10102.3871171406	0.891812439166748	39	"spearman"	0.904964471827185	""
"s_Anaerostipes_caccae"	"Abundance"	"ileum_IL10"	-0.0206245198163223	7930.25251897282	0.904964471827185	36	"spearman"	0.904964471827185	""
"s_Parasutterella_gallistercoris"	"Abundance"	"ileum_CCL2"	0.0305711784721125	13756.1949774807	0.843831984372088	44	"spearman"	0.905320333201742	""
"s_Parasutterella_gallistercoris"	"Abundance"	"score_day9"	-0.0451753951452626	585.298221281347	0.872987464158822	15	"spearman"	0.905320333201742	""
"s_Akkermansia_muciniphila"	"Abundance"	"colon_CCL2"	-0.253365462957253	17785.2559193634	0.0970242032880488	44	"spearman"	0.905559230688455	""
"s_Akkermansia_muciniphila"	"Abundance"	"colon_IL10"	0.281690433719238	6059.65950114451	0.0912112930593495	37	"spearman"	0.905559230688455	""
"s_Enterococcus_faecalis"	"Abundance"	"colon_CCL2"	0.0505549734945008	13472.624926113	0.744501334986696	44	"spearman"	0.906349451288151	""
"s_Enterococcus_faecalis"	"Abundance"	"synov_IL6"	0.112886911961552	253.714343178996	0.726858860524586	12	"spearman"	0.906349451288151	""
"s_Oxalobacter_aliiformigenes"	"Abundance"	"ileum_CXCL1"	0.0907386753659732	8983.50188738419	0.582757317022325	39	"spearman"	0.906511382034727	""
"s_Eubacterium_F_sp003491505"	"Abundance"	"colon_CXCL1"	0.0271584140762436	7558.97912262759	0.875064763154533	36	"spearman"	0.907474569197293	""
"s_Alistipes_timonensis"	"Abundance"	"ileum_IL1b"	0.0437303563339391	13569.4662436214	0.778052063892218	44	"spearman"	0.907727407874254	""
"s_Escherichia_coli"	"Abundance"	"colon_S100A8"	-0.0332140266507274	9442.542989561	0.843076395295782	38	"spearman"	0.90792842570315	""
"s_Prevotella_sp934191715"	"Abundance"	"Patella_Joint"	0.0239695395377067	14816.1423898176	0.875804295267825	45	"spearman"	0.908241491388856	""
"s_Massilioclostridium_facile"	"Abundance"	"Femur_Joint"	0.0464182220171982	21074.1572934199	0.746355425597485	51	"spearman"	0.9086066050752	""
"s_Massilioclostridium_facile"	"Abundance"	"score_day1"	0.0748944894570403	5047.37566552239	0.683725815161039	32	"spearman"	0.9086066050752	""
"s_Massilioclostridium_facile"	"Abundance"	"synov_TNF"	-0.107750865645873	403.221315095098	0.726054952744535	13	"spearman"	0.9086066050752	""
"s_Massilioclostridium_facile"	"Abundance"	"synov_IL17"	0.141676682829616	141.623347333113	0.69622845197724	10	"spearman"	0.9086066050752	""
"s_Bacteroides_cellulosilyticus"	"Abundance"	"ileum_IL10"	0.0340660486228767	7505.30680220025	0.843639829997854	36	"spearman"	0.908704920823589	""
"s_Bacteroides_cellulosilyticus"	"Abundance"	"ileum_IFNg"	0.0345504475437918	6893.30980453733	0.843797426479047	35	"spearman"	0.908704920823589	""
"s_Hominimerdicola_aceti"	"Abundance"	"synov_TNF"	0.0606835045547051	341.911204342087	0.843881660532073	13	"spearman"	0.908795634419156	""
"s_Agathobaculum_hominis"	"Abundance"	"Femur_Inflammation"	0.029094685933095	21457.0074408786	0.839393443760783	51	"spearman"	0.908795634419156	""
"s_Agathobaculum_hominis"	"Abundance"	"ileum_IFNg"	0.0391306339034111	6860.60727392964	0.823397115012244	35	"spearman"	0.908795634419156	""
"s_Agathobaculum_hominis"	"Abundance"	"synov_TNF"	0.0606835045547051	341.911204342087	0.843881660532073	13	"spearman"	0.908795634419156	""
"s_Thomasclavelia_sp000508865"	"Abundance"	"synov_TNF"	-0.0606835045547051	386.088795657913	0.843881660532073	13	"spearman"	0.908795634419156	""
"s_Massiliimalia_timonensis"	"Abundance"	"ileum_IFNg"	0.0489261216032294	6790.66749175294	0.780163573825914	35	"spearman"	0.910190836130233	""
"s_Phocaeicola_plebeius_A"	"Abundance"	"colon_CCL2"	-0.0357709398189442	14697.5896360308	0.817687384983167	44	"spearman"	0.910473990457856	""
"s_Phocaeicola_plebeius_A"	"Abundance"	"ileum_TNF"	-0.0306234578889905	13649.5770762818	0.845440133996581	43	"spearman"	0.910473990457856	""
"s_Phocaeicola_plebeius_A"	"Abundance"	"score_day9"	-0.0574959574576069	592.19773617626	0.838721268281843	15	"spearman"	0.910473990457856	""
"s_Phocaeicola_plebeius_A"	"Abundance"	"synov_TNF"	-0.0838010300993547	394.503574956165	0.785481991628952	13	"spearman"	0.910473990457856	""
"s_Fusicatenibacter_saccharivorans"	"Abundance"	"synov_TNF"	0.059448753459792	342.360653740636	0.847024302295014	13	"spearman"	0.912180017856169	""
"s_Clostridium_AQ_innocuum"	"Abundance"	"Femur_Inflammation"	-0.0458015751432364	23112.2148106655	0.749614817398509	51	"spearman"	0.912574560311228	""
"s_Clostridium_AQ_innocuum"	"Abundance"	"ileum_IL10"	-0.0611364953965632	8245.0305692313	0.723185326729953	36	"spearman"	0.912574560311228	""
"s_Fusicatenibacter_saccharivorans"	"Abundance"	"ileum_IFNg"	0.0264671981977458	6951.02420486809	0.880037504727596	35	"spearman"	0.912631486384173	""
"s_Bifidobacterium_bifidum"	"Abundance"	"ileum_CCL2"	0.0298410582924641	13766.5553828299	0.847517049239852	44	"spearman"	0.912710668412148	""
"s_Caecibacter_massiliensis"	"Abundance"	"synov_CCL2"	0.033439923821133	351.827867729108	0.913639210869196	13	"spearman"	0.913639210869196	""
"s_Lawsonibacter_sp000177015"	"Abundance"	"Femur_Inflammation"	-0.0213604504376387	22572.0659546718	0.881727802756193	51	"spearman"	0.914384388043459	""
"s_Lawsonibacter_sp000177015"	"Abundance"	"ileum_CCL2"	0.026747088070191	13810.458820284	0.863167720067982	44	"spearman"	0.914384388043459	""
"s_Lawsonibacter_sp000177015"	"Abundance"	"ileum_CXCL1"	-0.031179482253198	10188.0532846616	0.850542480927145	39	"spearman"	0.914384388043459	""
"s_UBA11524_sp000437595"	"Abundance"	"Patella_Joint"	0.0486061119832379	14442.1592200944	0.751189111160785	45	"spearman"	0.914491091847912	""
"s_Fusicatenibacter_saccharivorans"	"Abundance"	"colon_IL1b"	0.0164621267076503	14930.1049165779	0.914526443829261	45	"spearman"	0.914526443829261	""
"s_Barnesiella_intestinihominis"	"Abundance"	"synov_TNF"	0.0585014959859534	342.705455461113	0.84943664118081	13	"spearman"	0.914777921271642	""
"s_Avimicrobium_caecorum"	"Abundance"	"Patella_Joint"	0.0600431380422031	14268.5451645194	0.695205180038147	45	"spearman"	0.915314698247637	""
"s_Avimicrobium_caecorum"	"Abundance"	"ileum_IL1b"	0.0490493247701171	13493.990081512	0.75186564498913	44	"spearman"	0.915314698247637	""
"s_Avimicrobium_caecorum"	"Abundance"	"ileum_IL10"	-0.0607159148453304	8241.76265834822	0.725015507997304	36	"spearman"	0.915314698247637	""
"s_Avimicrobium_caecorum"	"Abundance"	"synov_TNF"	-0.124256699802491	409.229438728107	0.685885245583063	13	"spearman"	0.915314698247637	""
"s_Luxibacter_massiliensis"	"Abundance"	"Patella_Joint"	0.0590889072420214	14283.0303880661	0.699820026520335	45	"spearman"	0.915624158879191	""
"s_Luxibacter_massiliensis"	"Abundance"	"ileum_TNF"	-0.0564012257625383	13990.9778339991	0.719418981976507	43	"spearman"	0.915624158879191	""
"s_Otoolea_symbiosa"	"Abundance"	"colon_CXCL1"	0.0695876866461928	7229.30367475908	0.686741961023582	36	"spearman"	0.915655948031443	""
"s_Massilioclostridium_facile"	"Abundance"	"colon_CXCL1"	0.0182539844414742	7628.16654088975	0.915846342334406	36	"spearman"	0.915846342334406	""
"s_Massilioclostridium_facile"	"Abundance"	"score_day5"	0.0209408915205463	4400.87069261514	0.912539353079979	30	"spearman"	0.915846342334406	""
"s_Massilioclostridium_facile"	"Abundance"	"score_day9"	-0.0307664637324249	577.229219690158	0.913325305158426	15	"spearman"	0.915846342334406	""
"s_Massilioclostridium_facile"	"Abundance"	"synov_CCL2"	0.07431094182474	336.950817175795	0.809348182837423	13	"spearman"	0.915846342334406	""
"s_Massilioclostridium_facile"	"Abundance"	"synov_MMP3"	-0.070595394733503	389.696723682995	0.818734904819924	13	"spearman"	0.915846342334406	""
"s_Agathobaculum_butyriciproducens"	"Abundance"	"Femur_Inflammation"	-0.150627008204958	25428.8568813296	0.291398596142955	51	"spearman"	0.916005648090274	""
"s_Agathobaculum_butyriciproducens"	"Abundance"	"colon_TNF"	0.292162228455787	10744.9773720411	0.051479999159066	45	"spearman"	0.916005648090274	""
"s_Agathobaculum_butyriciproducens"	"Abundance"	"Patella_Joint"	-0.14159778796721	17329.4544213422	0.35349891007249	45	"spearman"	0.916005648090274	""
"s_Agathobaculum_butyriciproducens"	"Abundance"	"ileum_CCL2"	0.212601606418779	11173.1832049175	0.165887571607408	44	"spearman"	0.916005648090274	""
"s_Agathobaculum_butyriciproducens"	"Abundance"	"ileum_CXCL1"	0.136068970092597	8535.63857548514	0.408829580808408	39	"spearman"	0.916005648090274	""
"s_Agathobaculum_butyriciproducens"	"Abundance"	"colon_IL10"	-0.250070223422366	10545.5924047911	0.135504722338039	37	"spearman"	0.916005648090274	""
"s_Agathobaculum_butyriciproducens"	"Abundance"	"ileum_IL10"	0.130769206829553	6753.92326293438	0.447136199878913	36	"spearman"	0.916005648090274	""
"s_Agathobaculum_butyriciproducens"	"Abundance"	"colon_CXCL1"	0.244029253487999	5873.89270039825	0.151489459345415	36	"spearman"	0.916005648090274	""
"s_Agathobaculum_butyriciproducens"	"Abundance"	"score_day5"	-0.269598244355174	5706.84410837651	0.149658234810627	30	"spearman"	0.916005648090274	""
"s_Agathobaculum_butyriciproducens"	"Abundance"	"score_day9"	-0.301511344577764	728.846352963548	0.274784759491862	15	"spearman"	0.916005648090274	""
"s_Agathobaculum_butyriciproducens"	"Abundance"	"synov_IL1b"	0.295282063504647	256.517328884308	0.327355212707861	13	"spearman"	0.916005648090274	""
"s_Agathobaculum_butyriciproducens"	"Abundance"	"synov_MMP13"	0.322125887459615	246.7461769647	0.283110180594122	13	"spearman"	0.916005648090274	""
"s_Agathobaculum_butyriciproducens"	"Abundance"	"synov_IL6"	0.237146191492308	218.1761892332	0.458002824045137	12	"spearman"	0.916005648090274	""
"s_Agathobaculum_butyriciproducens"	"Abundance"	"synov_IL17"	-0.305723368211276	215.444355754861	0.390310467153048	10	"spearman"	0.916005648090274	""
"s_Eubacterium_R_sp000436835"	"Abundance"	"Femur_Joint"	0.0523580245835565	20942.8876567034	0.715192146324409	51	"spearman"	0.916183253370092	""
"s_Eubacterium_R_sp000436835"	"Abundance"	"Femur_Inflammation"	0.0454310178464669	21095.9745055931	0.751575551267629	51	"spearman"	0.916183253370092	""
"s_Eubacterium_R_sp000436835"	"Abundance"	"ileum_CXCL1"	0.0573677006349517	9313.20711772668	0.728673306122328	39	"spearman"	0.916183253370092	""
"s_Eubacterium_R_sp000436835"	"Abundance"	"colon_S100A8"	-0.0528690710106944	9622.17043996674	0.752579100982576	38	"spearman"	0.916183253370092	""
"s_Eubacterium_R_sp000436835"	"Abundance"	"colon_IFNg"	-0.0919539121784924	5957.70054484585	0.616696928220815	32	"spearman"	0.916183253370092	""
"s_Eubacterium_R_sp000436835"	"Abundance"	"score_day9"	-0.134248998256961	635.179439023898	0.633357832199699	15	"spearman"	0.916183253370092	""
"s_Schaedlerella_glycyrrhizinilytica_A"	"Abundance"	"colon_CCL2"	-0.042275352391972	14789.8872504421	0.785259244332199	44	"spearman"	0.916785459878711	""
"s_Schaedlerella_glycyrrhizinilytica_A"	"Abundance"	"synov_IL1b"	-0.077151674981046	392.083209693101	0.802187277393873	13	"spearman"	0.916785459878711	""
"s_Enterocloster_aldenensis"	"Abundance"	"colon_IL10"	0.0176644933073023	8286.9823344596	0.91735269491418	37	"spearman"	0.91735269491418	""
"s_Dysosmobacter_faecalis"	"Abundance"	"Femur_Joint"	0.110790236418114	19651.5357751597	0.438946823176272	51	"spearman"	0.917587521245458	""
"s_Dysosmobacter_faecalis"	"Abundance"	"Femur_Inflammation"	0.0447775799301957	21110.4154835427	0.755036876572468	51	"spearman"	0.917587521245458	""
"s_Dysosmobacter_faecalis"	"Abundance"	"colon_IL1b"	0.19962234407727	12149.732816907	0.188609940499508	45	"spearman"	0.917587521245458	""
"s_Dysosmobacter_faecalis"	"Abundance"	"colon_TNF"	-0.122495529320143	17039.4821350798	0.422768701598202	45	"spearman"	0.917587521245458	""
"s_Dysosmobacter_faecalis"	"Abundance"	"Patella_Joint"	0.136918165060032	13101.5822543887	0.369792090046743	45	"spearman"	0.917587521245458	""
"s_Dysosmobacter_faecalis"	"Abundance"	"ileum_CCL2"	0.0731444703318603	13152.0799659909	0.637033322003733	44	"spearman"	0.917587521245458	""
"s_Dysosmobacter_faecalis"	"Abundance"	"ileum_IL1b"	0.0506384794605186	13471.4399764552	0.744093548597454	44	"spearman"	0.917587521245458	""
"s_Dysosmobacter_faecalis"	"Abundance"	"colon_CCL2"	-0.0528436797314453	14939.8518153892	0.733350186492605	44	"spearman"	0.917587521245458	""
"s_Dysosmobacter_faecalis"	"Abundance"	"ileum_TNF"	-0.072086426763224	14198.7126360521	0.645967341382814	43	"spearman"	0.917587521245458	""
"s_Dysosmobacter_faecalis"	"Abundance"	"ileum_CXCL1"	-0.106627442375688	10933.4791306718	0.518234646267294	39	"spearman"	0.917587521245458	""
"s_Dysosmobacter_faecalis"	"Abundance"	"colon_S100A8"	-0.118150521366178	10218.7776147655	0.479890106230913	38	"spearman"	0.917587521245458	""
"s_Dysosmobacter_faecalis"	"Abundance"	"ileum_S100A8"	0.0869581059421855	7702.42141827172	0.608817614905395	37	"spearman"	0.917587521245458	""
"s_Dysosmobacter_faecalis"	"Abundance"	"colon_IL10"	-0.242388937257303	10480.7930747026	0.14833265830269	37	"spearman"	0.917587521245458	""
"s_Dysosmobacter_faecalis"	"Abundance"	"ileum_IL10"	-0.135377863025861	8821.88599571094	0.431144268719528	36	"spearman"	0.917587521245458	""
"s_Dysosmobacter_faecalis"	"Abundance"	"colon_CXCL1"	-0.0402661421503108	8082.86792450791	0.815633352218185	36	"spearman"	0.917587521245458	""
"s_Dysosmobacter_faecalis"	"Abundance"	"ileum_IFNg"	-0.11334571981133	7949.2884394529	0.516788557697872	35	"spearman"	0.917587521245458	""
"s_Dysosmobacter_faecalis"	"Abundance"	"score_day5"	-0.159603551589029	5212.41796439268	0.39953107054095	30	"spearman"	0.917587521245458	""
"s_Dysosmobacter_faecalis"	"Abundance"	"score_day9"	-0.378314926930607	771.85635908114	0.164400170517145	15	"spearman"	0.917587521245458	""
"s_Dysosmobacter_faecalis"	"Abundance"	"synov_CCL2"	-0.077151674981046	392.083209693101	0.802187277393873	13	"spearman"	0.917587521245458	""
"s_Dysosmobacter_faecalis"	"Abundance"	"synov_IL1b"	-0.231455024943138	448.249629079302	0.446741596624197	13	"spearman"	0.917587521245458	""
"s_Dysosmobacter_faecalis"	"Abundance"	"synov_MMP13"	0.077151674981046	335.916790306899	0.802187277393872	13	"spearman"	0.917587521245458	""
"s_Dysosmobacter_faecalis"	"Abundance"	"synov_MMP3"	0.077151674981046	335.916790306899	0.802187277393872	13	"spearman"	0.917587521245458	""
"s_Dysosmobacter_faecalis"	"Abundance"	"synov_TNF"	-0.077151674981046	392.083209693101	0.802187277393873	13	"spearman"	0.917587521245458	""
"s_Dysosmobacter_faecalis"	"Abundance"	"synov_IL6"	-0.393041832067032	398.409963971171	0.206255756619983	12	"spearman"	0.917587521245458	""
"s_Luxibacter_massiliensis"	"Abundance"	"ileum_CCL2"	-0.0261232492813819	14560.6889073028	0.866329851999109	44	"spearman"	0.917895762139542	""
"s_Luxibacter_massiliensis"	"Abundance"	"ileum_IL1b"	-0.0416412391530088	14780.8891835812	0.788405843622878	44	"spearman"	0.917895762139542	""
"s_Luxibacter_massiliensis"	"Abundance"	"colon_S100A8"	0.0224908853071264	8933.45579917817	0.893379999197292	38	"spearman"	0.917895762139542	""
"s_Luxibacter_massiliensis"	"Abundance"	"colon_CXCL1"	0.0496001196766356	7384.60707011254	0.773902008167832	36	"spearman"	0.917895762139542	""
"s_Luxibacter_massiliensis"	"Abundance"	"ileum_IFNg"	-0.0368530669145444	7403.13089776985	0.833528120793704	35	"spearman"	0.917895762139542	""
"s_Luxibacter_massiliensis"	"Abundance"	"synov_TNF"	0.0317865976238932	352.429678464903	0.917895762139542	13	"spearman"	0.917895762139542	""
"s_Pseudoscilispira_sp018369915"	"Abundance"	"Patella_Joint"	-0.0374372928673923	15748.298105727	0.807110402623838	45	"spearman"	0.918129071927379	""
"s_Pseudoscilispira_sp018369915"	"Abundance"	"ileum_CCL2"	-0.0353577651948028	14691.7266881143	0.819758099935159	44	"spearman"	0.918129071927379	""
"s_Pseudoscilispira_sp018369915"	"Abundance"	"ileum_IL1b"	0.0409828642030669	13608.4531569585	0.791676358445002	44	"spearman"	0.918129071927379	""
"s_Pseudoscilispira_sp018369915"	"Abundance"	"colon_CXCL1"	0.0474306861264689	7401.46356879734	0.783550416669818	36	"spearman"	0.918129071927379	""
"s_Desulfovibrio_sp900556755"	"Abundance"	"colon_IL10"	0.024542805239777	8228.95689499724	0.885353852408284	37	"spearman"	0.918144735830813	""
"s_Desulfovibrio_sp900556755"	"Abundance"	"ileum_IL10"	-0.0334684194477694	8030.04961910917	0.846349963007747	36	"spearman"	0.918144735830813	""
"s_Desulfovibrio_sp900556755"	"Abundance"	"synov_TNF"	0.0469852510343051	346.897368623513	0.878855441230456	13	"spearman"	0.918144735830813	""
"s_Enterocloster_lavalensis"	"Abundance"	"Femur_Inflammation"	0.0684668259285019	20586.8831469801	0.633084341903287	51	"spearman"	0.918403128383065	""
"s_Enterocloster_lavalensis"	"Abundance"	"ileum_CCL2"	-0.0679984279801941	15154.897693039	0.660970389751576	44	"spearman"	0.918403128383065	""
"s_Enterocloster_lavalensis"	"Abundance"	"colon_CXCL1"	0.0691057847180092	7233.04805274107	0.688802346287299	36	"spearman"	0.918403128383065	""
"s_Enterococcus_B_hirae"	"Abundance"	"ileum_TNF"	-0.0291247872927903	13629.7286829057	0.852918855345281	43	"spearman"	0.918527998064149	""
"s_Bacteroides_sp902362375"	"Abundance"	"synov_IL1b"	0.382701350397411	224.696708455342	0.196831475620738	13	"spearman"	0.918546886230111	""
"s_UBA7173_sp001689485"	"Abundance"	"Femur_Joint"	0.0205579117686928	21645.6701499119	0.886141510586886	51	"spearman"	0.918961566534548	""
"s_Massiliimalia_timonensis"	"Abundance"	"synov_IL1b"	-0.0698856557814612	389.438378704452	0.820530515254173	13	"spearman"	0.918994177084674	""
"s_Otoolea_symbiosa"	"Abundance"	"score_day9"	0.1001987729114	503.888687169616	0.722366598650511	15	"spearman"	0.919375671009741	""
"s_Bacteroides_cellulosilyticus"	"Abundance"	"colon_CXCL1"	-0.0244862965848921	7960.25852446461	0.887274413543764	36	"spearman"	0.920136428860199	""
"s_Allocoprobacillus_merdigallinarum"	"Abundance"	"score_day1"	0.106879729190507	4872.86419753659	0.560418383649446	32	"spearman"	0.920207868841226	""
"s_Allocoprobacillus_merdigallinarum"	"Abundance"	"synov_TNF"	0.164361345865298	304.172470105032	0.591562201397931	13	"spearman"	0.920207868841226	""
"s_Pseudoflavonifractor_A_gallinarum"	"Abundance"	"ileum_TNF"	0.0157270904007521	13035.7104147324	0.920267630266829	43	"spearman"	0.920267630266829	""
"s_Agathobaculum_hominis"	"Abundance"	"score_day5"	0.0269525179039166	4373.84843202189	0.887571627893828	30	"spearman"	0.920444651149155	""
"s_Eisenbergiella_tayi"	"Abundance"	"Femur_Joint"	-0.02672342456108	22690.5876827999	0.852330772980945	51	"spearman"	0.921223557908407	""
"s_Eisenbergiella_tayi"	"Abundance"	"colon_S100A8"	0.0305285042127147	8860	0.855421875200664	38	"spearman"	0.921223557908407	""
"s_Adlercreutzia_rubneri"	"Abundance"	"Femur_Joint"	-0.0598207975742428	23422.0396263908	0.676686601838576	51	"spearman"	0.921455978594476	""
"s_Adlercreutzia_rubneri"	"Abundance"	"Femur_Inflammation"	-0.0728563030553339	23710.1242975229	0.611400505425772	51	"spearman"	0.921455978594476	""
"s_Adlercreutzia_rubneri"	"Abundance"	"colon_IL1b"	0.0185846999553333	14897.884254678	0.903554725341107	45	"spearman"	0.921455978594476	""
"s_Adlercreutzia_rubneri"	"Abundance"	"colon_TNF"	0.150505602916961	12895.3249477205	0.323717491673091	45	"spearman"	0.921455978594476	""
"s_Adlercreutzia_rubneri"	"Abundance"	"Patella_Joint"	-0.230227952499718	18674.8603189457	0.128140206202071	45	"spearman"	0.921455978594476	""
"s_Adlercreutzia_rubneri"	"Abundance"	"ileum_CCL2"	0.0535398985480008	13430.2688396039	0.729968643523078	44	"spearman"	0.921455978594476	""
"s_Adlercreutzia_rubneri"	"Abundance"	"ileum_IL1b"	-0.0786972002753747	15306.7132719076	0.611608446471797	44	"spearman"	0.921455978594476	""
"s_Adlercreutzia_rubneri"	"Abundance"	"colon_CCL2"	0.0183835342335884	13929.1376492254	0.905717481022784	44	"spearman"	0.921455978594476	""
"s_Adlercreutzia_rubneri"	"Abundance"	"ileum_TNF"	-0.170604741521203	15503.4891967068	0.274039415004296	43	"spearman"	0.921455978594476	""
"s_Adlercreutzia_rubneri"	"Abundance"	"ileum_CXCL1"	0.0163185112113878	9718.77310923149	0.921455978594476	39	"spearman"	0.921455978594476	""
"s_Adlercreutzia_rubneri"	"Abundance"	"colon_S100A8"	0.0932959684363394	8286.36814446029	0.577444966993814	38	"spearman"	0.921455978594476	""
"s_Adlercreutzia_rubneri"	"Abundance"	"ileum_S100A8"	0.0272189722693339	8206.3807499359	0.872949331932937	37	"spearman"	0.921455978594476	""
"s_Adlercreutzia_rubneri"	"Abundance"	"colon_IL10"	-0.202654150858315	10145.5904166407	0.229008024593628	37	"spearman"	0.921455978594476	""
"s_Adlercreutzia_rubneri"	"Abundance"	"ileum_IL10"	0.0421398268933253	7442.57354503886	0.807212142730508	36	"spearman"	0.921455978594476	""
"s_Adlercreutzia_rubneri"	"Abundance"	"colon_CXCL1"	-0.0732537539526357	8339.18166821198	0.671141230824695	36	"spearman"	0.921455978594476	""
"s_Adlercreutzia_rubneri"	"Abundance"	"ileum_IFNg"	-0.0638872824600303	7596.15519676462	0.715403646817377	35	"spearman"	0.921455978594476	""
"s_Adlercreutzia_rubneri"	"Abundance"	"colon_IFNg"	-0.0262054836264214	5598.97711866576	0.886790175210324	32	"spearman"	0.921455978594476	""
"s_Adlercreutzia_rubneri"	"Abundance"	"score_day1"	-0.0225488785462057	5579.0266813481	0.902506082331332	32	"spearman"	0.921455978594476	""
"s_Adlercreutzia_rubneri"	"Abundance"	"score_day5"	-0.0647092413652917	4785.86803993699	0.734064920962581	30	"spearman"	0.921455978594476	""
"s_Adlercreutzia_rubneri"	"Abundance"	"score_day9"	-0.264117013741217	707.905527695081	0.341493535829195	15	"spearman"	0.921455978594476	""
"s_Adlercreutzia_rubneri"	"Abundance"	"synov_CCL2"	-0.410578227716085	513.450474888655	0.163446999060647	13	"spearman"	0.921455978594476	""
"s_Adlercreutzia_rubneri"	"Abundance"	"synov_IL1b"	0.506671004415594	179.571754392724	0.0772295511625194	13	"spearman"	0.921455978594476	""
"s_Adlercreutzia_rubneri"	"Abundance"	"synov_MMP13"	0.331956864961941	243.167701153854	0.267823925129049	13	"spearman"	0.921455978594476	""
"s_Adlercreutzia_rubneri"	"Abundance"	"synov_MMP3"	-0.436785348634133	522.989866902824	0.135610795965128	13	"spearman"	0.921455978594476	""
"s_Adlercreutzia_rubneri"	"Abundance"	"synov_TNF"	0.209656967344384	287.684863886644	0.491790781853082	13	"spearman"	0.921455978594476	""
"s_Adlercreutzia_rubneri"	"Abundance"	"synov_CXCL1"	-0.370914139302243	392.081443840441	0.235233133486041	12	"spearman"	0.921455978594476	""
"s_Adlercreutzia_rubneri"	"Abundance"	"synov_IL6"	-0.112886911961552	318.285656821004	0.726858860524587	12	"spearman"	0.921455978594476	""
"s_Adlercreutzia_rubneri"	"Abundance"	"synov_IL17"	-0.174077655955698	193.72281323269	0.630536075556976	10	"spearman"	0.921455978594476	""
"s_Parabacteroides_merdae"	"Abundance"	"colon_IL1b"	-0.0535608406350879	15993.0535608406	0.726760994033292	45	"spearman"	0.921917566600868	""
"s_Parabacteroides_merdae"	"Abundance"	"ileum_CCL2"	-0.0936641059976038	15519.093664106	0.54534969954783	44	"spearman"	0.921917566600868	""
"s_Parabacteroides_merdae"	"Abundance"	"ileum_TNF"	0.0445518387072416	12653.9554481613	0.776657077707523	43	"spearman"	0.921917566600868	""
"s_Parabacteroides_merdae"	"Abundance"	"ileum_CXCL1"	0.0300146783803005	9583.45497760263	0.856066311843663	39	"spearman"	0.921917566600868	""
"s_Parabacteroides_merdae"	"Abundance"	"colon_S100A8"	-0.0967335997508519	10023.048368123	0.563437009747608	38	"spearman"	0.921917566600868	""
"s_Parabacteroides_merdae"	"Abundance"	"ileum_S100A8"	-0.089265603855464	9189.0446341247	0.599308050275628	37	"spearman"	0.921917566600868	""
"s_Parabacteroides_merdae"	"Abundance"	"ileum_IL10"	0.0774874501222809	7167.92251254988	0.653292333485692	36	"spearman"	0.921917566600868	""
"s_Parabacteroides_merdae"	"Abundance"	"colon_IFNg"	0.0557286892758937	5151.94427131072	0.761934008422237	32	"spearman"	0.921917566600868	""
"s_Parabacteroides_merdae"	"Abundance"	"score_day9"	0.234801741769477	428.511024609093	0.399585819587606	15	"spearman"	0.921917566600868	""
"s_Parabacteroides_merdae"	"Abundance"	"synov_CCL2"	-0.131868131868132	412	0.669269053658081	13	"spearman"	0.921917566600868	""
"s_Parabacteroides_merdae"	"Abundance"	"synov_MMP13"	0.137362637362637	314	0.656000350185762	13	"spearman"	0.921917566600868	""
"s_Parabacteroides_merdae"	"Abundance"	"synov_MMP3"	-0.0659340659340659	388	0.834785888052903	13	"spearman"	0.921917566600868	""
"s_Parabacteroides_merdae"	"Abundance"	"synov_TNF"	-0.115384615384615	406	0.709624772741501	13	"spearman"	0.921917566600868	""
"s_Parabacteroides_merdae"	"Abundance"	"synov_CXCL1"	0.0629370629370629	268	0.851681911253292	12	"spearman"	0.921917566600868	""
"s_Parabacteroides_merdae"	"Abundance"	"synov_IL6"	0.181818181818182	234	0.572958221209956	12	"spearman"	0.921917566600868	""
"s_UBA3282_sp003611805"	"Abundance"	"score_day9"	-0.0276394996411391	575.478119799038	0.922108472212345	15	"spearman"	0.922108472212345	""
"s_Ruminococcus_C_callidus"	"Abundance"	"Femur_Inflammation"	-0.0363113752800852	22902.4813936899	0.800291592293621	51	"spearman"	0.922869425660699	""
"s_Ruminococcus_C_callidus"	"Abundance"	"Patella_Joint"	0.0480700157058748	14450.2971615848	0.75384717403815	45	"spearman"	0.922869425660699	""
"s_Ruminococcus_C_callidus"	"Abundance"	"colon_S100A8"	0.0470262471180233	8709.22712758838	0.779200892931773	38	"spearman"	0.922869425660699	""
"s_Ruminococcus_C_callidus"	"Abundance"	"colon_CXCL1"	0.0369510086309755	7482.89066293732	0.830582483094629	36	"spearman"	0.922869425660699	""
"s_Agathobaculum_hominis"	"Abundance"	"ileum_CCL2"	-0.0149304333778586	14401.8628496318	0.92336852133122	44	"spearman"	0.92336852133122	""
"s_Phascolarctobacterium_faecium"	"Abundance"	"colon_IL1b"	-0.0674594025202091	16204.0337302568	0.65972035754652	45	"spearman"	0.923608500565128	""
"s_Allocoprobacillus_merdigallinarum"	"Abundance"	"Femur_Inflammation"	-0.0675876338989162	23593.686709166	0.637465269615576	51	"spearman"	0.923857471281307	""
"s_Allocoprobacillus_merdigallinarum"	"Abundance"	"ileum_CCL2"	0.0409423296008505	13609.0283429639	0.791877832526835	44	"spearman"	0.923857471281307	""
"s_Allocoprobacillus_merdigallinarum"	"Abundance"	"colon_CCL2"	0.0419571500788592	13594.628040381	0.786837809817063	44	"spearman"	0.923857471281307	""
"s_Allocoprobacillus_merdigallinarum"	"Abundance"	"colon_S100A8"	0.0631224914209959	8562.12355090352	0.706552175665117	38	"spearman"	0.923857471281307	""
"s_Allocoprobacillus_merdigallinarum"	"Abundance"	"ileum_IL10"	-0.0456957608603391	8125.05606188484	0.791289395961744	36	"spearman"	0.923857471281307	""
"s_Allocoprobacillus_merdigallinarum"	"Abundance"	"ileum_IFNg"	0.0733427252379631	6616.33294180094	0.675429551085824	35	"spearman"	0.923857471281307	""
"s_Pseudoscilispira_sp018369915"	"Abundance"	"synov_TNF"	0.0549041231685427	344.01489916665	0.858608750759489	13	"spearman"	0.924655577740988	""
"s_Anaerofustis_stercorihominis_A"	"Abundance"	"colon_IL10"	0.212333155078414	6644.7575037585	0.207061202549608	37	"spearman"	0.924982033261336	""
"s_Anaerofustis_stercorihominis_A"	"Abundance"	"ileum_IL10"	0.203404088577178	6189.55023175532	0.234108689228067	36	"spearman"	0.924982033261336	""
"s_Anaerofustis_stercorihominis_A"	"Abundance"	"ileum_IFNg"	0.204000122007075	5683.43912886948	0.239810156771458	35	"spearman"	0.924982033261336	""
"s_Anaerofustis_stercorihominis_A"	"Abundance"	"synov_CCL2"	-0.38575837490523	504.416048465504	0.192977583019555	13	"spearman"	0.924982033261336	""
"s_Bacteroides_sp902362375"	"Abundance"	"colon_S100A8"	-0.168989769612995	10683.3975044932	0.310467245055198	38	"spearman"	0.925042393933773	""
"s_Bacteroides_sp902362375"	"Abundance"	"score_day1"	0.202127168340145	4353.19416953617	0.267252458051018	32	"spearman"	0.925042393933773	""
"s_Bacteroides_sp902362375"	"Abundance"	"score_day5"	0.21939396326955	3508.82413510338	0.244072016072942	30	"spearman"	0.925042393933773	""
"s_Bacteroides_sp902362375"	"Abundance"	"synov_MMP13"	0.293528220207723	257.155727844389	0.330372283547776	13	"spearman"	0.925042393933773	""
"s_Enterocloster_citroniae"	"Abundance"	"synov_CXCL1"	-0.112886911961552	318.285656821004	0.726858860524587	12	"spearman"	0.92509309521311	""
"s_Phocaeicola_massiliensis"	"Abundance"	"Patella_Joint"	-0.0281032823207172	15606.6078256285	0.854599050987139	45	"spearman"	0.925160888855864	""
"s_Phocaeicola_massiliensis"	"Abundance"	"ileum_IL10"	-0.023810840560442	7955.01023115464	0.89036492324639	36	"spearman"	0.925160888855864	""
"s_Phocaeicola_massiliensis"	"Abundance"	"synov_TNF"	-0.0418121005003545	379.219604582129	0.892119428539583	13	"spearman"	0.925160888855864	""
"s_Blautia_A_faecis"	"Abundance"	"Femur_Inflammation"	0.0239163757760129	21571.4480953501	0.867695357781574	51	"spearman"	0.925160888855864	""
"s_Blautia_A_faecis"	"Abundance"	"synov_TNF"	0.0418121005003545	348.780395417871	0.892119428539583	13	"spearman"	0.925160888855864	""
"s_Lawsonibacter_sp000177015"	"Abundance"	"Femur_Joint"	-0.0133513919384537	22395.0657618398	0.925912850825249	51	"spearman"	0.925912850825249	""
"s_Scatomonas_hejianensis"	"Abundance"	"Femur_Joint"	-0.0273605875523023	22704.6689849059	0.848850553282221	51	"spearman"	0.926161452930047	""
"s_Scatomonas_hejianensis"	"Abundance"	"Femur_Inflammation"	-0.0253198238439513	22659.5681069513	0.860007063435044	51	"spearman"	0.926161452930047	""
"s_Scatomonas_hejianensis"	"Abundance"	"colon_IL1b"	-0.0367123990920928	15737.294218218	0.810776276455681	45	"spearman"	0.926161452930047	""
"s_Scatomonas_hejianensis"	"Abundance"	"colon_TNF"	-0.0357983974549453	15723.4196733661	0.815404193910008	45	"spearman"	0.926161452930047	""
"s_Scatomonas_hejianensis"	"Abundance"	"Patella_Joint"	-0.0834035315238683	16446.0656085323	0.585963755567941	45	"spearman"	0.926161452930047	""
"s_Scatomonas_hejianensis"	"Abundance"	"colon_CCL2"	-0.0528929756896227	14940.5513250357	0.73311059047229	44	"spearman"	0.926161452930047	""
"s_Scatomonas_hejianensis"	"Abundance"	"colon_S100A8"	-0.100929274944767	10061.3926437202	0.546555900046472	38	"spearman"	0.926161452930047	""
"s_Scatomonas_hejianensis"	"Abundance"	"ileum_S100A8"	-0.0628433997106951	8966.14691995942	0.711749935590285	37	"spearman"	0.926161452930047	""
"s_Scatomonas_hejianensis"	"Abundance"	"colon_IL10"	0.0707777183594713	7838.9191679195	0.677212345097238	37	"spearman"	0.926161452930047	""
"s_Scatomonas_hejianensis"	"Abundance"	"ileum_IL10"	-0.101783889573109	8560.86082198306	0.554729501685704	36	"spearman"	0.926161452930047	""
"s_Scatomonas_hejianensis"	"Abundance"	"ileum_IFNg"	0.12849564034286	6222.54112795198	0.461949624766414	35	"spearman"	0.926161452930047	""
"s_Scatomonas_hejianensis"	"Abundance"	"score_day1"	-0.121872529481375	6120.93652085038	0.50638962758613	32	"spearman"	0.926161452930047	""
"s_Scatomonas_hejianensis"	"Abundance"	"score_day5"	-0.100627809652428	4947.32200438766	0.596744623472783	30	"spearman"	0.926161452930047	""
"s_Scatomonas_hejianensis"	"Abundance"	"synov_MMP13"	0.209656967344384	287.684863886644	0.491790781853082	13	"spearman"	0.926161452930047	""
"s_Scatomonas_hejianensis"	"Abundance"	"synov_MMP3"	-0.13103560459024	411.696960070847	0.669598766640392	13	"spearman"	0.926161452930047	""
"s_Scatomonas_hejianensis"	"Abundance"	"synov_TNF"	0.0873570697268265	332.202026619435	0.776582228295419	13	"spearman"	0.926161452930047	""
"s_Scatomonas_hejianensis"	"Abundance"	"synov_CXCL1"	-0.0913846430164946	312.136007902717	0.777593500733088	12	"spearman"	0.926161452930047	""
"s_Enterocloster_lavalensis"	"Abundance"	"ileum_IL1b"	-0.0524024582599661	14933.5908827089	0.735495793385625	44	"spearman"	0.926468147315711	""
"s_Enterocloster_lavalensis"	"Abundance"	"colon_S100A8"	-0.0224908853071264	9344.54420082183	0.893379999197293	38	"spearman"	0.926468147315711	""
"s_Enterocloster_lavalensis"	"Abundance"	"ileum_IL10"	-0.037425612166422	8060.7970065331	0.828438600650171	36	"spearman"	0.926468147315711	""
"s_Enterocloster_lavalensis"	"Abundance"	"ileum_IFNg"	0.025781330073265	6955.92130327689	0.883124614538531	35	"spearman"	0.926468147315711	""
"s_Enterocloster_lavalensis"	"Abundance"	"score_day9"	0.0695548934671756	521.049259658382	0.805440728648371	15	"spearman"	0.926468147315711	""
"s_Enterocloster_lavalensis"	"Abundance"	"synov_TNF"	-0.0780216487131923	392.399880131602	0.799997068308562	13	"spearman"	0.926468147315711	""
"s_Bacteroides_intestinigallinarum"	"Abundance"	"synov_TNF"	-0.0281911506205831	374.261578825892	0.927159194984547	13	"spearman"	0.927159194984547	""
"s_Neobittarella_massiliensis"	"Abundance"	"score_day1"	0.0180750652366904	5357.38244406862	0.921783152434719	32	"spearman"	0.927321733094614	""
"s_Neobittarella_massiliensis"	"Abundance"	"score_day5"	-0.0173912680990435	4573.1737501052	0.927321733094614	30	"spearman"	0.927321733094614	""
"s_Anaerobutyricum_hallii"	"Abundance"	"ileum_IL10"	0.0594341837674513	7308.1963921269	0.730602259551672	36	"spearman"	0.927460045055596	""
"s_Anaerobutyricum_hallii"	"Abundance"	"colon_CXCL1"	0.0568361767113163	7328.38290695307	0.741968036044477	36	"spearman"	0.927460045055596	""
"s_Faecalibacterium_longum"	"Abundance"	"colon_IL1b"	-0.0692376986749214	16231.0282658853	0.651316793602979	45	"spearman"	0.928396375368871	""
"s_Faecalibacterium_longum"	"Abundance"	"ileum_IL1b"	-0.056264977178354	14988.4000261608	0.716782041219041	44	"spearman"	0.928396375368871	""
"s_Faecalibacterium_longum"	"Abundance"	"ileum_TNF"	-0.0827332461440576	14339.7191119319	0.597889858602985	43	"spearman"	0.928396375368871	""
"s_Faecalibacterium_longum"	"Abundance"	"colon_S100A8"	0.0554535609530765	8632.20990644983	0.74089063857734	38	"spearman"	0.928396375368871	""
"s_Faecalibacterium_longum"	"Abundance"	"colon_IL10"	-0.055839600215267	8907.06286741599	0.742717100295097	37	"spearman"	0.928396375368871	""
"s_Faecalibacterium_longum"	"Abundance"	"colon_CXCL1"	0.0998600325327707	6994.08754722037	0.562274555804339	36	"spearman"	0.928396375368871	""
"s_Alistipes_communis"	"Abundance"	"colon_IFNg"	0.0282653596673395	5301.784197655	0.877955115304785	32	"spearman"	0.928411147901587	""
"s_Alistipes_communis"	"Abundance"	"score_day1"	-0.0245208993250815	5589.78602671764	0.894025549831157	32	"spearman"	0.928411147901587	""
"s_Bacteroides_finegoldii"	"Abundance"	"synov_TNF"	0.0664628859408675	339.807509517524	0.829201152747903	13	"spearman"	0.928705291077651	""
"s_Alistipes_timonensis"	"Abundance"	"Patella_Joint"	-0.0136541266368596	15387.2696423475	0.929065020675228	45	"spearman"	0.929065020675228	""
"s_Alistipes_timonensis"	"Abundance"	"ileum_CCL2"	-0.0233906557135023	14521.9134045746	0.880204575979434	44	"spearman"	0.929065020675228	""
"s_Alistipes_timonensis"	"Abundance"	"colon_S100A8"	-0.0288830316575729	9402.96202631856	0.863331361320513	38	"spearman"	0.929065020675228	""
"s_Alistipes_timonensis"	"Abundance"	"synov_IL17"	-0.037283337586741	171.151750701812	0.91855597301063	10	"spearman"	0.929065020675228	""
"s_Victivallis_lenta"	"Abundance"	"ileum_CXCL1"	-0.0643771894735567	10516.0466319987	0.697010348623372	39	"spearman"	0.929347131497829	""
"s_Thomasclavelia_sp000508865"	"Abundance"	"ileum_IL10"	-0.0224846632780657	7944.70583367057	0.896437359635474	36	"spearman"	0.929638743325676	""
"s_Blautia_A_obeum"	"Abundance"	"score_day5"	0.0168284254438262	4419.35622763	0.929667992818823	30	"spearman"	0.929667992818823	""
"s_Bacteroides_stercoris"	"Abundance"	"Femur_Inflammation"	-0.0622941616747212	23476.7009730113	0.664097717414339	51	"spearman"	0.929736804380075	""
"s_Bacteroides_stercoris"	"Abundance"	"colon_CXCL1"	0.0601993610198946	7302.25096487542	0.727265376495539	36	"spearman"	0.930124354950219	""
"s_Bacteroides_stercoris"	"Abundance"	"score_day1"	0.0632757303025764	5110.76761546914	0.730811993175172	32	"spearman"	0.930124354950219	""
"s_Tidjanibacter_inops"	"Abundance"	"ileum_CCL2"	0.0394297179309201	13630.4923025602	0.799405621386901	44	"spearman"	0.930182696565037	""
"s_Tidjanibacter_inops"	"Abundance"	"colon_S100A8"	0.0313193648747757	8852.77232440942	0.851925810598531	38	"spearman"	0.930182696565037	""
"s_Tidjanibacter_inops"	"Abundance"	"colon_IL10"	-0.0292097096230612	8682.41311038014	0.86374107538182	37	"spearman"	0.930182696565037	""
"s_Tidjanibacter_inops"	"Abundance"	"ileum_IL10"	0.0586706224092769	7314.12926387992	0.733936957298502	36	"spearman"	0.930182696565037	""
"s_Tidjanibacter_inops"	"Abundance"	"synov_TNF"	-0.0549041231685427	383.98510083335	0.858608750759489	13	"spearman"	0.930182696565037	""
"s_Bacteroides_caccae"	"Abundance"	"ileum_IL1b"	-0.0135953558109154	14382.9180989569	0.930203197323253	44	"spearman"	0.930203197323253	""
"s_Bacteroides_caccae"	"Abundance"	"score_day9"	-0.0328548328329182	578.398706386434	0.907464514784923	15	"spearman"	0.930203197323253	""
"s_Ruthenibacterium_lactatiformans"	"Abundance"	"Femur_Joint"	0.0426932661353581	21156.4788184086	0.766109275864682	51	"spearman"	0.930347530836941	""
"s_Ruthenibacterium_lactatiformans"	"Abundance"	"Femur_Inflammation"	0.0392822596385386	21231.8620619883	0.784328736706795	51	"spearman"	0.930347530836941	""
"s_Ruthenibacterium_lactatiformans"	"Abundance"	"Patella_Joint"	0.0327924498026194	14682.2106119962	0.830667438247269	45	"spearman"	0.930347530836941	""
"s_Ruthenibacterium_lactatiformans"	"Abundance"	"colon_IL10"	-0.0782500445977441	9096.11737622657	0.645267373648873	37	"spearman"	0.930347530836941	""
"s_Ruthenibacterium_lactatiformans"	"Abundance"	"colon_CXCL1"	0.0446618187423314	7422.97766837208	0.795910913575559	36	"spearman"	0.930347530836941	""
"s_Ruthenibacterium_lactatiformans"	"Abundance"	"score_day1"	-0.0607268517905662	5787.32570336933	0.741278708087844	32	"spearman"	0.930347530836941	""
"s_Ruthenibacterium_lactatiformans"	"Abundance"	"score_day5"	-0.0834078791396639	4869.91841673279	0.661243691850139	30	"spearman"	0.930347530836941	""
"s_Ruthenibacterium_lactatiformans"	"Abundance"	"synov_CXCL1"	0.0769230769230769	264	0.817283290706317	12	"spearman"	0.930347530836941	""
"s_Blautia_celeris"	"Abundance"	"colon_IL10"	-0.0220073154694297	8621.65371330011	0.897131199833015	37	"spearman"	0.930358281308312	""
"s_Allobaculum_stercoricanis"	"Abundance"	"Femur_Joint"	-0.0206678696048551	22556.7599182673	0.885536571963151	51	"spearman"	0.930632730554318	""
"s_Allobaculum_stercoricanis"	"Abundance"	"Femur_Inflammation"	-0.126143618146703	24887.7739610421	0.377753406642626	51	"spearman"	0.930632730554318	""
"s_Allobaculum_stercoricanis"	"Abundance"	"colon_IL1b"	0.0802736445626999	13961.4460755382	0.600149223139091	45	"spearman"	0.930632730554318	""
"s_Allobaculum_stercoricanis"	"Abundance"	"colon_TNF"	0.177047982729955	12492.4116221593	0.244638090891047	45	"spearman"	0.930632730554318	""
"s_Allobaculum_stercoricanis"	"Abundance"	"Patella_Joint"	-0.131322382500197	17173.473766353	0.389855080617261	45	"spearman"	0.930632730554318	""
"s_Allobaculum_stercoricanis"	"Abundance"	"ileum_CCL2"	0.115583609150605	12549.8685861529	0.454983590534982	44	"spearman"	0.930632730554318	""
"s_Allobaculum_stercoricanis"	"Abundance"	"ileum_IL1b"	0.0240971448816795	13848.061514129	0.876613812749436	44	"spearman"	0.930632730554318	""
"s_Allobaculum_stercoricanis"	"Abundance"	"colon_CCL2"	0.0181576027982377	13932.343616293	0.906871084447595	44	"spearman"	0.930632730554318	""
"s_Allobaculum_stercoricanis"	"Abundance"	"ileum_TNF"	-0.196253015561293	15843.1749380938	0.207199516247398	43	"spearman"	0.930632730554318	""
"s_Allobaculum_stercoricanis"	"Abundance"	"ileum_CXCL1"	0.065929430299237	9228.61722864354	0.690064366319536	39	"spearman"	0.930632730554318	""
"s_Allobaculum_stercoricanis"	"Abundance"	"colon_S100A8"	0.0612698585207601	8579.05476297877	0.714798259411646	38	"spearman"	0.930632730554318	""
"s_Allobaculum_stercoricanis"	"Abundance"	"ileum_S100A8"	0.17809695754825	6933.57406612296	0.291608618609463	37	"spearman"	0.930632730554318	""
"s_Allobaculum_stercoricanis"	"Abundance"	"colon_IL10"	-0.254318092801032	10581.4274308695	0.128772553941911	37	"spearman"	0.930632730554318	""
"s_Allobaculum_stercoricanis"	"Abundance"	"ileum_IL10"	0.056014359701467	7334.7684251196	0.745574675522167	36	"spearman"	0.930632730554318	""
"s_Allobaculum_stercoricanis"	"Abundance"	"colon_CXCL1"	0.184954746957192	6332.90161614262	0.280179980861012	36	"spearman"	0.930632730554318	""
"s_Allobaculum_stercoricanis"	"Abundance"	"ileum_IFNg"	-0.0893614882258485	7778.04102593256	0.60970602992607	35	"spearman"	0.930632730554318	""
"s_Allobaculum_stercoricanis"	"Abundance"	"colon_IFNg"	0.137452523473323	4706.05903192955	0.453143291997587	32	"spearman"	0.930632730554318	""
"s_Allobaculum_stercoricanis"	"Abundance"	"score_day1"	0.0536341182563321	5163.37225079345	0.770638995511638	32	"spearman"	0.930632730554318	""
"s_Allobaculum_stercoricanis"	"Abundance"	"score_day5"	-0.163145512670532	5228.33907945404	0.389013670976132	30	"spearman"	0.930632730554318	""
"s_Allobaculum_stercoricanis"	"Abundance"	"score_day9"	-0.301511344577764	728.846352963548	0.274784759491862	15	"spearman"	0.930632730554318	""
"s_Allobaculum_stercoricanis"	"Abundance"	"synov_CCL2"	-0.10066433983113	400.641819698531	0.743507818689206	13	"spearman"	0.930632730554318	""
"s_Allobaculum_stercoricanis"	"Abundance"	"synov_IL1b"	0.221461547628486	283.387996663231	0.467140172729237	13	"spearman"	0.930632730554318	""
"s_Allobaculum_stercoricanis"	"Abundance"	"synov_MMP13"	0.255016327572195	271.174056763721	0.400424795465865	13	"spearman"	0.930632730554318	""
"s_Allobaculum_stercoricanis"	"Abundance"	"synov_MMP3"	-0.0268438239549679	373.771151919608	0.930632730554318	13	"spearman"	0.930632730554318	""
"s_Allobaculum_stercoricanis"	"Abundance"	"synov_TNF"	0.0536876479099359	344.457696160783	0.861714115648565	13	"spearman"	0.930632730554318	""
"s_Allobaculum_stercoricanis"	"Abundance"	"synov_CXCL1"	0.0374441354987854	275.290977247347	0.908024368070205	12	"spearman"	0.930632730554318	""
"s_Allobaculum_stercoricanis"	"Abundance"	"synov_IL6"	0.253788029491768	213.416623565354	0.426064113508051	12	"spearman"	0.930632730554318	""
"s_Allobaculum_stercoricanis"	"Abundance"	"synov_IL17"	-0.231156693037794	203.140854351236	0.520508415963366	10	"spearman"	0.930632730554318	""
"s_Butyribacter_sp003529475"	"Abundance"	"Femur_Joint"	0.0230512258996971	21590.5679076167	0.872440871045373	51	"spearman"	0.930650556136358	""
"s_Butyribacter_sp003529475"	"Abundance"	"Femur_Inflammation"	-0.0209257601257944	22562.4592987801	0.884118028329541	51	"spearman"	0.930650556136358	""
"s_Butyribacter_sp003529475"	"Abundance"	"Patella_Joint"	-0.0480762425731153	15909.7973622599	0.753816283875412	45	"spearman"	0.930650556136358	""
"s_Butyribacter_sp003529475"	"Abundance"	"ileum_S100A8"	-0.0303424446193316	8691.96886280868	0.858509363726228	37	"spearman"	0.930650556136358	""
"s_Ruminococcus_E_intestinalis"	"Abundance"	"Patella_Joint"	-0.0188805229435654	15466.6063382833	0.902026959888741	45	"spearman"	0.931416452776645	""
"s_Ruminococcus_E_intestinalis"	"Abundance"	"colon_S100A8"	0.0282679067473884	8880.65960023562	0.866215444235607	38	"spearman"	0.931416452776645	""
"s_Ruminococcus_E_intestinalis"	"Abundance"	"colon_CXCL1"	0.0148677449322502	7654.47762187642	0.931416452776645	36	"spearman"	0.931416452776645	""
"s_Ruminococcus_E_intestinalis"	"Abundance"	"synov_TNF"	-0.059448753459792	385.639346259364	0.847024302295014	13	"spearman"	0.931416452776645	""
"s_Dysosmobacter_faecalis"	"Abundance"	"score_day1"	-0.0238373858917032	5586.05677742513	0.896963695957309	32	"spearman"	0.931462299647975	""
"s_Dysosmobacter_faecalis"	"Abundance"	"synov_CXCL1"	0.0436713146741147	273.510004003203	0.892800448127627	12	"spearman"	0.931462299647975	""
"s_Diplocloster_modestus"	"Abundance"	"colon_S100A8"	-0.0310731317322903	9422.9773509014	0.853077230026686	38	"spearman"	0.931502677553086	""
"s_Diplocloster_modestus"	"Abundance"	"synov_IL1b"	0.0524142418360959	344.921215971661	0.86496677201358	13	"spearman"	0.931502677553086	""
"s_Diplocloster_modestus"	"Abundance"	"synov_MMP13"	0.0524142418360959	344.921215971661	0.86496677201358	13	"spearman"	0.931502677553086	""
"s_Faecalibacterium_longum"	"Abundance"	"colon_TNF"	0.0404439913794223	14566.0602108604	0.791949588061735	45	"spearman"	0.931705397719688	""
"uc_g_Dialister"	"Abundance"	"Patella_Joint"	-0.0194274261836647	15474.908329468	0.899203426500254	45	"spearman"	0.932507257111374	""
"s_Escherichia_coli"	"Abundance"	"colon_IL1b"	0.0194160102767347	14885.2649639992	0.899262351702416	45	"spearman"	0.932568364728431	""
"s_Enterococcus_B_faecium"	"Abundance"	"synov_IL6"	-0.110147382480863	317.502151389527	0.733271493963402	12	"spearman"	0.933254628680694	""
"s_Acutalibacter_stercoravium"	"Abundance"	"colon_IL1b"	-0.0401421705482326	15789.3581489222	0.793468150248012	45	"spearman"	0.93349194146825	""
"s_Acutalibacter_stercoravium"	"Abundance"	"ileum_CCL2"	-0.0602636994444842	15045.1418951172	0.697579683502351	44	"spearman"	0.93349194146825	""
"s_Acutalibacter_stercoravium"	"Abundance"	"ileum_IL1b"	0.0655623834519124	13259.6697788174	0.672421275620626	44	"spearman"	0.93349194146825	""
"s_Acutalibacter_stercoravium"	"Abundance"	"colon_CCL2"	0.0473120636292109	13518.6418171015	0.760389897183921	44	"spearman"	0.93349194146825	""
"s_Acutalibacter_stercoravium"	"Abundance"	"ileum_TNF"	-0.060228891479197	14041.6714387505	0.701231994081644	43	"spearman"	0.93349194146825	""
"s_Acutalibacter_stercoravium"	"Abundance"	"colon_S100A8"	-0.0458005336760595	9557.57107726551	0.784818381585964	38	"spearman"	0.93349194146825	""
"s_Acutalibacter_stercoravium"	"Abundance"	"ileum_S100A8"	0.0985931662200316	7604.26804976781	0.561542168572683	37	"spearman"	0.93349194146825	""
"s_Acutalibacter_stercoravium"	"Abundance"	"ileum_IL10"	0.0685582568302947	7237.30234442861	0.691145995250993	36	"spearman"	0.93349194146825	""
"s_Pseudoscilispira_sp018369915"	"Abundance"	"score_day5"	-0.0239088589807657	4602.47032111854	0.900200992742746	30	"spearman"	0.933541770251737	""
"s_Bacteroides_fragilis"	"Abundance"	"colon_CXCL1"	0.0434697678064897	7432.23990414357	0.801247635695596	36	"spearman"	0.934788908311529	""
"s_Turicibacter_sp002311155"	"Abundance"	"colon_CCL2"	0.159671213895876	11924.2654748175	0.300524622390624	44	"spearman"	0.934965491881943	""
"s_Enterocloster_lavalensis"	"Abundance"	"Patella_Joint"	0.0124050004023623	14991.6920938921	0.935540070813133	45	"spearman"	0.935540070813133	""
"s_Megamonas_funiformis"	"Abundance"	"Femur_Joint"	-0.0573247976754566	23366.8780286276	0.689480065641138	51	"spearman"	0.936065952922776	""
"s_Megamonas_funiformis"	"Abundance"	"Femur_Inflammation"	-0.106463419279511	24452.8415660772	0.457137116839644	51	"spearman"	0.936065952922776	""
"s_Megamonas_funiformis"	"Abundance"	"colon_IL1b"	0.16679079481361	12648.1157347294	0.273484067421762	45	"spearman"	0.936065952922776	""
"s_Megamonas_funiformis"	"Abundance"	"colon_TNF"	-0.2229823460075	18564.8720123938	0.140932373385242	45	"spearman"	0.936065952922776	""
"s_Megamonas_funiformis"	"Abundance"	"Patella_Joint"	0.163000765734364	12705.6483761524	0.284687779958223	45	"spearman"	0.936065952922776	""
"s_Megamonas_funiformis"	"Abundance"	"ileum_CCL2"	-0.0249240076962469	14543.6716692097	0.872414356448334	44	"spearman"	0.936065952922776	""
"s_Megamonas_funiformis"	"Abundance"	"ileum_IL1b"	0.0513836177624047	13460.8664639515	0.740457872849641	44	"spearman"	0.936065952922776	""
"s_Megamonas_funiformis"	"Abundance"	"colon_CCL2"	0.0223245093235062	13873.2152126994	0.885627788252915	44	"spearman"	0.936065952922776	""
"s_Megamonas_funiformis"	"Abundance"	"ileum_TNF"	0.0248135996686693	12915.3686859881	0.874501586053789	43	"spearman"	0.936065952922776	""
"s_Megamonas_funiformis"	"Abundance"	"ileum_CXCL1"	-0.108807739491406	10955.0204661751	0.509665848627303	39	"spearman"	0.936065952922776	""
"s_Megamonas_funiformis"	"Abundance"	"colon_S100A8"	0.0778403688933925	8427.61686868329	0.642277342090946	38	"spearman"	0.936065952922776	""
"s_Megamonas_funiformis"	"Abundance"	"colon_IL10"	-0.17932249028139	9948.7645280138	0.288246555453711	37	"spearman"	0.936065952922776	""
"s_Megamonas_funiformis"	"Abundance"	"ileum_IL10"	0.0214024888428073	7603.70266169139	0.901396843555265	36	"spearman"	0.936065952922776	""
"s_Megamonas_funiformis"	"Abundance"	"colon_CXCL1"	-0.191753959460735	9259.92826500991	0.262562373550363	36	"spearman"	0.936065952922776	""
"s_Megamonas_funiformis"	"Abundance"	"ileum_IFNg"	0.0226691439622661	6978.14231210942	0.897153267802972	35	"spearman"	0.936065952922776	""
"s_Megamonas_funiformis"	"Abundance"	"colon_IFNg"	0.0504572554522325	5180.70521425262	0.783894126739051	32	"spearman"	0.936065952922776	""
"s_Megamonas_funiformis"	"Abundance"	"score_day1"	-0.13497114444086	6192.40256406933	0.461417101994725	32	"spearman"	0.936065952922776	""
"s_Megamonas_funiformis"	"Abundance"	"score_day5"	-0.112617506121654	5001.21569001683	0.553508243719223	30	"spearman"	0.936065952922776	""
"s_Megamonas_funiformis"	"Abundance"	"score_day9"	-0.378314926930607	771.85635908114	0.164400170517145	15	"spearman"	0.936065952922776	""
"s_Megamonas_funiformis"	"Abundance"	"synov_CCL2"	-0.419313934688767	516.630272226711	0.153791038868906	13	"spearman"	0.936065952922776	""
"s_Megamonas_funiformis"	"Abundance"	"synov_IL1b"	-0.218392674317066	443.494933451412	0.473491555174571	13	"spearman"	0.936065952922776	""
"s_Megamonas_funiformis"	"Abundance"	"synov_MMP13"	-0.0698856557814612	389.438378704452	0.820530515254173	13	"spearman"	0.936065952922776	""
"s_Megamonas_funiformis"	"Abundance"	"synov_MMP3"	-0.253335502207797	456.214122803638	0.403644223709312	13	"spearman"	0.936065952922776	""
"s_Megamonas_funiformis"	"Abundance"	"synov_TNF"	0.253335502207797	271.785877196362	0.403644223709312	13	"spearman"	0.936065952922776	""
"s_Megamonas_funiformis"	"Abundance"	"synov_CXCL1"	0.0436713146741147	273.510004003203	0.892800448127627	12	"spearman"	0.936065952922776	""
"s_Megamonas_funiformis"	"Abundance"	"synov_IL6"	-0.393041832067032	398.409963971171	0.206255756619983	12	"spearman"	0.936065952922776	""
"s_Akkermansia_sp004167605"	"Abundance"	"colon_CXCL1"	0.0507147291075713	7375.94655483417	0.768957702439048	36	"spearman"	0.93612242036058	""
"s_Ruthenibacterium_lactatiformans"	"Abundance"	"ileum_TNF"	0.0191799441214226	12989.9808200559	0.902838577380259	43	"spearman"	0.936277043209158	""
"s_Ruthenibacterium_lactatiformans"	"Abundance"	"synov_IL17"	0.0545454545454545	156	0.891638843953118	10	"spearman"	0.936277043209158	""
"s_Hungatella_effluvii"	"Abundance"	"ileum_IFNg"	-0.0243578210508147	7313.91484230282	0.889537220052375	35	"spearman"	0.936471404234497	""
"s_Hungatella_effluvii"	"Abundance"	"synov_TNF"	-0.0375659790100555	377.67401635966	0.903025996940408	13	"spearman"	0.936471404234497	""
"s_Dorea_D_sp000433535"	"Abundance"	"Femur_Joint"	-0.0375427347834695	22929.6944387147	0.793665160135296	51	"spearman"	0.936709048514048	""
"s_Dorea_D_sp000433535"	"Abundance"	"Femur_Inflammation"	-0.0471939422425569	23142.9861235605	0.742261467755529	51	"spearman"	0.936709048514048	""
"s_Dorea_D_sp000433535"	"Abundance"	"colon_IL1b"	0.0850031552310794	13889.6521035922	0.578772299751462	45	"spearman"	0.936709048514048	""
"s_Dorea_D_sp000433535"	"Abundance"	"ileum_IL10"	-0.0283122296539827	7989.98602441145	0.869801259334474	36	"spearman"	0.936709048514048	""
"s_Dorea_D_sp000433535"	"Abundance"	"ileum_IFNg"	-0.0335786203447751	7379.7513492617	0.848139330005459	35	"spearman"	0.936709048514048	""
"s_Dorea_D_sp000433535"	"Abundance"	"score_day1"	0.0853469245762524	4990.34717951197	0.6423356412227	32	"spearman"	0.936709048514048	""
"s_Dorea_D_sp000433535"	"Abundance"	"score_day5"	-0.0378140416465442	4664.97411720122	0.842743034664135	30	"spearman"	0.936709048514048	""
"s_Dorea_D_sp000433535"	"Abundance"	"score_day9"	-0.0663545206936061	597.158531588419	0.814245354159387	15	"spearman"	0.936709048514048	""
"s_Dorea_D_sp000433535"	"Abundance"	"synov_IL1b"	0.0524142418360959	344.921215971661	0.86496677201358	13	"spearman"	0.936709048514048	""
"s_Dorea_D_sp000433535"	"Abundance"	"synov_MMP13"	-0.0611499488087786	386.258581366395	0.84269503535247	13	"spearman"	0.936709048514048	""
"s_Dorea_D_sp000433535"	"Abundance"	"synov_IL17"	-0.129749824026921	186.408720964442	0.720902433087236	10	"spearman"	0.936709048514048	""
"uc_uc_k"	"Abundance"	"ileum_IL1b"	-0.0591987033032525	15030.0295998732	0.70267630184319	44	"spearman"	0.93690173579092	""
"s_Oxalobacter_aliiformigenes"	"Abundance"	"colon_IL10"	-0.0804920284321054	9115.03075185324	0.635800284776314	37	"spearman"	0.936968840722989	""
"s_Coprobacillus_cateniformis"	"Abundance"	"ileum_CXCL1"	-0.019988384736199	10077.4852411936	0.903866843272034	39	"spearman"	0.93734339302285	""
"s_Coprobacillus_cateniformis"	"Abundance"	"colon_IL10"	-0.0325134214859472	8710.28322365545	0.848499145559775	37	"spearman"	0.93734339302285	""
"s_Coprobacillus_cateniformis"	"Abundance"	"ileum_IFNg"	-0.0283923607231176	7342.72145556306	0.871381726877272	35	"spearman"	0.93734339302285	""
"s_Coprobacillus_cateniformis"	"Abundance"	"score_day1"	0.0333872696917516	5273.8390565618	0.856051250393871	32	"spearman"	0.93734339302285	""
"s_Coprobacillus_cateniformis"	"Abundance"	"synov_IL1b"	0.077151674981046	335.916790306899	0.802187277393872	13	"spearman"	0.93734339302285	""
"s_Fournierella_sp900543285"	"Abundance"	"ileum_CCL2"	0.0245636523093591	13841.4417737302	0.874244103958553	44	"spearman"	0.938501869214803	""
"s_Fournierella_sp900543285"	"Abundance"	"colon_CXCL1"	-0.0206202744723092	7930.21953264984	0.904983945314275	36	"spearman"	0.938501869214803	""
"s_Turicibacter_sp002311155"	"Abundance"	"Femur_Joint"	-0.0985556946907234	24278.080852665	0.491416463275776	51	"spearman"	0.939679420417576	""
"s_Turicibacter_sp002311155"	"Abundance"	"colon_IL1b"	-0.0320583986559849	15666.6464915979	0.834404324139168	45	"spearman"	0.939679420417576	""
"s_Turicibacter_sp002311155"	"Abundance"	"ileum_CCL2"	-0.0117458638169341	14356.6738075623	0.939679420417576	44	"spearman"	0.939679420417576	""
"s_Turicibacter_sp002311155"	"Abundance"	"ileum_IL1b"	-0.101441551146249	15629.4556107653	0.512333035946609	44	"spearman"	0.939679420417576	""
"s_Turicibacter_sp002311155"	"Abundance"	"ileum_CXCL1"	-0.0456988369087722	10331.5045086587	0.78235746525338	39	"spearman"	0.939679420417576	""
"s_Turicibacter_sp002311155"	"Abundance"	"ileum_S100A8"	0.0261057506987915	8215.77188710499	0.878105860194687	37	"spearman"	0.939679420417576	""
"s_Turicibacter_sp002311155"	"Abundance"	"ileum_IL10"	-0.0604229550632057	8239.48636084111	0.726291227766229	36	"spearman"	0.939679420417576	""
"s_Turicibacter_sp002311155"	"Abundance"	"colon_IFNg"	0.0263798228137849	5312.07168672799	0.886041880672144	32	"spearman"	0.939679420417576	""
"s_Turicibacter_sp002311155"	"Abundance"	"score_day1"	0.0363367656734319	5257.74660648576	0.84348424680936	32	"spearman"	0.939679420417576	""
"s_Turicibacter_sp002311155"	"Abundance"	"score_day5"	-0.0147650381686853	4561.36884656824	0.93827420422146	30	"spearman"	0.939679420417576	""
"s_Turicibacter_sp002311155"	"Abundance"	"score_day9"	-0.199182424049567	671.542157467757	0.476658955733504	15	"spearman"	0.939679420417576	""
"s_Turicibacter_sp002311155"	"Abundance"	"synov_CCL2"	-0.0438529009653515	379.962455951388	0.886883536664864	13	"spearman"	0.939679420417576	""
"s_Turicibacter_sp002311155"	"Abundance"	"synov_IL1b"	0.106499902344425	325.234035546629	0.729127274189774	13	"spearman"	0.939679420417576	""
"s_Turicibacter_sp002311155"	"Abundance"	"synov_MMP13"	-0.103367552275471	401.625789028272	0.736836481858684	13	"spearman"	0.939679420417576	""
"s_Turicibacter_sp002311155"	"Abundance"	"synov_MMP3"	-0.0908381519996566	397.065087327875	0.767894307403346	13	"spearman"	0.939679420417576	""
"s_Turicibacter_sp002311155"	"Abundance"	"synov_TNF"	-0.0250588005516294	373.121403400793	0.935236423106976	13	"spearman"	0.939679420417576	""
"s_Turicibacter_sp002311155"	"Abundance"	"synov_CXCL1"	0.155959939036831	241.395457435466	0.628370386450367	12	"spearman"	0.939679420417576	""
"s_Turicibacter_sp002311155"	"Abundance"	"synov_IL6"	0.187151926844198	232.47454892256	0.560273099576004	12	"spearman"	0.939679420417576	""
"s_Turicibacter_sp002311155"	"Abundance"	"synov_IL17"	0.136557748399784	142.467971514036	0.706788411940285	10	"spearman"	0.939679420417576	""
"s_Dorea_A_longicatena"	"Abundance"	"ileum_CCL2"	0.0209121395493169	13893.2567397952	0.892820067551922	44	"spearman"	0.939810597423076	""
"s_Dorea_A_longicatena"	"Abundance"	"ileum_CXCL1"	-0.0280635794433258	10157.2681649001	0.865334014935752	39	"spearman"	0.939810597423076	""
"s_Dorea_A_longicatena"	"Abundance"	"colon_IFNg"	0.0314465803517057	5284.42745760109	0.864339135093389	32	"spearman"	0.939810597423076	""
"s_Eubacterium_R_sp000436835"	"Abundance"	"ileum_IL10"	0.0342847749922676	7503.60729831008	0.842648388246967	36	"spearman"	0.939961318602309	""
"s_Eubacterium_R_sp000436835"	"Abundance"	"ileum_IFNg"	0.0280719764959253	6939.56608781909	0.87282122441643	35	"spearman"	0.939961318602309	""
"s_Eubacterium_R_sp000436835"	"Abundance"	"synov_TNF"	-0.0664628859408675	388.192490482476	0.829201152747902	13	"spearman"	0.939961318602309	""
"s_Bacteroides_fragilis"	"Abundance"	"ileum_IFNg"	0.0306845278172601	6920.91247138476	0.861095056190282	35	"spearman"	0.940561015685929	""
"s_Bacteroides_fragilis"	"Abundance"	"synov_TNF"	-0.0491247417823803	381.881406008786	0.873378085994077	13	"spearman"	0.940561015685929	""
"s_Enterocloster_citroniae"	"Abundance"	"colon_IL10"	0.0331973734032773	8155.94695796995	0.845350250816493	37	"spearman"	0.940686807169087	""
"s_Enterocloster_citroniae"	"Abundance"	"synov_IL1b"	-0.078026488915977	392.401641965416	0.799984886569836	13	"spearman"	0.940686807169087	""
"s_Enterocloster_citroniae"	"Abundance"	"synov_MMP13"	0.059448753459792	342.360653740636	0.847024302295014	13	"spearman"	0.940686807169087	""
"s_Enterocloster_citroniae"	"Abundance"	"synov_IL17"	0.058025885318566	155.425728922437	0.873494892371295	10	"spearman"	0.940686807169087	""
"s_Enterococcus_B_faecium"	"Abundance"	"Patella_Joint"	0.0442166983337129	14508.7905192942	0.773033754039456	45	"spearman"	0.94108457013499	""
"s_Fournierella_sp900543285"	"Abundance"	"ileum_IFNg"	-0.0128115812020519	7231.47468978265	0.941770646767036	35	"spearman"	0.941770646767036	""
"s_Victivallis_lenta"	"Abundance"	"Femur_Joint"	0.0287871988326676	21463.802905798	0.841068762525917	51	"spearman"	0.941997014029027	""
"s_Victivallis_lenta"	"Abundance"	"ileum_CCL2"	-0.0429968663575065	14800.125533613	0.781683056284802	44	"spearman"	0.941997014029027	""
"s_Victivallis_lenta"	"Abundance"	"ileum_S100A8"	0.053451312826848	7985.08472499271	0.75337141984839	37	"spearman"	0.941997014029027	""
"s_Victivallis_lenta"	"Abundance"	"colon_IFNg"	-0.0376979494758059	5661.68001234	0.837697148095824	32	"spearman"	0.941997014029027	""
"s_Muricomes_contortus_B"	"Abundance"	"Femur_Joint"	0.0198330642212894	21661.6892807095	0.890130889514549	51	"spearman"	0.942332946054845	""
"s_Muricomes_contortus_B"	"Abundance"	"Femur_Inflammation"	0.0103865709865281	21870.4567811977	0.942332946054845	51	"spearman"	0.942332946054845	""
"s_Muricomes_contortus_B"	"Abundance"	"ileum_CCL2"	0.0294584023580471	13771.9852705393	0.849449680654111	44	"spearman"	0.942332946054845	""
"s_Muricomes_contortus_B"	"Abundance"	"ileum_TNF"	0.0166874315820973	13022.9916561267	0.915416039047623	43	"spearman"	0.942332946054845	""
"s_Muricomes_contortus_B"	"Abundance"	"score_day5"	-0.0408073367417453	4678.42897865414	0.830467050423897	30	"spearman"	0.942332946054845	""
"s_Muricomes_contortus_B"	"Abundance"	"synov_MMP3"	-0.0769230769230769	392	0.806530367444285	13	"spearman"	0.942332946054845	""
"s_Muricomes_contortus_B"	"Abundance"	"synov_IL17"	0.0909090909090909	150	0.811416953056797	10	"spearman"	0.942332946054845	""
"s_Thomasclavelia_sp000508865"	"Abundance"	"ileum_TNF"	0.0112137930455709	13095.4845249045	0.94310399468729	43	"spearman"	0.94310399468729	""
"s_Dorea_A_longicatena"	"Abundance"	"ileum_IL1b"	-0.0108799644952527	14344.3866961876	0.944118930176102	44	"spearman"	0.944118930176102	""
"s_Bacteroides_sp902362375"	"Abundance"	"Femur_Joint"	0.0991845845885102	19908.0206805939	0.488642248406916	51	"spearman"	0.944206886129788	""
"s_Bacteroides_sp902362375"	"Abundance"	"Femur_Inflammation"	0.111907964223715	19626.8339906559	0.43431419224642	51	"spearman"	0.944206886129788	""
"s_Bacteroides_sp902362375"	"Abundance"	"ileum_IL1b"	-0.109367045935999	15741.9183818318	0.479753940351688	44	"spearman"	0.944206886129788	""
"s_Bacteroides_sp902362375"	"Abundance"	"colon_CCL2"	0.0797161850118275	13058.8273346822	0.606990141083435	44	"spearman"	0.944206886129788	""
"s_Bacteroides_sp902362375"	"Abundance"	"ileum_CXCL1"	0.0925120591541698	8965.9808555568	0.575381095679857	39	"spearman"	0.944206886129788	""
"s_Bacteroides_sp902362375"	"Abundance"	"colon_IL10"	-0.10550367568502	9326.02900807883	0.534293369188085	37	"spearman"	0.944206886129788	""
"s_Bacteroides_sp902362375"	"Abundance"	"colon_CXCL1"	0.0940412543115422	7039.29945399932	0.58537825283841	36	"spearman"	0.944206886129788	""
"s_Bacteroides_sp902362375"	"Abundance"	"synov_IL17"	-0.216243358003098	200.680154070511	0.548473517210847	10	"spearman"	0.944206886129788	""
"s_Bacteroides_uniformis"	"Abundance"	"synov_MMP3"	0.0494505494505495	346	0.877522991364605	13	"spearman"	0.945024759931113	""
"s_Agathobaculum_butyriciproducens"	"Abundance"	"ileum_TNF"	-0.104061033733144	14622.1843307618	0.506643738273476	43	"spearman"	0.945734978110489	""
"uc_g_Lachnospira"	"Abundance"	"ileum_IL10"	-0.0427881319224534	8102.46378503746	0.804303270515495	36	"spearman"	0.946239141782935	""
"s_Alistipes_putredinis"	"Abundance"	"ileum_TNF"	-0.0306588429797475	13650.0457164238	0.845263713289045	43	"spearman"	0.946695358883731	""
"s_Bacteroides_cellulosilyticus"	"Abundance"	"synov_TNF"	-0.0202278348515684	371.362931885971	0.947704728335532	13	"spearman"	0.947704728335532	""
"s_Bacteroides_ovatus"	"Abundance"	"synov_TNF"	-0.0597315721433636	385.742292260184	0.846304297336252	13	"spearman"	0.947860813016602	""
"uc_g_Lachnospira"	"Abundance"	"colon_IL1b"	0.0230785413379754	14829.6677424895	0.880386744563691	45	"spearman"	0.948185133687553	""
"uc_g_Lachnospira"	"Abundance"	"ileum_CCL2"	-0.0193517705595184	14464.6016242396	0.900775877003175	44	"spearman"	0.948185133687553	""
"s_Adlercreutzia_equolifaciens"	"Abundance"	"Femur_Inflammation"	-0.136953991243077	25126.683206472	0.337898501954279	51	"spearman"	0.948195258465416	""
"s_Adlercreutzia_equolifaciens"	"Abundance"	"Patella_Joint"	-0.151347877317394	17477.460777678	0.320985644466476	45	"spearman"	0.948195258465416	""
"s_Adlercreutzia_equolifaciens"	"Abundance"	"ileum_CXCL1"	0.10078278647067	8884.26606966978	0.54155157335711	39	"spearman"	0.948195258465416	""
"s_Adlercreutzia_equolifaciens"	"Abundance"	"colon_S100A8"	-0.20632681779431	11024.6207878222	0.213933710247892	38	"spearman"	0.948195258465416	""
"s_Adlercreutzia_equolifaciens"	"Abundance"	"ileum_S100A8"	0.103066084245793	7566.53451330249	0.543831712873456	37	"spearman"	0.948195258465416	""
"s_Adlercreutzia_equolifaciens"	"Abundance"	"ileum_IL10"	0.216287668464021	6089.44481603456	0.205159839321977	36	"spearman"	0.948195258465416	""
"s_Adlercreutzia_equolifaciens"	"Abundance"	"colon_CXCL1"	0.196653665137547	6242.00102188126	0.250329802231455	36	"spearman"	0.948195258465416	""
"s_Adlercreutzia_equolifaciens"	"Abundance"	"ileum_IFNg"	0.301305881056265	4988.67600925827	0.0785864270408567	35	"spearman"	0.948195258465416	""
"s_Adlercreutzia_equolifaciens"	"Abundance"	"score_day1"	0.121825972035081	4791.3174965766	0.506553279649688	32	"spearman"	0.948195258465416	""
"s_Adlercreutzia_equolifaciens"	"Abundance"	"score_day5"	0.106416084807004	4016.65969879252	0.575689978354003	30	"spearman"	0.948195258465416	""
"s_Adlercreutzia_equolifaciens"	"Abundance"	"score_day9"	0.193885017978291	451.424389932157	0.488696473423525	15	"spearman"	0.948195258465416	""
"s_Adlercreutzia_equolifaciens"	"Abundance"	"synov_IL1b"	0.174484855707292	300.487512522546	0.568591257364422	13	"spearman"	0.948195258465416	""
"s_Adlercreutzia_equolifaciens"	"Abundance"	"synov_MMP3"	0.214750591639744	285.830784643133	0.481081598529364	13	"spearman"	0.948195258465416	""
"s_Adlercreutzia_equolifaciens"	"Abundance"	"synov_TNF"	0.214750591639744	285.830784643133	0.481081598529364	13	"spearman"	0.948195258465416	""
"s_Adlercreutzia_equolifaciens"	"Abundance"	"synov_CXCL1"	0.307874002990013	197.948035144856	0.33028895903307	12	"spearman"	0.948195258465416	""
"s_Adlercreutzia_equolifaciens"	"Abundance"	"synov_IL6"	0.287071705490688	203.897492229663	0.365625884079492	12	"spearman"	0.948195258465416	""
"s_Coprobacter_secundus"	"Abundance"	"ileum_CCL2"	-0.160562223054487	16468.3779451432	0.297800199816792	44	"spearman"	0.948463183169179	""
"s_Coprobacter_secundus"	"Abundance"	"ileum_S100A8"	-0.173351741986397	9898.39529539725	0.304863166018665	37	"spearman"	0.948463183169179	""
"s_Clostridium_AP_sp000509125"	"Abundance"	"Femur_Joint"	0.031940641991348	21394.1118119912	0.823921867396086	51	"spearman"	0.94861887665611	""
"s_Clostridium_AP_sp000509125"	"Abundance"	"Femur_Inflammation"	0.110510305052404	19657.7222583419	0.440111342619811	51	"spearman"	0.94861887665611	""
"s_Clostridium_AP_sp000509125"	"Abundance"	"colon_IL1b"	-0.0142974798919302	15397.0357447595	0.92573183422099	45	"spearman"	0.94861887665611	""
"s_Clostridium_AP_sp000509125"	"Abundance"	"colon_TNF"	-0.0676659532212548	16207.1691698986	0.658742122251473	45	"spearman"	0.94861887665611	""
"s_Clostridium_AP_sp000509125"	"Abundance"	"Patella_Joint"	0.127467863080903	13245.0378384319	0.40403878259369	45	"spearman"	0.94861887665611	""
"s_Clostridium_AP_sp000509125"	"Abundance"	"ileum_IL1b"	-0.0529283247586158	14941.0529283248	0.732938796756187	44	"spearman"	0.94861887665611	""
"s_Clostridium_AP_sp000509125"	"Abundance"	"colon_CCL2"	0.113194249785476	12583.7735955441	0.464421064742417	44	"spearman"	0.94861887665611	""
"s_Clostridium_AP_sp000509125"	"Abundance"	"ileum_TNF"	0.14770067205316	11287.8522993279	0.344558845280082	43	"spearman"	0.94861887665611	""
"s_Clostridium_AP_sp000509125"	"Abundance"	"colon_S100A8"	-0.0931377936288665	9990.18629597421	0.57809327131689	38	"spearman"	0.94861887665611	""
"s_Clostridium_AP_sp000509125"	"Abundance"	"ileum_S100A8"	-0.126133602260576	9500.06306867022	0.456945558410888	37	"spearman"	0.94861887665611	""
"s_Clostridium_AP_sp000509125"	"Abundance"	"colon_IL10"	0.0886833838774433	7687.86697360989	0.601701395661064	37	"spearman"	0.94861887665611	""
"s_Clostridium_AP_sp000509125"	"Abundance"	"ileum_IL10"	0.0828935512936028	7125.91710644871	0.630774376361273	36	"spearman"	0.94861887665611	""
"s_Clostridium_AP_sp000509125"	"Abundance"	"colon_CXCL1"	-0.0133856747815633	7874.00669305275	0.938239325714928	36	"spearman"	0.94861887665611	""
"s_Clostridium_AP_sp000509125"	"Abundance"	"ileum_IFNg"	-0.162487744975527	8300.16249912526	0.351028039575501	35	"spearman"	0.94861887665611	""
"s_Clostridium_AP_sp000509125"	"Abundance"	"score_day1"	0.0120342846536183	5390.34094292986	0.947879440626262	32	"spearman"	0.94861887665611	""
"s_Clostridium_AP_sp000509125"	"Abundance"	"score_day5"	0.125446342288933	3931.11869141125	0.508920808167212	30	"spearman"	0.94861887665611	""
"s_Clostridium_AP_sp000509125"	"Abundance"	"score_day9"	0.0182179587111636	549.797943121748	0.94861887665611	15	"spearman"	0.94861887665611	""
"s_Clostridium_AP_sp000509125"	"Abundance"	"synov_CCL2"	0.0494505494505495	346	0.877522991364605	13	"spearman"	0.94861887665611	""
"s_Clostridium_AP_sp000509125"	"Abundance"	"synov_IL1b"	-0.203296703296703	438	0.505254856369097	13	"spearman"	0.94861887665611	""
"s_Clostridium_AP_sp000509125"	"Abundance"	"synov_MMP13"	-0.181318681318681	430	0.553621558251875	13	"spearman"	0.94861887665611	""
"s_Clostridium_AP_sp000509125"	"Abundance"	"synov_MMP3"	0.181318681318681	298	0.553621558251875	13	"spearman"	0.94861887665611	""
"s_Clostridium_AP_sp000509125"	"Abundance"	"synov_TNF"	-0.0989010989010989	400	0.750730305659702	13	"spearman"	0.94861887665611	""
"s_Clostridium_AP_sp000509125"	"Abundance"	"synov_CXCL1"	-0.13986013986014	326	0.667150535987428	12	"spearman"	0.94861887665611	""
"s_Clostridium_AP_sp000509125"	"Abundance"	"synov_IL6"	0.0769230769230769	264	0.817283290706317	12	"spearman"	0.94861887665611	""
"s_Clostridium_AP_sp000509125"	"Abundance"	"synov_IL17"	0.357575757575757	106	0.312800267381167	10	"spearman"	0.94861887665611	""
"s_Escherichia_coli"	"Abundance"	"colon_IFNg"	0.0118035257819974	5391.59996333342	0.948877546960675	32	"spearman"	0.948877546960675	""
"s_Phocaeicola_plebeius_A"	"Abundance"	"colon_IL1b"	-0.00981831423205928	15329.0420100427	0.948961199260886	45	"spearman"	0.948961199260886	""
"s_Phocaeicola_plebeius_A"	"Abundance"	"ileum_IFNg"	0.0182690994973797	7009.55862958871	0.91703859502702	35	"spearman"	0.948961199260886	""
"s_Alistipes_putredinis"	"Abundance"	"Patella_Joint"	0.0228010045001404	14833.8807516879	0.881814927441157	45	"spearman"	0.94964684493663	""
"s_UBA11524_sp000437595"	"Abundance"	"colon_IFNg"	-0.0432179859951612	5691.7973315896	0.814316906316003	32	"spearman"	0.950036390702004	""
"s_Sellimonas_intestinalis"	"Abundance"	"colon_IL1b"	0.105747441602301	13574.7538364771	0.489342012216101	45	"spearman"	0.950130030446844	""
"s_Sellimonas_intestinalis"	"Abundance"	"colon_CCL2"	-0.0566698405203809	14994.1450369842	0.714829732854139	44	"spearman"	0.950130030446844	""
"s_Sellimonas_intestinalis"	"Abundance"	"ileum_TNF"	-0.0702847773376677	14174.8515910601	0.654253037730986	43	"spearman"	0.950130030446844	""
"s_Sellimonas_intestinalis"	"Abundance"	"ileum_CXCL1"	-0.108974367735399	10956.6667532257	0.509013920188899	39	"spearman"	0.950130030446844	""
"s_Sellimonas_intestinalis"	"Abundance"	"colon_S100A8"	0.112078851244752	8114.71137847421	0.502898256967679	38	"spearman"	0.950130030446844	""
"s_Sellimonas_intestinalis"	"Abundance"	"ileum_S100A8"	-0.0830966878800743	9137.00365895631	0.62487287666334	37	"spearman"	0.950130030446844	""
"s_Sellimonas_intestinalis"	"Abundance"	"colon_IL10"	0.0577698857870203	7948.6532435007	0.734140169025124	37	"spearman"	0.950130030446844	""
"s_Sellimonas_intestinalis"	"Abundance"	"ileum_IL10"	0.0481238795714188	7396.07745573008	0.780463953581336	36	"spearman"	0.950130030446844	""
"s_Sellimonas_intestinalis"	"Abundance"	"colon_IFNg"	0.108066350855844	4866.38998973052	0.556047622297809	32	"spearman"	0.950130030446844	""
"s_Sellimonas_intestinalis"	"Abundance"	"synov_MMP13"	0.107387487998296	324.91095436862	0.726947008768386	13	"spearman"	0.950130030446844	""
"s_Sellimonas_intestinalis"	"Abundance"	"synov_IL6"	-0.0942647918955649	312.959730482132	0.770746801575551	12	"spearman"	0.950130030446844	""
"s_Tidjanibacter_inops"	"Abundance"	"ileum_TNF"	-0.00977040051002943	13373.3991843548	0.950417654917808	43	"spearman"	0.950417654917808	""
"s_Tidjanibacter_inops"	"Abundance"	"score_day9"	0.0263180677983908	545.261882032901	0.925822740931558	15	"spearman"	0.950417654917808	""
"s_Clostridium_AQ_innocuum"	"Abundance"	"colon_CCL2"	0.0339675828047921	13708	0.826360659626144	44	"spearman"	0.950867127713247	""
"s_Clostridium_AQ_innocuum"	"Abundance"	"synov_MMP3"	-0.0604395604395604	386	0.848988506886827	13	"spearman"	0.950867127713247	""
"s_Bacteroides_uniformis"	"Abundance"	"ileum_IL1b"	-0.00951407731659415	14325.0047571225	0.951125253074343	44	"spearman"	0.951125253074343	""
"s_Bacteroides_uniformis"	"Abundance"	"ileum_CXCL1"	-0.0115396295762778	9994.01154021362	0.944414506657905	39	"spearman"	0.951125253074343	""
"s_Dielma_fastidiosa"	"Abundance"	"colon_CXCL1"	0.0252963659341168	7573.44723669191	0.883570150155488	36	"spearman"	0.951537084782833	""
"uc_uc_k"	"Abundance"	"Femur_Joint"	0.0461374803833281	21080.3616835284	0.747838791829926	51	"spearman"	0.95179482596536	""
"s_Avimicrobium_caecorum"	"Abundance"	"ileum_CCL2"	-0.00935758183213681	14322.784086198	0.951928239634091	44	"spearman"	0.951928239634091	""
"s_Avimicrobium_caecorum"	"Abundance"	"ileum_TNF"	-0.0324784672653203	13674.1448204619	0.836201806316307	43	"spearman"	0.951928239634091	""
"s_Avimicrobium_caecorum"	"Abundance"	"colon_CXCL1"	0.0245214074805839	7579.46866387586	0.887113810039489	36	"spearman"	0.951928239634091	""
"s_Avimicrobium_caecorum"	"Abundance"	"ileum_IFNg"	0.0170821082694025	7018.03374695647	0.922412013942712	35	"spearman"	0.951928239634091	""
"s_Avimicrobium_caecorum"	"Abundance"	"score_day9"	0.0469965496399835	533.681932201609	0.867907792792768	15	"spearman"	0.951928239634091	""
"s_Faecalimonas_phoceensis"	"Abundance"	"Femur_Joint"	0.043440959963617	21139.9547848041	0.762131882443314	51	"spearman"	0.952664853054142	""
"s_Oxalobacter_aliiformigenes"	"Abundance"	"Femur_Inflammation"	0.0590310030181689	20795.4148332985	0.680725201410539	51	"spearman"	0.953015281974754	""
"s_Parabacteroides_sp003473295"	"Abundance"	"ileum_TNF"	0.033447584658423	12801.0201887838	0.831383958720794	43	"spearman"	0.95316146992201	""
"s_Parabacteroides_sp003473295"	"Abundance"	"ileum_IFNg"	-0.0329305918872931	7375.12442607527	0.851037026716081	35	"spearman"	0.95316146992201	""
"s_Prevotella_sp900313215"	"Abundance"	"colon_S100A8"	0.061063932824896	8580.93671791328	0.715716828407371	38	"spearman"	0.954289104543162	""
"s_Cuneatibacter_caecimuris"	"Abundance"	"Femur_Inflammation"	0.00818468368961827	21919.1184904594	0.954543445366534	51	"spearman"	0.954543445366534	""
"s_Scatomonas_hejianensis"	"Abundance"	"synov_CCL2"	0.0174714139453653	357.640405323887	0.95482389774833	13	"spearman"	0.95482389774833	""
"s_Scatomonas_hejianensis"	"Abundance"	"synov_IL6"	0.0268778361813219	278.312938852142	0.933918995757922	12	"spearman"	0.95482389774833	""
"s_Ruthenibacterium_lactatiformans"	"Abundance"	"ileum_IL10"	-0.00978183926345011	7846.00489107701	0.954847108023719	36	"spearman"	0.954847108023719	""
"uc_g_Lachnospira"	"Abundance"	"score_day5"	0.0107522323503723	4446.66871558508	0.955029949493557	30	"spearman"	0.955029949493557	""
"s_Intestinimonas_timonensis"	"Abundance"	"Femur_Joint"	-0.0753843886865073	23765.9949899718	0.599058492166613	51	"spearman"	0.955190722289911	""
"s_Intestinimonas_timonensis"	"Abundance"	"colon_IL1b"	0.171212481821188	12580.9945259544	0.260785546844413	45	"spearman"	0.955190722289911	""
"s_Intestinimonas_timonensis"	"Abundance"	"colon_TNF"	0.145052843702123	12978.0978326018	0.341755049225498	45	"spearman"	0.955190722289911	""
"s_Intestinimonas_timonensis"	"Abundance"	"Patella_Joint"	-0.121829436703019	17029.3708491518	0.42531445672917	45	"spearman"	0.955190722289911	""
"s_Intestinimonas_timonensis"	"Abundance"	"ileum_CCL2"	-0.0744232198131865	15246.0654891491	0.631140155107299	44	"spearman"	0.955190722289911	""
"s_Intestinimonas_timonensis"	"Abundance"	"ileum_IL1b"	-0.270327640352365	18025.9492166001	0.0759414723767582	44	"spearman"	0.955190722289911	""
"s_Intestinimonas_timonensis"	"Abundance"	"colon_CCL2"	0.143869060084818	12148.4980373964	0.351488716610903	44	"spearman"	0.955190722289911	""
"s_Intestinimonas_timonensis"	"Abundance"	"ileum_CXCL1"	-0.169262353379054	11552.312051385	0.302959305718868	39	"spearman"	0.955190722289911	""
"s_Intestinimonas_timonensis"	"Abundance"	"colon_S100A8"	0.224936696983792	7083.30352626513	0.174540707631943	38	"spearman"	0.955190722289911	""
"s_Intestinimonas_timonensis"	"Abundance"	"ileum_S100A8"	0.0422155751225482	8079.86940826618	0.804069237487181	37	"spearman"	0.955190722289911	""
"s_Intestinimonas_timonensis"	"Abundance"	"colon_IL10"	-0.108674378894287	9352.7770603522	0.522008493716583	37	"spearman"	0.955190722289911	""
"s_Intestinimonas_timonensis"	"Abundance"	"colon_CXCL1"	-0.0554211681624868	8200.62247662252	0.748181283887529	36	"spearman"	0.955190722289911	""
"s_Intestinimonas_timonensis"	"Abundance"	"ileum_IFNg"	-0.0524751666936191	7514.67269019244	0.764650914680097	35	"spearman"	0.955190722289911	""
"s_Intestinimonas_timonensis"	"Abundance"	"colon_IFNg"	0.118313564508683	4810.48119204063	0.518975224808744	32	"spearman"	0.955190722289911	""
"s_Intestinimonas_timonensis"	"Abundance"	"score_day1"	-0.0594527697142595	5780.374311561	0.746527811712725	32	"spearman"	0.955190722289911	""
"s_Intestinimonas_timonensis"	"Abundance"	"score_day5"	-0.158471611506837	5207.32989372323	0.402925985169556	30	"spearman"	0.955190722289911	""
"s_Intestinimonas_timonensis"	"Abundance"	"score_day9"	0.0738395129578197	518.649872743621	0.793687247479276	15	"spearman"	0.955190722289911	""
"s_Intestinimonas_timonensis"	"Abundance"	"synov_CCL2"	0.118897506919584	320.721307481271	0.698850235919886	13	"spearman"	0.955190722289911	""
"s_Intestinimonas_timonensis"	"Abundance"	"synov_MMP13"	0.070595394733503	338.303276317005	0.818734904819924	13	"spearman"	0.955190722289911	""
"s_Intestinimonas_timonensis"	"Abundance"	"synov_TNF"	0.130044148193295	316.663930057641	0.671972669850697	13	"spearman"	0.955190722289911	""
"s_Intestinimonas_timonensis"	"Abundance"	"synov_CXCL1"	0.0826105368606476	262.373386457855	0.798539195641364	12	"spearman"	0.955190722289911	""
"s_Intestinimonas_timonensis"	"Abundance"	"synov_IL6"	0.156042125181223	241.37195219817	0.628187112922567	12	"spearman"	0.955190722289911	""
"s_Intestinimonas_timonensis"	"Abundance"	"synov_IL17"	-0.111850012760223	183.455252105437	0.7583661388348	10	"spearman"	0.955190722289911	""
"s_Bacteroides_rodentium"	"Abundance"	"synov_IL17"	0.0204836622599676	161.620195727105	0.955210784637922	10	"spearman"	0.955210784637922	""
"s_Victivallis_lenta"	"Abundance"	"colon_CCL2"	-0.0153554826034699	14407.8942981432	0.921193682985955	44	"spearman"	0.955311967540991	""
"s_Victivallis_lenta"	"Abundance"	"synov_IL17"	0.0432499413423068	157.863759678519	0.905567526809326	10	"spearman"	0.955311967540991	""
"s_Sutterella_wadsworthensis"	"Abundance"	"colon_S100A8"	0.0236395206142943	8922.95842110596	0.887968366678386	38	"spearman"	0.956273625653646	""
"s_Bifidobacterium_globosum"	"Abundance"	"ileum_CXCL1"	0.0232714690498084	9650.07788578789	0.888169520882342	39	"spearman"	0.956490253257907	""
"s_Bacteroides_stercoris"	"Abundance"	"ileum_S100A8"	0.0461984136106725	8046.27018278037	0.785995892402794	37	"spearman"	0.956864564664271	""
"s_Mediterraneibacter_faecis"	"Abundance"	"ileum_IL10"	-0.00931607245561241	7842.38588298011	0.956995044427648	36	"spearman"	0.956995044427648	""
"s_Adlercreutzia_equolifaciens"	"Abundance"	"ileum_IL1b"	0.0768090034085915	13100.0802416321	0.620205603007247	44	"spearman"	0.957240756092235	""
"s_Adlercreutzia_equolifaciens"	"Abundance"	"colon_IL10"	-0.0772386688669653	9087.58541056172	0.649556227348302	37	"spearman"	0.957240756092235	""
"s_Akkermansia_sp004167605"	"Abundance"	"ileum_TNF"	0.0356349423448143	12772.0508235853	0.82053243782408	43	"spearman"	0.957287844128094	""
"s_Lachnospira_sp000436535"	"Abundance"	"synov_CCL2"	0.0563823012411662	343.476842348216	0.854837845325888	13	"spearman"	0.957418386764995	""
"s_Agathobaculum_butyriciproducens"	"Abundance"	"colon_IL1b"	-0.0304418018824027	15642.1065525749	0.842646667715207	45	"spearman"	0.957765871157293	""
"s_Agathobaculum_butyriciproducens"	"Abundance"	"ileum_IL1b"	0.0668461063388561	13241.4537510516	0.666377668789926	44	"spearman"	0.957765871157293	""
"s_Agathobaculum_butyriciproducens"	"Abundance"	"colon_CCL2"	-0.0283311262103268	14592.0186809245	0.855148099247583	44	"spearman"	0.957765871157293	""
"s_Agathobaculum_butyriciproducens"	"Abundance"	"colon_S100A8"	-0.0461168181982535	9560.46160151384	0.783367797962074	38	"spearman"	0.957765871157293	""
"s_Agathobaculum_butyriciproducens"	"Abundance"	"ileum_S100A8"	0.059235223543186	7936.29165418968	0.727650217940136	37	"spearman"	0.957765871157293	""
"s_Agathobaculum_butyriciproducens"	"Abundance"	"ileum_IFNg"	0.0573342413051086	6730.63351708153	0.743558526987896	35	"spearman"	0.957765871157293	""
"s_Agathobaculum_butyriciproducens"	"Abundance"	"colon_IFNg"	0.106714195439204	4873.7673496837	0.561029357866379	32	"spearman"	0.957765871157293	""
"s_Agathobaculum_butyriciproducens"	"Abundance"	"synov_CCL2"	-0.120797207797356	407.970183638238	0.694245656722263	13	"spearman"	0.957765871157293	""
"s_Agathobaculum_butyriciproducens"	"Abundance"	"synov_MMP3"	-0.0671095598874199	388.427879799021	0.827561589151997	13	"spearman"	0.957765871157293	""
"s_Agathobaculum_butyriciproducens"	"Abundance"	"synov_TNF"	0.0671095598874199	339.572120200979	0.827561589151997	13	"spearman"	0.957765871157293	""
"s_Clostridium_AQ_innocuum"	"Abundance"	"colon_S100A8"	0.0230878651931283	8928	0.890535433388269	38	"spearman"	0.95903815903352	""
"s_Blautia_A_ammoniilytica"	"Abundance"	"Femur_Inflammation"	0.00763546518428016	21931.2562194274	0.957590840545053	51	"spearman"	0.959099863180183	""
"s_Blautia_A_ammoniilytica"	"Abundance"	"colon_S100A8"	0.00860659295522933	9060.34434698216	0.959099863180183	38	"spearman"	0.959099863180183	""
"s_Faecalibacterium_prausnitzii_D"	"Abundance"	"ileum_IL1b"	-0.168539181638797	16581.5709874545	0.274119751420691	44	"spearman"	0.95941912997242	""
"s_Faecalibacterium_prausnitzii_D"	"Abundance"	"colon_CCL2"	0.186415487491475	11544.764232496	0.225666550666444	44	"spearman"	0.95941912997242	""
"s_Faecalibacterium_prausnitzii_D"	"Abundance"	"synov_IL6"	0.358707859784712	183.409552101572	0.252199305399661	12	"spearman"	0.95941912997242	""
"s_Alistipes_putredinis"	"Abundance"	"score_day5"	-0.00955009016585098	4537.9276552955	0.960053556060646	30	"spearman"	0.960053556060646	""
"s_Alistipes_putredinis"	"Abundance"	"synov_TNF"	-0.0179194716430091	370.522687678055	0.953666449990434	13	"spearman"	0.960053556060646	""
"s_Anaerostipes_hadrus"	"Abundance"	"score_day9"	0.0140870620068914	552.111245276141	0.960259755378902	15	"spearman"	0.960259755378902	""
"s_UBA11524_sp000437595"	"Abundance"	"colon_IL1b"	0.0206770792318361	14866.1219372607	0.892756432092389	45	"spearman"	0.961430003791803	""
"s_UBA11524_sp000437595"	"Abundance"	"synov_TNF"	-0.0433453603962179	379.777711184223	0.888185299230589	13	"spearman"	0.961430003791803	""
"s_Prevotella_rara"	"Abundance"	"ileum_CCL2"	-0.0342249236152899	14675.651666101	0.825441759567498	44	"spearman"	0.961490383657989	""
"s_Prevotella_rara"	"Abundance"	"colon_CXCL1"	-0.0307995481065134	8009.31248878761	0.85847355683749	36	"spearman"	0.961490383657989	""
"s_Prevotella_rara"	"Abundance"	"score_day9"	0.0617663487994469	525.41084467231	0.826903826235274	15	"spearman"	0.961490383657989	""
"s_Bifidobacterium_globosum"	"Abundance"	"ileum_S100A8"	0.0135402093698676	8321.7747937558	0.936604269398822	37	"spearman"	0.961565749516965	""
"s_Bifidobacterium_globosum"	"Abundance"	"synov_MMP13"	-0.014862188364948	369.409836564841	0.961565749516965	13	"spearman"	0.961565749516965	""
"s_Eisenbergiella_tayi"	"Abundance"	"colon_IL1b"	-0.0139003261052384	15391.0069502775	0.927789326561448	45	"spearman"	0.962151894211872	""
"s_Christensenella_massiliensis"	"Abundance"	"colon_S100A8"	0.00792885646215587	9066.53818079236	0.962318201304391	38	"spearman"	0.962318201304391	""
"s_Christensenella_massiliensis"	"Abundance"	"synov_MMP13"	-0.020132867966226	371.328363939706	0.947949948216656	13	"spearman"	0.962318201304391	""
"s_Ruminococcus_C_sp000433635"	"Abundance"	"colon_CCL2"	0.0329792016042085	13722.0251292363	0.831701944454955	44	"spearman"	0.962955267829991	""
"s_Ruminococcus_C_sp000433635"	"Abundance"	"ileum_CXCL1"	-0.0743116561563527	10614.1991628248	0.652999068408697	39	"spearman"	0.962955267829991	""
"s_Ruminococcus_C_sp000433635"	"Abundance"	"colon_S100A8"	-0.0516184737026066	9610.74123116812	0.758254724245055	38	"spearman"	0.962955267829991	""
"s_Ruminococcus_C_sp000433635"	"Abundance"	"colon_IL10"	-0.0369379945970998	8747.60892242113	0.82817154265575	37	"spearman"	0.962955267829991	""
"s_Ruminococcus_C_sp000433635"	"Abundance"	"ileum_IL10"	-0.0190319382591394	7917.87816027351	0.912273411628413	36	"spearman"	0.962955267829991	""
"s_Ruminococcus_C_sp000433635"	"Abundance"	"colon_CXCL1"	-0.0350978229370095	8042.71008422056	0.838965108457207	36	"spearman"	0.962955267829991	""
"s_Ruminococcus_C_sp000433635"	"Abundance"	"colon_IFNg"	-0.0295783911271708	5617.37970198984	0.872330814813686	32	"spearman"	0.962955267829991	""
"s_Mediterraneibacter_torques"	"Abundance"	"synov_MMP13"	-0.0698856557814612	389.438378704452	0.820530515254173	13	"spearman"	0.963231474428812	""
"s_Extibacter_hylemonae"	"Abundance"	"colon_IL1b"	0.200340297256749	12138.8342876425	0.186992324300221	45	"spearman"	0.963269661052545	""
"s_Extibacter_hylemonae"	"Abundance"	"colon_CCL2"	0.176774953513358	11681.5634096455	0.251008450955963	44	"spearman"	0.963269661052545	""
"s_Extibacter_hylemonae"	"Abundance"	"ileum_S100A8"	0.237051993765324	6436.22938059573	0.157753348779381	37	"spearman"	0.963269661052545	""
"s_Extibacter_hylemonae"	"Abundance"	"ileum_IL10"	-0.186840051630891	9221.74720117203	0.27521990315787	36	"spearman"	0.963269661052545	""
"s_Extibacter_hylemonae"	"Abundance"	"synov_CXCL1"	0.378601814487719	177.719881056512	0.224905684796829	12	"spearman"	0.963269661052545	""
"s_Bacteroides_thetaiotaomicron"	"Abundance"	"ileum_S100A8"	-0.0602181128496918	8944	0.722507648127647	37	"spearman"	0.963343530836863	""
"s_Bacteroides_thetaiotaomicron"	"Abundance"	"ileum_IL10"	0.0640967888578705	7271.96795057435	0.710346700776175	36	"spearman"	0.963343530836863	""
"s_Bacteroides_thetaiotaomicron"	"Abundance"	"score_day9"	0.120131123696012	492.726570730233	0.669778310660193	15	"spearman"	0.963343530836863	""
"s_CAG-267_sp001917135"	"Abundance"	"colon_CXCL1"	0.0303938010831163	7533.84016558419	0.860319565605621	36	"spearman"	0.963557913478295	""
"s_CAG-267_sp001917135"	"Abundance"	"synov_TNF"	0.0606835045547051	341.911204342087	0.843881660532073	13	"spearman"	0.963557913478295	""
"s_Faecalibacterium_longum"	"Abundance"	"Femur_Joint"	0.021299199136309	21629.2876990876	0.882064541763544	51	"spearman"	0.963821687468701	""
"s_Faecalibacterium_longum"	"Abundance"	"Patella_Joint"	-0.0162486924726441	15426.6551517347	0.915630603095266	45	"spearman"	0.963821687468701	""
"s_Bacteroides_thetaiotaomicron"	"Abundance"	"colon_IL1b"	0.0102111400299145	15024.9948943459	0.946922015033578	45	"spearman"	0.964328611041665	""
"s_Bacteroides_thetaiotaomicron"	"Abundance"	"ileum_CCL2"	0.0467246908214957	13526.976637243	0.763278381928006	44	"spearman"	0.964328611041665	""
"s_Bacteroides_thetaiotaomicron"	"Abundance"	"colon_S100A8"	0.0180544917387023	8974	0.914411505544615	38	"spearman"	0.964328611041665	""
"s_Bacteroides_thetaiotaomicron"	"Abundance"	"colon_IL10"	0.0446947246768656	8058.95530262596	0.792806934051278	37	"spearman"	0.964328611041665	""
"s_Bacteroides_thetaiotaomicron"	"Abundance"	"ileum_IFNg"	-0.00784423596433579	7196.00784478536	0.964328611041665	35	"spearman"	0.964328611041665	""
"s_Bacteroides_thetaiotaomicron"	"Abundance"	"score_day1"	-0.00925629365724075	5506.50233819391	0.959899873857116	32	"spearman"	0.964328611041665	""
"s_Bacteroides_thetaiotaomicron"	"Abundance"	"synov_IL17"	0.0303030303030303	160	0.94570980835199	10	"spearman"	0.964328611041665	""
"s_Parabacteroides_merdae"	"Abundance"	"colon_CCL2"	-0.00690651538537945	14288.0034533185	0.96451042829357	44	"spearman"	0.96451042829357	""
"s_Parabacteroides_merdae"	"Abundance"	"ileum_IFNg"	-0.0113469216500234	7221.01702058117	0.948418182057551	35	"spearman"	0.96451042829357	""
"s_Alitiscatomonas_sp900541255"	"Abundance"	"ileum_IL1b"	-0.0478198325432034	14868.5634237881	0.757895465902919	44	"spearman"	0.964594229330988	""
"s_Anaerobutyricum_hallii"	"Abundance"	"Femur_Joint"	0.0130623994703145	21811.320971706	0.927512146001815	51	"spearman"	0.964974098266706	""
"s_Anaerobutyricum_hallii"	"Abundance"	"colon_IL1b"	0.0192879729296487	14887.2085709279	0.899923275509477	45	"spearman"	0.964974098266706	""
"s_Anaerobutyricum_hallii"	"Abundance"	"Patella_Joint"	-0.0246018935325245	15553.4567438237	0.872554492528641	45	"spearman"	0.964974098266706	""
"s_Anaerobutyricum_hallii"	"Abundance"	"ileum_S100A8"	-0.00747567476128458	8499.0647922862	0.964974098266706	37	"spearman"	0.964974098266706	""
"s_Diplocloster_modestus"	"Abundance"	"colon_CXCL1"	-0.0150304067405963	7886.78626037443	0.930667905588875	36	"spearman"	0.965137087277352	""
"s_Bacteroides_sp019412865"	"Abundance"	"Femur_Joint"	0.0179791502868055	21702.6607786616	0.900346409864323	51	"spearman"	0.965195467275596	""
"s_Bacteroides_sp019412865"	"Abundance"	"Femur_Inflammation"	0.0577779263492992	20823.1078276805	0.68715098715345	51	"spearman"	0.965195467275596	""
"s_Bacteroides_sp019412865"	"Abundance"	"colon_IL1b"	0.115023035156823	13433.9503263194	0.451818043870471	45	"spearman"	0.965195467275596	""
"s_Bacteroides_sp019412865"	"Abundance"	"Patella_Joint"	0.119087445247705	13372.2525811398	0.435884618882156	45	"spearman"	0.965195467275596	""
"s_Bacteroides_sp019412865"	"Abundance"	"ileum_CCL2"	-0.00677311969583143	14286.1105684838	0.965195467275596	44	"spearman"	0.965195467275596	""
"s_Bacteroides_sp019412865"	"Abundance"	"ileum_IL1b"	0.03160789191388	13741.484013742	0.838605154583734	44	"spearman"	0.965195467275596	""
"s_Bacteroides_sp019412865"	"Abundance"	"colon_CCL2"	-0.022606921810244	14510.7922204874	0.884190715500809	44	"spearman"	0.965195467275596	""
"s_Bacteroides_sp019412865"	"Abundance"	"colon_S100A8"	-0.0722940813903941	9799.69560982681	0.66622929932815	38	"spearman"	0.965195467275596	""
"s_Bacteroides_sp019412865"	"Abundance"	"ileum_S100A8"	0.142211358707868	7236.30497794043	0.401117428453627	37	"spearman"	0.965195467275596	""
"s_Bacteroides_sp019412865"	"Abundance"	"colon_IL10"	0.0378226031223333	8116.92852006	0.824120159546771	37	"spearman"	0.965195467275596	""
"s_Bacteroides_sp019412865"	"Abundance"	"colon_CXCL1"	-0.0884380343018407	8457.1635265253	0.608015453937051	36	"spearman"	0.965195467275596	""
"s_Bacteroides_sp019412865"	"Abundance"	"colon_IFNg"	-0.0757366688522301	5869.21926525777	0.680355277056335	32	"spearman"	0.965195467275596	""
"s_Bacteroides_sp019412865"	"Abundance"	"score_day1"	-0.0131754085925811	5527.88502928112	0.942944882184793	32	"spearman"	0.965195467275596	""
"s_Bacteroides_sp019412865"	"Abundance"	"score_day9"	0.141525733169154	480.745589425274	0.614880304935379	15	"spearman"	0.965195467275596	""
"s_Bittarella_massiliensis"	"Abundance"	"Femur_Joint"	0.181131605857549	18096.9915105482	0.203365226455739	51	"spearman"	0.965356340307625	""
"s_Bittarella_massiliensis"	"Abundance"	"Femur_Inflammation"	0.109287473570964	19684.7468340817	0.445218430759367	51	"spearman"	0.965356340307625	""
"s_Bittarella_massiliensis"	"Abundance"	"colon_IL1b"	0.101338118237439	13641.6873651557	0.507730554937703	45	"spearman"	0.965356340307625	""
"s_Bittarella_massiliensis"	"Abundance"	"colon_TNF"	0.179885069074671	12449.3446514465	0.237037534212709	45	"spearman"	0.965356340307625	""
"s_Bittarella_massiliensis"	"Abundance"	"ileum_CCL2"	-0.154713145004658	16385.3795276161	0.315976194639195	44	"spearman"	0.965356340307625	""
"s_Bittarella_massiliensis"	"Abundance"	"ileum_S100A8"	0.207422653489608	6686.18249516166	0.218005669763671	37	"spearman"	0.965356340307625	""
"s_Bittarella_massiliensis"	"Abundance"	"ileum_IL10"	0.158915264843379	6535.22839216694	0.354579686183595	36	"spearman"	0.965356340307625	""
"s_Bittarella_massiliensis"	"Abundance"	"colon_IFNg"	0.203016806662454	4348.34030284965	0.26510792985459	32	"spearman"	0.965356340307625	""
"s_Bittarella_massiliensis"	"Abundance"	"score_day9"	-0.191288566467218	667.121597221642	0.494648564271735	15	"spearman"	0.965356340307625	""
"s_Bittarella_massiliensis"	"Abundance"	"synov_IL1b"	0.247252747252747	274	0.414969916573171	13	"spearman"	0.965356340307625	""
"s_Bittarella_massiliensis"	"Abundance"	"synov_MMP13"	0.252747252747253	272	0.404328210459866	13	"spearman"	0.965356340307625	""
"s_Bittarella_massiliensis"	"Abundance"	"synov_TNF"	-0.197802197802198	436	0.517155182307656	13	"spearman"	0.965356340307625	""
"s_Bittarella_massiliensis"	"Abundance"	"synov_CXCL1"	0.384615384615385	176	0.218387426912988	12	"spearman"	0.965356340307625	""
"s_Bittarella_massiliensis"	"Abundance"	"synov_IL6"	0.440559440559441	160	0.154215750256718	12	"spearman"	0.965356340307625	""
"s_Bittarella_massiliensis"	"Abundance"	"synov_IL17"	-0.296969696969697	214	0.406950227375658	10	"spearman"	0.965356340307625	""
"s_Diplocloster_modestus"	"Abundance"	"Femur_Inflammation"	-0.0062006051509324	22237.0333738356	0.965555033979948	51	"spearman"	0.965555033979948	""
"s_Merdimmobilis_hominis"	"Abundance"	"Femur_Joint"	0.0859979947264052	20199.4443165464	0.548481998801218	51	"spearman"	0.96563299967771	""
"s_Merdimmobilis_hominis"	"Abundance"	"Femur_Inflammation"	0.0627692029125156	20712.8006156334	0.661690207476941	51	"spearman"	0.96563299967771	""
"s_Merdimmobilis_hominis"	"Abundance"	"colon_IL1b"	0.188204434654725	12323.0566819413	0.215684202334173	45	"spearman"	0.96563299967771	""
"s_Merdimmobilis_hominis"	"Abundance"	"Patella_Joint"	0.039489601519187	14580.5478489387	0.796754021055184	45	"spearman"	0.96563299967771	""
"s_Merdimmobilis_hominis"	"Abundance"	"ileum_CCL2"	0.0180212552722247	13934.2783876871	0.907567365195078	44	"spearman"	0.96563299967771	""
"s_Merdimmobilis_hominis"	"Abundance"	"ileum_IL1b"	-0.15056130131504	16326.4648656604	0.329294842008028	44	"spearman"	0.96563299967771	""
"s_Merdimmobilis_hominis"	"Abundance"	"colon_CCL2"	0.13494510987352	12275.1288908947	0.382466913028254	44	"spearman"	0.96563299967771	""
"s_Merdimmobilis_hominis"	"Abundance"	"ileum_TNF"	-0.224895465646018	16222.5155470159	0.147077939803264	43	"spearman"	0.96563299967771	""
"s_Merdimmobilis_hominis"	"Abundance"	"ileum_CXCL1"	0.0109672043709986	9771.64402081453	0.947167865780162	39	"spearman"	0.96563299967771	""
"s_Merdimmobilis_hominis"	"Abundance"	"colon_S100A8"	0.0610924620719071	8580.67598912484	0.715589544961022	38	"spearman"	0.96563299967771	""
"s_Merdimmobilis_hominis"	"Abundance"	"ileum_S100A8"	0.0091918804366738	8358.45729663622	0.956939904882057	37	"spearman"	0.96563299967771	""
"s_Merdimmobilis_hominis"	"Abundance"	"colon_IL10"	-0.156283838860366	9754.41046462605	0.355641191368079	37	"spearman"	0.96563299967771	""
"s_Merdimmobilis_hominis"	"Abundance"	"ileum_IL10"	0.206575829854409	6164.90580203124	0.22673842628011	36	"spearman"	0.96563299967771	""
"s_Merdimmobilis_hominis"	"Abundance"	"colon_CXCL1"	-0.0110842336324974	7856.12449532451	0.948842678210881	36	"spearman"	0.96563299967771	""
"s_Merdimmobilis_hominis"	"Abundance"	"colon_IFNg"	0.173855753644393	4507.44300811619	0.34128872017995	32	"spearman"	0.96563299967771	""
"s_Merdimmobilis_hominis"	"Abundance"	"score_day1"	0.00793207648046745	5412.72259072257	0.96563299967771	32	"spearman"	0.96563299967771	""
"s_Merdimmobilis_hominis"	"Abundance"	"score_day5"	-0.0992419152073859	4941.0924088572	0.60183445646271	30	"spearman"	0.96563299967771	""
"s_Merdimmobilis_hominis"	"Abundance"	"score_day9"	0.264591588098854	411.828710664642	0.340594393279263	15	"spearman"	0.96563299967771	""
"s_Merdimmobilis_hominis"	"Abundance"	"synov_CCL2"	-0.0603986038986779	385.985091819119	0.84460659172236	13	"spearman"	0.96563299967771	""
"s_Merdimmobilis_hominis"	"Abundance"	"synov_IL1b"	0.154351987741066	307.815876462252	0.614624460378854	13	"spearman"	0.96563299967771	""
"s_Merdimmobilis_hominis"	"Abundance"	"synov_MMP13"	0.20132867966226	290.716360602938	0.509533009397514	13	"spearman"	0.96563299967771	""
"s_Merdimmobilis_hominis"	"Abundance"	"synov_MMP3"	-0.013421911977484	368.885575959804	0.96528824468529	13	"spearman"	0.96563299967771	""
"s_Merdimmobilis_hominis"	"Abundance"	"synov_TNF"	0.0671095598874199	339.572120200979	0.827561589151997	13	"spearman"	0.96563299967771	""
"s_Merdimmobilis_hominis"	"Abundance"	"synov_CXCL1"	0.0624068924979757	268.151628745579	0.84721525934252	12	"spearman"	0.96563299967771	""
"s_Merdimmobilis_hominis"	"Abundance"	"synov_IL6"	0.245467110492038	215.796406399277	0.441894638593307	12	"spearman"	0.96563299967771	""
"s_Merdimmobilis_hominis"	"Abundance"	"synov_IL17"	-0.231156693037794	203.140854351236	0.520508415963366	10	"spearman"	0.96563299967771	""
"s_Lactonifactor_longoviformis"	"Abundance"	"Femur_Inflammation"	-0.0839087185526294	23954.3826800131	0.558274459859338	51	"spearman"	0.965862253344145	""
"s_Lactonifactor_longoviformis"	"Abundance"	"colon_IL1b"	0.121161155362407	13340.7736615987	0.427877231677766	45	"spearman"	0.965862253344145	""
"s_Lactonifactor_longoviformis"	"Abundance"	"colon_TNF"	0.160525187115612	12743.227659585	0.292165274468504	45	"spearman"	0.965862253344145	""
"s_Lactonifactor_longoviformis"	"Abundance"	"ileum_CCL2"	-0.205128767930895	17100.7772169394	0.18162971189126	44	"spearman"	0.965862253344145	""
"s_Lactonifactor_longoviformis"	"Abundance"	"ileum_IL1b"	0.126109038146195	12400.5127487055	0.414674640532695	44	"spearman"	0.965862253344145	""
"s_Lactonifactor_longoviformis"	"Abundance"	"ileum_TNF"	-0.184139740473593	15682.7467228323	0.237188037015671	43	"spearman"	0.965862253344145	""
"s_Lactonifactor_longoviformis"	"Abundance"	"ileum_CXCL1"	-0.109353312758535	10960.4107300543	0.507532869381016	39	"spearman"	0.965862253344145	""
"s_Lactonifactor_longoviformis"	"Abundance"	"ileum_S100A8"	0.0958925182836504	7627.05071575912	0.572362816796531	37	"spearman"	0.965862253344145	""
"s_Lactonifactor_longoviformis"	"Abundance"	"ileum_IL10"	0.111141704540827	6906.42895571778	0.518719865805286	36	"spearman"	0.965862253344145	""
"s_Lactonifactor_longoviformis"	"Abundance"	"colon_CXCL1"	0.188196136994317	6307.71601555416	0.271687772935218	36	"spearman"	0.965862253344145	""
"s_Lactonifactor_longoviformis"	"Abundance"	"ileum_IFNg"	0.124279937809771	6252.64124403823	0.476890456637054	35	"spearman"	0.965862253344145	""
"s_Lactonifactor_longoviformis"	"Abundance"	"score_day1"	0.226728296947284	4218.97041185562	0.212079292612075	32	"spearman"	0.965862253344145	""
"s_Lactonifactor_longoviformis"	"Abundance"	"score_day9"	-0.378314926930607	771.85635908114	0.164400170517145	15	"spearman"	0.965862253344145	""
"s_Lactonifactor_longoviformis"	"Abundance"	"synov_IL1b"	-0.231455024943138	448.249629079302	0.446741596624197	13	"spearman"	0.965862253344145	""
"s_Lactonifactor_longoviformis"	"Abundance"	"synov_IL6"	-0.393041832067032	398.409963971171	0.206255756619983	12	"spearman"	0.965862253344145	""
"s_Enterococcus_faecalis"	"Abundance"	"colon_S100A8"	-0.0149957797989194	9276.04643158232	0.928798088853879	38	"spearman"	0.965887485415348	""
"s_Enterococcus_faecalis"	"Abundance"	"colon_IL10"	-0.00728061278673051	8497.41924946886	0.965887485415348	37	"spearman"	0.965887485415348	""
"s_Enterococcus_faecalis"	"Abundance"	"ileum_IL10"	-0.0311411539293138	8011.96676603077	0.856919940805471	36	"spearman"	0.965887485415348	""
"s_Enterococcus_faecalis"	"Abundance"	"synov_TNF"	0.0174714139453653	357.640405323887	0.95482389774833	13	"spearman"	0.965887485415348	""
"s_Enterococcus_faecalis"	"Abundance"	"synov_IL17"	0.0605499178792296	155.009263549927	0.868031598583424	10	"spearman"	0.965887485415348	""
"s_Lachnospira_sp000436535"	"Abundance"	"Femur_Joint"	0.0138993255601919	21792.8249051198	0.922881367004735	51	"spearman"	0.966029840492965	""
"s_Lachnospira_sp000436535"	"Abundance"	"Patella_Joint"	0.00999566531075903	15028.2658005827	0.948040517588861	45	"spearman"	0.966029840492965	""
"s_Lachnospira_sp000436535"	"Abundance"	"score_day5"	0.0081204370041225	4458.49863566647	0.966029840492965	30	"spearman"	0.966029840492965	""
"s_Prevotella_rara"	"Abundance"	"ileum_IL1b"	-0.0189090457244581	14458.3193588301	0.903034970631811	44	"spearman"	0.967337941086453	""
"s_Prevotella_rara"	"Abundance"	"synov_TNF"	0.0260072162377308	354.533373289466	0.932790157476223	13	"spearman"	0.967337941086453	""
"s_Bifidobacterium_bifidum"	"Abundance"	"colon_S100A8"	0.0127403878190158	9022.56559572202	0.93948555180584	38	"spearman"	0.967342527624639	""
"s_Bifidobacterium_bifidum"	"Abundance"	"colon_CXCL1"	0.00707313258381002	7715.0417598238	0.967342527624639	36	"spearman"	0.967342527624639	""
"s_Phocaeicola_massiliensis"	"Abundance"	"ileum_IFNg"	-0.00716582538735226	7191.1639932657	0.967411945297262	35	"spearman"	0.967411945297262	""
"s_Bacteroides_ovatus"	"Abundance"	"ileum_CCL2"	0.0121229947576986	14017.9747043883	0.937746407741409	44	"spearman"	0.967520884650814	""
"s_Bacteroides_ovatus"	"Abundance"	"colon_IL10"	-0.00895680683188036	8511.55962243374	0.958040141635274	37	"spearman"	0.967520884650814	""
"s_Bacteroides_ovatus"	"Abundance"	"score_day9"	-0.011511756628934	566.446583712203	0.967520884650814	15	"spearman"	0.967520884650814	""
"s_Mediterraneibacter_torques"	"Abundance"	"ileum_TNF"	0.0134620881912924	13065.7081039945	0.931721311729913	43	"spearman"	0.967556746796448	""
"s_Mediterraneibacter_torques"	"Abundance"	"colon_IFNg"	0.023815043251318	5326.06512402081	0.897059760724984	32	"spearman"	0.967556746796448	""
"s_Mediterraneibacter_torques"	"Abundance"	"synov_CXCL1"	0.0436713146741147	273.510004003203	0.892800448127627	12	"spearman"	0.967556746796448	""
"s_Eubacterium_R_sp000436835"	"Abundance"	"ileum_CCL2"	0.0129596653422877	14006.1023487929	0.933459268451611	44	"spearman"	0.968031833949819	""
"s_Bilophila_wadsworthia"	"Abundance"	"Femur_Joint"	-0.041286118203763	23012.4232123032	0.773610815032047	51	"spearman"	0.968068651632076	""
"s_Bilophila_wadsworthia"	"Abundance"	"Femur_Inflammation"	0.00574787314713894	21972.9720034482	0.968068651632076	51	"spearman"	0.968068651632076	""
"s_Bilophila_wadsworthia"	"Abundance"	"ileum_IL1b"	-0.0386803073365086	14738.8735611051	0.803141912094438	44	"spearman"	0.968068651632076	""
"s_Bilophila_wadsworthia"	"Abundance"	"ileum_TNF"	0.0228486165507866	12941.3929224014	0.884369590137171	43	"spearman"	0.968068651632076	""
"s_Bilophila_wadsworthia"	"Abundance"	"colon_S100A8"	-0.0143859293915112	9270.47300870902	0.931686807702462	38	"spearman"	0.968068651632076	""
"s_Bilophila_wadsworthia"	"Abundance"	"colon_CXCL1"	0.0140314733239269	7660.97545227309	0.935265760285523	36	"spearman"	0.968068651632076	""
"s_Bilophila_wadsworthia"	"Abundance"	"ileum_IFNg"	-0.0154669487556475	7250.43401411532	0.929729101161884	35	"spearman"	0.968068651632076	""
"s_Bilophila_wadsworthia"	"Abundance"	"score_day9"	-0.0328548328329182	578.398706386434	0.907464514784923	15	"spearman"	0.968068651632076	""
"s_Enterococcus_B_faecium"	"Abundance"	"Femur_Joint"	0.024469381119752	21559.2266772535	0.864664424930162	51	"spearman"	0.968424155921782	""
"s_Enterococcus_B_faecium"	"Abundance"	"colon_CCL2"	0.0281155475640283	13791.0403800664	0.856238695526008	44	"spearman"	0.968424155921782	""
"s_Oxalobacter_aliiformigenes"	"Abundance"	"ileum_IFNg"	-0.0613068819671685	7577.73113724558	0.72644856439379	35	"spearman"	0.968598085858387	""
"uc_g_Dialister"	"Abundance"	"colon_CCL2"	-0.00607260048636929	14276.1702009016	0.968793302183949	44	"spearman"	0.968793302183949	""
"s_Bittarella_massiliensis"	"Abundance"	"synov_MMP3"	0.181318681318681	298	0.553621558251875	13	"spearman"	0.968837726940781	""
"s_Hungatella_effluvii"	"Abundance"	"ileum_TNF"	0.00589762449063361	13165.891861246	0.970059223907832	43	"spearman"	0.970059223907832	""
"s_Butyricimonas_virosa"	"Abundance"	"colon_S100A8"	-0.00611987589507111	9194.92954580505	0.970911172529	38	"spearman"	0.970911172529	""
"s_Agathobaculum_ammoniilyticum"	"Abundance"	"ileum_CXCL1"	0.006032355482119	9820.40032783666	0.970926213077212	39	"spearman"	0.970926213077212	""
"s_Alitiscatomonas_sp900541255"	"Abundance"	"Femur_Inflammation"	-0.0115217576731157	22354.6308445759	0.93604275341405	51	"spearman"	0.971530546709813	""
"s_Alitiscatomonas_sp900541255"	"Abundance"	"ileum_IFNg"	0.0139000393412622	7040.75371910339	0.936833027184463	35	"spearman"	0.971530546709813	""
"s_Alitiscatomonas_sp900541255"	"Abundance"	"score_day5"	0.0156764644951352	4424.53429209437	0.934471825916104	30	"spearman"	0.971530546709813	""
"s_Alitiscatomonas_sp900541255"	"Abundance"	"score_day9"	-0.0574959574576069	592.19773617626	0.838721268281843	15	"spearman"	0.971530546709813	""
"s_Alitiscatomonas_sp900541255"	"Abundance"	"synov_TNF"	-0.07431094182474	391.049182824205	0.809348182837423	13	"spearman"	0.971530546709813	""
"s_Dorea_D_sp000433535"	"Abundance"	"ileum_S100A8"	0.0133542413891299	8323.3436196413	0.937473259146358	37	"spearman"	0.972194490966593	""
"s_Faecalibacterium_longum"	"Abundance"	"ileum_CXCL1"	-0.00576648892671078	9936.9729105959	0.972207085891938	39	"spearman"	0.972207085891938	""
"s_Butyribacter_sp003529475"	"Abundance"	"colon_CXCL1"	-0.00590570084871225	7815.88729559449	0.972730491940921	36	"spearman"	0.972730491940921	""
"s_Bacteroides_stercoris"	"Abundance"	"score_day9"	0.0592274992310124	526.832600430633	0.833925582182758	15	"spearman"	0.972913179213217	""
"s_Phascolarctobacterium_faecium"	"Abundance"	"ileum_CCL2"	-0.0488389302251833	14883.0244198954	0.752896463147156	44	"spearman"	0.973103863524397	""
"s_Phascolarctobacterium_faecium"	"Abundance"	"synov_MMP13"	0.0934065934065934	330	0.764581607054883	13	"spearman"	0.973103863524397	""
"s_Blautia_pseudococcoides"	"Abundance"	"Femur_Inflammation"	-0.00705769252389807	22255.9750047781	0.960797318957535	51	"spearman"	0.973355409425545	""
"s_Blautia_pseudococcoides"	"Abundance"	"ileum_IL10"	-0.00577031512188984	7814.83534849708	0.973355409425545	36	"spearman"	0.973355409425545	""
"s_Blautia_pseudococcoides"	"Abundance"	"score_day9"	-0.0123205623123443	566.899514894913	0.965240159413782	15	"spearman"	0.973355409425545	""
"s_Otoolea_symbiosa"	"Abundance"	"Femur_Joint"	0.0235408712913665	21579.7467444608	0.869754514689758	51	"spearman"	0.974125056452529	""
"s_Otoolea_symbiosa"	"Abundance"	"Femur_Inflammation"	0.0355515871002117	21314.3099250853	0.804387304688511	51	"spearman"	0.974125056452529	""
"s_Otoolea_symbiosa"	"Abundance"	"colon_CCL2"	0.0300805558975967	13763.1569118131	0.846307898044871	44	"spearman"	0.974125056452529	""
"s_Alistipes_communis"	"Abundance"	"ileum_TNF"	0.00509398584649925	13176.535251449	0.97413761321429	43	"spearman"	0.97413761321429	""
"s_Bacteroides_intestinalis"	"Abundance"	"Patella_Joint"	0.0101794954846418	15025.4752585431	0.947086271674627	45	"spearman"	0.974781408858643	""
"s_Bacteroides_intestinalis"	"Abundance"	"ileum_IFNg"	0.00554475521428871	7100.41044776998	0.974781408858643	35	"spearman"	0.974781408858643	""
"s_Alistipes_onderdonkii"	"Abundance"	"ileum_TNF"	0.00490084288658285	13179.0932368101	0.975117896209831	43	"spearman"	0.975117896209831	""
"s_Anaerotruncus_colihominis"	"Abundance"	"colon_CCL2"	0.00482473027486123	14121.5370773997	0.975203778295568	44	"spearman"	0.975203778295568	""
"s_Allocoprobacillus_merdigallinarum"	"Abundance"	"Femur_Joint"	-0.0181290507033842	22500.6520205448	0.899519804688269	51	"spearman"	0.975378561276674	""
"s_Allocoprobacillus_merdigallinarum"	"Abundance"	"score_day5"	-0.022583363395173	4596.5122184613	0.905708664042626	30	"spearman"	0.975378561276674	""
"s_Faecalibacterium_prausnitzii_D"	"Abundance"	"Femur_Joint"	-0.0891071963866676	24069.2690401454	0.534063118973319	51	"spearman"	0.975693996152907	""
"s_Faecalibacterium_prausnitzii_D"	"Abundance"	"Femur_Inflammation"	0.115294486316522	19551.9918524049	0.420446467249993	51	"spearman"	0.975693996152907	""
"s_Faecalibacterium_prausnitzii_D"	"Abundance"	"Patella_Joint"	-0.00805400970941365	15302.2598673889	0.95812361119702	45	"spearman"	0.975693996152907	""
"s_Faecalibacterium_prausnitzii_D"	"Abundance"	"ileum_CCL2"	0.0682852223028206	13221.032695523	0.659627237713849	44	"spearman"	0.975693996152907	""
"s_Faecalibacterium_prausnitzii_D"	"Abundance"	"ileum_CXCL1"	-0.0621122274623084	10493.6688073276	0.707189326922591	39	"spearman"	0.975693996152907	""
"s_Faecalibacterium_prausnitzii_D"	"Abundance"	"colon_S100A8"	0.162135269914379	7657.24576825249	0.33078370388118	38	"spearman"	0.975693996152907	""
"s_Faecalibacterium_prausnitzii_D"	"Abundance"	"ileum_S100A8"	0.0435348118451279	8068.7403272745	0.798071200239698	37	"spearman"	0.975693996152907	""
"s_Faecalibacterium_prausnitzii_D"	"Abundance"	"colon_IL10"	-0.140295469721213	9619.53258256815	0.40755644120959	37	"spearman"	0.975693996152907	""
"s_Faecalibacterium_prausnitzii_D"	"Abundance"	"ileum_IL10"	0.023542737727088	7587.07292786053	0.891592055943103	36	"spearman"	0.975693996152907	""
"s_Faecalibacterium_prausnitzii_D"	"Abundance"	"colon_CXCL1"	0.0466952821113719	7407.17765799464	0.786828382334495	36	"spearman"	0.975693996152907	""
"s_Faecalibacterium_prausnitzii_D"	"Abundance"	"ileum_IFNg"	0.0491773438349217	6788.87376501866	0.779062670173702	35	"spearman"	0.975693996152907	""
"s_Faecalibacterium_prausnitzii_D"	"Abundance"	"colon_IFNg"	-0.0940908182182476	5969.35950419876	0.608496724736916	32	"spearman"	0.975693996152907	""
"s_Faecalibacterium_prausnitzii_D"	"Abundance"	"score_day9"	-0.0153832318662124	568.614609845079	0.956606239494296	15	"spearman"	0.975693996152907	""
"s_Faecalibacterium_prausnitzii_D"	"Abundance"	"synov_CCL2"	0.00939705020686103	360.579473724703	0.975693996152907	13	"spearman"	0.975693996152907	""
"s_Faecalibacterium_prausnitzii_D"	"Abundance"	"synov_IL1b"	0.222396854895711	283.047544817961	0.465212528103204	13	"spearman"	0.975693996152907	""
"s_Faecalibacterium_prausnitzii_D"	"Abundance"	"synov_MMP13"	0.225529204964665	281.907369392862	0.458784511760998	13	"spearman"	0.975693996152907	""
"s_Faecalibacterium_prausnitzii_D"	"Abundance"	"synov_MMP3"	0.0219264504826757	356.018772024306	0.943319362867291	13	"spearman"	0.975693996152907	""
"s_Faecalibacterium_prausnitzii_D"	"Abundance"	"synov_TNF"	-0.0532499511722125	383.382982226685	0.86283189883107	13	"spearman"	0.975693996152907	""
"s_Faecalibacterium_prausnitzii_D"	"Abundance"	"synov_CXCL1"	0.171555932940514	236.935003179013	0.593946325584656	12	"spearman"	0.975693996152907	""
"s_Faecalibacterium_prausnitzii_D"	"Abundance"	"synov_IL17"	-0.157041410659751	190.911832758859	0.664819378304589	10	"spearman"	0.975693996152907	""
"s_Intestinibacter_bartlettii"	"Abundance"	"Femur_Joint"	0.0613030030652481	20745.203632258	0.669131717769364	51	"spearman"	0.975693996152907	""
"s_Intestinibacter_bartlettii"	"Abundance"	"Femur_Inflammation"	0.0526746003723953	20935.8913317701	0.713543552563007	51	"spearman"	0.975693996152907	""
"s_Intestinibacter_bartlettii"	"Abundance"	"colon_IL1b"	0.105212915788257	13582.8679383343	0.491552596840462	45	"spearman"	0.975693996152907	""
"s_Intestinibacter_bartlettii"	"Abundance"	"colon_TNF"	0.175859603163697	12510.4512239751	0.247870254475881	45	"spearman"	0.975693996152907	""
"s_Intestinibacter_bartlettii"	"Abundance"	"Patella_Joint"	0.0782102378834533	13992.7685889292	0.609582248851362	45	"spearman"	0.975693996152907	""
"s_Intestinibacter_bartlettii"	"Abundance"	"ileum_CCL2"	-0.0753330380274976	15258.9758096102	0.626960913213192	44	"spearman"	0.975693996152907	""
"s_Intestinibacter_bartlettii"	"Abundance"	"ileum_IL1b"	-0.109384828512806	15742.1707165967	0.4796820885134	44	"spearman"	0.975693996152907	""
"s_Intestinibacter_bartlettii"	"Abundance"	"ileum_CXCL1"	0.0380448537835332	9504.11684461869	0.818136009871553	39	"spearman"	0.975693996152907	""
"s_Intestinibacter_bartlettii"	"Abundance"	"colon_S100A8"	0.0225338993343829	8933.06269398307	0.893177257463277	38	"spearman"	0.975693996152907	""
"s_Intestinibacter_bartlettii"	"Abundance"	"colon_IL10"	-0.163664186068832	9816.67107367667	0.33309001581205	37	"spearman"	0.975693996152907	""
"s_Intestinibacter_bartlettii"	"Abundance"	"colon_CXCL1"	0.0958769797303675	7025.03586749504	0.578044089838978	36	"spearman"	0.975693996152907	""
"s_Intestinibacter_bartlettii"	"Abundance"	"ileum_IFNg"	0.189173365289565	5789.30217183251	0.276425585722072	35	"spearman"	0.975693996152907	""
"s_Intestinibacter_bartlettii"	"Abundance"	"colon_IFNg"	0.0562474497084802	5149.11391439053	0.759782416626482	32	"spearman"	0.975693996152907	""
"s_Intestinibacter_bartlettii"	"Abundance"	"score_day1"	0.147998090547036	4648.52241797537	0.41888295439726	32	"spearman"	0.975693996152907	""
"s_Intestinibacter_bartlettii"	"Abundance"	"score_day5"	-0.0106465548726247	4542.85626415245	0.955471497929047	30	"spearman"	0.975693996152907	""
"s_Intestinibacter_bartlettii"	"Abundance"	"score_day9"	-0.162633629150995	651.074832324557	0.562514451525723	15	"spearman"	0.975693996152907	""
"s_Intestinibacter_bartlettii"	"Abundance"	"synov_CCL2"	-0.0156617503447684	369.700877125496	0.959499530758478	13	"spearman"	0.975693996152907	""
"s_Intestinibacter_bartlettii"	"Abundance"	"synov_IL1b"	0.122161652689193	319.533158421134	0.690944395625064	13	"spearman"	0.975693996152907	""
"s_Intestinibacter_bartlettii"	"Abundance"	"synov_MMP13"	0.0877058019307029	332.075088097224	0.775710782532692	13	"spearman"	0.975693996152907	""
"s_Intestinibacter_bartlettii"	"Abundance"	"synov_MMP3"	-0.0407205508963978	378.822280526289	0.894921582201984	13	"spearman"	0.975693996152907	""
"s_Intestinibacter_bartlettii"	"Abundance"	"synov_TNF"	0.00939705020686103	360.579473724703	0.975693996152907	13	"spearman"	0.975693996152907	""
"s_Intestinibacter_bartlettii"	"Abundance"	"synov_CXCL1"	0.140363945133148	245.85591169192	0.663487857577955	12	"spearman"	0.975693996152907	""
"s_Intestinibacter_bartlettii"	"Abundance"	"synov_IL6"	0.265131896362613	210.172277640293	0.404939828383754	12	"spearman"	0.975693996152907	""
"s_Intestinibacter_bartlettii"	"Abundance"	"synov_IL17"	-0.0477952119399243	172.886209970088	0.895686483498999	10	"spearman"	0.975693996152907	""
"s_Alitiscatomonas_sp900541255"	"Abundance"	"colon_CCL2"	0.00471847557824751	14123.0448315447	0.975749699832373	44	"spearman"	0.975749699832373	""
"s_Anaerofustis_stercorihominis_A"	"Abundance"	"Femur_Joint"	0.0860145380387807	20199.0787093429	0.548404789370932	51	"spearman"	0.976347551663182	""
"s_Anaerofustis_stercorihominis_A"	"Abundance"	"Femur_Inflammation"	-0.122399451741913	24805.0278834963	0.392185524334619	51	"spearman"	0.976347551663182	""
"s_Anaerofustis_stercorihominis_A"	"Abundance"	"colon_IL1b"	0.0970312189422719	13707.0660964563	0.526023666942037	45	"spearman"	0.976347551663182	""
"s_Anaerofustis_stercorihominis_A"	"Abundance"	"colon_TNF"	0.08706983905086	13858.2798432079	0.569540775031761	45	"spearman"	0.976347551663182	""
"s_Anaerofustis_stercorihominis_A"	"Abundance"	"ileum_TNF"	-0.139150560719698	15086.9100261717	0.373506783822746	43	"spearman"	0.976347551663182	""
"s_Anaerofustis_stercorihominis_A"	"Abundance"	"ileum_CXCL1"	0.109088534761541	8802.20527655597	0.508567486791711	39	"spearman"	0.976347551663182	""
"s_Anaerofustis_stercorihominis_A"	"Abundance"	"colon_S100A8"	-0.121850189078977	10252.5888779928	0.466145094693514	38	"spearman"	0.976347551663182	""
"s_Anaerofustis_stercorihominis_A"	"Abundance"	"synov_IL1b"	0.308606699924184	251.667161227597	0.304937231741436	13	"spearman"	0.976347551663182	""
"s_Anaerofustis_stercorihominis_A"	"Abundance"	"synov_MMP13"	0.154303349962092	307.833580613799	0.614737347343485	13	"spearman"	0.976347551663182	""
"s_Anaerofustis_stercorihominis_A"	"Abundance"	"synov_MMP3"	-0.154303349962092	420.166419386201	0.614737347343485	13	"spearman"	0.976347551663182	""
"s_Oxalobacter_aliiformigenes"	"Abundance"	"ileum_IL1b"	-0.0318893645234328	14642.5100825875	0.837187219427984	44	"spearman"	0.976718422665982	""
"s_Oxalobacter_aliiformigenes"	"Abundance"	"score_day1"	-0.043181963852013	5691.60079477658	0.814468994063651	32	"spearman"	0.976718422665982	""
"s_Oxalobacter_aliiformigenes"	"Abundance"	"synov_MMP3"	0.066879847642266	339.655735458215	0.82814392342954	13	"spearman"	0.976718422665982	""
"s_CAG-267_sp001917135"	"Abundance"	"colon_S100A8"	0.016679661753233	8986.5645712372	0.920826708344459	38	"spearman"	0.976874129502471	""
"s_CAG-267_sp001917135"	"Abundance"	"ileum_IL10"	-0.0125722762305593	7867.68658631145	0.941985767734526	36	"spearman"	0.976874129502471	""
"s_Lactonifactor_longoviformis"	"Abundance"	"Patella_Joint"	-0.0769668057740788	16348.3561116505	0.61529720205795	45	"spearman"	0.977236732680274	""
"s_Oxalobacter_aliiformigenes"	"Abundance"	"Femur_Joint"	0.00826791511127024	21917.2790760409	0.954081682404228	51	"spearman"	0.977972197660354	""
"s_Oxalobacter_aliiformigenes"	"Abundance"	"ileum_IL10"	-0.0163808566704994	7897.27925632978	0.924455642383209	36	"spearman"	0.977972197660354	""
"s_Oxalobacter_aliiformigenes"	"Abundance"	"score_day9"	-0.00780641419924778	564.371591951579	0.977972197660354	15	"spearman"	0.977972197660354	""
"s_Oxalobacter_aliiformigenes"	"Abundance"	"synov_CCL2"	-0.022293282547422	372.114754847262	0.942372491008902	13	"spearman"	0.977972197660354	""
"s_Blautia_A_faecis"	"Abundance"	"Femur_Joint"	0.00390779132787638	22013.6378116539	0.978287897372593	51	"spearman"	0.978287897372593	""
"s_Eisenbergiella_tayi"	"Abundance"	"score_day5"	-0.0051287909566128	4518.05391534997	0.978541084612985	30	"spearman"	0.978541084612985	""
"s_Lawsonibacter_aceti"	"Abundance"	"Femur_Joint"	-0.0755603300638515	23769.8832944111	0.598203640961815	51	"spearman"	0.97889575059295	""
"s_Lawsonibacter_aceti"	"Abundance"	"Femur_Inflammation"	-0.0211386958357194	22567.1651779694	0.882947032645356	51	"spearman"	0.97889575059295	""
"s_Lawsonibacter_aceti"	"Abundance"	"Patella_Joint"	0.00405759989019213	15118.4056336669	0.97889575059295	45	"spearman"	0.97889575059295	""
"s_Lawsonibacter_aceti"	"Abundance"	"colon_CCL2"	-0.00681011812249908	14286.6355761583	0.965005463397782	44	"spearman"	0.97889575059295	""
"s_Lawsonibacter_aceti"	"Abundance"	"ileum_CXCL1"	-0.0289757247278246	10166.2801603109	0.860999044839247	39	"spearman"	0.97889575059295	""
"s_Lawsonibacter_aceti"	"Abundance"	"colon_S100A8"	0.0370552679557897	8800.35190615204	0.825194271694743	38	"spearman"	0.97889575059295	""
"s_Lawsonibacter_aceti"	"Abundance"	"ileum_S100A8"	0.0724944532552764	7824.43679233849	0.669821293622712	37	"spearman"	0.97889575059295	""
"s_Lawsonibacter_aceti"	"Abundance"	"colon_IL10"	-0.0445772330128028	8812.053537696	0.793339763427688	37	"spearman"	0.97889575059295	""
"s_Lawsonibacter_aceti"	"Abundance"	"ileum_IL10"	0.00521541072573366	7729.47625866105	0.975916913015954	36	"spearman"	0.97889575059295	""
"s_Lawsonibacter_aceti"	"Abundance"	"score_day5"	-0.0113194008219169	4545.88070669452	0.952660395780694	30	"spearman"	0.97889575059295	""
"s_Lawsonibacter_aceti"	"Abundance"	"synov_IL1b"	-0.077151674981046	392.083209693101	0.802187277393873	13	"spearman"	0.97889575059295	""
"s_Lawsonibacter_aceti"	"Abundance"	"synov_MMP13"	-0.154303349962092	420.166419386201	0.614737347343485	13	"spearman"	0.97889575059295	""
"s_Bacteroides_sp902362375"	"Abundance"	"colon_IL1b"	-0.0300278732368745	15635.8231157358	0.844759828370544	45	"spearman"	0.978967893300765	""
"s_Bacteroides_sp902362375"	"Abundance"	"Patella_Joint"	-0.0496113725315324	15933.1006350287	0.746212537915155	45	"spearman"	0.978967893300765	""
"s_Bacteroides_sp902362375"	"Abundance"	"ileum_CCL2"	0.0183251559514938	13929.9660370483	0.906015541615127	44	"spearman"	0.978967893300765	""
"s_Bacteroides_sp902362375"	"Abundance"	"ileum_TNF"	-0.00572846172590826	13319.8677470979	0.970917649572327	43	"spearman"	0.978967893300765	""
"s_Bacteroides_sp902362375"	"Abundance"	"ileum_S100A8"	0.00545643975418905	8389.96947423366	0.974431181839965	37	"spearman"	0.978967893300765	""
"s_Bacteroides_sp902362375"	"Abundance"	"ileum_IL10"	-0.0583517083386943	8223.39277379165	0.73533117356004	36	"spearman"	0.978967893300765	""
"s_Bacteroides_sp902362375"	"Abundance"	"ileum_IFNg"	0.0672727691419261	6659.67242832665	0.700998763490409	35	"spearman"	0.978967893300765	""
"s_Bacteroides_sp902362375"	"Abundance"	"colon_IFNg"	-0.00485342449516299	5482.48028404561	0.978967893300765	32	"spearman"	0.978967893300765	""
"s_Bacteroides_sp902362375"	"Abundance"	"score_day9"	-0.0390103255575454	581.845782312225	0.890216568199534	15	"spearman"	0.978967893300765	""
"s_Bacteroides_sp902362375"	"Abundance"	"synov_TNF"	0.07431094182474	336.950817175795	0.809348182837423	13	"spearman"	0.978967893300765	""
"s_Schaedlerella_glycyrrhizinilytica_A"	"Abundance"	"ileum_CCL2"	-0.00398144011828221	14246.4966352784	0.979536771269631	44	"spearman"	0.979536771269631	""
"s_Schaedlerella_glycyrrhizinilytica_A"	"Abundance"	"colon_S100A8"	-0.0162023367942348	9287.07315596251	0.923085591809272	38	"spearman"	0.979536771269631	""
"s_Schaedlerella_glycyrrhizinilytica_A"	"Abundance"	"colon_IL10"	-0.0111009451860676	8529.64757358967	0.948007814071167	37	"spearman"	0.979536771269631	""
"s_Extibacter_hylemonae"	"Abundance"	"Femur_Joint"	0.0803635874854397	20323.9647165718	0.575076472323024	51	"spearman"	0.979683837266885	""
"s_Extibacter_hylemonae"	"Abundance"	"Femur_Inflammation"	-0.0428651319860756	23047.3194168923	0.765194494140511	51	"spearman"	0.979683837266885	""
"s_Extibacter_hylemonae"	"Abundance"	"Patella_Joint"	-0.0543546672727641	16005.1038492006	0.722871291909119	45	"spearman"	0.979683837266885	""
"s_Extibacter_hylemonae"	"Abundance"	"ileum_IL1b"	-0.0252372430349813	14548.1164786664	0.870824400558033	44	"spearman"	0.979683837266885	""
"s_Extibacter_hylemonae"	"Abundance"	"ileum_TNF"	-0.0612967669908372	14055.8143820266	0.696186792119211	43	"spearman"	0.979683837266885	""
"s_Extibacter_hylemonae"	"Abundance"	"ileum_CXCL1"	0.0335398964805816	9548.62582277185	0.839370530367002	39	"spearman"	0.979683837266885	""
"s_Extibacter_hylemonae"	"Abundance"	"colon_S100A8"	-0.00847479422883229	9216.4511444573	0.959725681693893	38	"spearman"	0.979683837266885	""
"s_Extibacter_hylemonae"	"Abundance"	"colon_IL10"	-0.0667679338269014	8999.25428976374	0.694590850921202	37	"spearman"	0.979683837266885	""
"s_Extibacter_hylemonae"	"Abundance"	"colon_CXCL1"	0.0068841118441242	7716.51045097116	0.968214811124069	36	"spearman"	0.979683837266885	""
"s_Extibacter_hylemonae"	"Abundance"	"ileum_IFNg"	-0.00446662017337992	7171.89166803793	0.979683837266885	35	"spearman"	0.979683837266885	""
"s_Extibacter_hylemonae"	"Abundance"	"score_day1"	-0.139664523134963	6218.00963822436	0.445835234217422	32	"spearman"	0.979683837266885	""
"s_Extibacter_hylemonae"	"Abundance"	"score_day5"	-0.0175002988415914	4573.66384329295	0.926867297191838	30	"spearman"	0.979683837266885	""
"s_Extibacter_hylemonae"	"Abundance"	"score_day9"	0.0613960353543147	525.618220201584	0.827927265578073	15	"spearman"	0.979683837266885	""
"s_Extibacter_hylemonae"	"Abundance"	"synov_CCL2"	0.140930075763582	312.701452422056	0.646065530663048	13	"spearman"	0.979683837266885	""
"s_Extibacter_hylemonae"	"Abundance"	"synov_IL1b"	-0.140930075763582	415.298547577944	0.646065530663048	13	"spearman"	0.979683837266885	""
"s_Extibacter_hylemonae"	"Abundance"	"synov_MMP13"	-0.295282063504647	471.482671115692	0.327355212707861	13	"spearman"	0.979683837266885	""
"s_Extibacter_hylemonae"	"Abundance"	"synov_MMP3"	0.154351987741066	307.815876462252	0.614624460378854	13	"spearman"	0.979683837266885	""
"s_Extibacter_hylemonae"	"Abundance"	"synov_TNF"	-0.147641031752324	417.741335557846	0.630273342530351	13	"spearman"	0.979683837266885	""
"s_Extibacter_hylemonae"	"Abundance"	"synov_IL6"	0.282911245990823	205.087383646625	0.372921911653728	12	"spearman"	0.979683837266885	""
"s_Extibacter_hylemonae"	"Abundance"	"synov_IL17"	0.141676682829616	141.623347333113	0.69622845197724	10	"spearman"	0.979683837266885	""
"s_Blautia_A_sp028767025"	"Abundance"	"ileum_S100A8"	-0.00425632587681999	8471.90636509685	0.98005362398484	37	"spearman"	0.98005362398484	""
"s_Akkermansia_muciniphila"	"Abundance"	"Femur_Joint"	0.0849453355443082	20222.7080844708	0.553405539757813	51	"spearman"	0.980067102427789	""
"s_Akkermansia_muciniphila"	"Abundance"	"Femur_Inflammation"	-0.0280449968087292	22719.7944294729	0.845115451247175	51	"spearman"	0.980067102427789	""
"s_Akkermansia_muciniphila"	"Abundance"	"colon_IL1b"	-0.0842873267908349	16459.4816206849	0.581985516189486	45	"spearman"	0.980067102427789	""
"s_Akkermansia_muciniphila"	"Abundance"	"Patella_Joint"	0.117467516821062	13396.8430946563	0.442197323869584	45	"spearman"	0.980067102427789	""
"s_Akkermansia_muciniphila"	"Abundance"	"ileum_CCL2"	0.117709827816635	12519.6975432819	0.446673789476274	44	"spearman"	0.980067102427789	""
"s_Akkermansia_muciniphila"	"Abundance"	"ileum_IL1b"	0.0418156337652673	13596.6361568709	0.787540127887313	44	"spearman"	0.980067102427789	""
"s_Akkermansia_muciniphila"	"Abundance"	"ileum_TNF"	0.0924870533104946	12019.1014659558	0.555275389562785	43	"spearman"	0.980067102427789	""
"s_Akkermansia_muciniphila"	"Abundance"	"ileum_CXCL1"	0.063157594544423	9256.0029659011	0.702484972560909	39	"spearman"	0.980067102427789	""
"s_Akkermansia_muciniphila"	"Abundance"	"colon_S100A8"	-0.174778399035682	10736.2997887871	0.293938520124422	38	"spearman"	0.980067102427789	""
"s_Akkermansia_muciniphila"	"Abundance"	"ileum_S100A8"	-0.0658169150479844	8991.2314953448	0.698735616075453	37	"spearman"	0.980067102427789	""
"s_Akkermansia_muciniphila"	"Abundance"	"colon_CXCL1"	0.242438131366113	5886.25571928531	0.154259106772217	36	"spearman"	0.980067102427789	""
"s_Akkermansia_muciniphila"	"Abundance"	"ileum_IFNg"	-0.0384339801187659	7414.41861804799	0.826493049889277	35	"spearman"	0.980067102427789	""
"s_Akkermansia_muciniphila"	"Abundance"	"score_day1"	-0.215564323917508	6632.11895129392	0.236059533581783	32	"spearman"	0.980067102427789	""
"s_Akkermansia_muciniphila"	"Abundance"	"score_day5"	-0.0299742411730637	4629.73421407292	0.875059912881955	30	"spearman"	0.980067102427789	""
"s_Akkermansia_muciniphila"	"Abundance"	"score_day9"	0.315262439108839	383.45303409905	0.252387245479493	15	"spearman"	0.980067102427789	""
"s_Akkermansia_muciniphila"	"Abundance"	"synov_IL1b"	0.231455024943138	279.750370920698	0.446741596624197	13	"spearman"	0.980067102427789	""
"s_Akkermansia_muciniphila"	"Abundance"	"synov_MMP13"	0.231455024943138	279.750370920698	0.446741596624197	13	"spearman"	0.980067102427789	""
"s_Akkermansia_muciniphila"	"Abundance"	"synov_MMP3"	-0.077151674981046	392.083209693101	0.802187277393873	13	"spearman"	0.980067102427789	""
"s_Akkermansia_muciniphila"	"Abundance"	"synov_TNF"	0.231455024943138	279.750370920698	0.446741596624197	13	"spearman"	0.980067102427789	""
"s_Akkermansia_muciniphila"	"Abundance"	"synov_CXCL1"	-0.218356573370573	348.449979983984	0.495366759516297	12	"spearman"	0.980067102427789	""
"s_Akkermansia_muciniphila"	"Abundance"	"synov_IL6"	-0.131013944022344	323.46998799039	0.684848714427375	12	"spearman"	0.980067102427789	""
"s_Akkermansia_muciniphila"	"Abundance"	"synov_IL17"	0.058025885318566	155.425728922437	0.873494892371295	10	"spearman"	0.980067102427789	""
"s_Eubacterium_F_sp003491505"	"Abundance"	"score_day9"	0.00700789221608281	556.075580358994	0.980225003649934	15	"spearman"	0.980225003649934	""
"s_Allocoprobacillus_merdigallinarum"	"Abundance"	"ileum_IL1b"	0.00384741749795226	14135.4051457041	0.980225462992759	44	"spearman"	0.980225462992759	""
"s_Allocoprobacillus_merdigallinarum"	"Abundance"	"ileum_CXCL1"	0.00773569851930072	9803.57129862931	0.962721810458502	39	"spearman"	0.980225462992759	""
"s_Bittarella_massiliensis"	"Abundance"	"colon_CCL2"	0.0822734753335669	13022.5393850167	0.595466552105873	44	"spearman"	0.980768438762615	""
"s_Clostridium_AP_scindens"	"Abundance"	"colon_IL1b"	0.0580421298338726	14298.9204691218	0.704894768786226	45	"spearman"	0.980977093853001	""
"s_Clostridium_AP_scindens"	"Abundance"	"colon_TNF"	0.12769268563452	13241.625032068	0.403203401173704	45	"spearman"	0.980977093853001	""
"s_Clostridium_AP_scindens"	"Abundance"	"Patella_Joint"	0.0185541647603737	14898.3477789375	0.903712442787481	45	"spearman"	0.980977093853001	""
"s_Clostridium_AP_scindens"	"Abundance"	"ileum_IL1b"	0.0375746878363982	13656.8151796015	0.80866203567067	44	"spearman"	0.980977093853001	""
"s_Clostridium_AP_scindens"	"Abundance"	"colon_CCL2"	-0.0540416280866151	14956.8507025491	0.727534866491798	44	"spearman"	0.980977093853001	""
"s_Clostridium_AP_scindens"	"Abundance"	"ileum_TNF"	0.0844476375866474	12125.5754878024	0.590296906015227	43	"spearman"	0.980977093853001	""
"s_Clostridium_AP_scindens"	"Abundance"	"ileum_CXCL1"	0.0999919512483022	8892.07952166677	0.544744673699172	39	"spearman"	0.980977093853001	""
"s_Clostridium_AP_scindens"	"Abundance"	"colon_S100A8"	0.00749594859763823	9070.49452576618	0.964374243215266	38	"spearman"	0.980977093853001	""
"s_Clostridium_AP_scindens"	"Abundance"	"ileum_S100A8"	0.119677868771762	7426.39749904141	0.480481558924026	37	"spearman"	0.980977093853001	""
"s_Clostridium_AP_scindens"	"Abundance"	"colon_IL10"	0.062446456921775	7909.20168940791	0.713493441030415	37	"spearman"	0.980977093853001	""
"s_Clostridium_AP_scindens"	"Abundance"	"ileum_IL10"	0.11060478809377	6910.60079651141	0.520754302656123	36	"spearman"	0.980977093853001	""
"s_Clostridium_AP_scindens"	"Abundance"	"colon_CXCL1"	0.0406781998179643	7453.93038741442	0.813779593330692	36	"spearman"	0.980977093853001	""
"s_Clostridium_AP_scindens"	"Abundance"	"ileum_IFNg"	-0.00418223745223674	7169.86117540897	0.980977093853001	35	"spearman"	0.980977093853001	""
"s_Clostridium_AP_scindens"	"Abundance"	"score_day9"	0.141525733169154	480.745589425274	0.614880304935379	15	"spearman"	0.980977093853001	""
"s_Clostridium_AP_scindens"	"Abundance"	"synov_CCL2"	0.011146641273711	359.942622576369	0.971170133824288	13	"spearman"	0.980977093853001	""
"s_Clostridium_AP_scindens"	"Abundance"	"synov_MMP3"	-0.007431094182474	366.704918282421	0.980778099196988	13	"spearman"	0.980977093853001	""
"s_Clostridium_AP_scindens"	"Abundance"	"synov_CXCL1"	0.0642526397805037	267.623745022776	0.842745428367182	12	"spearman"	0.980977093853001	""
"s_Clostridium_AP_scindens"	"Abundance"	"synov_IL6"	0.201936867881583	228.246055785867	0.529093490609065	12	"spearman"	0.980977093853001	""
"s_Clostridium_AP_scindens"	"Abundance"	"synov_IL17"	-0.164349777100766	192.117713221626	0.650039305568409	10	"spearman"	0.980977093853001	""
"s_Akkermansia_sp004167605"	"Abundance"	"ileum_CCL2"	0.0035090931870513	14140.2059676757	0.981964046160275	44	"spearman"	0.981964046160275	""
"s_Akkermansia_sp004167605"	"Abundance"	"colon_CCL2"	0.00578426908889778	14107.9212216285	0.970274341060779	44	"spearman"	0.981964046160275	""
"s_Akkermansia_sp004167605"	"Abundance"	"ileum_IL10"	0.00681131493439774	7717.07608295973	0.968550760421974	36	"spearman"	0.981964046160275	""
"s_Akkermansia_sp004167605"	"Abundance"	"synov_TNF"	-0.0433453603962179	379.777711184223	0.888185299230589	13	"spearman"	0.981964046160275	""
"s_Christensenella_hongkongensis"	"Abundance"	"ileum_IFNg"	-0.011630476888987	7223.04160498737	0.947130951039713	35	"spearman"	0.982209875152295	""
"s_Parasutterella_gallistercoris"	"Abundance"	"ileum_IFNg"	0.00383624995484515	7112.60917532241	0.982550567808284	35	"spearman"	0.982550567808284	""
"s_Desulfovibrio_sp900556755"	"Abundance"	"colon_CXCL1"	-0.00362248065054081	7798.1466746547	0.983271295153552	36	"spearman"	0.983271295153552	""
"s_Collinsella_intestinalis"	"Abundance"	"ileum_IFNg"	0.0113880721796017	7058.68916463764	0.948231366541673	35	"spearman"	0.983351046783957	""
"s_Christensenella_hongkongensis"	"Abundance"	"synov_IL17"	-0.0074566675173482	166.230350140362	0.983689446723568	10	"spearman"	0.983689446723568	""
"s_Prevotella_sp900313215"	"Abundance"	"Femur_Joint"	-0.0211327991430566	22567.0348610615	0.882979456956205	51	"spearman"	0.983689446723568	""
"s_Prevotella_sp900313215"	"Abundance"	"Patella_Joint"	0.00867354891783009	15048.3355274273	0.954905542972255	45	"spearman"	0.983689446723568	""
"s_Prevotella_sp900313215"	"Abundance"	"ileum_CXCL1"	0.0354802515972002	9529.45511421966	0.830209822694884	39	"spearman"	0.983689446723568	""
"s_Prevotella_sp900313215"	"Abundance"	"ileum_IFNg"	-0.0169832690459858	7261.26054098834	0.922859607214416	35	"spearman"	0.983689446723568	""
"s_Prevotella_sp900313215"	"Abundance"	"score_day1"	0.0427591348683837	5222.7061601581	0.81625469929052	32	"spearman"	0.983689446723568	""
"s_Prevotella_sp900313215"	"Abundance"	"synov_MMP13"	-0.059448753459792	385.639346259364	0.847024302295014	13	"spearman"	0.983689446723568	""
"s_Prevotella_sp900313215"	"Abundance"	"synov_IL17"	0.0074566675173482	163.769649859638	0.983689446723568	10	"spearman"	0.983689446723568	""
"s_Clostridium_AQ_innocuum"	"Abundance"	"Femur_Joint"	0.00293305879328927	22035.1794006683	0.983702763434278	51	"spearman"	0.983702763434278	""
"s_Clostridium_AQ_innocuum"	"Abundance"	"ileum_IL1b"	-0.00415800416058559	14249.0020790387	0.978629497734808	44	"spearman"	0.983702763434278	""
"s_Enterocloster_citroniae"	"Abundance"	"Patella_Joint"	-0.00304619832365701	15226.2412905531	0.984155439900164	45	"spearman"	0.984155439900164	""
"s_Enterocloster_citroniae"	"Abundance"	"ileum_IFNg"	0.0100197203437151	7068.45919674587	0.954444817209255	35	"spearman"	0.984155439900164	""
"s_Phascolarctobacterium_faecium"	"Abundance"	"ileum_IL1b"	0.0164910673487632	13955.9917543211	0.915386093674833	44	"spearman"	0.984590901970667	""
"s_Phascolarctobacterium_faecium"	"Abundance"	"colon_CCL2"	0.025369978858351	13830	0.869955493733615	44	"spearman"	0.984590901970667	""
"s_Phascolarctobacterium_faecium"	"Abundance"	"colon_S100A8"	0.0112703796914323	9036	0.946707266627523	38	"spearman"	0.984590901970667	""
"s_Phascolarctobacterium_faecium"	"Abundance"	"ileum_IFNg"	0.00490264747770987	7104.99509700915	0.977701063004323	35	"spearman"	0.984590901970667	""
"s_Phascolarctobacterium_faecium"	"Abundance"	"score_day9"	0.00546050562254599	556.942116851374	0.984590901970667	15	"spearman"	0.984590901970667	""
"s_Phascolarctobacterium_faecium"	"Abundance"	"synov_IL1b"	0.0274725274725275	354	0.934992302718378	13	"spearman"	0.984590901970667	""
"s_Bacteroides_finegoldii"	"Abundance"	"ileum_CCL2"	-0.00288711741287137	14230.9681960886	0.985160468927243	44	"spearman"	0.985160468927243	""
"s_Bacteroides_finegoldii"	"Abundance"	"ileum_IL10"	-0.0181110638248205	7910.72296591886	0.916502916597343	36	"spearman"	0.985160468927243	""
"s_Bacteroides_finegoldii"	"Abundance"	"colon_CXCL1"	0.00660304627008327	7718.69433048145	0.969511925406994	36	"spearman"	0.985160468927243	""
"s_Adlercreutzia_equolifaciens"	"Abundance"	"Femur_Joint"	0.0151017576186352	21766.2511566282	0.916232684191625	51	"spearman"	0.985627561453963	""
"s_Adlercreutzia_equolifaciens"	"Abundance"	"colon_IL1b"	-0.0325586503078222	15674.2403116727	0.831857261090601	45	"spearman"	0.985627561453963	""
"s_Adlercreutzia_equolifaciens"	"Abundance"	"ileum_CCL2"	0.00279623220600106	14150.3214649968	0.985627561453963	44	"spearman"	0.985627561453963	""
"s_Adlercreutzia_equolifaciens"	"Abundance"	"colon_CCL2"	-0.0430186389156949	14800.4344862137	0.781575209191162	44	"spearman"	0.985627561453963	""
"s_Adlercreutzia_equolifaciens"	"Abundance"	"ileum_TNF"	-0.0162579450328461	13459.320224015	0.917585417153377	43	"spearman"	0.985627561453963	""
"s_Adlercreutzia_equolifaciens"	"Abundance"	"colon_IFNg"	0.04262334282156	5223.44704156557	0.816828373300079	32	"spearman"	0.985627561453963	""
"s_Adlercreutzia_equolifaciens"	"Abundance"	"synov_CCL2"	0.0603986038986779	342.014908180881	0.84460659172236	13	"spearman"	0.985627561453963	""
"s_Adlercreutzia_equolifaciens"	"Abundance"	"synov_MMP13"	0.0268438239549679	354.228848080392	0.930632730554318	13	"spearman"	0.985627561453963	""
"s_Adlercreutzia_equolifaciens"	"Abundance"	"synov_IL17"	0.0223700025520446	161.308949578913	0.951090099662495	10	"spearman"	0.985627561453963	""
"s_Prevotella_rara"	"Abundance"	"ileum_CXCL1"	0.00286908522531884	9851.65343797385	0.986169768371817	39	"spearman"	0.986169768371817	""
"s_Ruminococcus_C_sp000433635"	"Abundance"	"colon_TNF"	0.00261074232725204	15140.3689314723	0.986420201312313	45	"spearman"	0.986420201312313	""
"s_Hominimerdicola_aceti"	"Abundance"	"colon_IFNg"	0.0112635490480564	5394.5460763938	0.951213414928291	32	"spearman"	0.986443541407116	""
"s_Massiliimalia_timonensis"	"Abundance"	"colon_CCL2"	0.0051972402657898	14116.2511606284	0.973289964925473	44	"spearman"	0.986771574688412	""
"s_Massiliimalia_timonensis"	"Abundance"	"synov_CXCL1"	-0.0161267017087932	290.612236688715	0.960326953616154	12	"spearman"	0.986771574688412	""
"s_Massiliimalia_timonensis"	"Abundance"	"synov_IL6"	0.00537556723626439	284.462587770428	0.986771574688412	12	"spearman"	0.986771574688412	""
"s_Otoolea_symbiosa"	"Abundance"	"ileum_CCL2"	-0.016241248007385	14420.4633092248	0.916663352882046	44	"spearman"	0.987175918488357	""
"s_Ruminococcus_C_callidus"	"Abundance"	"colon_IL1b"	0.00306906010279226	15133.4116676396	0.984036541410629	45	"spearman"	0.987329467622059	""
"s_Ruminococcus_C_callidus"	"Abundance"	"ileum_CXCL1"	-0.00262848502733763	9905.9694320701	0.987329467622059	39	"spearman"	0.987329467622059	""
"s_Anaerofustis_stercorihominis_A"	"Abundance"	"Patella_Joint"	-0.0164944475007241	15430.385713061	0.914359252499564	45	"spearman"	0.987507992699529	""
"s_Anaerofustis_stercorihominis_A"	"Abundance"	"ileum_IL1b"	-0.0180616525222171	14446.2948492903	0.90736106292843	44	"spearman"	0.987507992699529	""
"s_Anaerofustis_stercorihominis_A"	"Abundance"	"ileum_S100A8"	0.0635109352951124	7900.22174985043	0.708821148007818	37	"spearman"	0.987507992699529	""
"s_Anaerofustis_stercorihominis_A"	"Abundance"	"score_day1"	-0.0529326763301051	5744.80068205705	0.773560368267645	32	"spearman"	0.987507992699529	""
"s_Anaerofustis_stercorihominis_A"	"Abundance"	"score_day5"	-0.0268075642694469	4615.50000139116	0.888172511808281	30	"spearman"	0.987507992699529	""
"s_Anaerofustis_stercorihominis_A"	"Abundance"	"score_day9"	0.0630524878217678	524.69060681981	0.823351326853096	15	"spearman"	0.987507992699529	""
"s_Anaerofustis_stercorihominis_A"	"Abundance"	"synov_CXCL1"	-0.131013944022344	323.46998799039	0.684848714427375	12	"spearman"	0.987507992699529	""
"s_Anaerofustis_stercorihominis_A"	"Abundance"	"synov_IL6"	0.0436713146741147	273.510004003203	0.892800448127627	12	"spearman"	0.987507992699529	""
"s_Bacteroides_stercoris"	"Abundance"	"Femur_Joint"	-0.00219953744119027	22148.6097774503	0.987778138224095	51	"spearman"	0.987778138224095	""
"s_Bacteroides_stercoris"	"Abundance"	"ileum_CCL2"	0.00584037549964938	14107.12507166	0.969986137788199	44	"spearman"	0.987778138224095	""
"s_Bacteroides_stercoris"	"Abundance"	"colon_CCL2"	0.0101248214369822	14046.3287838092	0.947991957663431	44	"spearman"	0.987778138224095	""
"s_Bacteroides_stercoris"	"Abundance"	"synov_TNF"	0.0418121005003545	348.780395417871	0.892119428539583	13	"spearman"	0.987778138224095	""
"s_Dorea_D_sp000433535"	"Abundance"	"colon_CXCL1"	-0.00260753755145941	7790.26056677484	0.987957921301062	36	"spearman"	0.987957921301062	""
"s_UBA11524_sp000437595"	"Abundance"	"ileum_TNF"	0.00892622862722228	13125.7810280611	0.954696971065708	43	"spearman"	0.98813988394576	""
"s_UBA11524_sp000437595"	"Abundance"	"colon_CXCL1"	0.00256813338563484	7750.04560359362	0.98813988394576	36	"spearman"	0.98813988394576	""
"s_Eubacterium_R_sp000436835"	"Abundance"	"Patella_Joint"	0.00222487863621865	15146.2263423022	0.98842712707074	45	"spearman"	0.98842712707074	""
"s_Pseudoscilispira_sp018369915"	"Abundance"	"colon_S100A8"	0.00235622527372781	9117.4664572234	0.988798429599715	38	"spearman"	0.988798429599715	""
"s_Barnesiella_intestinihominis"	"Abundance"	"ileum_CCL2"	-0.00292517231442699	14231.5081951417	0.984964892230012	44	"spearman"	0.989279316392934	""
"s_Barnesiella_intestinihominis"	"Abundance"	"ileum_IL10"	-0.00232139114099017	7788.03720916549	0.989279316392934	36	"spearman"	0.989279316392934	""
"s_Bittarella_massiliensis"	"Abundance"	"Patella_Joint"	0.0623870291907346	14232.9648968847	0.683916098715543	45	"spearman"	0.989764984626027	""
"s_Bittarella_massiliensis"	"Abundance"	"ileum_IL1b"	-0.0389967716823269	14743.3641901722	0.801563600972485	44	"spearman"	0.989764984626027	""
"s_Bittarella_massiliensis"	"Abundance"	"ileum_TNF"	-0.0149430732650644	13441.9060623225	0.924230569893014	43	"spearman"	0.989764984626027	""
"s_Bittarella_massiliensis"	"Abundance"	"ileum_CXCL1"	0.0245503809759425	9637.44223595769	0.882065725272492	39	"spearman"	0.989764984626027	""
"s_Bittarella_massiliensis"	"Abundance"	"colon_S100A8"	-0.00647571930830098	9198.18159875856	0.969220568940482	38	"spearman"	0.989764984626027	""
"s_Bittarella_massiliensis"	"Abundance"	"colon_IL10"	0.019540326085796	8271.15780914022	0.908611228951999	37	"spearman"	0.989764984626027	""
"s_Bittarella_massiliensis"	"Abundance"	"colon_CXCL1"	0.0368794266428673	7483.44685498492	0.830905938708314	36	"spearman"	0.989764984626027	""
"s_Bittarella_massiliensis"	"Abundance"	"ileum_IFNg"	-0.00225005137602719	7156.06536682484	0.989764984626027	35	"spearman"	0.989764984626027	""
"s_Bittarella_massiliensis"	"Abundance"	"score_day1"	0.0461810628344966	5204.03612117499	0.801829840542542	32	"spearman"	0.989764984626027	""
"s_Bittarella_massiliensis"	"Abundance"	"score_day5"	0.06436473389163	4205.68052115712	0.735430373970079	30	"spearman"	0.989764984626027	""
"s_Bittarella_massiliensis"	"Abundance"	"synov_CCL2"	0.0714285714285714	338	0.820631822546563	13	"spearman"	0.989764984626027	""
"s_Sutterella_wadsworthensis"	"Abundance"	"Patella_Joint"	0.0019310834285973	15150.6861535539	0.989955241049862	45	"spearman"	0.989955241049862	""
"s_Sutterella_wadsworthensis"	"Abundance"	"ileum_IL1b"	0.00494354537749751	14119.8510910933	0.974593336446478	44	"spearman"	0.989955241049862	""
"s_Intestinimonas_timonensis"	"Abundance"	"Femur_Inflammation"	-0.0145284648416355	22421.0790730001	0.919401947642949	51	"spearman"	0.990125174384714	""
"s_Intestinimonas_timonensis"	"Abundance"	"synov_IL1b"	-0.033439923821133	376.172132270892	0.913639210869196	13	"spearman"	0.990125174384714	""
"s_Dielma_fastidiosa"	"Abundance"	"Patella_Joint"	-0.00690733687921342	15284.8533738265	0.964081465321885	45	"spearman"	0.990151048988179	""
"s_Dielma_fastidiosa"	"Abundance"	"colon_S100A8"	0.00207169002098691	9120.0668248982	0.990151048988179	38	"spearman"	0.990151048988179	""
"s_Intestinimonas_timonensis"	"Abundance"	"ileum_IL10"	-0.0087264476166496	7837.80449798137	0.959714592105159	36	"spearman"	0.990388452523496	""
"s_Intestinimonas_timonensis"	"Abundance"	"synov_MMP3"	-0.003715547091237	365.35245914121	0.990388452523496	13	"spearman"	0.990388452523496	""
"s_Lentihominibacter_faecis"	"Abundance"	"ileum_CCL2"	0.0629144744812504	13297.2436071111	0.684951575990103	44	"spearman"	0.990388452523496	""
"s_Lentihominibacter_faecis"	"Abundance"	"colon_CCL2"	-0.0457790166657441	14839.6042464869	0.767935526669628	44	"spearman"	0.990388452523496	""
"s_Lentihominibacter_faecis"	"Abundance"	"ileum_TNF"	-0.0192592146761577	13499.069039171	0.902438939043743	43	"spearman"	0.990388452523496	""
"s_Lentihominibacter_faecis"	"Abundance"	"colon_CXCL1"	-0.0308943533161097	8010.04912526617	0.858042332017024	36	"spearman"	0.990388452523496	""
"s_Lentihominibacter_faecis"	"Abundance"	"colon_IFNg"	0.0590673541766196	5133.72851561236	0.748117902448383	32	"spearman"	0.990388452523496	""
"s_Lentihominibacter_faecis"	"Abundance"	"score_day1"	0.0756998065479763	5042.98185547424	0.680502679788142	32	"spearman"	0.990388452523496	""
"s_Lentihominibacter_faecis"	"Abundance"	"synov_CCL2"	-0.003715547091237	365.35245914121	0.990388452523496	13	"spearman"	0.990388452523496	""
"s_Lentihominibacter_faecis"	"Abundance"	"synov_IL1b"	-0.07431094182474	391.049182824205	0.809348182837423	13	"spearman"	0.990388452523496	""
"s_Lentihominibacter_faecis"	"Abundance"	"synov_MMP13"	-0.011146641273711	368.057377423631	0.971170133824289	13	"spearman"	0.990388452523496	""
"s_Lentihominibacter_faecis"	"Abundance"	"synov_MMP3"	0.159768524923191	305.844256927958	0.60210217727475	13	"spearman"	0.990388452523496	""
"s_Lentihominibacter_faecis"	"Abundance"	"synov_TNF"	-0.033439923821133	376.172132270892	0.913639210869196	13	"spearman"	0.990388452523496	""
"s_Lentihominibacter_faecis"	"Abundance"	"synov_IL17"	-0.0172999765369227	167.854496128592	0.962167625501593	10	"spearman"	0.990388452523496	""
"s_CAG-267_sp001917135"	"Abundance"	"ileum_IFNg"	-0.00205617969909475	7154.68112305154	0.990646826187637	35	"spearman"	0.990646826187637	""
"s_Acutalibacter_stercoravium"	"Abundance"	"Femur_Joint"	0.00923519962550897	21895.9020882763	0.948716379938521	51	"spearman"	0.990774887641359	""
"s_Acutalibacter_stercoravium"	"Abundance"	"ileum_CXCL1"	0.00345989335602647	9845.81625364246	0.983322181431723	39	"spearman"	0.990774887641359	""
"s_Acutalibacter_stercoravium"	"Abundance"	"ileum_IFNg"	0.00202802576593697	7125.51989603121	0.990774887641359	35	"spearman"	0.990774887641359	""
"uc_uc_k"	"Abundance"	"colon_IL1b"	0.0361013208799556	14631.9819490423	0.813869687581134	45	"spearman"	0.990797880533554	""
"s_Enterococcus_B_faecium"	"Abundance"	"Femur_Inflammation"	0.0106351402198725	21864.9634011408	0.940955285592305	51	"spearman"	0.990881016204472	""
"s_Enterococcus_B_faecium"	"Abundance"	"ileum_IFNg"	-0.00200469375192687	7154.31351338876	0.990881016204472	35	"spearman"	0.990881016204472	""
"s_Enterococcus_B_faecium"	"Abundance"	"synov_MMP13"	-0.014862188364948	369.409836564841	0.961565749516965	13	"spearman"	0.990881016204472	""
"s_Pseudoflavonifractor_sp902362925"	"Abundance"	"Femur_Joint"	0.0605115566225705	20762.6945986412	0.673161784929982	51	"spearman"	0.991256127820831	""
"s_Pseudoflavonifractor_sp902362925"	"Abundance"	"Patella_Joint"	0.00856130975047074	15050.0393179879	0.955488494991382	45	"spearman"	0.991256127820831	""
"s_Pseudoflavonifractor_sp902362925"	"Abundance"	"ileum_CCL2"	0.0120587513883796	14018.8863177989	0.938075667227012	44	"spearman"	0.991256127820831	""
"s_Pseudoflavonifractor_sp902362925"	"Abundance"	"ileum_CXCL1"	0.0310767560247399	9572.96165047557	0.851029359186104	39	"spearman"	0.991256127820831	""
"s_Pseudoflavonifractor_sp902362925"	"Abundance"	"colon_S100A8"	-0.0752817236968668	9826.99967286567	0.653284597162172	38	"spearman"	0.991256127820831	""
"s_Pseudoflavonifractor_sp902362925"	"Abundance"	"ileum_IL10"	-0.00788936723416733	7831.30038340948	0.963576249773664	36	"spearman"	0.991256127820831	""
"s_Pseudoflavonifractor_sp902362925"	"Abundance"	"colon_CXCL1"	0.00189332628877018	7755.28885473626	0.991256127820831	36	"spearman"	0.991256127820831	""
"s_Pseudoflavonifractor_sp902362925"	"Abundance"	"ileum_IFNg"	-0.0115938516041064	7222.78010045332	0.947297208320883	35	"spearman"	0.991256127820831	""
"s_Pseudoflavonifractor_sp902362925"	"Abundance"	"colon_IFNg"	-0.00680273754387567	5493.11573603939	0.970523754184744	32	"spearman"	0.991256127820831	""
"s_Pseudoflavonifractor_sp902362925"	"Abundance"	"score_day9"	0.0390151139890904	538.151536166109	0.890203167633203	15	"spearman"	0.991256127820831	""
"s_Pseudoflavonifractor_sp902362925"	"Abundance"	"synov_TNF"	-0.0433453603962179	379.777711184223	0.888185299230589	13	"spearman"	0.991256127820831	""
"s_Blautia_celeris"	"Abundance"	"ileum_IFNg"	-0.0018576456142132	7153.26358968548	0.991549886387699	35	"spearman"	0.991549886387699	""
"s_Mediterraneibacter_torques"	"Abundance"	"Patella_Joint"	-0.00162303995607685	15204.6377465332	0.991557502461906	45	"spearman"	0.991557502461906	""
"s_Hungatella_hathewayi"	"Abundance"	"ileum_TNF"	0.00165867633214227	13222.0324906571	0.991577558630218	43	"spearman"	0.991577558630218	""
"s_Faecalimonas_phoceensis"	"Abundance"	"Femur_Inflammation"	-0.0124135865153018	22374.3402619882	0.931103725746613	51	"spearman"	0.991937506579218	""
"s_Faecalimonas_phoceensis"	"Abundance"	"Patella_Joint"	-0.0270119094869566	15590.040786012	0.860188359825284	45	"spearman"	0.991937506579218	""
"s_Faecalimonas_phoceensis"	"Abundance"	"ileum_S100A8"	0.0123128760774099	8332.12857741097	0.942340631250257	37	"spearman"	0.991937506579218	""
"s_UBA7173_sp001689485"	"Abundance"	"colon_CCL2"	-0.00142049789627156	14210.1568651481	0.992698457502509	44	"spearman"	0.992698457502509	""
"uc_uc_k"	"Abundance"	"Femur_Inflammation"	0.014092792351765	21788.549289026	0.921811254510446	51	"spearman"	0.992769768768747	""
"uc_uc_k"	"Abundance"	"ileum_CXCL1"	0.0241927321818456	9640.97580604337	0.883771995914737	39	"spearman"	0.992769768768747	""
"uc_uc_k"	"Abundance"	"ileum_IL10"	-0.00527704486580861	7811.00263860733	0.975632390444157	36	"spearman"	0.992769768768747	""
"uc_uc_k"	"Abundance"	"colon_IFNg"	-0.00311612135851867	5473.00155813208	0.986495549382004	32	"spearman"	0.992769768768747	""
"uc_uc_k"	"Abundance"	"synov_TNF"	-0.00549450549450549	366	0.992769768768747	13	"spearman"	0.992769768768747	""
"s_Coprobacter_secundus"	"Abundance"	"Femur_Joint"	0.0260297562008292	21524.7423879617	0.856122796096138	51	"spearman"	0.992793537012633	""
"s_Coprobacter_secundus"	"Abundance"	"Femur_Inflammation"	-0.0716397997586424	23683.239574666	0.617378046938944	51	"spearman"	0.992793537012633	""
"s_Coprobacter_secundus"	"Abundance"	"colon_IL1b"	-0.00601223038462164	15271.2656572386	0.968733598540562	45	"spearman"	0.992793537012633	""
"s_Coprobacter_secundus"	"Abundance"	"colon_TNF"	-0.00634216985694843	15276.2741384285	0.96701867794197	45	"spearman"	0.992793537012633	""
"s_Coprobacter_secundus"	"Abundance"	"Patella_Joint"	0.0496051515583783	14426.9937993438	0.746243303889863	45	"spearman"	0.992793537012633	""
"s_Coprobacter_secundus"	"Abundance"	"ileum_IL1b"	0.00527380114084504	14115.1647618114	0.972896642544473	44	"spearman"	0.992793537012633	""
"s_Coprobacter_secundus"	"Abundance"	"colon_CCL2"	0.10979175799456	12632.0549540572	0.47803940650234	44	"spearman"	0.992793537012633	""
"s_Coprobacter_secundus"	"Abundance"	"ileum_TNF"	0.0972277389617836	11956.3158251901	0.535093183522824	43	"spearman"	0.992793537012633	""
"s_Coprobacter_secundus"	"Abundance"	"ileum_CXCL1"	-0.125664431999361	11121.5645881537	0.445898644148559	39	"spearman"	0.992793537012633	""
"s_Coprobacter_secundus"	"Abundance"	"colon_S100A8"	0.0649186835143818	8545.70815136207	0.698588668408474	38	"spearman"	0.992793537012633	""
"s_Coprobacter_secundus"	"Abundance"	"colon_CXCL1"	-0.0804884370630988	8395.39515598028	0.640753503862359	36	"spearman"	0.992793537012633	""
"s_Coprobacter_secundus"	"Abundance"	"ileum_IFNg"	0.0603577717825238	6709.04550947278	0.730524870233373	35	"spearman"	0.992793537012633	""
"s_Coprobacter_secundus"	"Abundance"	"colon_IFNg"	-0.123542785538633	6130.04943789878	0.50053608535785	32	"spearman"	0.992793537012633	""
"s_Coprobacter_secundus"	"Abundance"	"score_day1"	-0.0910460533165766	5952.74726689524	0.620194621069132	32	"spearman"	0.992793537012633	""
"s_Coprobacter_secundus"	"Abundance"	"score_day5"	-0.107713106954584	4979.17041576085	0.571018028758742	30	"spearman"	0.992793537012633	""
"s_Coprobacter_secundus"	"Abundance"	"synov_IL1b"	-0.0585014959859534	385.294544538887	0.84943664118081	13	"spearman"	0.992793537012633	""
"s_Coprobacter_secundus"	"Abundance"	"synov_MMP13"	0.00278578552314064	362.985974069577	0.992793537012633	13	"spearman"	0.992793537012633	""
"s_Coprobacter_secundus"	"Abundance"	"synov_TNF"	0.0222862841851251	355.887792556614	0.942390554627013	13	"spearman"	0.992793537012633	""
"s_Coprobacter_secundus"	"Abundance"	"synov_IL17"	0.0312652699740361	159.841230454284	0.93167403784024	10	"spearman"	0.992793537012633	""
"uc_g_Dorea_A"	"Abundance"	"Patella_Joint"	-0.00136951611697649	15200.7892546557	0.992876209643368	45	"spearman"	0.992876209643368	""
"uc_g_Dorea_A"	"Abundance"	"colon_S100A8"	0.0030414985698224	9111.20374457039	0.985540921471076	38	"spearman"	0.992876209643368	""
"uc_g_Dorea_A"	"Abundance"	"ileum_IL10"	0.0231769047913289	7589.91544977137	0.893266908372293	36	"spearman"	0.992876209643368	""
"s_Dysosmobacter_faecalis"	"Abundance"	"colon_IFNg"	-0.00159475963081776	5464.70100854574	0.993088499932288	32	"spearman"	0.993088499932288	""
"s_Bacteroides_fragilis"	"Abundance"	"ileum_CCL2"	0.00616040803949006	14102.5838099196	0.968342291557312	44	"spearman"	0.993246871778312	""
"s_Bacteroides_fragilis"	"Abundance"	"colon_S100A8"	0.00142047696676588	9126.01826100073	0.993246871778312	38	"spearman"	0.993246871778312	""
"s_Cryptobacteroides_sp000431015"	"Abundance"	"ileum_CXCL1"	0.00125135424746687	9867.63662003503	0.993967696784204	39	"spearman"	0.993967696784204	""
"s_Prevotella_sp934191715"	"Abundance"	"ileum_CXCL1"	0.00116544440422453	9868.48540928626	0.994381828681663	39	"spearman"	0.994381828681663	""
"s_Enterocloster_clostridioformis"	"Abundance"	"score_day9"	-0.00182179587111636	561.020205687825	0.994858792047742	15	"spearman"	0.994858792047742	""
"s_Victivallis_lenta"	"Abundance"	"colon_S100A8"	-0.000861826425225255	9146.87623170013	0.995902737925017	38	"spearman"	0.995902737925017	""
"s_Megamonas_funiformis"	"Abundance"	"ileum_S100A8"	0.000797780788460417	8429.26992126855	0.996261008693581	37	"spearman"	0.996261008693581	""
"s_Collinsella_intestinalis"	"Abundance"	"ileum_IL1b"	-0.00070181863741026	14199.9588064649	0.996392524954326	44	"spearman"	0.996392524954326	""
"s_Parabacteroides_sp003473295"	"Abundance"	"colon_CCL2"	0.0030846636183539	14146.2286232556	0.984145223391163	44	"spearman"	0.996735609974428	""
"s_Parabacteroides_sp003473295"	"Abundance"	"colon_CXCL1"	-0.000706832583328285	7775.49208917246	0.996735609974428	36	"spearman"	0.996735609974428	""
"s_Parabacteroides_sp003473295"	"Abundance"	"synov_TNF"	-0.0202278348515684	371.362931885971	0.947704728335532	13	"spearman"	0.996735609974428	""
"s_Faecalimonas_phoceensis"	"Abundance"	"colon_CXCL1"	-0.000536881895337477	7774.17157232677	0.997520496478098	36	"spearman"	0.997520496478098	""
"s_Lactonifactor_longoviformis"	"Abundance"	"Femur_Joint"	-0.000399424635800034	22108.8272844512	0.997780491706429	51	"spearman"	0.997780491706429	""
"s_Lactonifactor_longoviformis"	"Abundance"	"colon_CCL2"	-0.0187920037547653	14456.6585332801	0.903632328329264	44	"spearman"	0.997780491706429	""
"s_Lactonifactor_longoviformis"	"Abundance"	"colon_S100A8"	0.0147395699922163	9004.29506984114	0.930011587501866	38	"spearman"	0.997780491706429	""
"s_Lactonifactor_longoviformis"	"Abundance"	"colon_IL10"	0.00219898855362403	8417.44933256163	0.98969414992102	37	"spearman"	0.997780491706429	""
"s_Lactonifactor_longoviformis"	"Abundance"	"score_day5"	0.0175280227915614	4416.21153755193	0.926751748435077	30	"spearman"	0.997780491706429	""
"s_Lactonifactor_longoviformis"	"Abundance"	"synov_CCL2"	-0.077151674981046	392.083209693101	0.802187277393873	13	"spearman"	0.997780491706429	""
"s_Lactonifactor_longoviformis"	"Abundance"	"synov_MMP13"	0.077151674981046	335.916790306899	0.802187277393872	13	"spearman"	0.997780491706429	""
"s_Lactonifactor_longoviformis"	"Abundance"	"synov_MMP3"	0.077151674981046	335.916790306899	0.802187277393872	13	"spearman"	0.997780491706429	""
"s_Lactonifactor_longoviformis"	"Abundance"	"synov_TNF"	-0.077151674981046	392.083209693101	0.802187277393873	13	"spearman"	0.997780491706429	""
"s_Lactonifactor_longoviformis"	"Abundance"	"synov_CXCL1"	0.0436713146741147	273.510004003203	0.892800448127627	12	"spearman"	0.997780491706429	""
"s_Holdemanella_hominis"	"Abundance"	"colon_IL1b"	0.0151546785091116	14949.9519802317	0.921292686767703	45	"spearman"	0.997967680680618	""
"s_Holdemanella_hominis"	"Abundance"	"Patella_Joint"	0.00304800556561262	15133.731275514	0.984146040866923	45	"spearman"	0.997967680680618	""
"s_Holdemanella_hominis"	"Abundance"	"ileum_CCL2"	-0.0098234539720534	14329.3948118634	0.949537966667423	44	"spearman"	0.997967680680618	""
"s_Holdemanella_hominis"	"Abundance"	"ileum_IL1b"	0.0524535372470021	13445.684306465	0.735247300244823	44	"spearman"	0.997967680680618	""
"s_Holdemanella_hominis"	"Abundance"	"ileum_TNF"	0.0162471721919081	13028.8224514904	0.917639839477621	43	"spearman"	0.997967680680618	""
"s_Holdemanella_hominis"	"Abundance"	"ileum_CXCL1"	0.0163540635834022	9718.42185179599	0.921285391220805	39	"spearman"	0.997967680680618	""
"s_Holdemanella_hominis"	"Abundance"	"colon_IL10"	0.000433630671330766	8432.34189165665	0.997967680680618	37	"spearman"	0.997967680680618	""
"s_Holdemanella_hominis"	"Abundance"	"colon_CXCL1"	0.0458181598327868	7413.99289809925	0.790742756932077	36	"spearman"	0.997967680680618	""
"s_Holdemanella_hominis"	"Abundance"	"score_day5"	0.103409660529313	4030.17357592074	0.58658436715255	30	"spearman"	0.997967680680618	""
"s_Holdemanella_hominis"	"Abundance"	"score_day9"	0.0682680697257045	521.769880953606	0.808978394183249	15	"spearman"	0.997967680680618	""
"s_Holdemanella_hominis"	"Abundance"	"synov_MMP13"	0.101543672643718	327.038103157687	0.741335854080168	13	"spearman"	0.997967680680618	""
"s_Holdemanella_hominis"	"Abundance"	"synov_MMP3"	0.0836242010007091	333.560790835742	0.785925181197936	13	"spearman"	0.997967680680618	""
"s_Holdemanella_hominis"	"Abundance"	"synov_TNF"	0.0716778865720364	337.909249287779	0.815997814256578	13	"spearman"	0.997967680680618	""
"s_Holdemanella_hominis"	"Abundance"	"synov_IL17"	-0.071115900221876	176.73412353661	0.845218354432491	10	"spearman"	0.997967680680618	""
"s_Agathobaculum_butyriciproducens"	"Abundance"	"Femur_Joint"	0.000323543998218229	22092.8496776394	0.998202141701812	51	"spearman"	0.998202141701812	""
"s_Agathobaculum_butyriciproducens"	"Abundance"	"score_day1"	-0.016172426790723	5544.23676057018	0.929995240415779	32	"spearman"	0.998202141701812	""
"s_Agathobaculum_butyriciproducens"	"Abundance"	"synov_CXCL1"	-0.0124813784995951	289.569674250884	0.969290486796774	12	"spearman"	0.998202141701812	""
"s_Sellimonas_intestinalis"	"Abundance"	"ileum_IFNg"	0.0318449727267667	6912.62689473089	0.855895718812998	35	"spearman"	0.998545005281831	""
"s_Enterococcus_B_hirae"	"Abundance"	"ileum_IL10"	0.000282751228976558	7767.80302295085	0.998694157033434	36	"spearman"	0.998694157033434	""
"s_Enterococcus_B_hirae"	"Abundance"	"ileum_IFNg"	0.00530149028575848	7102.14735935968	0.975887494903044	35	"spearman"	0.998694157033434	""
"s_Parasutterella_excrementihominis"	"Abundance"	"Patella_Joint"	0.000179849743544908	15177.269880893	0.999064466646122	45	"spearman"	0.999064466646122	""
"s_Hominimerdicola_aceti"	"Abundance"	"Patella_Joint"	0	15180	1	45	"spearman"	1	""
"s_Otoolea_symbiosa"	"Abundance"	"ileum_IL10"	0.000386997834595472	7766.99302682519	0.998212710819923	36	"spearman"	1	""
"s_Otoolea_symbiosa"	"Abundance"	"ileum_IFNg"	0	7140	1	35	"spearman"	1	""
"s_Sellimonas_intestinalis"	"Abundance"	"ileum_IL1b"	0.0146383702180735	13982.2815266055	0.924863234381044	44	"spearman"	1	""
"s_Sellimonas_intestinalis"	"Abundance"	"synov_IL1b"	0	364	1	13	"spearman"	1	""
"s_Sellimonas_intestinalis"	"Abundance"	"synov_CXCL1"	0.0145022756762407	281.852349156595	0.964320812070201	12	"spearman"	1	""
"s_Sellimonas_intestinalis"	"Abundance"	"synov_IL17"	0.00646508183835236	163.933261496672	0.985858224576278	10	"spearman"	1	""
"s_Coprobacillus_cateniformis"	"Abundance"	"synov_MMP13"	0	364	1	13	"spearman"	1	""
"s_Enterocloster_sp005845215"	"Abundance"	"synov_IL1b"	0	364	1	13	"spearman"	1	""
"s_Akkermansia_muciniphila"	"Abundance"	"ileum_IL10"	-0.00599269687598604	7816.56325472641	0.972328941493038	36	"spearman"	1	""
"s_Akkermansia_muciniphila"	"Abundance"	"colon_IFNg"	0.0146717886035233	5375.95072137918	0.936477267184717	32	"spearman"	1	""
"s_Akkermansia_muciniphila"	"Abundance"	"synov_CCL2"	0	364	1	13	"spearman"	1	""
"s_Anaerofustis_stercorihominis_A"	"Abundance"	"ileum_CCL2"	-0.00677311969583143	14286.1105684838	0.965195467275596	44	"spearman"	1	""
"s_Anaerofustis_stercorihominis_A"	"Abundance"	"synov_TNF"	0	364	1	13	"spearman"	1	""
"s_Faecalibacterium_longum"	"Abundance"	"synov_CCL2"	NA	NA	NA	13	"spearman"	1	""
"s_Faecalibacterium_longum"	"Abundance"	"synov_IL1b"	NA	NA	NA	13	"spearman"	1	""
"s_Faecalibacterium_longum"	"Abundance"	"synov_MMP13"	NA	NA	NA	13	"spearman"	1	""
"s_Faecalibacterium_longum"	"Abundance"	"synov_MMP3"	NA	NA	NA	13	"spearman"	1	""
"s_Faecalibacterium_longum"	"Abundance"	"synov_TNF"	NA	NA	NA	13	"spearman"	1	""
"s_Faecalibacterium_longum"	"Abundance"	"synov_CXCL1"	NA	NA	NA	12	"spearman"	1	""
"s_Faecalibacterium_longum"	"Abundance"	"synov_IL6"	NA	NA	NA	12	"spearman"	1	""
"s_Faecalibacterium_longum"	"Abundance"	"synov_IL17"	NA	NA	NA	10	"spearman"	1	""
"s_Megamonas_funiformis"	"Abundance"	"synov_IL17"	NA	NA	NA	10	"spearman"	1	""
"s_Schaedlerella_glycyrrhizinilytica_A"	"Abundance"	"score_day9"	NA	NA	NA	15	"spearman"	1	""
"s_Schaedlerella_glycyrrhizinilytica_A"	"Abundance"	"synov_CXCL1"	NA	NA	NA	12	"spearman"	1	""
"s_Schaedlerella_glycyrrhizinilytica_A"	"Abundance"	"synov_IL6"	NA	NA	NA	12	"spearman"	1	""
"s_Schaedlerella_glycyrrhizinilytica_A"	"Abundance"	"synov_IL17"	NA	NA	NA	10	"spearman"	1	""
"s_Blautia_A_sp028767025"	"Abundance"	"synov_CCL2"	NA	NA	NA	13	"spearman"	1	""
"s_Blautia_A_sp028767025"	"Abundance"	"synov_IL1b"	NA	NA	NA	13	"spearman"	1	""
"s_Blautia_A_sp028767025"	"Abundance"	"synov_MMP13"	NA	NA	NA	13	"spearman"	1	""
"s_Blautia_A_sp028767025"	"Abundance"	"synov_MMP3"	NA	NA	NA	13	"spearman"	1	""
"s_Blautia_A_sp028767025"	"Abundance"	"synov_TNF"	NA	NA	NA	13	"spearman"	1	""
"s_Blautia_A_sp028767025"	"Abundance"	"synov_CXCL1"	NA	NA	NA	12	"spearman"	1	""
"s_Blautia_A_sp028767025"	"Abundance"	"synov_IL6"	NA	NA	NA	12	"spearman"	1	""
"s_Blautia_A_sp028767025"	"Abundance"	"synov_IL17"	NA	NA	NA	10	"spearman"	1	""
"s_Dorea_A_longicatena"	"Abundance"	"synov_CCL2"	NA	NA	NA	13	"spearman"	1	""
"s_Dorea_A_longicatena"	"Abundance"	"synov_IL1b"	NA	NA	NA	13	"spearman"	1	""
"s_Dorea_A_longicatena"	"Abundance"	"synov_MMP13"	NA	NA	NA	13	"spearman"	1	""
"s_Dorea_A_longicatena"	"Abundance"	"synov_MMP3"	NA	NA	NA	13	"spearman"	1	""
"s_Dorea_A_longicatena"	"Abundance"	"synov_TNF"	NA	NA	NA	13	"spearman"	1	""
"s_Dorea_A_longicatena"	"Abundance"	"synov_CXCL1"	NA	NA	NA	12	"spearman"	1	""
"s_Dorea_A_longicatena"	"Abundance"	"synov_IL6"	NA	NA	NA	12	"spearman"	1	""
"s_Dorea_A_longicatena"	"Abundance"	"synov_IL17"	NA	NA	NA	10	"spearman"	1	""
"s_Anaerobutyricum_hallii"	"Abundance"	"synov_CCL2"	NA	NA	NA	13	"spearman"	1	""
"s_Anaerobutyricum_hallii"	"Abundance"	"synov_IL1b"	NA	NA	NA	13	"spearman"	1	""
"s_Anaerobutyricum_hallii"	"Abundance"	"synov_MMP13"	NA	NA	NA	13	"spearman"	1	""
"s_Anaerobutyricum_hallii"	"Abundance"	"synov_MMP3"	NA	NA	NA	13	"spearman"	1	""
"s_Anaerobutyricum_hallii"	"Abundance"	"synov_TNF"	NA	NA	NA	13	"spearman"	1	""
"s_Anaerobutyricum_hallii"	"Abundance"	"synov_CXCL1"	NA	NA	NA	12	"spearman"	1	""
"s_Anaerobutyricum_hallii"	"Abundance"	"synov_IL6"	NA	NA	NA	12	"spearman"	1	""
"s_Anaerobutyricum_hallii"	"Abundance"	"synov_IL17"	NA	NA	NA	10	"spearman"	1	""
"s_Bacteroides_sp019412865"	"Abundance"	"synov_CCL2"	NA	NA	NA	13	"spearman"	1	""
"s_Bacteroides_sp019412865"	"Abundance"	"synov_IL1b"	NA	NA	NA	13	"spearman"	1	""
"s_Bacteroides_sp019412865"	"Abundance"	"synov_MMP13"	NA	NA	NA	13	"spearman"	1	""
"s_Bacteroides_sp019412865"	"Abundance"	"synov_MMP3"	NA	NA	NA	13	"spearman"	1	""
"s_Bacteroides_sp019412865"	"Abundance"	"synov_TNF"	NA	NA	NA	13	"spearman"	1	""
"s_Bacteroides_sp019412865"	"Abundance"	"synov_CXCL1"	NA	NA	NA	12	"spearman"	1	""
"s_Bacteroides_sp019412865"	"Abundance"	"synov_IL6"	NA	NA	NA	12	"spearman"	1	""
"s_Bacteroides_sp019412865"	"Abundance"	"synov_IL17"	NA	NA	NA	10	"spearman"	1	""
"s_Mediterraneibacter_torques"	"Abundance"	"synov_IL17"	NA	NA	NA	10	"spearman"	1	""
"uc_g_Dorea_A"	"Abundance"	"score_day9"	NA	NA	NA	15	"spearman"	1	""
"uc_g_Dorea_A"	"Abundance"	"synov_CCL2"	NA	NA	NA	13	"spearman"	1	""
"uc_g_Dorea_A"	"Abundance"	"synov_IL1b"	NA	NA	NA	13	"spearman"	1	""
"uc_g_Dorea_A"	"Abundance"	"synov_MMP13"	NA	NA	NA	13	"spearman"	1	""
"uc_g_Dorea_A"	"Abundance"	"synov_MMP3"	NA	NA	NA	13	"spearman"	1	""
"uc_g_Dorea_A"	"Abundance"	"synov_TNF"	NA	NA	NA	13	"spearman"	1	""
"uc_g_Dorea_A"	"Abundance"	"synov_CXCL1"	NA	NA	NA	12	"spearman"	1	""
"uc_g_Dorea_A"	"Abundance"	"synov_IL6"	NA	NA	NA	12	"spearman"	1	""
"uc_g_Dorea_A"	"Abundance"	"synov_IL17"	NA	NA	NA	10	"spearman"	1	""
"s_Ruminococcus_C_callidus"	"Abundance"	"synov_CCL2"	NA	NA	NA	13	"spearman"	1	""
"s_Ruminococcus_C_callidus"	"Abundance"	"synov_IL1b"	NA	NA	NA	13	"spearman"	1	""
"s_Ruminococcus_C_callidus"	"Abundance"	"synov_MMP13"	NA	NA	NA	13	"spearman"	1	""
"s_Ruminococcus_C_callidus"	"Abundance"	"synov_MMP3"	NA	NA	NA	13	"spearman"	1	""
"s_Ruminococcus_C_callidus"	"Abundance"	"synov_TNF"	NA	NA	NA	13	"spearman"	1	""
"s_Ruminococcus_C_callidus"	"Abundance"	"synov_CXCL1"	NA	NA	NA	12	"spearman"	1	""
"s_Ruminococcus_C_callidus"	"Abundance"	"synov_IL6"	NA	NA	NA	12	"spearman"	1	""
"s_Ruminococcus_C_callidus"	"Abundance"	"synov_IL17"	NA	NA	NA	10	"spearman"	1	""
"s_Holdemanella_porci"	"Abundance"	"synov_IL17"	NA	NA	NA	10	"spearman"	1	""
"s_Ruminococcus_C_sp000433635"	"Abundance"	"score_day9"	NA	NA	NA	15	"spearman"	1	""
"s_Ruminococcus_C_sp000433635"	"Abundance"	"synov_CCL2"	NA	NA	NA	13	"spearman"	1	""
"s_Ruminococcus_C_sp000433635"	"Abundance"	"synov_IL1b"	NA	NA	NA	13	"spearman"	1	""
"s_Ruminococcus_C_sp000433635"	"Abundance"	"synov_MMP13"	NA	NA	NA	13	"spearman"	1	""
"s_Ruminococcus_C_sp000433635"	"Abundance"	"synov_MMP3"	NA	NA	NA	13	"spearman"	1	""
"s_Ruminococcus_C_sp000433635"	"Abundance"	"synov_TNF"	NA	NA	NA	13	"spearman"	1	""
"s_Ruminococcus_C_sp000433635"	"Abundance"	"synov_CXCL1"	NA	NA	NA	12	"spearman"	1	""
"s_Ruminococcus_C_sp000433635"	"Abundance"	"synov_IL6"	NA	NA	NA	12	"spearman"	1	""
"s_Ruminococcus_C_sp000433635"	"Abundance"	"synov_IL17"	NA	NA	NA	10	"spearman"	1	""
"s_Faecalimonas_phoceensis"	"Abundance"	"synov_CCL2"	NA	NA	NA	13	"spearman"	1	""
"s_Faecalimonas_phoceensis"	"Abundance"	"synov_IL1b"	NA	NA	NA	13	"spearman"	1	""
"s_Faecalimonas_phoceensis"	"Abundance"	"synov_MMP13"	NA	NA	NA	13	"spearman"	1	""
"s_Faecalimonas_phoceensis"	"Abundance"	"synov_MMP3"	NA	NA	NA	13	"spearman"	1	""
"s_Faecalimonas_phoceensis"	"Abundance"	"synov_TNF"	NA	NA	NA	13	"spearman"	1	""
"s_Faecalimonas_phoceensis"	"Abundance"	"synov_CXCL1"	NA	NA	NA	12	"spearman"	1	""
"s_Faecalimonas_phoceensis"	"Abundance"	"synov_IL6"	NA	NA	NA	12	"spearman"	1	""
"s_Faecalimonas_phoceensis"	"Abundance"	"synov_IL17"	NA	NA	NA	10	"spearman"	1	""
"s_Butyribacter_sp003529475"	"Abundance"	"synov_CCL2"	NA	NA	NA	13	"spearman"	1	""
"s_Butyribacter_sp003529475"	"Abundance"	"synov_IL1b"	NA	NA	NA	13	"spearman"	1	""
"s_Butyribacter_sp003529475"	"Abundance"	"synov_MMP13"	NA	NA	NA	13	"spearman"	1	""
"s_Butyribacter_sp003529475"	"Abundance"	"synov_MMP3"	NA	NA	NA	13	"spearman"	1	""
"s_Butyribacter_sp003529475"	"Abundance"	"synov_TNF"	NA	NA	NA	13	"spearman"	1	""
"s_Butyribacter_sp003529475"	"Abundance"	"synov_CXCL1"	NA	NA	NA	12	"spearman"	1	""
"s_Butyribacter_sp003529475"	"Abundance"	"synov_IL6"	NA	NA	NA	12	"spearman"	1	""
"s_Butyribacter_sp003529475"	"Abundance"	"synov_IL17"	NA	NA	NA	10	"spearman"	1	""
"s_Lawsonibacter_aceti"	"Abundance"	"synov_CXCL1"	NA	NA	NA	12	"spearman"	1	""
"s_Lawsonibacter_aceti"	"Abundance"	"synov_IL6"	NA	NA	NA	12	"spearman"	1	""
"s_Lawsonibacter_aceti"	"Abundance"	"synov_IL17"	NA	NA	NA	10	"spearman"	1	""
"s_Dysosmobacter_faecalis"	"Abundance"	"synov_IL17"	NA	NA	NA	10	"spearman"	1	""
"s_Bifidobacterium_longum"	"Abundance"	"synov_CCL2"	NA	NA	NA	13	"spearman"	1	""
"s_Bifidobacterium_longum"	"Abundance"	"synov_IL1b"	NA	NA	NA	13	"spearman"	1	""
"s_Bifidobacterium_longum"	"Abundance"	"synov_MMP13"	NA	NA	NA	13	"spearman"	1	""
"s_Bifidobacterium_longum"	"Abundance"	"synov_MMP3"	NA	NA	NA	13	"spearman"	1	""
"s_Bifidobacterium_longum"	"Abundance"	"synov_TNF"	NA	NA	NA	13	"spearman"	1	""
"s_Bifidobacterium_longum"	"Abundance"	"synov_CXCL1"	NA	NA	NA	12	"spearman"	1	""
"s_Bifidobacterium_longum"	"Abundance"	"synov_IL6"	NA	NA	NA	12	"spearman"	1	""
"s_Bifidobacterium_longum"	"Abundance"	"synov_IL17"	NA	NA	NA	10	"spearman"	1	""
"s_Alistipes_communis"	"Abundance"	"score_day9"	NA	NA	NA	15	"spearman"	1	""
"s_Acutalibacter_stercoravium"	"Abundance"	"synov_CCL2"	NA	NA	NA	13	"spearman"	1	""
"s_Acutalibacter_stercoravium"	"Abundance"	"synov_IL1b"	NA	NA	NA	13	"spearman"	1	""
"s_Acutalibacter_stercoravium"	"Abundance"	"synov_MMP13"	NA	NA	NA	13	"spearman"	1	""
"s_Acutalibacter_stercoravium"	"Abundance"	"synov_MMP3"	NA	NA	NA	13	"spearman"	1	""
"s_Acutalibacter_stercoravium"	"Abundance"	"synov_TNF"	NA	NA	NA	13	"spearman"	1	""
"s_Acutalibacter_stercoravium"	"Abundance"	"synov_CXCL1"	NA	NA	NA	12	"spearman"	1	""
"s_Acutalibacter_stercoravium"	"Abundance"	"synov_IL6"	NA	NA	NA	12	"spearman"	1	""
"s_Acutalibacter_stercoravium"	"Abundance"	"synov_IL17"	NA	NA	NA	10	"spearman"	1	""
"uc_g_Lachnospira"	"Abundance"	"synov_CCL2"	NA	NA	NA	13	"spearman"	1	""
"uc_g_Lachnospira"	"Abundance"	"synov_IL1b"	NA	NA	NA	13	"spearman"	1	""
"uc_g_Lachnospira"	"Abundance"	"synov_MMP13"	NA	NA	NA	13	"spearman"	1	""
"uc_g_Lachnospira"	"Abundance"	"synov_MMP3"	NA	NA	NA	13	"spearman"	1	""
"uc_g_Lachnospira"	"Abundance"	"synov_TNF"	NA	NA	NA	13	"spearman"	1	""
"uc_g_Lachnospira"	"Abundance"	"synov_CXCL1"	NA	NA	NA	12	"spearman"	1	""
"uc_g_Lachnospira"	"Abundance"	"synov_IL6"	NA	NA	NA	12	"spearman"	1	""
"uc_g_Lachnospira"	"Abundance"	"synov_IL17"	NA	NA	NA	10	"spearman"	1	""
"s_Lactonifactor_longoviformis"	"Abundance"	"synov_IL17"	NA	NA	NA	10	"spearman"	1	""
"s_Anaerofustis_stercorihominis_A"	"Abundance"	"synov_IL17"	NA	NA	NA	10	"spearman"	1	""
