Feature	we.ep	we.eBH	wi.ep	wi.eBH	rab.all	rab.win.HC	rab.win.SpA	diff.btw	diff.win	effect	overlap
Faecalibacterium_species_incertae_sedis__meta_mOTU_v25_12403_	0.00291764576125518	0.151115742679574	0.00129774079331387	0.193772518121108	4.20852821692095	5.15043905185659	3.31132696874199	-1.70312555583321	4.63735910266364	-0.331475542713184	0.320333335243563
Faecalibacterium_prausnitzii__ref_mOTU_v25_06108_	0.00434860773200427	0.253092581021763	0.0534585715203878	0.510459077720501	6.85374091940462	7.05136867301754	6.66969885189062	-0.586560384231224	2.29129609090518	-0.202357053527989	0.386666667772884
Oscillibacter_sp__57_20__meta_mOTU_v25_12610_	0.0181289932257193	0.276678005747767	0.00312597707833	0.241968536784515	3.3608863770005	4.1616788011515	2.85901849130077	-1.27151736442059	3.67124344400328	-0.289298400912278	0.328890371670023
Clostridiales_species_incertae_sedis__meta_mOTU_v25_12361_	0.0248695025177426	0.327490989595185	0.023875149390135	0.405481752528792	2.67508631661703	3.48557378913576	2.1494350866232	-1.28947327149002	4.28348492235482	-0.268764993208646	0.370209931311054
Clostridium_species_incertae_sedis__meta_mOTU_v25_12417_	0.0287127096165836	0.345642992201514	0.0150208493295692	0.355139898233267	1.89184527074063	2.92739360651367	1.47352491467757	-1.33313356251591	3.96584393278811	-0.301531747017086	0.347884040204891
Ruminococcus__gnavus__ref_mOTU_v25_01594_	0.0496149012813306	0.366231861561712	0.0443830247773236	0.362860731701874	-0.307317527874761	-1.18607629697701	0.178771533905286	1.70014351039374	4.93037936282359	0.316468231044612	0.347000001563022
Ruminococcaceae_species_incertae_sedis__meta_mOTU_v25_12259_	0.0273196895931977	0.36922586518712	0.0469351567285649	0.496080553633416	5.8594891101024	6.23550034534889	5.58208622120896	-0.76902989661756	3.10589329238554	-0.204731412864161	0.384871710555124
Ruminococcaceae_species_incertae_sedis__meta_mOTU_v25_12239_	0.0189659773786433	0.382014730481409	0.247990906959849	0.732302203152012	6.35595855371787	6.50660034073994	6.2669113306753	-0.327997802341085	2.04687179875542	-0.116635303651661	0.431333333981358
Faecalibacterium_species_incertae_sedis__ext_mOTU_v26_18130_	0.0586126621225734	0.400343717384655	0.0119723597311975	0.32936008151126	2.03231920749957	3.00812019385776	1.36562889893612	-1.40083981567971	4.5040121710797	-0.267332736754116	0.349883373735919
Bacteroides_rodentium_uniformis__ref_mOTU_v25_00855_	0.0358223445339065	0.422023251324655	0.0357839710691762	0.461166467712805	3.90608427314059	5.23009798057503	3.33693038357201	-1.23095973059852	3.98101440605879	-0.270422215977337	0.375333334564172
Eubacterium__rectale__ref_mOTU_v25_03657_	0.0369655038539376	0.443745861773973	0.0519902297517274	0.507517342749664	6.87655440681881	7.28888619617451	6.59991405422745	-0.605034291753381	2.83012352982279	-0.179654244497872	0.394000001027669
Clostridiales_species_incertae_sedis__meta_mOTU_v25_12356_	0.0685263295781742	0.477469174492933	0.0108642392918931	0.332797100936077	3.15928824714399	4.07890097436643	2.81343536509561	-1.05111134166243	3.16551375431048	-0.271883410151597	0.361000001394835
Clostridiales_species_incertae_sedis__meta_mOTU_v25_12563_	0.0842567492031692	0.483591460538386	0.0194187044650804	0.365865161124229	3.03730915122409	3.67892685722651	2.7318846550974	-0.853611739148853	2.69789334520783	-0.259985949789201	0.353882040798518
Clostridiales_species_incertae_sedis__meta_mOTU_v25_13377_	0.090803800663669	0.484426295768163	0.127042553099699	0.571286852286008	1.49649589520576	1.8883907739676	1.30614228170679	-0.611130089774804	2.7680654330947	-0.176028150289639	0.405000000912573
Faecalibacterium_prausnitzii__ref_mOTU_v25_06110_	0.0558443165678507	0.484934717959553	0.163747656684868	0.663160379952209	6.71294523720362	6.93029802140117	6.61304426161361	-0.385059046804019	2.65409259143629	-0.104261422038141	0.424525158995232
Eubacterium__siraeum__ref_mOTU_v25_02370_	0.0741167149368909	0.497282758335653	0.0517055840386394	0.456066546078123	1.50887058611866	0.68796789227434	1.97877017082822	1.53428506903305	5.19187948594999	0.258425205366844	0.372875709354886
Ruminococcus_bicirculans__ref_mOTU_v25_02792_	0.0682556009939565	0.499356248011757	0.0655769341047652	0.526466297053341	3.62028657822642	4.37392981278252	3.2238138413705	-1.12171447578394	5.02000359557768	-0.196096038018212	0.395333334346884
Clostridiales_species_incertae_sedis__meta_mOTU_v25_14166_	0.11224089720888	0.501401817995144	0.0555093835354334	0.464965977532814	2.38725906605919	2.86578615940758	2.09738637080778	-0.66895888611172	2.61837022016725	-0.21077868579036	0.379333334519714
Oscillibacter_sp___ref_mOTU_v25_04664_	0.0896977905278597	0.506036673590093	0.0558885164803613	0.503120574369332	5.15279024133112	5.59755183680577	4.75752345998967	-0.658631121168059	3.98399761892102	-0.154670803169548	0.379666667849367
Lachnospiraceae_species_incertae_sedis__meta_mOTU_v25_12240_	0.0553130643016759	0.508682646494307	0.126216860125131	0.622310828429795	6.18447516427736	6.44520318904306	6.03546238849384	-0.388568005088206	1.92829086337878	-0.171076750274569	0.416000000800367
Clostridiales_species_incertae_sedis__meta_mOTU_v25_12252_	0.0762569066785178	0.50978995390277	0.0507210545598271	0.495170087278542	3.17978517822758	4.10155882510174	2.83127849553607	-1.02486903676427	3.97756128450802	-0.238838961797196	0.391000001059617
Eubacterium__eligens__ref_mOTU_v25_02376_	0.117505429719912	0.510553183579255	0.0318709669710635	0.409025114986902	1.89351891074768	2.99113609980588	1.54117004527166	-1.30196901577252	4.12939822306784	-0.254458933310566	0.376207931910028
Ruminococcus_sp__CAG_177__meta_mOTU_v25_12400_	0.0861822657314984	0.510602609634639	0.0616730177034115	0.500485451327022	0.97853297889487	3.05476373996966	0.294023367437884	-1.69258360416871	6.82377168745585	-0.257063495090393	0.392000001048939
Eubacterium_species_incertae_sedis__ext_mOTU_v26_16236_	0.104831156079318	0.51127148931219	0.0378478680242871	0.436154426360868	2.10641155724649	2.8966914622171	1.75630825615335	-1.02023205997855	3.42477983805873	-0.250853795774605	0.37866666786042
Mogibacterium_sp__BX12__mags_db_all_26_	0.131850377977177	0.529247187576772	0.0692032999801762	0.43422591814191	0.182413586484713	-0.494915881414023	0.544820922899517	1.02644676131587	3.98592947304905	0.225777564658475	0.389870044389895
Clostridiales_species_incertae_sedis__meta_mOTU_v25_13012_	0.126691362985455	0.532890402624614	0.148268253778637	0.546880059535526	-0.835775203132734	-1.46069455567951	-0.524828999438732	1.05520451899206	4.81829013956549	0.191364468971451	0.401199601084644
Oscillibacter_species_incertae_sedis__ext_mOTU_v26_18125_	0.12835168168546	0.534485485114374	0.0383291901648493	0.42679668666118	1.57032599243179	2.36970509170409	1.17254908544451	-0.923240386066244	3.62141502262096	-0.208653942678969	0.368543820033789
Faecalibacterium_prausnitzii__ref_mOTU_v25_06109_	0.0858607868883233	0.538373480118796	0.123436278717226	0.621872785992623	6.18245430139467	6.64814372249747	5.99401403579191	-0.590934978557434	3.28938783699404	-0.140622244952995	0.413666667490615
Streptococcus_parasanguinis__ref_mOTU_v25_00312_	0.113731893433672	0.542435850126382	0.077019812961462	0.490062977919075	1.14850872877015	0.53675978395844	1.39627103851838	0.914456410293307	3.72738589380628	0.2005266249381	0.390869711156937
Faecalibacterium_species_incertae_sedis__ext_mOTU_v26_26216_	0.117811708214097	0.543075114818928	0.0855840174139379	0.547363233478306	1.91947233397524	2.65555999059054	1.42589445010037	-0.985972710120501	4.45275225417877	-0.191365755611672	0.400000000964506
Clostridiales_sp___ref_mOTU_v25_03634_	0.112432077445456	0.54313758412811	0.105158962437375	0.513370613804459	-0.320441580979	-1.1495889837267	0.108932065841651	1.60746462995271	5.86548756271586	0.246538146143304	0.391536155668314
Eggerthella_lenta__ref_mOTU_v25_00719_	0.125332792068048	0.546290569307945	0.101111216079359	0.508945960072885	0.113845926284704	-0.595596306179733	0.486128132514464	1.17444530716919	4.78229298218353	0.217908489705709	0.387666667762081
Eubacterium_ventriosum__ref_mOTU_v25_11151_	0.124925465174555	0.55170077475297	0.138604105955868	0.604531678986934	1.43905641727194	1.91039980619073	1.18180951400882	-0.790575553184439	3.65854765146764	-0.184303080845103	0.40886371296824
Prevotella_sp__CAG_279__meta_mOTU_v25_12279_	0.136710305550759	0.553241827558852	0.163565341721291	0.56628506526099	-0.704909145887591	-1.3549727447378	-0.389528352660891	1.24394534021086	5.91729115082226	0.197215295995444	0.404865045898363
Oscillibacter_sp__57_20__ref_mOTU_v25_10413_	0.149793831123746	0.554847426762078	0.122124315242108	0.550822606316122	0.420345666246652	1.06140564727849	0.0516604107533798	-0.675376120202662	3.78645274372153	-0.157534199045089	0.414000000820572
Clostridiales_species_incertae_sedis__meta_mOTU_v25_12288_	0.105855628528597	0.555056899847283	0.0871912383670866	0.559928526697204	2.86429826827036	3.53489567738553	2.45779424517814	-0.81791638310365	3.99750047557003	-0.183068761838514	0.405198268154172
Flavonifractor_species_incertae_sedis__ext_mOTU_v26_17316_	0.190862694853968	0.577521453144676	0.137673493590042	0.574316675140286	0.611941131627127	1.08510402276831	0.349125488094923	-0.7197404247552	3.66226834014882	-0.159938916764801	0.408000000881703
Faecalibacterium_species_incertae_sedis__ext_mOTU_v26_18129_	0.201726894217797	0.597054012047241	0.136847229465292	0.554854669005112	0.178738028158021	0.978749176749178	-0.178192980242645	-0.998396577421752	4.35960821534448	-0.196826515525471	0.400000000964506
Lachnospiraceae_species_incertae_sedis__ext_mOTU_v26_26654_	0.20026955557882	0.606110042770985	0.13365466640087	0.528469843137069	-0.322654587770708	-1.10063053384648	0.0496006493163943	0.945400184428871	4.38098561036018	0.188127083195823	0.40100000095407
Odoribacter_splanchnicus__ref_mOTU_v25_03697_	0.195295582233981	0.610359315693957	0.250214808427966	0.675315150612865	2.2804004145201	2.53933473339758	2.14829906355773	-0.380363439976365	2.15046102075161	-0.138443123121841	0.425333334040461
Bifidobacterium_ruminantium__ref_mOTU_v25_02702_	0.177834138897996	0.621783832881131	0.122388410831438	0.57694928992485	0.193897479994763	1.15352102830392	-0.101295976334947	-1.49263682681435	5.64463173386049	-0.242444498882618	0.396201267248301
Eubacteriaceae_bacterium_CHKCI005__ref_mOTU_v25_09413_	0.213964839673079	0.625854633345246	0.150784928682784	0.545540423674973	-0.675417626221423	-1.30576529406845	-0.392413067793236	0.841415971581274	4.07447933317649	0.180213002656663	0.400666667624213
Eubacterium_sp__CAG_202__meta_mOTU_v25_12308_	0.176779782541194	0.635688726690697	0.20386375153554	0.634075220399437	-0.322557882537729	-0.979234848617063	0.0246873905670393	1.11535916617579	6.78191816456978	0.164151061713076	0.413666667490615
Clostridiales_species_incertae_sedis__meta_mOTU_v25_12522_	0.230352749557856	0.641768975833216	0.192907399662932	0.649416188140113	1.5159064477515	1.86669798071564	1.30903351810654	-0.486489746221328	3.40787451000078	-0.122921654542258	0.432189270882468
Eubacterium_sp__CAG_180__ref_mOTU_v25_07675_	0.192098840625967	0.642836120521526	0.181121692549381	0.619342610750437	-0.230469213116137	-0.886211736678499	0.0748201269026252	1.13365482038261	6.32847768833987	0.164185337535114	0.416527824853166
Bacteroides_dorei_vulgatus__ref_mOTU_v25_02367_	0.155301950165218	0.645564494862202	0.240039835839303	0.727522257190294	4.82117146330232	5.08151840857004	4.60689737341929	-0.443648582526324	2.76077387323663	-0.14285342633023	0.433000000631713
uncultured_Blautia_sp___ref_mOTU_v25_11916_	0.277370407765564	0.647544518053101	0.332011776156887	0.726705879132729	0.932579669681392	1.18308725444488	0.793897419173788	-0.369656962227435	2.72249340446411	-0.108598132455822	0.43318893765044
Ruminococcaceae_species_incertae_sedis__ext_mOTU_v26_16292_	0.230366006820835	0.649816288542291	0.150834846423695	0.551420009218938	-0.764722821152182	-1.394074446593	-0.467744318863215	0.91192731519751	4.15919187737574	0.186484250590951	0.40133333428393
Eggerthella_species_incertae_sedis__meta_mOTU_v25_12316_	0.222004985448233	0.652960596477491	0.142573613987497	0.60081904158243	0.597097847430627	1.85084608320413	0.23103404410763	-1.08374890495857	5.74039586284613	-0.176357220019443	0.410666667521102
Bacteroides_cellulosilyticus_fragilis__ref_mOTU_v25_01597_	0.259530442570887	0.656932200037759	0.218072625442533	0.623493043475163	-0.515465199365852	-1.0740179555911	-0.276998382989559	0.927640515786075	4.53926915554221	0.174899740911107	0.409333334201383
Ruminococcaceae_species_incertae_sedis__ext_mOTU_v26_17626_	0.243649989683113	0.657952433054253	0.180090067863348	0.592609532089936	-0.115905057213063	-0.671515155415134	0.161159998941553	0.922334704547763	4.42731202205788	0.177658293771377	0.409666667531308
Intestinibacter_bartlettii__ref_mOTU_v25_03687_	0.260586000722772	0.660321920200333	0.175327474665324	0.584829749851789	-0.518320261238042	-1.13223026282314	-0.247029722044238	0.848645004492096	4.06985001425098	0.171052040216402	0.399333334304811
Clostridiales_species_incertae_sedis__meta_mOTU_v25_13006_	0.213593703304511	0.66160926082704	0.123938641086202	0.561490064905728	0.633711176063377	0.0246478272535846	0.925815563276186	0.930167200740276	4.1395900357854	0.184971326681657	0.396867711759776
Ruminococcus__torques__ref_mOTU_v25_03703_	0.219510118513622	0.666366574629105	0.154168632348674	0.596880212197273	0.82559633498291	0.297260036379253	1.09899799676927	0.787947881589458	4.1732910818388	0.165966295060296	0.412529157782612
Streptococcus_sanguinis_cristatus__ref_mOTU_v25_01591_	0.263590081565455	0.670862825462711	0.217198944466803	0.614869856214599	-0.685725830472438	-1.21293898915903	-0.44117994424847	0.864664863442299	4.18684972425106	0.178401436572581	0.414861713573728
Clostridiales_species_incertae_sedis__meta_mOTU_v25_12334_	0.243698431772705	0.671137681088485	0.129643829497826	0.607284588291514	1.76113389616469	2.63193395376795	1.35950003297573	-1.10277477233454	4.95121228618275	-0.193588986466474	0.401532823340423
Firmicutes_bacterium_CAG_102__ref_mOTU_v25_07726_	0.237321048446426	0.672579261669773	0.141694720397514	0.620005100845354	2.53475208205459	3.15502622821419	2.15010770516299	-0.674487351244117	3.80866788802477	-0.148771322050579	0.415861380341384
Clostridiales_species_incertae_sedis__meta_mOTU_v25_13729_	0.256810879466987	0.674833155707775	0.202181274486568	0.616103832699094	-0.54270965841056	-1.06373590823673	-0.27934087136399	0.929004233389663	4.46673249749588	0.176744451676473	0.416527824853166
Anaerostipes_hadrus__ref_mOTU_v25_00857_	0.193795025593847	0.679523676006191	0.125909652433365	0.599498062226941	3.33083384327294	2.9265401787324	3.57649469148006	0.631299743717024	2.79565558117133	0.20230033654917	0.409530157479922
Collinsella_aerofaciens__ref_mOTU_v25_03626_	0.205290819927948	0.690053416961287	0.748293798782315	0.93969960132848	4.66947942809349	4.72166001672947	4.64002769937503	-0.121260817993347	2.78267391642351	-0.0382675066158665	0.479000000194788
Erysipelotrichaceae_species_incertae_sedis__ext_mOTU_v26_16223_	0.263549387600157	0.690185753096505	0.182455057331551	0.607067640129104	-0.110958176338871	-0.618616652530873	0.103346267444607	0.670829446142523	3.88136463302402	0.144184507109095	0.412862380038479
Ruminococcaceae_bacterium_D16__ref_mOTU_v25_11463_	0.270636584135574	0.694544189008242	0.221585552833259	0.635168996043808	-0.539421551515805	-1.17592342787552	-0.25285603044313	0.921311592568029	5.0480656455254	0.161542493171657	0.416527824853166
Clostridium_sp___ref_mOTU_v25_03621_	0.298046362042882	0.697548247063414	0.225600914295716	0.635561059885234	-0.665624647446815	-1.29538280165782	-0.352834988455885	0.962395509017296	4.5935727571822	0.181361658482327	0.408666667541537
Clostridiales_species_incertae_sedis__ext_mOTU_v26_26595_	0.295988456929975	0.698946921481597	0.247949055814191	0.642496038021493	-0.663908494922362	-1.16446344590274	-0.420859573511669	0.771775771135148	4.15498781570731	0.150419107819306	0.423192269971471
Bifidobacterium_species_incertae_sedis__ext_mOTU_v26_26736_	0.30669089996298	0.699198273215769	0.237594470231387	0.650439510683083	-0.490804008093962	0.0667903076887217	-0.708194391409458	-0.803873122665672	4.71356687901774	-0.153868857239285	0.425333334040461
Bacteroides_eggerthii__ref_mOTU_v25_01577_	0.293058173850774	0.700158727111263	0.315935381491627	0.713285963231738	-0.346172121944943	0.0795364251026323	-0.51305148715304	-0.764256346751511	5.92665286826996	-0.1209000203592	0.439000000573348
Firmicutes_sp___ref_mOTU_v25_02743_	0.293575213735163	0.70044547108974	0.236306029445026	0.648176829900887	-0.00971619545444913	-0.429772537188885	0.181276729148172	0.689645187191373	4.01622898234284	0.14831405058261	0.424333334050372
Clostridiales_species_incertae_sedis__meta_mOTU_v25_12251_	0.260109940165921	0.701137080136046	0.239835411845469	0.684583533144548	0.474111584959064	-0.0888629354273016	0.742635724597782	1.00572720308134	5.31650590004516	0.17750563127787	0.418193936132661
Alistipes_obesi__ref_mOTU_v25_06695_	0.269877461901684	0.701936989345128	0.202847664510647	0.68620578658259	2.82284534516015	3.1822231400227	2.64767579151119	-0.647259248062488	3.67693142315715	-0.146964680609696	0.422666667400265
Clostridiales_species_incertae_sedis__meta_mOTU_v25_12873_	0.286524347245492	0.710324751380994	0.252564081097296	0.703282429854021	1.14246193599351	1.67832037350732	0.910849324492473	-0.78677878821212	4.95521451256871	-0.150324390781923	0.43085638185853
Bifidobacterium_catenulatum_kashiwanohense__ref_mOTU_v25_02701_	0.303123319252479	0.711669719421964	0.23073913419934	0.685629744115278	0.652602828353421	1.54124990058031	0.23932289154388	-1.03408152157274	5.7295662668077	-0.163140963295442	0.425524825763076
Clostridiales_species_incertae_sedis__meta_mOTU_v25_12411_	0.281477333828768	0.713768051364391	0.224033546123323	0.669638028899817	0.23183609632733	0.952324232643927	-0.014759856038423	-0.920898522769649	5.36022580892025	-0.156360105713835	0.42233333407025
uncultured_Eubacterium_sp___ref_mOTU_v25_08868_	0.33708212086867	0.718265993089806	0.453392992334786	0.806431900205431	0.751942241380231	0.927357649635746	0.641821715337222	-0.292971649968615	3.28547496015817	-0.0687873392108148	0.462512496183558
Clostridiales_species_incertae_sedis__mags_db_all_139_	0.324591373353538	0.718341230042256	0.268221616814497	0.682268478740388	-0.821669455850138	-0.380458618255431	-0.973709559989808	-0.79704666125698	4.63434416659598	-0.15454893765986	0.427190937042852
Clostridiales_species_incertae_sedis__meta_mOTU_v25_13187_	0.301076004476	0.718545486320516	0.257067368079324	0.705938570233548	1.23525307150079	1.75810549120291	0.992481932258917	-0.57134319804463	4.20858175473862	-0.116554593448316	0.441186271794763
Clostridiales_species_incertae_sedis__meta_mOTU_v25_12631_	0.316292331692854	0.718667710969732	0.213482413860404	0.666561561994438	1.53444135282807	1.96549230406884	1.32720764198481	-0.578748388505034	3.74209837102119	-0.124125598060391	0.429000000670936
Clostridiales_species_incertae_sedis__meta_mOTU_v25_12309_	0.280593230851131	0.720303501871304	0.196211191042835	0.66667441370132	0.941050613872253	2.20427541515521	0.617733108380113	-1.05462161647641	5.55010239101589	-0.178251472213026	0.416000000800367
Blautia_obeum_wexlerae__ref_mOTU_v25_02154_	0.218755388942068	0.724378170460958	0.168250782286227	0.664827764481125	5.68322607984802	5.37325238343518	5.86471909057924	0.354911237282098	2.03732893854238	0.16182213196429	0.427000000690648
Ruminococcaceae_species_incertae_sedis__ext_mOTU_v26_17708_	0.309332866428078	0.725360482795825	0.271838227657448	0.67897890366777	-0.729901293560968	-1.19688441363211	-0.536343584733442	0.619842342513963	4.21331255175528	0.134613173309461	0.429666667331047
Firmicutes_species_incertae_sedis__ext_mOTU_v26_26597_	0.307646409382671	0.726236285185743	0.284153092777896	0.720925908399982	0.879213177276692	1.3137319018279	0.623196168742957	-0.646686899118651	4.20567802307145	-0.131593768850213	0.430189937346572
Clostridiales_species_incertae_sedis__meta_mOTU_v25_13415_	0.318422660234373	0.726621294993633	0.255360681340176	0.698828731678421	0.29118843828039	1.16833321793014	-0.0137404402714258	-0.887386465798643	5.17164783269818	-0.151137723351715	0.424000000720347
Sutterella_wadsworthensis__ref_mOTU_v25_03066_	0.293175533307046	0.726781503682362	0.172619695735492	0.64376363441357	0.426314019935569	1.19009595182637	0.253989315989712	-1.03349640593761	5.77579029224098	-0.163890998173828	0.423333334060302
3576_143_bin_2_clean__mags_db_all_128_	0.314532693356853	0.727128955290194	0.227157727732724	0.646914954739728	-0.223173716815952	-0.685365646089819	0.0130186563142463	0.663228918702665	4.14084911715882	0.146178883217794	0.423525492227408
Flavonifractor_species_incertae_sedis__ext_mOTU_v26_17315_	0.324263808990139	0.731521709697708	0.227298023804132	0.666981812885769	0.877971179872523	1.41170228657181	0.645619113852607	-0.607354153726016	3.74473493590148	-0.143107710856189	0.421526158691814
Clostridiales_species_incertae_sedis__ext_mOTU_v26_16181_	0.328906939844223	0.732285567737025	0.257687978688992	0.670365311950802	-0.00367728563339575	-0.466939132404084	0.224765406901723	0.653013607136478	4.14414365674402	0.136579256298711	0.423858714483348
Ruminococcaceae_species_incertae_sedis__meta_mOTU_v25_12898_	0.338107628310415	0.73237521653927	0.309181985634198	0.703328829227227	-0.539181459598941	-0.915160257835449	-0.361525037717465	0.640153675686671	4.37119228767247	0.120687828273423	0.429523492834621
Eggerthellaceae_species_incertae_sedis__ext_mOTU_v26_16295_	0.324977464681476	0.733762357899972	0.259350148934178	0.677375745235931	0.747021391292787	0.379354819688559	0.888292622859221	0.511419934408208	3.34812402110066	0.124940526024631	0.424858381251178
Oscillibacter_species_incertae_sedis__ext_mOTU_v26_26398_	0.345391307061323	0.736200961138625	0.22574724428692	0.666252446813171	-0.422668720434989	0.177463544866761	-0.65061827298935	-0.770942618063004	4.51516851395197	-0.148034328567543	0.425191603507125
Actinomyces_viscosus_oris__ref_mOTU_v25_02019_	0.325853576516371	0.73663085101257	0.194914871057093	0.621193550931117	0.23948215572986	-0.179914199036002	0.452512522357305	0.622786173710447	3.45388700264188	0.148786476011284	0.416333334130341
Lachnospiraceae_species_incertae_sedis__ext_mOTU_v26_17374_	0.358218914144201	0.736916536342112	0.29938000991017	0.681804530613457	-0.687587790856227	-1.11832908062952	-0.514856413073133	0.634564072884886	4.14958906839233	0.135531356822871	0.428523826066709
Clostridiales_species_incertae_sedis__meta_mOTU_v25_12786_	0.321488459369962	0.739364010163122	0.392878680665873	0.788620648437469	2.42350768154003	2.58229832369681	2.33335913363719	-0.288811724346169	2.58500515918561	-0.0811125520825545	0.447666667156602
Clostridiales_Family_XIII__Incertae_Sedis_species_incertae_sedis__ext_mOTU_v26_16322_	0.343932649250883	0.739772994652323	0.286030097575101	0.689881148155299	-0.520398148450392	-0.878671942071102	-0.333938482804992	0.603957302091029	4.16697580680127	0.136943165681003	0.436333333932555
Dorea_longicatena__ref_mOTU_v25_03692_	0.257500557504286	0.740182994722933	0.114368304390618	0.603575052124655	5.00521926886698	4.65517163019898	5.18244812170467	0.524887384900251	2.95857066893843	0.143761321141296	0.410333334191169
uncultured_Clostridium_sp___ref_mOTU_v25_06391_	0.385446198141882	0.746630543195555	0.41225440003308	0.763629078653234	0.604123022099986	0.911027760616497	0.437620515863198	-0.338643677414669	3.48233692874826	-0.0820218033494795	0.446851050147529
Clostridium__clostridioforme_bolteae__ref_mOTU_v25_03442_	0.340590292709263	0.746801911077907	0.308568342646442	0.711161031393558	-0.0672098630111497	-0.454453281143007	0.154886221258892	0.533157449906532	4.27574551448736	0.10595824756837	0.438520493746552
Oscillibacter_species_incertae_sedis__ext_mOTU_v26_17503_	0.372194167894224	0.748544438539977	0.303876509174879	0.714761951705312	-0.184814106681953	0.383052726909083	-0.436137736322444	-0.692776869276276	4.36909967862671	-0.141139094094676	0.432189270882468
Alistipes_putredinis__ref_mOTU_v25_03683_	0.295316299953328	0.74902454607443	0.292229515429988	0.761814142071671	4.51355929019467	4.81743901828747	4.23408638974427	-0.613415500207449	4.07626452169735	-0.128133693261976	0.433000000631713
Oscillibacter_species_incertae_sedis__ext_mOTU_v26_17998_	0.372910250041436	0.749701475894992	0.316776270286641	0.708553317280226	-0.569065685892236	-1.04327408746121	-0.370073444879831	0.745322622501624	4.63707945850597	0.133396451225188	0.433000000631713
Clostridiales_species_incertae_sedis__meta_mOTU_v25_12265_	0.29736543832647	0.751035013040219	0.206882136219061	0.690490841036498	3.09743947020784	2.00146293332021	3.75722159789856	0.922640901283921	6.07647668800474	0.150233355456956	0.425524825763076
Clostridiales_species_incertae_sedis__ext_mOTU_v26_18262_	0.361483988479449	0.752182566448709	0.323865556077805	0.70859335799933	-0.702982858740134	-1.07708759594372	-0.537741115350701	0.642980047227327	4.09653857906847	0.130136527304435	0.429523492834621
Clostridiales_species_incertae_sedis__ext_mOTU_v26_26520_	0.377848790387812	0.75730414125831	0.298482782154602	0.710850625212107	-0.320194068496988	0.352005632199269	-0.557180952992764	-0.754715974924362	4.69347942440173	-0.129783922380073	0.433522159906435
Streptococcus_sp___ref_mOTU_v25_01350_	0.324180654489734	0.757404646554092	0.294457488888923	0.733376303864869	1.77966157012177	1.40814356794106	1.95633715124889	0.491116572815333	3.47651785173475	0.118643142317177	0.436854382466472
Clostridiales_species_incertae_sedis__meta_mOTU_v25_12463_	0.344507572826266	0.757919505696157	0.251565310073207	0.727778206881613	2.75732683532062	3.31792075528418	2.49353904900164	-0.721503452024404	4.47160764332513	-0.13629819528466	0.425858048019027
Clostridium__glycyrrhizinilyticum__ref_mOTU_v25_03672_	0.359826431236143	0.758749538932176	0.374728994892834	0.7465076448685	-0.710596027019347	-1.04794624812964	-0.536261682318674	0.655803686024207	4.43807711544488	0.125773375075903	0.43333333396179
Collinsella_species_incertae_sedis__ext_mOTU_v26_17328_	0.363251268294357	0.759298072548207	0.356235924068751	0.750633004695986	-0.535723145169961	-0.904618984241616	-0.354703175377934	0.677778646690706	4.85984035266852	0.124241464121187	0.442000000544362
Clostridium_sp___ref_mOTU_v25_02380_	0.375538421404982	0.760374772898498	0.354658188279032	0.743154035905125	-0.450514220621951	-0.86554230112086	-0.250970524005347	0.577548052787609	4.7605270278263	0.099443616446915	0.449516828196029
Clostridium_species_incertae_sedis__ext_mOTU_v26_17427_	0.375307401966511	0.761148134180611	0.293181154141623	0.721026010773228	2.29388643777343	2.58635402196693	2.15267293059803	-0.350905103073273	2.43509740721898	-0.103201530696196	0.434855048930429
Clostridium__symbiosum__ref_mOTU_v25_04652_	0.371545860265498	0.761946575484717	0.307607149810338	0.716519933652809	-0.860017073851256	-1.3401105707658	-0.652455291912456	0.606099043557101	4.47503621639622	0.117138265042828	0.439333333903455
Collinsella_species_incertae_sedis__meta_mOTU_v25_12451_	0.3689728683544	0.763994068482351	0.342125323473073	0.737882283421177	-0.293290474480175	-0.77664090676407	-0.0555207296569389	0.781950507896863	5.13678218809212	0.131581557119029	0.434521826674428
Ruminococcaceae_species_incertae_sedis__meta_mOTU_v25_12664_	0.373018964113272	0.76511779301802	0.348103185498895	0.737288671790612	-0.542481085607343	-0.926218409043797	-0.352951878377339	0.757228856361492	5.03669965984792	0.14016482367365	0.430333333991166
Clostridiales_species_incertae_sedis__meta_mOTU_v25_12556_	0.374686947222107	0.767441455498232	0.31604401666291	0.7351569552535	0.561398149985638	1.11071881703722	0.329485909867162	-0.69223051114889	4.55994107475175	-0.126982299445853	0.438853716002573
Clostridium_sp___ref_mOTU_v25_03599_	0.384972006804	0.767734368649677	0.351713860655745	0.73859985717549	-0.535484976176056	-0.869171525770756	-0.384004711958464	0.555320000169689	4.28125799611482	0.107082814431791	0.440666667223896
uncultured_Anaerotruncus_sp___ref_mOTU_v25_12068_	0.402658489263997	0.768212767318402	0.329249733821238	0.715985456303392	-0.792168567440469	-1.19140212729742	-0.60075148209207	0.678781962275334	4.30196040213841	0.128597428562442	0.432522493138457
Oscillibacter_species_incertae_sedis__ext_mOTU_v26_28927_	0.417476264569888	0.769692593956571	0.400682882920443	0.772205351048149	0.0691529015164223	0.404068898972497	-0.0920946778690892	-0.361789014921714	4.03410632468387	-0.0765221895649649	0.457180940085907
Firmicutes_bacterium_CAG_170__ref_mOTU_v25_07733_	0.388060426866646	0.769857248571084	0.333781092832185	0.716664312951419	-0.65765792108531	-1.11211187352175	-0.445818978008408	0.676517795850052	4.4952666518996	0.128241396492127	0.431522826370495
Holdemania_sp__Marseille_P2844__ref_mOTU_v25_05920_	0.404338681635233	0.769896122047276	0.370889033704362	0.737676891751295	-0.801652776168994	-1.21828138937234	-0.629822581123596	0.593202146276252	4.26872542606574	0.120928232817003	0.433522159906435
Clostridia_species_incertae_sedis__ext_mOTU_v26_26753_	0.432150061832265	0.771220808442211	0.448069696209454	0.788547044024167	-0.870105745139512	-0.585258551502712	-1.00702150118093	-0.373968325226977	4.01048431463656	-0.0769793206651778	0.454181939781098
Lachnospira_sp___ref_mOTU_v25_05263_	0.41835280084565	0.771669125923967	0.381435956634324	0.740938716891748	-0.855582550538459	-1.23045669717997	-0.698087879670003	0.54736776235434	4.37538209595395	0.108815775501947	0.443333333864852
uncultured_Clostridium_sp___ref_mOTU_v25_11607_	0.377942505478607	0.773611191110352	0.317025198427961	0.724785265054968	-0.579416159544727	-0.964494513473069	-0.383873515550237	0.53623637832304	4.13165221122303	0.105068576789627	0.441666667214244
Clostridiales_species_incertae_sedis__meta_mOTU_v25_12447_	0.376952949603713	0.774153909959886	0.349107842409733	0.745173634442858	-0.270690342113013	-0.593938504772879	-0.12505210308022	0.633539919913034	4.49867827449053	0.125087932215111	0.436333333932555
Lachnospiraceae_species_incertae_sedis__ext_mOTU_v26_16452_	0.421561405095563	0.775961597364692	0.388053494896303	0.743380900355275	-0.774794166119969	-1.11331518319159	-0.601512523434826	0.481229066245743	4.13733570139132	0.100246165197035	0.444518494355164
Clostridiales_species_incertae_sedis__meta_mOTU_v25_13701_	0.413165220383937	0.777425503746921	0.528033657624159	0.842827376249432	0.719195630721741	0.946950948125335	0.58016950724414	-0.294470906185661	3.93093216813328	-0.0677862339106773	0.461846051671338
Lachnospiraceae_species_incertae_sedis__ext_mOTU_v26_16332_	0.412388510987131	0.778973040852184	0.401489298303454	0.751565796840827	-0.691605802930368	-1.02883005657158	-0.515708300989592	0.423489160688545	4.20664957368257	0.0923970158403945	0.444666667185365
Bacteroides_species_incertae_sedis__ext_mOTU_v26_17504_	0.403742665807469	0.780285687836409	0.360132787056535	0.744392880819269	-0.461585558515582	-0.870028104001793	-0.28856684364333	0.526873353276342	4.3471054562256	0.105792344123178	0.445666667175765
Lachnospiraceae_species_incertae_sedis__ext_mOTU_v26_16262_	0.413829428905787	0.781967979923494	0.360426843594152	0.73822393044563	-0.5515631689392	-0.966240861721671	-0.382322619342688	0.540587565693637	4.18313914516528	0.10372424343966	0.444666667185365
Lachnospiraceae_species_incertae_sedis__ext_mOTU_v26_16177_	0.411668106392521	0.782027181077285	0.338749730982348	0.744328998229044	1.09188241043852	1.42106615689086	0.941974041343995	-0.440871565355821	3.40671076168741	-0.108507808186757	0.43733333392284
Ruminococcaceae_species_incertae_sedis__ext_mOTU_v26_16365_	0.388634397149531	0.783526124884461	0.339927567593268	0.735897592092145	-0.0511024012841901	-0.384668833669249	0.0750121897617806	0.456093279741959	3.80479313249013	0.105506334088416	0.437666667252939
Clostridiales_species_incertae_sedis__ext_mOTU_v26_16178_	0.406539729212426	0.786465968244899	0.356447302744377	0.734163259193233	-0.543079956930115	-0.860850730230069	-0.383335633168171	0.539363281755752	4.12857008084149	0.104809505997663	0.438666667243244
Clostridium_sp___ref_mOTU_v25_03618_	0.417547801933576	0.787359519476071	0.405247719246009	0.777291501946492	-0.188600783863912	0.117783861087864	-0.341959884302637	-0.497085955540024	4.21458951715818	-0.102503970444638	0.446517827891472
Clostridiales_sp___ref_mOTU_v25_05137_	0.418755222127093	0.7894879371094	0.252577817871986	0.672236150461546	1.56868587279256	1.25961408073634	1.71495144660735	0.448199136989544	2.78380237977027	0.131682369888863	0.427524159298814
Oscillibacter_species_incertae_sedis__ext_mOTU_v26_17445_	0.4494235402407	0.790372736836153	0.463913786031756	0.797083075284363	-0.659512875103883	-0.366363785367373	-0.775927414023682	-0.39479334768408	4.24090629610048	-0.0782566890090468	0.459333333712384
Clostridiales_Family_XIII__Incertae_Sedis_species_incertae_sedis__ext_mOTU_v26_26457_	0.439556949483931	0.792059765992171	0.446827807255123	0.801025861043642	-0.270067785043393	0.105551260042462	-0.450203020171634	-0.417183763253401	4.11914526210197	-0.0847783416335576	0.454848384293269
Lachnospiraceae_species_incertae_sedis__ext_mOTU_v26_17428_	0.440113083478737	0.792616207193633	0.514603046856843	0.834312145684995	0.0773850969133241	0.30502139150474	-0.0319080183369485	-0.183852290014811	3.61000935307906	-0.0433882553609993	0.472000000260075
Clostridium_sp__AT4__meta_mOTU_v25_12609_	0.436963416669349	0.793312229549177	0.427220755948143	0.779841445563527	-0.814284018384893	-1.14052903694564	-0.668631047285085	0.519150193479248	4.56692547954245	0.10723028367214	0.451516161732457
Clostridiales_species_incertae_sedis__meta_mOTU_v25_12284_	0.367669454641626	0.795908910650247	0.437216306899979	0.838412423260819	3.77285029650046	4.11965286703659	3.59443003719311	-0.361280415155104	3.64999439277448	-0.0878303043137523	0.457514162342002
Clostridiales_species_incertae_sedis__meta_mOTU_v25_12272_	0.396958119862173	0.796501432230019	0.317181288780607	0.758553739864361	0.849849633296116	1.39491973394491	0.622172601581103	-0.725003433447442	5.34925748564177	-0.125094493621306	0.439853382770645
Clostridium_species_incertae_sedis__meta_mOTU_v25_12234_	0.436239585598728	0.796983843201481	0.391983129530441	0.775500569447714	-0.338652095962654	0.103783051098215	-0.530781620783527	-0.461494324563418	4.2955578168751	-0.0894806198567621	0.445851383379364
Clostridiales_species_incertae_sedis__ext_mOTU_v26_26512_	0.468531341174382	0.797013722275565	0.420526181168105	0.773151388054416	-1.0236306119576	-0.762430846704594	-1.1182980549455	-0.63256364407955	4.64920480526609	-0.114513027231037	0.448000000486746
Collinsella_species_incertae_sedis__ext_mOTU_v26_17334_	0.427223919325792	0.797152012519572	0.424221679858653	0.782361015121618	-0.136697473271839	-0.466597172841992	-0.01073669965617	0.394198308438767	4.3341229663087	0.0765331719834904	0.462179273927447
Clostridium__saccharolyticum__ref_mOTU_v25_03601_	0.433174618413622	0.797725874901936	0.400047028774282	0.754255237646821	-0.69008898921	-1.02231383309245	-0.53303462124276	0.493010571156403	4.18523000483222	0.100366218391349	0.445851383379364
Streptococcus_sp___ref_mOTU_v25_00283_	0.441065992099486	0.798003758636801	0.400969428765292	0.765878249102736	-0.45455279058274	-0.79037017326849	-0.312445185565267	0.502525890698477	4.19015378393193	0.105049219090333	0.441852716306831
Clostridiales_species_incertae_sedis__meta_mOTU_v25_13140_	0.431854809115692	0.798034619512657	0.431077248916848	0.787083138590365	-0.564822949968617	-0.815316808269204	-0.42538596088216	0.422020252137107	4.43964897412294	0.0846384615121437	0.460333333702943
Clostridiales_species_incertae_sedis__meta_mOTU_v25_12437_	0.409217114760844	0.798528917483265	0.347750866846568	0.77224633487957	1.05329760188026	1.66029747055394	0.860682057946581	-0.741769065685363	6.39620447838389	-0.103968687145087	0.446184605635417
Parabacteroides_species_incertae_sedis__ext_mOTU_v26_26659_	0.425260487774387	0.798697717906025	0.401550016993059	0.771968056359218	-0.165614452226566	-0.480701874184673	-0.00606182387819043	0.422154418335278	4.11433852903978	0.0846573820164125	0.453182273012849
Parabacteroides_distasonis__ref_mOTU_v25_03640_	0.409956656592923	0.799197833384648	0.200224154622648	0.672380298684878	3.07550172756657	3.33113657779429	2.94497755384204	-0.440072795078487	2.55297238771453	-0.144260588755258	0.422000000740236
Faecalibacterium_species_incertae_sedis__meta_mOTU_v25_12376_	0.40202234389444	0.799560375315156	0.308945528688417	0.716571080652958	-0.393330741580628	-1.03087338639831	-0.0793793908003284	0.921864731520198	6.76769855647674	0.12818430831263	0.435188271186432
Bacteria_species_incertae_sedis__ext_mOTU_v26_16372_	0.453348184301112	0.79959073607125	0.455765821598289	0.809296967012919	-0.767487163937134	-0.582288212926715	-0.867701822606878	-0.346585935121577	4.30517657205803	-0.0709199575993166	0.461333333693512
Clostridiales_species_incertae_sedis__meta_mOTU_v25_13863_	0.438868002123935	0.799676743167769	0.509830454649461	0.83948630140653	1.281730078758	1.44537821845405	1.19919838567032	-0.247265247185548	2.96507304504672	-0.0619107571919943	0.460513162646909
Clostridiales_species_incertae_sedis__meta_mOTU_v25_12301_	0.366709802999746	0.799887886429066	0.593396212323638	0.896783367824826	4.27525286266522	4.41860216256851	4.17661459638092	-0.244520446663617	3.21302950098365	-0.0648078956320958	0.47117627484274
Phocea_massiliensis__ref_mOTU_v25_05236_	0.433647414165022	0.800011826453968	0.397608007631272	0.757784869156138	0.0129010699364533	-0.27489995522732	0.130528734118193	0.442853941881229	3.70365733456415	0.0968063397774362	0.444185272099117
Actinomyces_naeslundii__ref_mOTU_v25_02018_	0.432035280178195	0.800215134215875	0.42604618679105	0.779713080880036	-0.736330001199578	-1.02817758226927	-0.609246778803869	0.39956509557643	4.20674502682855	0.0787752652433363	0.454515162037183
Clostridium_sp__Marseille_P3244__ref_mOTU_v25_10248_	0.477787995443491	0.800755697041205	0.416799515597413	0.756519239372671	-0.546543919813811	-0.837152840295382	-0.423156454778309	0.380865403531551	3.95841491727776	0.0827668867207643	0.451516161732457
Ruminococcaceae_species_incertae_sedis__meta_mOTU_v25_12286_	0.394307112762884	0.802199379804516	0.374619468368047	0.800092778040723	3.09148398375715	3.34993838524491	2.90539860928563	-0.416492157213739	4.04914518450981	-0.0831262933896416	0.444000000525105
Clostridium_sp__CAG_127__meta_mOTU_v25_12306_	0.395525400705226	0.803427290637407	0.356905508916772	0.768081699955698	0.510937640738249	-0.0508259921584919	0.821346658494214	0.778774071362593	6.34057555947368	0.12076018410732	0.441666667214244
Clostridiales_species_incertae_sedis__meta_mOTU_v25_12635_	0.420100765466624	0.804288935540179	0.301134717137236	0.755891909651641	3.10394890580985	3.55261543565577	2.88625720852357	-0.469233515171684	3.33779016984245	-0.111981957480865	0.435188271186432
Clostridiales_species_incertae_sedis__meta_mOTU_v25_13792_	0.433029001008711	0.804478054379777	0.388015898852382	0.758552789395243	-0.339044118165583	-0.771142933591735	-0.142564870482663	0.488158035036992	4.45261110555989	0.0998754464622158	0.448666667147039
Clostridiales_species_incertae_sedis__ext_mOTU_v26_26282_	0.455626144154133	0.80487762604002	0.450770146044356	0.798544490585446	-0.75566709782961	-0.460768020536301	-0.884278236577894	-0.335529231940476	4.37244513309341	-0.0631678058236311	0.46784405228145
Bittarella_massiliensis__ref_mOTU_v25_04646_	0.432339475093604	0.806066426427668	0.363375636826028	0.751373733903542	0.708561931872442	0.464441248009739	0.827458450476313	0.320086997674057	3.03378798537014	0.0854160081047313	0.448666667147039
Collinsella_species_incertae_sedis__ext_mOTU_v26_26704_	0.426496292225974	0.80657723038179	0.417238911543701	0.792838339045612	-0.568110192353198	-0.966502088077137	-0.40662068488759	0.516668245378476	4.82050699869805	0.0910247844525826	0.454000000429562
Ruminococcaceae_species_incertae_sedis__ext_mOTU_v26_17393_	0.437555255097502	0.806707654208026	0.41326670116685	0.783775625913536	0.537661706507592	0.131180941256201	0.709828216901818	0.426208745598952	4.39931849297522	0.0830105528243872	0.453666667099395
Clostridiales_species_incertae_sedis__ext_mOTU_v26_16417_	0.448548841822478	0.80838015328917	0.436357548999706	0.784645248993057	-0.407710375363428	-0.60760369361594	-0.294636947887015	0.344233241194934	3.98128734429536	0.0713916434625542	0.457847384598099
Bacteroidales_sp___ref_mOTU_v25_03666_	0.447652283684779	0.808687451797143	0.420482547540396	0.776069026376753	-0.743019379694667	-0.992674942477625	-0.617651457264309	0.417076092466181	4.09367924007302	0.0854917309781293	0.456666667070938
Actinomyces_species_incertae_sedis__ext_mOTU_v26_19569_	0.454122600655378	0.8097242567714	0.418577661730543	0.773947991181245	-0.658983638714226	-0.958056481964506	-0.525059548226712	0.391682824744009	4.25637618323071	0.0796331306054795	0.454515162037183
Firmicutes_species_incertae_sedis__ext_mOTU_v26_26969_	0.460472586683152	0.809936641560436	0.389709692187163	0.783318900650291	0.911119645777169	1.22514541407987	0.756120786383357	-0.383900638790639	3.82580732957691	-0.0865923921082684	0.452666667108901
Clostridium_species_incertae_sedis__meta_mOTU_v25_12696_	0.469736031339089	0.810561684514863	0.476085100695054	0.802882319877583	-1.10921461165024	-0.855357538480503	-1.20838787736222	-0.297344541752472	4.44328395885762	-0.0568629996296216	0.472000000260075
Ruminococcaceae_species_incertae_sedis__ext_mOTU_v26_17494_	0.439407689182737	0.810618677951234	0.450164800249394	0.793652896111513	-0.208992284026544	-0.51702545477603	-0.100655592862727	0.411006311435534	4.1159618513312	0.079162567976302	0.455000000420069
Clostridiales_species_incertae_sedis__ext_mOTU_v26_26470_	0.468915373412461	0.810619079555997	0.476278349784912	0.808503421202701	-1.17352360254867	-0.983285790678344	-1.25147753488274	-0.260426962807271	4.25949153904882	-0.052928041637736	0.470666666939209
Lachnospiraceae_species_incertae_sedis__ext_mOTU_v26_18135_	0.435450024101521	0.81186868470444	0.377462358322132	0.783454102405309	0.601697824621808	1.04559371244286	0.44004448006504	-0.58261724807117	5.46186570010302	-0.103383459466493	0.446517827891472
Ruminococcus_species_incertae_sedis__ext_mOTU_v26_16285_	0.459138358177454	0.812040416474469	0.40944319140681	0.781473181593682	-0.345128635991355	-0.612802817226202	-0.224214618673231	0.475082726552206	4.16113082906768	0.0941285008001961	0.448000000486746
Atopobiaceae_species_incertae_sedis__meta_mOTU_v25_13944_	0.477063545255717	0.81212442599922	0.431388135128222	0.795900825222281	0.0020332172075026	0.313810808874833	-0.104561407684021	-0.446084123817748	4.9355865216381	-0.0752245075918028	0.463666667004872
3576_121_bin_27_clean__mags_db_all_113_	0.449683208399199	0.812850230346646	0.400268649151949	0.770251923061183	0.331961183515215	0.0864456674422796	0.439702298614983	0.390849733764568	3.74771159019515	0.0863789796604206	0.452849050756768
Ruminococcaceae_species_incertae_sedis__ext_mOTU_v26_16287_	0.463314599161519	0.813301049712924	0.481169157036143	0.810534775905941	-0.556405053290204	-0.389671779799206	-0.633938733185903	-0.247843920296448	4.03147881269585	-0.0492299576957403	0.47566666689251
Eggerthellales_species_incertae_sedis__meta_mOTU_v25_13811_	0.445617810646915	0.813920413532642	0.433069869685055	0.794965830891791	-0.564783210734161	-0.807608444690588	-0.456762765267376	0.355689180632017	4.59519975458605	0.0625870555643045	0.465666666986074
Anaerotruncus_rubiinfantis__ref_mOTU_v25_09169_	0.4595421391975	0.814100172742773	0.480681643714882	0.811673818669862	-0.413875814599182	-0.579086291259141	-0.343352162779858	0.223832573889045	3.89741107801166	0.0502544531314948	0.473000000250731
Massilioclostridium_coli__ref_mOTU_v25_10237_	0.453901479860912	0.814458311215782	0.443899381105507	0.788034407952037	-0.724409503329166	-0.947210805794331	-0.623154909195439	0.416264166883291	4.08058312528339	0.0893404193726248	0.452515828500688
uncultured_Clostridium_sp___ref_mOTU_v25_11605_	0.484476887628249	0.814647270487885	0.485684382612301	0.809295933654472	-0.682031716037185	-0.389727483419366	-0.809232308855612	-0.397328006679924	4.22526055373306	-0.0773493291085623	0.457333333731293
Allisonella_histaminiformans__ref_mOTU_v25_10689_	0.471081411462604	0.814729573570584	0.425447643280384	0.786796861977932	-0.662215355100255	-0.951634471456309	-0.516975989827781	0.505156487524077	4.33436709169275	0.0963638374683611	0.449850050452097
Ruminococcaceae_species_incertae_sedis__ext_mOTU_v26_17614_	0.461942235374476	0.816056082539573	0.430549773391164	0.792873742009051	-0.433849521886764	-0.790893369167931	-0.266892118486368	0.485727976177242	4.37141734384574	0.0984251608642087	0.453666667099395
Lachnospiraceae_species_incertae_sedis__ext_mOTU_v26_16311_	0.472892471988979	0.816097906663754	0.481013777313133	0.8113147015045	-0.383453327155824	-0.670114682454968	-0.255401453000762	0.459813389852298	4.06959197954412	0.0850722563967435	0.450666667127947
Bifidobacterium_bifidum__ref_mOTU_v25_03116_	0.424210220969336	0.816130287380681	0.347396441337346	0.765381689124326	0.674009067999576	0.109812843307698	0.91359928713762	0.764827650408808	6.71594482418847	0.108220014612609	0.442519160818906
Butyricicoccus_sp___ref_mOTU_v25_02967_	0.454491770219794	0.816205042161933	0.404411498003487	0.767226358066311	0.257541884480095	0.0489946178113119	0.36298884167245	0.372003187045468	3.46725488935638	0.0828267385384491	0.451182939476382
Pseudoflavonifractor_capillosus__ref_mOTU_v25_02969_	0.468261203752144	0.816260777505825	0.449182819074615	0.798302969068897	-0.370472284069122	-0.660135724074941	-0.248810492893782	0.379984203045574	4.24985565629233	0.0734618584501033	0.460000000372756
Oscillibacter_sp__57_20__meta_mOTU_v25_12282_	0.479084608269232	0.816989827892861	0.464783499964795	0.818418453135462	1.27745063088383	1.48177804697463	1.185253309886	-0.292912784561967	3.44501865084155	-0.0656384278522434	0.459666667042569
Ruminococcus_sp__CAG_254__meta_mOTU_v25_12276_	0.44259199354199	0.818490973321365	0.417743490206432	0.796817495668607	0.0249723667755717	-0.412808934304154	0.222522557131016	0.685734525145931	5.87122906927958	0.110627834923021	0.445184938867261
Ruminococcaceae_species_incertae_sedis__meta_mOTU_v25_12396_	0.445577961197665	0.818952738315829	0.40002297986386	0.80539344220947	1.76076844827604	2.05627286952779	1.64673622087698	-0.576074518528598	5.40553585495701	-0.0973116992349862	0.457180940085907
Bacteroides_massiliensis__ref_mOTU_v25_02135_	0.444767782760502	0.819057540448673	0.329909973173896	0.766473321197403	1.5241561155277	1.93767746049473	1.40095086985876	-0.74139633477879	5.57988460545147	-0.125696743842937	0.434855048930429
uncultured_Blautia_sp___ref_mOTU_v25_03662_	0.471765519234834	0.819445446588415	0.480760128952255	0.832818379580007	-0.184585078031531	0.0705906032623629	-0.30482282333643	-0.367336971552154	4.3745600583697	-0.075071263428216	0.464666666995469
Bacteria_species_incertae_sedis__meta_mOTU_v25_12280_	0.47998858932108	0.819711744076746	0.475540358616082	0.811291702267703	-1.05205905087577	-0.915384075776287	-1.10889778750944	-0.234026024585449	4.61149949981081	-0.0418104236227773	0.47750749770938
Intestinimonas_butyriciproducens__ref_mOTU_v25_03928_	0.480797631099756	0.821138006560607	0.511012266465778	0.836531776828565	-0.143828076100597	-0.00217748830293552	-0.224749011719451	-0.220036301931507	3.82988499394534	-0.0504433187841345	0.471509497098873
Clostridiales_species_incertae_sedis__meta_mOTU_v25_12470_	0.464564353630893	0.82132198096077	0.423887575622581	0.793730181326223	0.177794075811122	-0.12267631760452	0.341572527251722	0.515815926479703	4.65664894055254	0.0925256866685557	0.453666667099395
Alistipes_ihumii__ref_mOTU_v25_07379_	0.447309546537592	0.821545169360046	0.284712314284336	0.728040073900429	1.83489528889822	1.46402937564537	2.04208445502891	0.562765980706799	3.88589754548413	0.120719408431876	0.435333333942285
Anaerotruncus_colihominis__ref_mOTU_v25_03438_	0.464242114066601	0.82188743953701	0.443372448336218	0.805928730018911	-0.0748584281383051	-0.251772426172003	0.00497344513016884	0.375169584193509	4.23211327849603	0.0708435411525737	0.461179607159121
Massilimaliae_massiliensis__ref_mOTU_v25_10172_	0.475917350844254	0.822128145243351	0.4725173003801	0.812362706762425	-0.818223598425369	-1.00535611510111	-0.745346192717609	0.28565961747041	4.12114208258139	0.0623245933667412	0.465666666986074
Clostridiales_species_incertae_sedis__meta_mOTU_v25_12851_	0.484276921714401	0.823148657289822	0.465255849294952	0.80612600601629	-0.449802119242162	-0.618600923535025	-0.366226990279094	0.312701724034731	4.15973156196023	0.06512428149668	0.46384538520801
Clostridiales_species_incertae_sedis__ext_mOTU_v26_18011_	0.473460323965289	0.824361008293262	0.405510382340662	0.783624343495848	0.250683431099101	0.0598005707408849	0.366082771784	0.412044167878588	3.96134306021576	0.0862377613018887	0.447184272403587
Actinomyces_sp___ref_mOTU_v25_01913_	0.471612089926252	0.824956939889721	0.445820076941131	0.806711137101955	-0.382009732972402	-0.613638624590043	-0.278280497820277	0.275128545084484	4.01180058443222	0.0528645030020285	0.467333333637099
Eubacterium__hallii__ref_mOTU_v25_03632_	0.425815482948499	0.825517486895042	0.35633890058847	0.777367303998497	3.30683774553121	3.15418616806428	3.38557530875384	0.279311123696714	2.29395731347999	0.0959548455565403	0.443000000534727
Eggerthellaceae_species_incertae_sedis__ext_mOTU_v26_17307_	0.486119628337167	0.825622616202687	0.476024853381344	0.813040553548415	-0.24968285730456	-0.506490465778141	-0.126810701569512	0.53605390457316	4.55891619093914	0.0945959738240872	0.451849383988533
Roseburia_intestinalis__ref_mOTU_v25_03702_	0.433346009266906	0.825695813486924	0.392636830179893	0.798518739390927	1.36657378004783	0.908521290759162	1.54965571340119	0.601695787268503	5.35745912799325	0.0957789043151898	0.453848717525014
Coriobacteriia_species_incertae_sedis__ext_mOTU_v26_26765_	0.473584232615061	0.825746461942527	0.470351815068829	0.815113046838521	-0.643887669756004	-0.877705598495828	-0.543710730415214	0.266485824624945	4.45895469399074	0.0539106048502129	0.471333333599641
Faecalibacterium_species_incertae_sedis__meta_mOTU_v25_12331_	0.449495865191732	0.82615522972022	0.358960787998463	0.794706028362789	2.36324332460813	3.00607578243488	2.07323397084824	-0.662177104237275	4.82591318752496	-0.115509564999162	0.440000000563672
Candidatus_Pseudobutyricicoccus_lothianensis__mags_db_all_58_	0.468329612413983	0.826296900096562	0.430136854186317	0.786433115985578	-0.369947588766474	-0.678684794542527	-0.237180078296491	0.475011961136681	4.42739540119043	0.0961951485591802	0.449516828196029
Collinsella_species_incertae_sedis__ext_mOTU_v26_17335_	0.467780904301052	0.826423504431247	0.470709813101645	0.822664281733884	0.22884966297324	-0.187605800324802	0.389186011403111	0.419826026811672	4.50229484916842	0.0818352095039937	0.460846384903015
Alistipes_indistinctus__ref_mOTU_v25_11860_	0.472991149852373	0.827068312128165	0.405827488800707	0.780496779917365	0.221696310900112	-0.121710259172212	0.382332523561803	0.452516918628915	4.52307870386995	0.0881152640987567	0.450666667127947
Collinsella_bouchesdurhonensis__ref_mOTU_v25_03627_	0.487715039349456	0.82728296919716	0.442440562134272	0.796040703864199	-0.253480402459995	-0.66390822353222	-0.074609111339659	0.588925990491507	4.99023547485063	0.106547645785737	0.448517161427831
Butyricicoccus_species_incertae_sedis__meta_mOTU_v25_12617_	0.481670744944428	0.82732805541251	0.504388158156629	0.853995364883983	1.42914788018778	2.21039845097762	1.13711503400449	-0.420684273017604	5.1170328501025	-0.0754070520470465	0.462179273927447
Eggerthella_sp___ref_mOTU_v25_03631_	0.480684747314739	0.827985022944644	0.497290169838971	0.828620532808246	-0.978840631309703	-0.848407480824292	-1.03341355185839	-0.309910578964727	4.69209091428235	-0.0590789507141374	0.469666666948569
Bacteroides_sp___ref_mOTU_v25_03475_	0.459305251207322	0.829110139531203	0.571268050505983	0.878545495921317	2.24098040883666	2.39650331902663	2.16542930041096	-0.202931606337227	3.313748562524	-0.0559365538451476	0.474333333571616
Flavonifractor_species_incertae_sedis__ext_mOTU_v26_16369_	0.469969655619517	0.829220217359966	0.483106800429184	0.824909190206789	-1.06963522732875	-1.13179255823227	-1.04440171832959	0.0586145521175894	4.33879192833288	0.0135289530962901	0.493000000064827
Prevotella_sp___ref_mOTU_v25_03648_	0.481513325540673	0.829732235540571	0.533017570106643	0.848357803758892	-0.914070141589249	-0.862126361923107	-0.938475070460996	-0.427837040726109	6.0772523135269	-0.0628373775356593	0.46784405228145
Lachnospiraceae_species_incertae_sedis__ext_mOTU_v26_17479_	0.511045062941076	0.830278797092727	0.521799548336404	0.83551463717298	-0.430515518443871	-0.246226033528262	-0.507025702920624	-0.180979388003805	3.88822680889037	-0.0406803967767657	0.475333333562286
Faecalibacterium_species_incertae_sedis__ext_mOTU_v26_26928_	0.511836145895202	0.830550359257882	0.491150255862256	0.81962118507196	-0.883765580772236	-0.701677769098418	-0.965200582924512	-0.297037695331479	4.47549686641483	-0.0612938670219203	0.470000000278781
Clostridiales_species_incertae_sedis__meta_mOTU_v25_12690_	0.488785548591932	0.830828738013649	0.460990425532191	0.814646589627662	-0.680813876460782	-0.42551494741203	-0.786011890212162	-0.487047124167458	4.9892989349524	-0.0913956055876336	0.454000000429562
Christensenella_minuta__ref_mOTU_v25_06399_	0.48295786776248	0.830970495826765	0.461819510065393	0.803117288223177	-0.852165771721682	-1.05485340913555	-0.760718811844704	0.333371829013735	4.17940840531086	0.0641710395113747	0.467000000306892
Clostridiales_species_incertae_sedis__ext_mOTU_v26_16398_	0.49726064316103	0.831025456364832	0.542632979819497	0.849954064854878	-0.866746562285559	-0.728047321479345	-0.939653815268611	-0.172989052924397	4.34550039983282	-0.0320765096702192	0.481506164783156
Flavonifractor_plautii__ref_mOTU_v25_05238_	0.479793440907809	0.831277287716189	0.459625335826817	0.811269389135684	0.667703911554131	0.549625250855961	0.737806452267139	0.304635055660884	3.60597811078551	0.0684051387526314	0.463666667004872
Clostridium__spiroforme__ref_mOTU_v25_11181_	0.491795511666418	0.83184229651068	0.469404224187735	0.804386318428275	-0.671434664693368	-0.906111760027723	-0.548875635384099	0.317195584590578	4.21604685425876	0.0612371472037194	0.466177941000835
Acinetobacter_sp___ref_mOTU_v25_03673_	0.488473824871768	0.83190156533749	0.483635982342231	0.820496510971078	-0.788949833093306	-0.918272453520488	-0.720854232344767	0.358772141793718	4.67362763045775	0.0697513143867402	0.463333333674675
Alistipes_species_incertae_sedis__ext_mOTU_v26_26506_	0.498033548614055	0.83218658288222	0.532277924668242	0.843654421701796	-0.94058941798825	-0.893932308041014	-0.961289500920016	-0.111012985268175	4.64653686601659	-0.0195315996686639	0.48983672118705
Clostridiales_species_incertae_sedis__meta_mOTU_v25_13486_	0.464104280905743	0.832393818190647	0.451001510909126	0.810087220711646	-0.280537682963033	-0.571005519958661	-0.160199647756497	0.531694700477038	5.99243867612604	0.0829233155527959	0.459180273622496
Clostridiales_species_incertae_sedis__meta_mOTU_v25_12587_	0.522419122617956	0.832782828009402	0.534245028009663	0.842762284840152	-0.27626245102242	-0.12078787438999	-0.346129201853033	-0.307507384271346	4.41781481889886	-0.0566479226630234	0.467510830025326
Bacteroidales_species_incertae_sedis__meta_mOTU_v25_13203_	0.500996134530968	0.833014257166175	0.485323484618289	0.814533268128413	-0.869623404237229	-1.09604086712938	-0.769156250449602	0.311079523378662	4.12771442594068	0.0642293231828359	0.46500000032567
Clostridiales_species_incertae_sedis__meta_mOTU_v25_14425_	0.495311537775247	0.833780502182531	0.546351713464645	0.853114186782915	0.532670150180462	0.674546291240099	0.467709123581173	-0.285122130543701	3.99000369932821	-0.0554337570389869	0.468177274537575
Provencibacterium_massiliense__ref_mOTU_v25_10126_	0.500475856525944	0.834211062365766	0.500333464940628	0.821915626247635	-0.763116324227145	-0.84359949774825	-0.726031642891342	0.150449099040143	4.07890239095663	0.031173980245666	0.481666666836648
Clostridia_bacterium_UC5_1_2E3__ref_mOTU_v25_09093_	0.517009454510259	0.834381244787557	0.49063275112381	0.820097648637449	-0.632630907802049	-0.790665732513961	-0.550722848959539	0.163399548187885	4.25132515007825	0.0384751181003622	0.47766666687387
Clostridiales_Family_XIII__Incertae_Sedis_species_incertae_sedis__ext_mOTU_v26_17436_	0.514574680165232	0.834454745920433	0.589678502891938	0.86914118330642	-0.0756024434164324	0.0482776392472459	-0.130116160222132	-0.124867329935538	4.01295022069031	-0.0269107339411602	0.485333333469252
Clostridiales_species_incertae_sedis__meta_mOTU_v25_12755_	0.512113719460269	0.835233281098239	0.546838830985168	0.850070180255899	0.177883903800187	0.542234258471399	0.00980052948529853	-0.328812951308996	4.82914171685857	-0.0642986113524071	0.471333333599641
Adlercreutzia_equolifaciens__ref_mOTU_v25_08094_	0.508088341177128	0.835244617832095	0.595321574236992	0.879298998074498	1.19053200099379	1.36674517298396	1.09815512658431	-0.183349255930643	3.54999050895411	-0.0413840941434164	0.479333333525019
Clostridiales_species_incertae_sedis__meta_mOTU_v25_12256_	0.488731754570222	0.835568065764221	0.485104339209313	0.825880575509909	-0.409083808249344	-0.649618875930364	-0.301693033815174	0.374407664206067	4.50785394379413	0.0754809969668502	0.462666667014284
Clostridiales_species_incertae_sedis__ext_mOTU_v26_26505_	0.514025264606668	0.835742569817539	0.516436333130366	0.836332751708301	-0.0742402204725021	-0.101164414838762	-0.0594612370298826	0.207266259126888	3.82311721222067	0.0451394924102207	0.474333333571616
Ruminococcaceae_species_incertae_sedis__ext_mOTU_v26_16202_	0.506222140826974	0.836039000839731	0.486203068170016	0.816190839368477	-0.873895423716667	-1.02076806511551	-0.807570898767132	0.349138802223328	4.2404915268855	0.0701474552824694	0.462512496183558
Clostridiales_species_incertae_sedis__ext_mOTU_v26_26617_	0.506680876252036	0.836414944539344	0.500093524173668	0.833336956358884	-0.237149162077679	-0.359752867936007	-0.168415027973611	0.330886866299255	4.20545110326946	0.0700526807641695	0.461666667023704
Ruminococcaceae_species_incertae_sedis__ext_mOTU_v26_17317_	0.511794356062085	0.836544787598732	0.525145742943053	0.846416541373849	-0.754628997774043	-0.687270828618844	-0.78263451663222	-0.0666370274254779	4.21491692602153	-0.0140448107632429	0.491502832467851
Clostridiales_species_incertae_sedis__meta_mOTU_v25_12253_	0.46819997404098	0.836802306844902	0.462313819241879	0.831274598372901	1.76005869807478	1.5123625044622	1.88595406492889	0.513275772390349	5.39957065466248	0.0891831195990832	0.45651449557372
Barnesiella_intestinihominis__ref_mOTU_v25_03595_	0.48820595253306	0.836955671407562	0.671892264272014	0.916325037109935	3.15482029823559	3.17767935527968	3.13520417871344	-0.156360280725707	3.23697178303705	-0.0395368341220109	0.476507830940949
Clostridiales_species_incertae_sedis__ext_mOTU_v26_26949_	0.504586579255282	0.837321189200874	0.499131963958431	0.831636936670136	-0.632166759283288	-0.891337228113481	-0.519406740819274	0.205653723490044	4.62473066652677	0.0430529820020924	0.478666666864558
Clostridiales_species_incertae_sedis__meta_mOTU_v25_13659_	0.51642343391403	0.837465367308809	0.518709655868415	0.838875258570406	0.0294848769522158	0.263346145150321	-0.0715229762056993	-0.331314250608001	4.27535925161313	-0.071464550501303	0.463666667004872
Clostridiales_species_incertae_sedis__ext_mOTU_v26_17903_	0.503279649079627	0.837862453384473	0.52910456877453	0.841312778854179	-0.987882655884603	-0.905561245571359	-1.009833274056	0.00112636343587535	4.27471580081548	0.000220841270101206	0.499666666669753
Bacteroides_species_incertae_sedis__ext_mOTU_v26_26380_	0.49911606247586	0.83797953240219	0.524289027513205	0.842600447587475	-0.742041509601626	-0.619217184986153	-0.811681350738611	-0.20091472089076	4.20469746194712	-0.0415647334362678	0.47750749770938
Faecalibacterium_species_incertae_sedis__ext_mOTU_v26_26377_	0.50415940179115	0.838012527923295	0.522166930037017	0.842885887706839	-0.901706361166606	-0.960217668129277	-0.873919558577313	0.0772887451439255	4.71326214575208	0.01450533107088	0.491169610211691
Oscillibacter_species_incertae_sedis__ext_mOTU_v26_17930_	0.518968515435714	0.838119783852568	0.544848202559463	0.853151277123657	0.562948660294242	0.684129269004081	0.509237461062098	-0.135081389252158	3.23485584302079	-0.0316294232448238	0.484333333478538
Bacteroides_finegoldii__ref_mOTU_v25_03474_	0.511764374764843	0.838651615560031	0.546409502783069	0.855381154728204	-0.411053054855269	-0.266696755727611	-0.470383728282453	-0.239171350220371	4.86301853898422	-0.0448112581368435	0.475841386428663
Clostridium_sp__CAG_167__ref_mOTU_v25_07613_	0.519923139821252	0.838883755747256	0.534012723357335	0.852623196062325	-0.337023928589151	-0.163147332283466	-0.405776819167599	-0.298023274375508	4.62614583924121	-0.0623194718459807	0.473508830635685
Eisenbergiella_tayi__ref_mOTU_v25_03446_	0.502977098678195	0.838936206575134	0.506449762300769	0.833300408608422	-0.830148318545527	-0.993800292915884	-0.761995216687499	0.231761421306224	4.26467781465774	0.0482977271537705	0.47484171966024
Clostridiales_species_incertae_sedis__ext_mOTU_v26_17600_	0.52138780917334	0.839086626288806	0.551536680272097	0.850504555456803	-0.278871364438788	-0.29705266993559	-0.270082134512035	0.0493800706911536	4.1850552872208	0.00912228435358389	0.493333333395073
Clostridiales_species_incertae_sedis__meta_mOTU_v25_14315_	0.525475720383747	0.839303615087378	0.552955627937385	0.855462066723926	-0.350288429851759	-0.248147696837123	-0.404915962967964	-0.145100128730353	4.37822549948866	-0.0295443586425202	0.485171609600841
Ruminococcaceae_species_incertae_sedis__ext_mOTU_v26_17811_	0.524300332887381	0.83948954345311	0.569863819866066	0.856105799158183	-0.825988095814904	-0.715380132941519	-0.88114278044746	-0.226381531540853	4.33834474944941	-0.0451240388343917	0.476841053197092
Actinobacteria_sp___ref_mOTU_v25_01911_	0.479190349179615	0.839676315561706	0.469837591381399	0.813205862678172	0.445821498440086	0.249329885694523	0.528801695491437	0.294060308415586	3.29733821977828	0.0730487900908932	0.459666667042569
Oscillibacter_species_incertae_sedis__ext_mOTU_v26_18067_	0.505912487637048	0.839848788349441	0.529862687246092	0.849617591092074	-0.621940890213019	-0.522906958534801	-0.665943710339923	-0.179308698035399	4.54474121728981	-0.0331703533131573	0.48100000017618
Clostridiales_species_incertae_sedis__ext_mOTU_v26_17908_	0.534278563848407	0.84000663338037	0.556832920564559	0.853600466278342	-0.36290404539667	-0.205362964136428	-0.463519760753117	-0.0601052328981222	3.9375133166957	-0.0113083505317005	0.492502499236335
Ruminococcaceae_species_incertae_sedis__ext_mOTU_v26_18070_	0.509040776272166	0.840083955262179	0.545415803545476	0.85291217408858	0.258712904586157	0.141914370281419	0.296889383706497	0.209526035262187	3.87009687188466	0.0427434845010177	0.473175608379548
Faecalicatena_contorta__ref_mOTU_v25_03445_	0.521134337109874	0.840194177224444	0.493093602194747	0.825287574684001	0.0548699298503204	-0.254130294793858	0.178757308704458	0.273036426951843	3.89717066291895	0.057280825358665	0.469666666948569
Lachnospiraceae_species_incertae_sedis__ext_mOTU_v26_16248_	0.501426750321738	0.840592258756487	0.657233378703648	0.900587446416185	2.07287515477635	2.11090814762467	2.04592517524708	-0.0739520455851732	2.55788545865445	-0.0214316622993663	0.484505165088531
Eubacterium_sp__CAG_38__ref_mOTU_v25_07679_	0.49899281555746	0.840730141564051	0.474171776517646	0.835803750531999	0.911454633940952	1.14072125062396	0.815946868673674	-0.451690610647631	4.74076666035938	-0.0826721141359408	0.453666667099395
Oscillibacter_species_incertae_sedis__ext_mOTU_v26_26586_	0.515022746553544	0.840912883392133	0.540260731800533	0.840872317359372	-0.868883509752187	-1.01071313997699	-0.806276054858079	0.158990980191182	4.26399005242183	0.031456025886549	0.484505165088531
Parabacteroides_merdae__ref_mOTU_v25_05401_	0.456789062378376	0.840918543019104	0.502907442915927	0.857739228573114	2.99810964130289	2.89522829852063	3.03706647780078	0.355569338666589	3.91285747051672	0.075045115100944	0.456666667070938
Eubacterium_sp__CAG_156__ref_mOTU_v25_07673_	0.505294188139596	0.842196751890722	0.485895115525136	0.820076344278155	-0.600293345351611	-0.714148501633544	-0.551438637548149	0.240858006346975	4.19592728921404	0.0518468726442763	0.471666666929857
Christensenella_massiliensis__ref_mOTU_v25_10002_	0.515477158900992	0.842374225810419	0.512396837333408	0.835495163648851	-0.314055006955734	-0.488735960728358	-0.230159454559934	0.2356098714403	3.92961554296969	0.0526346739316499	0.472509163867276
Clostridiales_species_incertae_sedis__ext_mOTU_v26_26501_	0.505091319893779	0.842609327625849	0.46598849382254	0.81652660370747	0.0918677496738542	-0.0682547022494857	0.149405635328478	0.241127996101097	4.01142250922633	0.050521012281036	0.472333333590293
Firmicutes_bacterium_CAG_341__ref_mOTU_v25_07738_	0.538873233184252	0.843608186234648	0.544439799917432	0.844433215943047	-0.82665549501481	-0.672084771039627	-0.880155557772335	-0.276823287639641	5.30564282235282	-0.0447805674693102	0.478173942221671
Candidatus_Flemingibacterium_merdigallinarum__mags_db_all_110_	0.530377865590292	0.843686326079645	0.482894072148347	0.815586415989484	-0.753911185488469	-0.88768660812888	-0.699559264743668	0.148764192528183	4.10506075281029	0.0316305310096424	0.481333333506414
uncultured_Eubacterium_sp___meta_mOTU_v25_13514_	0.504734568328984	0.843778826853754	0.73234307667909	0.936133394346215	2.8799189072565	2.88270015180554	2.87689920187399	-0.00459735911822001	2.42857313128903	-0.00191029256363851	0.498833722103427
Lachnoclostridium_species_incertae_sedis__ext_mOTU_v26_16281_	0.503556589217885	0.843866438514914	0.503166673035916	0.823525164895191	-0.845717138955459	-1.07322639917759	-0.75577336085843	0.380460614842085	4.11573889949745	0.0773103177159521	0.458000000391653
Clostridiales_Family_XIII__Incertae_Sedis_species_incertae_sedis__ext_mOTU_v26_17501_	0.534955289715829	0.844001550392245	0.61193395914861	0.88258016959951	1.24029886319435	1.30117551435895	1.20797413888416	-0.103601221990312	3.54928159225576	-0.0245708315166278	0.486000000129731
Clostridium_phoceensis__ref_mOTU_v25_08865_	0.504288498605626	0.844189070114527	0.505178626743331	0.851782652556438	2.18721901084154	2.37151722182736	2.0982500971691	-0.322434976273685	3.40657589733987	-0.0767499637376222	0.461000000363322
Azospirillum_sp__CAG_239__ref_mOTU_v25_07592_	0.514514519306781	0.84432896817468	0.481177380697106	0.814756332465704	-0.626104335499917	-0.927047629816134	-0.488396025893711	0.423696857559396	5.36116261514771	0.0691575464523938	0.463666667004872
Pseudoflavonifractor_species_incertae_sedis__meta_mOTU_v25_14283_	0.506964407319949	0.84448740929777	0.528320813709626	0.843474539096629	0.474980495065119	0.328539830297298	0.539755584384018	0.183925780944006	4.13790277900973	0.0367969635998183	0.47484171966024
Clostridiales_species_incertae_sedis__meta_mOTU_v25_13922_	0.522796131199177	0.844775488540897	0.514879566110466	0.837374926157513	-0.743900425582311	-0.900509066268384	-0.660630762837938	0.426030317334322	4.84297205518249	0.0797278386960466	0.463512162951896
Sutterellaceae_species_incertae_sedis__ext_mOTU_v26_17688_	0.518941608047202	0.845783266360559	0.477975061569319	0.816306070658451	-0.288263442998777	-0.492333096815914	-0.195800600032902	0.476725923285554	4.44807464634232	0.0961040889546634	0.452666667108901
Fusicatenibacter_saccharivorans__ref_mOTU_v25_02680_	0.494796017617434	0.845814482553862	0.466002930314509	0.8440121054114	2.76476722853402	3.24108904803237	2.5184994463194	-0.525263307068851	5.94543022935892	-0.0836493912670263	0.454000000429562
Ruminococcaceae_species_incertae_sedis__ext_mOTU_v26_17318_	0.522198083030015	0.845839029941561	0.525753827229454	0.841373963806271	-0.954228124697841	-0.981022137695619	-0.943186944285535	0.113534073162316	4.19296764158064	0.0232416967971972	0.488503832162413
Clostridium__asparagiforme_lavalense__ref_mOTU_v25_06317_	0.530725498807524	0.846169290143972	0.509676622035563	0.829947741582317	-0.584642569236184	-0.738834452922278	-0.505138740824356	0.213683370717034	4.24126735422964	0.039960240515066	0.47484171966024
Ruminococcus_sp___ref_mOTU_v25_03681_	0.515012596008997	0.84634656288755	0.55761079615778	0.860118038869578	0.550552274222778	0.969290081837787	0.362924152781057	-0.261934922278671	4.68609744969111	-0.0487226950468738	0.476333333552961
Desulfovibrio_species_incertae_sedis__ext_mOTU_v26_16415_	0.51956896001672	0.846657540032364	0.537379805842982	0.856581353011025	0.0747246574245768	0.168038444889455	0.0198160930903413	-0.0548634867732893	4.02944662553454	-0.012370095577536	0.493835388260983
Lachnospiraceae_species_incertae_sedis__ext_mOTU_v26_17986_	0.511762253651657	0.846801838719766	0.494743818954385	0.825371705916092	0.207350745847751	-0.0114677594268544	0.308149639283505	0.374446757336588	4.1240274656134	0.0729602940406328	0.457000000401115
Oxalobacteraceae_species_incertae_sedis__ext_mOTU_v26_17454_	0.512412584341751	0.846895856218932	0.566532465506414	0.864537465458612	-0.0949911363835447	-0.163122720646871	-0.0653324139477363	0.143827419747199	4.11779637028581	0.0279543755464589	0.4840000001483
Clostridiales_species_incertae_sedis__meta_mOTU_v25_12327_	0.522031668815654	0.846915061111963	0.524312300156703	0.853793622019485	0.597861934891144	0.796728031075302	0.524503324820476	-0.513995024831062	5.42300809183498	-0.0877199769596438	0.453848717525014
Bacteroides_species_incertae_sedis__ext_mOTU_v26_18052_	0.517732828888997	0.847344488552781	0.546418926746915	0.854917088814617	0.142553998921951	-0.152882312517153	0.275634596172494	0.275519411921671	5.0060998689843	0.0486467576841125	0.477000000213414
Firmicutes_species_incertae_sedis__meta_mOTU_v25_12744_	0.512406164181612	0.847444259468546	0.532170048332409	0.843539436257218	-0.921230985717459	-1.06438173993023	-0.8418198226403	0.170067873275038	4.51598925322485	0.0305991872587091	0.485333333469252
Mogibacterium_species_incertae_sedis__meta_mOTU_v25_12290_	0.533141843184866	0.848443684035355	0.569183257965005	0.856647732596205	-0.995825725242559	-0.836812190395348	-1.0748133774707	-0.229864765893806	4.18437693709481	-0.0445591242269334	0.475000000232062
Clostridiales_species_incertae_sedis__ext_mOTU_v26_17948_	0.523411723144059	0.848459900184747	0.53004983986709	0.840907642930749	-0.900981442899185	-1.06175230895457	-0.834804827133667	0.208322142388362	4.17128785724238	0.0444934965863077	0.475333333562286
Clostridium_species_incertae_sedis__ext_mOTU_v26_17404_	0.536924062192905	0.848600998413464	0.530038743587496	0.843958662096236	1.22949164515328	1.44252200020544	1.11664361203192	-0.231030709829371	3.08549949123154	-0.059000189861464	0.468000000297515
Clostridiales_species_incertae_sedis__meta_mOTU_v25_13749_	0.51189669745435	0.848954240411652	0.539188026309688	0.852986814856597	-0.673903283427099	-0.637819651764421	-0.694338696508202	-0.119182852184923	4.32171407915365	-0.0243434675362232	0.487837387650096
Clostridiales_species_incertae_sedis__meta_mOTU_v25_13202_	0.517310599352998	0.849145941061052	0.552144533634461	0.855913545372866	-0.605414531694429	-0.532932642066459	-0.637175658350571	-0.0450000717627361	4.71077001954286	-0.00846138816829078	0.495168277285632
Rikenellaceae_sp___ref_mOTU_v25_03593_	0.52680336718458	0.849287352120515	0.542794928430668	0.855072906776357	-0.410688603048867	-0.301500319772617	-0.45881104370981	-0.318292781943835	5.17031860840775	-0.0620196633216053	0.470176608074345
Parabacteroides_species_incertae_sedis__ext_mOTU_v26_26689_	0.524134939941834	0.85029348540421	0.530051213964944	0.847148466676965	-0.493410395963594	-0.306978037447055	-0.567696140099399	-0.286146924841451	4.90343626559379	-0.0494367561112471	0.478666666864558
Ruminococcaceae_species_incertae_sedis__ext_mOTU_v26_16294_	0.536163546116255	0.850332473763557	0.558345831521721	0.855211439783233	-0.0670073244335061	-0.11694702444766	-0.0429115839274044	0.0106222365098514	3.50268577450009	0.00274149455689505	0.498500499847264
Blautia_species_incertae_sedis__ext_mOTU_v26_17669_	0.528198239308516	0.850338937352161	0.537012389391588	0.849001507467003	-0.836695545804873	-0.946335573042039	-0.781072846394921	0.141952169546102	4.25360925336401	0.0310444602373762	0.484666666808775
Clostridiales_species_incertae_sedis__meta_mOTU_v25_13304_	0.519744554205072	0.850562575333989	0.498388829758687	0.839385803894735	-0.680818421541042	-0.912091952136278	-0.583514814614865	0.160475412520215	4.38922268872453	0.0333482385467246	0.482172609295459
Collinsella_species_incertae_sedis__ext_mOTU_v26_17637_	0.529019169650594	0.850732917769949	0.536051857296162	0.851526075417877	-0.889631021687106	-0.997365940188878	-0.843150427120634	0.129255790737846	4.49373694026189	0.0237092503465816	0.486504498625466
Bifidobacterium_pseudocatenulatum__ref_mOTU_v25_02700_	0.533549634180633	0.850943083204295	0.512148389959529	0.839391964525295	-0.149794158492267	-0.406925829039265	-0.0238011293854399	0.438667688656416	5.3444970863495	0.0721106579611963	0.460513162646909
Clostridia_species_incertae_sedis__meta_mOTU_v25_14185_	0.538542543708027	0.850997947249422	0.508733894925751	0.830332897992604	-0.794064894759099	-0.643963373608001	-0.862641755040892	-0.229086936495088	4.73499163731385	-0.0387374939213187	0.480173275758556
Clostridiales_species_incertae_sedis__meta_mOTU_v25_12434_	0.532374584347128	0.851111186237132	0.543774214257197	0.85718018503803	-0.436402676880893	-0.380349983717071	-0.470100577098917	-0.0807209377725373	4.54080850970344	-0.0162516852021853	0.493666666725318
Eubacterium__eligens__ref_mOTU_v25_02375_	0.531378858971292	0.852218295112111	0.571716845033512	0.8693836086361	-0.504174918609077	-0.522227809919763	-0.497233011011792	-0.047990363994006	4.49658804683885	-0.00798640499113982	0.494666666716055
Clostridiales_species_incertae_sedis__meta_mOTU_v25_13390_	0.514853766905468	0.852536911579046	0.505667227443411	0.841314131003456	-0.104236695172204	-0.500991853944515	0.0650793097529849	0.446397944254378	5.99255045128413	0.0710890768016862	0.46400000033507
Clostridiales_species_incertae_sedis__meta_mOTU_v25_12351_	0.535482493158517	0.852667300976748	0.588895180994938	0.872017654188648	0.228626139303002	0.399229354848388	0.141020466378778	-0.128679365724789	3.91975136269297	-0.0267068967295992	0.484171942832377
Clostridium_species_incertae_sedis__meta_mOTU_v25_12399_	0.521215950211036	0.852745271091781	0.576320570755226	0.874587035418527	0.263651397105471	0.466625872760564	0.174677573893862	-0.254478832716353	4.08129364801537	-0.0536656778495118	0.469333333618356
Clostridiales_species_incertae_sedis__meta_mOTU_v25_13923_	0.545507433887305	0.852994460840228	0.570392644826177	0.86350864896596	-0.676186112377375	-0.512982719117032	-0.758297221488121	-0.188867905594584	4.25541165957584	-0.0349767213385724	0.480173275758556
Clostridiales_species_incertae_sedis__meta_mOTU_v25_12887_	0.534993836771933	0.853085403975126	0.535328854783054	0.852220882420778	-0.636720717463629	-0.506307362186033	-0.684522441550156	-0.182178409823824	4.75140792113848	-0.036820388242088	0.483505498320069
Oscillibacter_species_incertae_sedis__meta_mOTU_v25_12353_	0.517368834720345	0.853164489041655	0.453288422925063	0.809605056888325	-0.0878601498465725	-0.544999767199487	0.130178562424904	0.487983093973372	5.71077498321388	0.0815363809477107	0.459333333712384
Intestinimonas_massiliensis__ref_mOTU_v25_02970_	0.534126496443044	0.85322968701496	0.506517576163626	0.83352762223184	-0.759427687213224	-0.925393926326401	-0.664972813399558	0.232362525502644	4.39393226696663	0.0457229997474607	0.47484171966024
Roseburia_sp__CAG_182__meta_mOTU_v25_12852_	0.539265552238471	0.853640128036378	0.533835707883794	0.846912871698538	-0.404715417733884	-0.563542597194991	-0.333442866366574	0.264668495627382	4.55879545294274	0.0502677487111182	0.472509163867276
Clostridiales_species_incertae_sedis__meta_mOTU_v25_13774_	0.527515414052824	0.853843424027262	0.566779604828642	0.869513691341659	-0.168149340949471	-0.114081562688907	-0.187547221168542	-0.0972653458711701	4.390119999404	-0.0174991871596745	0.489666666762386
Roseburia_species_incertae_sedis__ext_mOTU_v26_17371_	0.529708134353749	0.854006909829969	0.565461696790768	0.859883426419358	-0.103853408312952	-0.421298813251315	0.0249814829175694	0.303255566408351	4.70081693040326	0.0550872706434714	0.471509497098873
Bacteroides_species_incertae_sedis__ext_mOTU_v26_17683_	0.525344224053639	0.854046574252133	0.54362527230505	0.850433869562349	-0.884565809258453	-0.951337219852973	-0.855679730736035	0.139891481133342	4.38088677344575	0.027089419937871	0.48717094313778
Ruminococcaceae_species_incertae_sedis__ext_mOTU_v26_16451_	0.526104987266219	0.854259500295005	0.574848464523522	0.873120608787748	-0.118471547767154	0.034898356148096	-0.185048671022765	-0.0560866417080526	4.27416845663327	-0.0101319381858634	0.495834721797958
Propionibacterium_freudenreichii__ref_mOTU_v25_05391_	0.518268868272994	0.854430529573665	0.516498269536129	0.839687823199961	-0.791841140885025	-0.91102545983156	-0.736134518162449	0.149060666433715	4.37987032609842	0.0281246007905231	0.487333333450693
Roseburia_species_incertae_sedis__meta_mOTU_v25_12537_	0.532015225467581	0.854678349410501	0.543406706076447	0.851525309926943	-0.234648097844302	0.0380292607609167	-0.347150676495938	-0.312204821911021	5.02032373452439	-0.0545600959213932	0.473175608379548
Ruminococcaceae_species_incertae_sedis__meta_mOTU_v25_12789_	0.521988332008548	0.854852970412642	0.555091957066973	0.860865410835032	-0.2126234064652	-0.319450960186524	-0.172620483175471	0.131028868280509	4.34055951320309	0.0276417414356443	0.486504498625466
Clostridium_species_incertae_sedis__ext_mOTU_v26_17323_	0.536063093572868	0.855247066328286	0.605372309903406	0.881342746454474	0.599982439592092	0.596378840840544	0.602607375075587	0.00530895906078399	3.07691363724265	0.00200044113240117	0.499166944359591
Clostridiales_species_incertae_sedis__meta_mOTU_v25_12742_	0.54237881963941	0.855345445218551	0.574411163904795	0.862875539017273	-0.793277043537982	-0.84386040577469	-0.776951612720632	0.0781106633641961	4.21127913487074	0.015320336681376	0.493000000064827
Ruminococcaceae_species_incertae_sedis__ext_mOTU_v26_26976_	0.548458097519169	0.855435414174783	0.545288497661239	0.84311954473405	-0.947769848264194	-0.868284922577429	-0.981010135215689	-0.134587055271824	4.25455045398235	-0.0265504171137692	0.487000000120452
Ruminococcus__torques__ref_mOTU_v25_03659_	0.492164109509465	0.855900043236824	0.411717113578138	0.812665601478186	2.3870108331589	2.1917901142624	2.50522454064702	0.421700080139197	3.95658423158417	0.0903468878002768	0.45351549526893
Clostridiales_species_incertae_sedis__ext_mOTU_v26_28740_	0.546707556810704	0.856065225074644	0.532594408434914	0.847781011743576	-1.0301954179587	-0.915293056449824	-1.07934765257741	-0.0246609390506762	4.379049130652	-0.0042583460903301	0.497666666688272
Clostridiales_species_incertae_sedis__meta_mOTU_v25_13332_	0.543199486688382	0.857807561669861	0.58117261600374	0.868452682782014	-0.0754488853351267	0.107460724046745	-0.13130515875254	-0.175559186559002	4.47666200941237	-0.0327236206653198	0.482666666827354
Clostridiales_species_incertae_sedis__ext_mOTU_v26_16427_	0.564981334637669	0.858101964910832	0.520738954424559	0.833668784320414	0.171922127704276	0.00977136899663744	0.259774257800607	0.270456400700302	3.80406666760401	0.0556990202886203	0.465511496488595
uncultured_Clostridium_sp___ref_mOTU_v25_11611_	0.539663509895808	0.85821175216756	0.559188929065201	0.858914711443922	-0.966617832875438	-1.04729630484527	-0.909356410942561	0.0961436124945081	4.14989548797782	0.0220038350698245	0.49083638795553
Clostridiales_species_incertae_sedis__meta_mOTU_v25_12382_	0.532742074186096	0.85848072093226	0.552773221723356	0.854939531197644	-0.663023627198357	-0.789303441974323	-0.616236436709324	0.102544698987195	4.48269011638813	0.0211384406387787	0.485666666799492
Mediterraneibacter_massiliensis__ref_mOTU_v25_05273_	0.51818976392004	0.858610406719677	0.521208734460036	0.839919937554622	-0.938656631694634	-1.07854438677836	-0.866206565761863	0.296157958142666	4.10913491475003	0.0566384089829449	0.465333333655872
Eubacterium_sp___ref_mOTU_v25_02373_	0.539879322051334	0.858731816141088	0.559816302249947	0.862478061318792	-0.507821324859144	-0.575951493540168	-0.487483036879411	0.0895789653528212	4.12281987120481	0.0169865342536227	0.49350216600482
Actinomyces_sp__ICM39__ref_mOTU_v25_01912_	0.534749816245821	0.858739269040751	0.535045276306973	0.843831387624644	-0.745872824573231	-0.780471708512342	-0.733082234019019	0.052980259765059	4.11413624870871	0.0108071854280612	0.493835388260983
Clostridium_species_incertae_sedis__ext_mOTU_v26_23670_	0.547252517988095	0.858817300790654	0.554189621621585	0.856764585225322	-0.881835224894485	-0.872004178492943	-0.88699951761942	-0.0747416442011168	4.25414580166064	-0.0147417062473692	0.491836054724012
Coprococcus_eutactus__ref_mOTU_v25_02378_	0.514942533078191	0.858914001355973	0.504171680019849	0.842268882262681	0.717180372750836	0.0830286705033449	0.969281750890747	0.597243053835533	6.99326447188718	0.0841511907690548	0.465178274232476
Clostridiales_species_incertae_sedis__meta_mOTU_v25_12323_	0.564983314576358	0.859383138730822	0.593841270539968	0.868817954924972	-0.307797167530042	-0.0979902691529864	-0.400548409294509	-0.196100011782844	4.54926476451393	-0.0387662277478374	0.480333333515715
Clostridiales_species_incertae_sedis__meta_mOTU_v25_12691_	0.544663967667126	0.859495344525917	0.58122584459039	0.873928544578625	-0.53432302556572	-0.433701493284912	-0.565482264365238	-0.246222766921363	5.11488181868696	-0.0447080712875501	0.477000000213414
Clostridiales_species_incertae_sedis__meta_mOTU_v25_13168_	0.529904049796723	0.859728636109558	0.393233628420945	0.796593720477214	1.92884081096365	2.38200524888366	1.77226926395571	-0.409033513462103	3.88499587000296	-0.0837086741667567	0.449333333807337
Clostridiales_species_incertae_sedis__ext_mOTU_v26_17847_	0.53577058717053	0.860295525079463	0.545372040573852	0.85141114576845	-0.585584886432719	-0.721319856025464	-0.513839144372069	0.184664492877073	4.25933742200158	0.0370063984293352	0.47966666685525
Oscillibacter_species_incertae_sedis__ext_mOTU_v26_16336_	0.547268760690113	0.860684253974017	0.534277678728969	0.853891409463466	-0.223661808034369	-0.320845297854421	-0.169864706679059	0.123460596847535	4.09686440574164	0.0281533729863803	0.484666666808775
Ruminococcaceae_species_incertae_sedis__ext_mOTU_v26_26965_	0.539377511523792	0.860842673393514	0.543014789438628	0.855399581004958	-0.892392803756021	-0.88413663055051	-0.897246522466155	0.00719531016949837	4.2191269381027	0.0020731159955607	0.499166944359591
Clostridium_species_incertae_sedis__ext_mOTU_v26_17403_	0.540661260847206	0.861152913145675	0.549252623923048	0.86145921630411	-0.863829215229437	-0.949345978806891	-0.829647220966781	0.0388730057544127	4.41180208321324	0.00740345050147531	0.494666666716055
Parabacteroides_johnsonii__ref_mOTU_v25_05400_	0.54835691988034	0.861377706524148	0.566555517429155	0.869789151543519	-0.369611856696178	-0.301947715649324	-0.403861395850618	-0.191960054525348	5.00053995651464	-0.0300941687637494	0.484171942832377
Clostridiales_species_incertae_sedis__ext_mOTU_v26_26621_	0.547007134010561	0.861532627127671	0.587393589995293	0.88003954858502	-0.295324963090692	-0.304800869861491	-0.292605408118885	-0.151274310366317	4.7748546707803	-0.0264162887515171	0.486504498625466
Clostridium__citroniae__ref_mOTU_v25_04828_	0.54120657497324	0.862564491247822	0.569596533761417	0.86636195302051	-0.457569935260617	-0.53031708564666	-0.421817328817651	0.145819643919585	4.13465689410382	0.0328030677216251	0.481666666836648
Dialister_invisus__ref_mOTU_v25_03691_	0.532004470700716	0.863044935555725	0.525085507367918	0.853162814120375	0.673128695147905	1.20831604762035	0.508819835843896	-0.463445757730261	7.42622819114778	-0.0603560371591238	0.46384538520801
Sutterella_species_incertae_sedis__ext_mOTU_v26_26637_	0.555394157689646	0.863536479731448	0.576560763062313	0.864506236588492	-0.796659018436777	-0.890009496695562	-0.7598423787428	-0.160799392481999	4.76994160794957	-0.0286395876254975	0.488170609906254
uncultured_Clostridium_sp___ref_mOTU_v25_11606_	0.538502451171519	0.863873583522403	0.592754766019568	0.88010227867792	0.110593936767799	0.155455637665926	0.0916611768717557	0.025063126399516	3.75492172529061	0.00403927531369646	0.498000000018518
Bacteroides_plebeius__ref_mOTU_v25_05069_	0.541827672840109	0.864782975369401	0.508098743245252	0.829422088328707	-0.305724405080935	-0.708909833754638	-0.115063953800079	0.731003204374012	6.56709676135697	0.102256755633959	0.450666667127947
Clostridiales_species_incertae_sedis__meta_mOTU_v25_13115_	0.542040919145029	0.86485987875375	0.595273212651041	0.884226608435945	-0.366703006181251	-0.371063975929239	-0.364796160138875	0.00209984475183944	4.19150719480519	0.000370410090179548	0.499500166615755
Clostridiales_species_incertae_sedis__meta_mOTU_v25_12521_	0.562124641081735	0.864914705328925	0.514162525929729	0.856968581375919	1.14789848223844	1.5461114643272	1.01983322463974	-0.593537207210271	5.59172619461542	-0.0956508297229004	0.455000000420069
Alistipes_species_incertae_sedis__ext_mOTU_v26_17843_	0.56629131000161	0.865154840102733	0.606248337064559	0.885284917154983	-0.392669157482276	-0.396978731488592	-0.39231263392965	-0.183142577872364	4.87604188794933	-0.0338148436552011	0.4840000001483
Haemophilus_influenzae_parainfluenzae__ref_mOTU_v25_01068_	0.555694710856028	0.865203709461845	0.567267885061954	0.866875480602448	-0.323616303656472	-0.202198171286545	-0.375407905242471	-0.0372404579124597	4.3345238058755	-0.006827407866289	0.49600000003704
Clostridiales_species_incertae_sedis__ext_mOTU_v26_17995_	0.56036027357981	0.865730114587482	0.526394298046824	0.846665370350454	0.155574342854559	0.0299751837262754	0.20403006213375	0.150651654943668	3.52029006493494	0.0332120391831258	0.482333333497118
Ruthenibacterium_lactatiformans__ref_mOTU_v25_04716_	0.552555129412097	0.865997618357792	0.428820356527565	0.79728535086593	1.33972632740492	1.10891802668592	1.47823182463265	0.370035097183006	3.45773243775654	0.0963331137067082	0.447184272403587
Collinsella_species_incertae_sedis__ext_mOTU_v26_17351_	0.550452096689947	0.866064151371335	0.561458663528142	0.864956047231367	-0.716825154256778	-0.836826183953509	-0.665051276147583	0.0559536015108151	4.6587814096733	0.00958037851048275	0.494666666716055
Ruminococcaceae_species_incertae_sedis__meta_mOTU_v25_13455_	0.54076766236706	0.866323921452098	0.554670361476791	0.852969379156507	0.724478168999124	0.635455359326892	0.76873831281655	0.234605891468632	3.84062821307426	0.048924405622098	0.472000000260075
Clostridium_sp__CAG_7__ref_mOTU_v25_07647_	0.554421458506137	0.866373321997461	0.644609891129541	0.90529903177346	1.50500655816741	1.64372067257764	1.40947960066602	-0.148813818578779	3.57679184367565	-0.0336518071582962	0.483666666818063
Clostridiales_species_incertae_sedis__meta_mOTU_v25_12516_	0.57043616303848	0.866718699350365	0.576291396139649	0.870897728900785	-0.911180302882729	-0.869320659348484	-0.926976219793478	0.0124710290050531	4.88726789908896	0.00205144615560199	0.498666666679012
Romboutsia_timonensis__ref_mOTU_v25_09389_	0.548323240262238	0.866920336568596	0.567040765213719	0.860414238500781	0.0923967036319873	0.0438474235222781	0.114877444338757	0.06661625540898	3.60819800733608	0.0162045996705003	0.490503165699369
Blautia_sp___ref_mOTU_v25_03597_	0.54943738020959	0.866959089273778	0.556106032575267	0.866444544759196	-0.646581279803445	-0.705487562889735	-0.61380133086242	0.0971012951676826	4.7977768890657	0.0185114747252259	0.489170276674731
Ruminococcaceae_species_incertae_sedis__ext_mOTU_v26_17884_	0.571077923090239	0.867194679267245	0.592061788608529	0.868657049767136	-0.464369522270863	-0.445599191138458	-0.47187597469556	-0.0788458101656628	3.97158341087563	-0.0172890929900555	0.492333333404338
Parasutterella_excrementihominis__ref_mOTU_v25_03674_	0.561406667715795	0.867210672191675	0.592152298360029	0.873603469102633	0.305478966987787	0.31782277010008	0.300226952728152	0.112811370346909	4.50276889784914	0.0252807311529646	0.490666666753116
Bacteroidales_species_incertae_sedis__meta_mOTU_v25_12895_	0.546865855415421	0.867483300944975	0.545409264987833	0.858383488615797	-0.787606380871292	-0.875500052889032	-0.734659734563883	0.325016204156788	5.58123959794209	0.0517449422858781	0.472666666920512
bacterium_LF_3__ref_mOTU_v25_03628_	0.561948103285895	0.868229733558131	0.555605494897836	0.86290931412494	0.763545179973225	0.691208388521981	0.795301013239071	0.266053368897379	3.63495011383697	0.0607474564073656	0.466511163256956
Clostridium_species_incertae_sedis__ext_mOTU_v26_17477_	0.558466446518283	0.868249679716846	0.61188925894435	0.888441831029002	0.175578382426706	0.34191803793257	0.099136436362488	-0.0945892717058436	4.07508003042682	-0.020211986672047	0.488666666771659
Bacteria_sp___ref_mOTU_v25_03594_	0.560706563644179	0.868570014300805	0.573836200862245	0.87778045430115	-0.804340160066585	-0.932979974372028	-0.759902932537079	-0.054725524111074	5.28035764042461	-0.00926278796688773	0.49483505502947
Clostridiales_species_incertae_sedis__ext_mOTU_v26_24979_	0.565735401836575	0.869271545659558	0.580372167245434	0.875505496123787	-0.452021466117061	-0.463979872475123	-0.446338517758132	0.101226311234547	4.0941924995357	0.0182802985198485	0.488000000111175
Firmicutes_bacterium_ADurb_Bin467__meta_mOTU_v25_12694_	0.571999622591187	0.869472649421966	0.621842282086806	0.88567917158823	0.205733809306353	0.355317939562751	0.138894107895326	-0.110702927981667	4.04223802686592	-0.0225230682568929	0.485171609600841
Clostridiales_species_incertae_sedis__meta_mOTU_v25_13200_	0.572570488037991	0.869516086762202	0.697142622412194	0.918358238154712	1.71162636242993	1.75910680115912	1.66332689817166	0.019523667794596	3.46234770869938	0.00403431523531717	0.497333333358025
Bacteroidales_species_incertae_sedis__meta_mOTU_v25_12262_	0.567364226163382	0.869585654285153	0.549426402530684	0.853842021620077	1.38118560679844	1.51747631288149	1.32852703443154	-0.224388550106783	3.38960922782706	-0.0524850995546464	0.471333333599641
Lachnospiraceae_species_incertae_sedis__ext_mOTU_v26_16268_	0.572194243933691	0.87051274470419	0.496106245976139	0.831220458857417	0.0160759859884445	-0.202623229190411	0.123103733368456	0.2912432179046	3.78359230751988	0.0676497456154895	0.466511163256956
Ruminococcus_lactaris__ref_mOTU_v25_01595_	0.554340479679327	0.87060880287174	0.576547280686139	0.878816999634773	1.02640105087533	0.972062716155593	1.05421069480982	0.334044001086695	4.75374919698866	0.0591225757839115	0.470509830330476
Anaeromassilibacillus_species_incertae_sedis__meta_mOTU_v25_13295_	0.557010159800444	0.870759807600916	0.578135549003513	0.870791537619803	0.473885383328044	0.33439333434739	0.551345966367037	0.136793808753696	3.57297948076242	0.0292363160147277	0.481172942527005
Collinsella_species_incertae_sedis__ext_mOTU_v26_26711_	0.568825769649562	0.870770834042525	0.587190082173352	0.867727576280707	-0.579473413726601	-0.712698672588084	-0.520037046074274	0.0864731594996977	4.95258098274762	0.0148793999066702	0.49000000009263
Ruminococcus_callidus__ref_mOTU_v25_11153_	0.533406649161489	0.870793475033035	0.570374496596781	0.872270033296782	0.0272432518690708	0.254902405561793	-0.0676201445198092	-0.405796561779503	6.41206564735167	-0.0610164993875672	0.467333333637099
Alistipes_species_incertae_sedis__ext_mOTU_v26_33183_	0.558640380262147	0.871642051501053	0.616345192673157	0.889271003251409	-0.164388931055874	-0.107021905661001	-0.188419173200462	-0.110948181666474	4.49602560623837	-0.0191730096008821	0.49000000009263
Clostridiales_species_incertae_sedis__meta_mOTU_v25_12307_	0.565428724894523	0.871879494207058	0.589526909826736	0.875956859568344	0.0447777397418481	0.0377616610343283	0.0465253231167377	0.0474503014249334	4.28413483361192	0.00693106432297405	0.495501499541795
Firmicutes_sp___ref_mOTU_v25_03629_	0.560040095121368	0.872126964991032	0.563938236664222	0.86993583944696	-0.583681048342249	-0.669241231883393	-0.554619309622869	0.0756739735300584	4.38206718459289	0.0148258354414731	0.491502832467851
Roseburia_sp__CAG_471__ref_mOTU_v25_03598_	0.552781465210602	0.87226735613906	0.547146113217876	0.859090507658633	-0.634539761194873	-0.826838785733136	-0.557901549531101	0.240704089068405	4.91815203972868	0.0425037353139093	0.47566666689251
Clostridiales_species_incertae_sedis__ext_mOTU_v26_17865_	0.558663064865715	0.87259200376674	0.606097362021016	0.879040705534804	0.322334267455092	0.224846327242698	0.358690941455523	0.205867780982478	3.96137535277016	0.0415306673312832	0.476000000222735
Eubacterium_ramulus__ref_mOTU_v25_03570_	0.556445500968089	0.873541752963374	0.565101291118871	0.875330555411479	2.03962511609244	1.9972009473512	2.05585472913011	0.266240126992169	3.67673490224816	0.0587168492653451	0.469176941305957
Alistipes_senegalensis__ref_mOTU_v25_01017_	0.563389552372143	0.874201852237449	0.590997679871149	0.877919261311917	0.182230648547137	0.0361834658254612	0.242260230818369	0.162957803231449	4.14510609295098	0.0367551549276064	0.480333333515715
Clostridiales_species_incertae_sedis__meta_mOTU_v25_12776_	0.56212242483076	0.874441123919357	0.619472563890977	0.891457722598343	0.905041331719545	0.748137191001613	0.971285576834293	0.0748003722891726	3.96088952602344	0.0169925848811286	0.489000000101901
Eggerthella_sp__CAG_298__mags_db_all_15_	0.569077605006958	0.874531804108776	0.614728307549688	0.888802621113418	-0.00772887538553579	-0.00658877558359006	-0.00893295672841354	0.056742929279344	4.80689447021832	0.0113041077891971	0.49350216600482
Roseburia_species_incertae_sedis__ext_mOTU_v26_17394_	0.573106743279204	0.874533793261059	0.586318564425324	0.879631913917661	-0.438153773730058	-0.394511496995153	-0.451374738721699	-0.0279186643408087	4.56442423695812	-0.00482192779195129	0.497834055334936
Clostridiales_sp___ref_mOTU_v25_03605_	0.57505428472411	0.874553327992836	0.530233763920475	0.840870608605667	-0.379655993203177	-0.727808276980741	-0.225689041741169	0.345569019843974	5.9293563918868	0.0533431581711394	0.473333333580951
Bacteroides_stercoris__ref_mOTU_v25_01579_	0.550908828610199	0.87533954157992	0.527772794315587	0.861251705366909	1.53061172742396	1.79781036416462	1.45217896954056	-0.678217689197612	6.38609216061494	-0.0936108269143021	0.458180606854196
Alistipes_finegoldii__ref_mOTU_v25_03682_	0.581087064605714	0.87534576437808	0.498580146048649	0.846610520984699	1.47212705754266	2.02034641517406	1.27886610501737	-0.380327723192613	4.32146698272335	-0.0767614122280784	0.460846384903015
Firmicutes_bacterium_CAG_227__ref_mOTU_v25_07734_	0.573677120129052	0.875397457251684	0.595748199646508	0.87917403968828	-0.662256817049715	-0.617923035047815	-0.688615025808185	-0.0153579915470248	4.6995364023668	-0.00294056637448543	0.4981672775911
Ruminococcaceae_species_incertae_sedis__ext_mOTU_v26_17927_	0.58923151122895	0.875659808904724	0.57654553678424	0.86552104822099	-0.0368901722651813	-0.042559046862185	-0.0319779126836259	0.0338223722627209	3.90069717533246	0.00771315607125028	0.496167944054121
Clostridium_sp___ref_mOTU_v25_03675_	0.588111440789331	0.8759823699383	0.60698247692874	0.885316660327015	-0.580866581289279	-0.573857446476154	-0.584719051280911	-0.0247876382537919	4.28634127255678	-0.00454957203621496	0.496501166310284
Bacteroides_caecimuris__ref_mOTU_v25_03476_	0.601879951303227	0.87599386743928	0.614507256076067	0.885013377875462	-0.210641900095405	-0.0507580641971286	-0.262120208097453	-0.0774294925600438	4.78198246584655	-0.0156749155935415	0.492333333404338
Oscillibacter_species_incertae_sedis__ext_mOTU_v26_17772_	0.572678180636034	0.876444594212288	0.586791575406496	0.873076296285628	-0.237298399792078	-0.469505412478687	-0.141555058636264	0.160439388251489	4.30638746943209	0.0356017129614549	0.479840053502407
Collinsella_species_incertae_sedis__ext_mOTU_v26_28721_	0.584847140738047	0.87644582941421	0.623340440770921	0.890264396115771	-0.00765427546977104	0.0848247055873728	-0.047463279439877	-0.0437259024819596	4.09839297457317	-0.0079551770447396	0.495168277285632
Clostridiales_species_incertae_sedis__meta_mOTU_v25_13165_	0.594286686419652	0.876503746762231	0.595240992429687	0.876642048868516	-0.38576511621581	-0.353088797895426	-0.396591824229378	0.0325041792892344	4.25289168371314	0.0063075632437182	0.497666666688272
Senegalimassilia_anaerobia__mags_db_all_14_	0.581542451722429	0.877088856339017	0.659543396623037	0.9062699015895	0.814811908960147	1.02827191484426	0.741837473016578	-0.0267069876215631	4.48176266528368	-0.00556503179554417	0.496501166310284
Coprococcus_comes__ref_mOTU_v25_03690_	0.563335640858339	0.877126832011467	0.820698820457908	0.958421622606846	4.32171638550538	4.32787112474749	4.31892243902916	0.049130089801571	2.28929321079294	0.0159099036311086	0.49000000009263
Desulfovibrio_piger__ref_mOTU_v25_06282_	0.5762427046955	0.877724926192887	0.596588939463923	0.871925041712023	-0.526917012501039	-0.726739464301827	-0.439936058328067	0.248983173171158	5.45482855424074	0.0447494039755283	0.479506831246259
Bacteroides_faecis_thetaiotaomicron__ref_mOTU_v25_01657_	0.575852077027678	0.878003566410764	0.423338913434156	0.808763236805303	2.15976377671888	1.96894558154446	2.29890776892807	0.342704054722108	3.38392610447085	0.0872097752930542	0.457333333731293
Firmicutes_sp___ref_mOTU_v25_02374_	0.572546773995895	0.878650956984257	0.646663147873045	0.902288959064004	1.05292554165039	0.590104969090713	1.21256155489271	0.355647051887236	4.98776978843104	0.0616650731713751	0.46784405228145
Oscillibacter_species_incertae_sedis__ext_mOTU_v26_16208_	0.568861874633065	0.878662619878997	0.581751894837918	0.876017196388208	0.229737256074989	0.148321263322957	0.271735184660701	0.294187740807126	4.12792893206181	0.0614883890132004	0.470333333608995
Clostridiales_species_incertae_sedis__ext_mOTU_v26_26672_	0.577515480063373	0.87923662615178	0.628870637087746	0.892021637864066	-0.344059345731424	-0.237712474397677	-0.386296808800221	0.0137549965303023	5.03161249605283	0.00227583249725254	0.498333333348765
Clostridiales_species_incertae_sedis__meta_mOTU_v25_12494_	0.573901714633929	0.879548091236979	0.642007605122116	0.899299298453413	0.444783968406544	0.299784113256125	0.501801488587136	-0.00882637839696798	5.07906210447287	-0.00175484460132157	0.498500499847264
Bacteroides_clarus__ref_mOTU_v25_01578_	0.5916386049402	0.879777833404024	0.613493734109498	0.884133217183822	-0.378388127136636	-0.431991653768004	-0.358540207759254	-0.0548390271676569	5.17865014170285	-0.00855824167300745	0.495834721797958
Dorea_formicigenerans__ref_mOTU_v25_03668_	0.560531503087949	0.880041495780385	0.35704453319428	0.772250113521595	3.67764401571201	3.5505392075791	3.76650062067113	0.261926104684156	1.99211553150981	0.110830417144221	0.440666667223896
Eubacterium_species_incertae_sedis__meta_mOTU_v25_12260_	0.580898331514605	0.88050374378459	0.598299858450595	0.883205335725311	0.0811064560637638	0.0735719517583178	0.083354446708551	0.0578999736935515	4.14425745825622	0.0137745312286331	0.493000000064827
Ruminococcaceae_species_incertae_sedis__ext_mOTU_v26_17886_	0.572789855919081	0.880549532834452	0.608311202040643	0.886153672136879	0.523375074937552	0.517020291337541	0.532511810066323	0.171227719616018	4.23197744805101	0.0321320622238961	0.484333333478538
Oscillibacter_sp___ref_mOTU_v25_03341_	0.574954868272533	0.880979168028552	0.601160783124326	0.890938695374295	2.35539883492815	2.60739174421432	2.25948750329128	-0.215785523548644	3.28772313793649	-0.0563504331755342	0.473666666911172
Alistipes_shahii__ref_mOTU_v25_01014_	0.56407603962321	0.881188075724468	0.619336109585144	0.90521254866344	4.08237835570845	4.13033542247106	4.06429037537977	-0.254063922354516	3.81851602972202	-0.0577270088712317	0.46500000032567
Firmicutes_bacterium_CAG_114__ref_mOTU_v25_07728_	0.581739699520729	0.881260232816402	0.620711703034047	0.899053835960669	0.820753430577562	1.36025779537093	0.639206961506112	-0.307550906355212	5.62676095578719	-0.0481546895766489	0.477174275453235
Akkermansia_muciniphila__ref_mOTU_v25_03591_	0.560612622482914	0.881295008715626	0.59034357201224	0.884597602520195	0.87380314667485	1.26254638467669	0.690738541761247	-0.458317419481143	6.14351231791801	-0.071783566482795	0.466844385513078
Clostridiales_species_incertae_sedis__ext_mOTU_v26_26664_	0.585871950877229	0.881483574563189	0.62687823603592	0.894902761556214	-0.477336958458999	-0.466583168582381	-0.482202451652696	-0.000782976048466111	4.19254067449695	-0.000151247076657545	0.5
Methanobrevibacter_smithii__ref_mOTU_v25_03695_	0.578063917138282	0.882250385789319	0.631784845974595	0.894188730469846	0.378238638198395	0.300542284895328	0.413808002502916	0.0359250357794991	4.91696546537314	0.00590031855399767	0.497000000027779
Burkholderiales_species_incertae_sedis__meta_mOTU_v25_12785_	0.582354147357265	0.88252367098926	0.57343501110531	0.874237086700356	-0.489314233235656	-0.507129563586511	-0.482130688369615	0.0503125369477528	5.15443109139944	0.00848864497640636	0.495168277285632
Clostridiales_species_incertae_sedis__meta_mOTU_v25_12774_	0.575922973133674	0.882534534792052	0.613067167199433	0.889496896343574	-0.371655106289446	-0.290511864890937	-0.407581148432858	-0.0661095512966519	5.05802565814934	-0.0109468331561795	0.49350216600482
Clostridiales_sp___ref_mOTU_v25_02968_	0.598505451701871	0.882803532656362	0.582940717082744	0.870517018001293	1.1148674098737	1.03436285914457	1.15845273051157	0.140250360366018	2.99705702784722	0.0385875553807593	0.479333333525019
Clostridiaceae_species_incertae_sedis__meta_mOTU_v25_12983_	0.581563621477655	0.882995332401629	0.677584882664255	0.912630232101088	0.605111141870766	0.621623414403905	0.597752198220002	-0.00131876998431313	4.30242481568774	-0.000312364349268972	0.499500166615755
Ruminococcus_species_incertae_sedis__ext_mOTU_v26_26708_	0.606103387964139	0.883342559468307	0.592906863630358	0.876970826557374	-0.690282442924703	-0.665715085107808	-0.701861552411786	-0.0289489550128152	4.74720878529147	-0.00648390659676166	0.497333333358025
Eggerthellaceae_species_incertae_sedis__ext_mOTU_v26_17308_	0.600964723639644	0.883843678288725	0.654108054478192	0.897651745538521	-0.231629514375335	-0.232623090837174	-0.231356787234272	0.135042912967243	4.62771766407717	0.0276530832886854	0.487504165393938
Clostridiales_species_incertae_sedis__meta_mOTU_v25_12763_	0.583055965820017	0.88435061240572	0.609526566284015	0.885428748161102	-0.766782460723943	-0.793997858354675	-0.756439154487854	-0.00990336453383645	5.08037721687225	-0.00233072260168243	0.498666666679012
Ruminococcus_species_incertae_sedis__ext_mOTU_v26_26707_	0.591952001415096	0.884537885196336	0.581622539240196	0.867716252228704	-0.438478201128111	-0.678962304687529	-0.331961611118274	0.304661108044777	5.2279038477673	0.0521228589780251	0.476841053197092
Sutterella_wadsworthensis__ref_mOTU_v25_04772_	0.602430365965041	0.885839151648447	0.621841545535347	0.892717859523308	-0.436664712479733	-0.674275496872817	-0.324154982979687	0.205519745875208	5.4690070411198	0.0301956651747336	0.486504498625466
Dehalococcoidales_species_incertae_sedis__meta_mOTU_v25_12342_	0.610196299122292	0.886689265307138	0.623748057628429	0.881811531904903	-0.786722395587925	-0.800185222366165	-0.782091477536452	-0.130108281355771	6.19993286569378	-0.0191376627350132	0.491169610211691
Clostridiales_species_incertae_sedis__meta_mOTU_v25_12952_	0.594902092100318	0.886735985346902	0.574345058273081	0.863958013746876	0.510702893906088	0.401437115636696	0.5656608643286	0.173048418728839	3.33334975028905	0.0371049728613186	0.47566666689251
Eubacterium_species_incertae_sedis__meta_mOTU_v25_12314_	0.595789003852594	0.886867295791149	0.630069057403087	0.894009197898484	0.646820828507609	0.567719689691885	0.691241283110134	0.101056985811537	4.15538444135835	0.0212676336722391	0.488000000111175
Roseburia_species_incertae_sedis__meta_mOTU_v25_12366_	0.575332524750203	0.887497402196311	0.436554912097433	0.843593641898367	5.04625026975191	5.2943478476658	4.86613529272227	-0.441166950300384	5.80138873361063	-0.0707206693979273	0.457180940085907
3576_012_bin_41_clean__mags_db_all_7_	0.597913827496487	0.887522109916114	0.640126830715694	0.896840278906121	0.993012301029368	0.985604588502548	0.997057538070565	0.0304703963830226	3.207915032137	0.00787084623765059	0.496501166310284
Clostridiales_species_incertae_sedis__meta_mOTU_v25_13147_	0.607556842218427	0.888057994671774	0.696668579862785	0.918699251666213	1.35359820439181	1.42495022719617	1.32060993892771	-0.204212204230268	4.44983734125088	-0.0379094915339805	0.480666666845947
Clostridium_sp__CAG_58__ref_mOTU_v25_07640_	0.602764396391626	0.889194836641095	0.652316117688783	0.899606680174832	0.66336303970117	0.617619655198544	0.682909936881402	-0.0626818114225909	4.26266389704171	-0.0158455367658911	0.491836054724012
Faecalibacterium_sp___ref_mOTU_v25_03636_	0.600174517234026	0.889297179185006	0.705390895596895	0.926180481891799	1.87074227335094	2.18808152362705	1.68549318154305	-0.14875564836918	5.78501313691383	-0.0220415848446729	0.491000000083361
Clostridiales_species_incertae_sedis__ext_mOTU_v26_17443_	0.591151272042043	0.889413497843795	0.617148772805698	0.890873937441209	0.38597149678322	0.313310569633058	0.430250586870931	0.0858060855726723	4.19922161928972	0.0208861384891971	0.487333333450693
Blautia_obeum__ref_mOTU_v25_05140_	0.618636096196416	0.889437630699491	0.74867281469283	0.936680896092619	2.68068433621156	2.73108048149942	2.65526488586729	-0.0488510151308059	2.8986403332264	-0.014579170006635	0.490666666753116
Faecalibacterium_species_incertae_sedis__meta_mOTU_v25_12303_	0.605788162653317	0.889985974555067	0.561868627884274	0.864406380518421	-0.602377330058038	-0.933758695209786	-0.472616793778005	0.298171283222394	6.30705294156401	0.0447098587520373	0.478507164477817
Adlercreutzia_equolifaciens__mags_db_all_3_	0.591784017055301	0.891559294779464	0.604079914652942	0.883732163819329	0.953449845469864	0.934566535352269	0.965394703108242	0.171046384994623	3.76238034727129	0.0405975450566128	0.478507164477817
Roseburia_hominis__ref_mOTU_v25_00861_	0.601582068371731	0.893490823904016	0.729098670672713	0.932818500264337	2.56937822623792	2.57978730497663	2.56099377129852	-0.0671997560160622	3.20473696376126	-0.0197920155580737	0.489170276674731
Clostridiales_species_incertae_sedis__meta_mOTU_v25_12445_	0.612998227718077	0.8938129315729	0.637901789382255	0.899157502109889	1.16015203213351	0.979623462196559	1.23941109687964	0.164582083974686	4.06777405814469	0.0353626791193125	0.480000000185482
Clostridium_species_incertae_sedis__meta_mOTU_v25_12640_	0.598966148934852	0.894046473529352	0.670401358321787	0.914007540760946	1.48560970860925	1.11676652622907	1.62033226533628	0.331683185287778	5.24199887025921	0.0538357639632316	0.471000000269425
Azospirillum_sp__51_20__ref_mOTU_v25_10408_	0.622057202163603	0.894755920466193	0.61673348202268	0.887751375780012	-0.572665988430218	-0.580050525697145	-0.568199385858342	0.027044715202579	5.36475080496261	0.00498631298918727	0.496333333367286
Eggerthellaceae_species_incertae_sedis__ext_mOTU_v26_15443_	0.621654934239809	0.895009505638446	0.661133839670644	0.9067185058801	1.2052212358515	1.29958827256937	1.16111372020169	-0.105965598930053	4.01409795178195	-0.0227890335586655	0.487666666780934
Clostridiales_species_incertae_sedis__meta_mOTU_v25_13662_	0.625390709521319	0.895481435076754	0.595804905660202	0.885910250299163	2.11257576220546	1.97697339768935	2.20723185968246	0.19823431349612	3.26828529536984	0.0469581513800378	0.475174941916381
Clostridium__leptum__ref_mOTU_v25_03688_	0.61535126905138	0.89641490607815	0.561942892336298	0.86268523946458	0.912170278929492	0.705029198403664	0.997035526030715	0.145701978806388	3.40956524806262	0.0375782428299701	0.47966666685525
Clostridiales_species_incertae_sedis__meta_mOTU_v25_13280_	0.6283340775009	0.896644753195847	0.686930837748128	0.920028027432324	1.45217132923355	1.89783985407869	1.26688479652886	-0.0977673191704191	5.21703685463731	-0.0169018541788865	0.492000000074093
Clostridiales_sp___ref_mOTU_v25_03658_	0.620053936063308	0.897075074780916	0.738101484237502	0.935653875086932	3.0161670002279	3.15180604472061	2.91372174054047	-0.124909766629863	3.33090119679495	-0.0297389777175149	0.483333333487826
Firmicutes_sp___ref_mOTU_v25_03641_	0.618922934996154	0.897390611633995	0.65346462125213	0.904540669393306	0.268259420762104	0.2874911368521	0.258607156140887	-0.131634497036861	6.11100513507662	-0.0181370945273432	0.488333333441417
Flavonifractor_plautii__ref_mOTU_v25_02971_	0.630439049531627	0.897399193559742	0.61448488209522	0.890833154219763	1.30536834430385	1.21831177367071	1.34700148244761	0.126376850277977	3.92426387858177	0.0274641811069314	0.483505498320069
Clostridiales_species_incertae_sedis__meta_mOTU_v25_12254_	0.629173877144447	0.897438045635012	0.698991951660532	0.921250329142651	1.02510369231002	1.74191130969993	0.788004720571325	-0.131160186107153	6.27985059188225	-0.0215542544410058	0.492169276980174
Ruminococcus_species_incertae_sedis__meta_mOTU_v25_12766_	0.619696026377891	0.897541825111153	0.60706148302325	0.879817279900466	-0.563586050574941	-0.699887621725858	-0.508016158883049	0.0834542950827899	5.95125183512204	0.0142151150358753	0.492333333404338
Clostridium_sp___ref_mOTU_v25_03680_	0.614496941353045	0.897732929988256	0.707779127673176	0.928568816244874	2.93971250733738	2.98547437563136	2.90320007601899	-0.0647407432834228	2.77909755938421	-0.0229892960360062	0.49000000009263
Faecalibacterium_prausnitzii__meta_mOTU_v25_13917_	0.631618287180933	0.897933775559376	0.663709299963559	0.906641791896234	-0.0360975781262294	-0.150821457064136	0.00877591641335851	0.0454356308632571	4.76065026060542	0.0102546313262421	0.495501499541795
Roseburia_sp__40_7__meta_mOTU_v25_12352_	0.608939902890483	0.898768600184609	0.729908966731345	0.933652312440927	1.94678868307107	1.77327836827931	1.99651422589235	0.0433618170390018	4.0168354914153	0.00838231234885255	0.494666666716055
Clostridiales_species_incertae_sedis__ext_mOTU_v26_17987_	0.613481236947984	0.898799269855005	0.640153250654923	0.899969319883133	1.34077003970166	1.25696967552372	1.38226042884561	0.0684646535566875	3.49151454626264	0.0153051517147129	0.49000000009263
Roseburia_sp___ref_mOTU_v25_03650_	0.635747858878458	0.899294820254444	0.674449568456621	0.914130399611915	1.06687536501061	1.05419939581178	1.07131406730937	-0.0985768232248079	5.04905702958775	-0.0206607806212768	0.490503165699369
Ruminococcaceae_species_incertae_sedis__meta_mOTU_v25_12264_	0.631251669501116	0.899767943898901	0.674293391688378	0.915156769810618	0.477581881150452	0.368673807216653	0.526440645013909	-0.182205382728712	5.53432906584116	-0.0298912450524751	0.487837387650096
Eggerthellaceae_species_incertae_sedis__meta_mOTU_v25_12569_	0.626036718096113	0.899780176052277	0.70843702683722	0.926201549226703	1.50133654165823	1.31209162737667	1.58325342678443	0.221558207592972	5.14767009755412	0.0373368287140683	0.480839720270855
Ruminococcaceae_species_incertae_sedis__ext_mOTU_v26_17469_	0.625578610730519	0.89978750024773	0.655448654332828	0.903809461439455	0.137547343945305	-0.00647947711363539	0.194723458210316	0.189322470356424	5.76421290528945	0.02736982529708	0.487333333450693
Bifidobacterium_longum__ref_mOTU_v25_01099_	0.629842391917028	0.900499117408178	0.689339452092425	0.92471435776503	3.32861048096945	3.46658012824111	3.26001091097383	-0.116479907585469	3.8135475985134	-0.0275777995488436	0.483000000157589
Ruminococcus__torques__ref_mOTU_v25_03660_	0.622719817757112	0.900822494422023	0.757524122741763	0.943550256670356	4.15179252384952	4.20982527850288	4.11292155443383	0.0686884121688678	3.03758204695418	0.0166618924456609	0.490333333422873
Clostridiales_species_incertae_sedis__meta_mOTU_v25_12668_	0.627265513823181	0.902471278854384	0.641347221852954	0.90255282645675	0.522985284466247	0.409060303486945	0.578529010445505	0.0656762998378841	4.51578974513175	0.0149430284730552	0.493835388260983
Senegalimassilia_anaerobia__ref_mOTU_v25_06538_	0.642202451153203	0.90533683530637	0.695292568686375	0.920856846980968	1.03184005668954	1.03042861936	1.03301248151565	-0.0552264793552428	4.70099158498974	-0.0105860668115843	0.493333333395073
Clostridium_sp__CAG_217__meta_mOTU_v25_12270_	0.630174565948248	0.906042177989463	0.60655936098792	0.889551480083329	-0.516412399005532	-0.616342894054411	-0.468936322843276	0.0127124875657652	6.70674744538811	0.00186197834857048	0.498000000018518
Bacteroides_species_incertae_sedis__ext_mOTU_v26_17779_	0.65400429505865	0.906111925937192	0.703775556456485	0.918852856240525	1.53324593571713	1.522095959708	1.53473941261544	-0.178823607240894	4.82973789595174	-0.0336168998107153	0.480506498014705
Holdemanella_biformis__meta_mOTU_v25_12329_	0.640320813127756	0.90630315367248	0.716753562468182	0.929809654491479	0.963324275479362	0.914974857222448	0.993826126725467	0.113191996044172	5.65484280637701	0.0179905225336971	0.490666666753116
Coprococcus_catus__ref_mOTU_v25_11851_	0.640393097807685	0.90680598691811	0.278603926886582	0.728474939723133	3.3957385889406	3.18637866322576	3.51666024236163	0.323974905295036	2.3289972840164	0.0988864888245902	0.425000000710429
Alistipes_finegoldii_onderdonkii__ref_mOTU_v25_03069_	0.644339932627642	0.907187504587508	0.51987348363634	0.862820918652428	2.1547586417801	2.53247759845623	2.02845717239557	-0.435263318441281	4.70701482823221	-0.0805229024552851	0.45433333375973
Blautia_obeum__ref_mOTU_v25_05139_	0.645674960848996	0.909860209557716	0.625646387416267	0.902889901031506	3.54713277145659	3.29051318015415	3.64683924007883	0.207621432627739	3.12720939644501	0.0570072086853634	0.472666666920512
Blautia_massiliensis__ref_mOTU_v25_03342_	0.627259869813675	0.910943380826513	0.684691859277169	0.923379802842186	4.78122716959425	4.77407153796089	4.78439713239946	0.133716459015518	2.45535990859683	0.0500100650134935	0.477174275453235
Clostridium_sp__CAG_138__meta_mOTU_v25_12233_	0.647035765409868	0.912052685316882	0.689684791425347	0.92107615198021	0.945270743258967	0.707304682962349	1.03748874738998	0.082230710626916	5.87737953995848	0.0129506706286581	0.492333333404338
Anaerostipes_hadrus__ref_mOTU_v25_00856_	0.663878562843458	0.915862566333189	0.797630458543406	0.950691716840497	3.30384417063687	3.17048065409041	3.40055980581769	0.0280858260874064	3.80184852891872	0.00653675425104446	0.4981672775911
Roseburia_inulinivorans__ref_mOTU_v25_00860_	0.668981154292002	0.917638526622449	0.549678378503389	0.879012172656389	3.39055835746769	3.19412810965115	3.49187578086888	0.377294396689934	3.59367338400573	0.0953063397490425	0.458180606854196
Bilophila_wadsworthia__ref_mOTU_v25_04300_	0.697880968826174	0.927388241620209	0.73490613309312	0.933920328041773	2.52491088476479	2.50180039153059	2.53576458797822	0.123169483181716	3.46884702893364	0.0295464854366172	0.484333333478538
Prevotella_copri__ref_mOTU_v25_03701_	0.705917356804208	0.928214896954981	0.751807518415776	0.939041942233723	1.53086825166308	0.914230751786303	1.8117588231296	0.0774107491415115	8.18112010193106	0.00884267804664025	0.495333333376547
unassigned	0.762723709146778	0.947484240031226	0.76917981011203	0.944374231821725	8.39190441448417	8.41478681422698	8.37816621419356	-0.0348938570807293	0.78501886030072	-0.0444193178264001	0.480839720270855
